listing_id,bedrooms,bathrooms,accommodates,room_type,neighborhood,description,price
listing1000,1,2,3,Entire home/apt,Downtown,Convenient location. easy check-in process. well maintained. comfortable and clean.,206.95
listing1001,4,1,9,Private room,Uptown,Close to public transit. a bit dated but functional. no frills stay. great for a short stay.,162.99
listing1002,4,1,9,Entire home/apt,Uptown,Reliable wifi. convenient location. responsive host. comfortable and clean.,251.3
listing1003,3,1,7,Private room,Suburb,Parking available nearby. recently renovated. modern finishes throughout. walk to great restaurants.,172.61
listing1004,3,2,7,Shared room,Uptown,Close to public transit. walk to great restaurants. recently renovated. great for a short stay. high-end appliances.,197.13
listing1005,5,1,6,Entire home/apt,Uptown,Spacious and bright. modern finishes throughout. quiet street. high-end appliances.,302.42
listing1006,1,3,3,Shared room,Downtown,Well maintained. responsive host. reliable wifi. standard kitchen and bath. quiet street.,117.24
listing1007,4,2,5,Private room,Downtown,Comfortable and clean. reliable wifi. quiet street. parking available nearby. standard kitchen and bath.,202.45
listing1008,2,3,5,Entire home/apt,Suburb,Comfortable and clean. standard kitchen and bath. responsive host.,200.6
listing1009,1,3,3,Entire home/apt,Downtown,No frills stay. close to public transit. basic amenities.,205.62
listing1010,3,2,4,Private room,Suburb,Walk to great restaurants. easy check-in process. high-end appliances.,184.44
listing1011,5,1,11,Shared room,Uptown,Convenient location. easy check-in process. well maintained. reliable wifi.,203.57
listing1012,4,3,5,Entire home/apt,Downtown,"A bit dated but functional. thin walls, budget option. great for a short stay. parking available nearby.",239.67
listing1013,4,1,9,Entire home/apt,Downtown,High-end appliances. spacious and bright. close to public transit. great for a short stay. modern finishes throughout.,306.71
listing1014,4,1,5,Private room,Downtown,Convenient location. easy check-in process. reliable wifi. well maintained.,189.18
listing1015,4,3,5,Entire home/apt,Suburb,Shared bathroom down the hall. basic amenities. quiet street.,200.28
listing1016,3,2,7,Private room,Uptown,Well maintained. parking available nearby. convenient location.,159.9
listing1017,1,1,2,Entire home/apt,Uptown,Parking available nearby. great for a short stay. walk to great restaurants. modern finishes throughout. high-end appliances.,226.19
listing1018,5,2,11,Private room,Waterfront,Great for a short stay. marble bathroom and premium linens. close to public transit. stunning skyline view.,354.6
listing1019,3,2,7,Private room,Waterfront,Well maintained. close to public transit. great for a short stay. convenient location. standard kitchen and bath.,198.33
listing1020,3,3,4,Private room,Suburb,Private rooftop access. parking available nearby. five-star concierge service. responsive host. designer furnished.,242.7
listing1021,2,3,3,Private room,Suburb,Quiet street. high-end appliances. spacious and bright. walk to great restaurants.,165.67
listing1022,1,1,2,Private room,Waterfront,Spacious and bright. easy check-in process. quiet street. walk to great restaurants. high-end appliances.,184.64
listing1023,5,1,6,Private room,Suburb,Walk to great restaurants. spacious and bright. close to public transit. modern finishes throughout.,192.87
listing1024,4,2,5,Private room,Suburb,Quiet street. standard kitchen and bath. convenient location. well maintained.,155.25
listing1025,4,1,9,Entire home/apt,Uptown,Walk to great restaurants. close to public transit. parking available nearby. high-end appliances.,292.3
listing1026,3,1,4,Private room,Waterfront,Quiet street. reliable wifi. easy check-in process. convenient location.,187.48
listing1027,5,1,11,Entire home/apt,Downtown,Spacious and bright. close to public transit. recently renovated. walk to great restaurants.,331.46
listing1028,3,1,4,Private room,Suburb,Shared bathroom down the hall. easy check-in process. no frills stay. a bit dated but functional. quiet street.,65.0
listing1029,3,3,7,Private room,Suburb,Close to public transit. walk to great restaurants. spacious and bright. easy check-in process. recently renovated.,184.02
listing1030,3,1,7,Entire home/apt,Downtown,Designer furnished. marble bathroom and premium linens. five-star concierge service. easy check-in process.,336.27
listing1031,2,1,3,Entire home/apt,Suburb,Reliable wifi. convenient location. great for a short stay.,168.77
listing1032,1,3,3,Entire home/apt,Suburb,Designer furnished. private rooftop access. great for a short stay. five-star concierge service. responsive host.,280.2
listing1033,3,1,4,Private room,Downtown,Well maintained. comfortable and clean. responsive host. close to public transit.,176.99
listing1034,5,3,6,Entire home/apt,Uptown,Basic amenities. shared bathroom down the hall. no frills stay. parking available nearby. great for a short stay.,249.98
listing1035,1,1,3,Entire home/apt,Suburb,Basic amenities. no frills stay. a bit dated but functional. close to public transit.,119.61
listing1036,5,1,11,Private room,Suburb,Recently renovated. walk to great restaurants. easy check-in process. modern finishes throughout.,242.25
listing1037,5,1,6,Private room,Downtown,Reliable wifi. standard kitchen and bath. parking available nearby.,206.92
listing1038,2,3,3,Entire home/apt,Uptown,Reliable wifi. well maintained. parking available nearby. quiet street.,211.32
listing1039,4,2,5,Entire home/apt,Waterfront,Quiet street. parking available nearby. convenient location. well maintained.,263.93
listing1040,1,2,2,Shared room,Downtown,Convenient location. reliable wifi. comfortable and clean. close to public transit.,128.03
listing1041,4,1,5,Private room,Uptown,Great for a short stay. reliable wifi. convenient location.,176.71
listing1042,4,1,5,Private room,Downtown,Spacious and bright. quiet street. easy check-in process. recently renovated. modern finishes throughout.,223.51
listing1043,2,2,5,Entire home/apt,Downtown,Close to public transit. spacious and bright. high-end appliances. recently renovated. quiet street.,269.63
listing1044,1,1,2,Entire home/apt,Waterfront,Parking available nearby. recently renovated. high-end appliances.,247.12
listing1045,5,2,11,Entire home/apt,Waterfront,Responsive host. easy check-in process. convenient location. reliable wifi.,315.99
listing1046,3,3,7,Private room,Waterfront,Designer furnished. five-star concierge service. responsive host.,295.59
listing1047,5,3,11,Entire home/apt,Suburb,Great for a short stay. a bit dated but functional. basic amenities. no frills stay. quiet street.,236.15
listing1048,4,2,5,Entire home/apt,Uptown,Easy check-in process. reliable wifi. standard kitchen and bath.,251.07
listing1049,4,1,9,Private room,Downtown,"Shared bathroom down the hall. thin walls, budget option. no frills stay. responsive host.",173.7
listing1050,4,1,9,Shared room,Downtown,Quiet street. convenient location. standard kitchen and bath. easy check-in process. reliable wifi.,177.55
listing1051,1,3,2,Private room,Downtown,Comfortable and clean. convenient location. easy check-in process.,129.97
listing1052,2,2,5,Entire home/apt,Uptown,Modern finishes throughout. high-end appliances. spacious and bright. easy check-in process.,251.93
listing1053,3,2,4,Entire home/apt,Downtown,Convenient location. parking available nearby. reliable wifi.,242.83
listing1054,3,2,7,Entire home/apt,Downtown,Easy check-in process. basic amenities. a bit dated but functional. responsive host.,223.14
listing1055,1,1,2,Entire home/apt,Downtown,Comfortable and clean. well maintained. standard kitchen and bath. parking available nearby.,193.39
listing1056,3,3,7,Entire home/apt,Waterfront,Designer furnished. quiet street. easy check-in process. private rooftop access.,375.98
listing1057,1,3,2,Entire home/apt,Waterfront,Easy check-in process. close to public transit. standard kitchen and bath. convenient location.,229.42
listing1058,4,3,5,Private room,Suburb,"Basic amenities. no frills stay. parking available nearby. thin walls, budget option. close to public transit.",143.63
listing1059,4,3,5,Private room,Suburb,Well maintained. easy check-in process. convenient location. reliable wifi.,164.11
listing1060,5,1,6,Shared room,Waterfront,Reliable wifi. comfortable and clean. convenient location. close to public transit.,192.2
listing1061,4,1,5,Entire home/apt,Downtown,Responsive host. comfortable and clean. convenient location.,244.47
listing1062,2,1,3,Entire home/apt,Waterfront,Close to public transit. quiet street. reliable wifi. standard kitchen and bath. comfortable and clean.,215.88
listing1063,5,3,6,Entire home/apt,Downtown,Easy check-in process. well maintained. convenient location. comfortable and clean.,299.24
listing1064,3,2,7,Entire home/apt,Uptown,Convenient location. quiet street. well maintained. comfortable and clean.,227.56
listing1065,2,2,5,Entire home/apt,Uptown,Convenient location. comfortable and clean. quiet street.,212.15
listing1066,5,3,11,Entire home/apt,Uptown,"Shared bathroom down the hall. thin walls, budget option. responsive host. close to public transit.",257.41
listing1067,2,2,5,Private room,Downtown,Designer furnished. stunning skyline view. five-star concierge service. close to public transit.,236.07
listing1068,1,3,2,Entire home/apt,Waterfront,Responsive host. comfortable and clean. close to public transit. well maintained.,230.83
listing1069,3,3,4,Shared room,Suburb,Comfortable and clean. quiet street. easy check-in process. well maintained.,114.31
listing1070,4,1,5,Entire home/apt,Suburb,Basic amenities. close to public transit. shared bathroom down the hall.,171.96
listing1071,1,2,2,Entire home/apt,Waterfront,Standard kitchen and bath. convenient location. reliable wifi. responsive host.,197.87
listing1072,3,3,4,Entire home/apt,Uptown,Recently renovated. quiet street. walk to great restaurants. close to public transit. modern finishes throughout.,280.08
listing1073,1,3,3,Entire home/apt,Downtown,Close to public transit. basic amenities. no frills stay.,201.5
listing1074,4,1,9,Entire home/apt,Waterfront,No frills stay. a bit dated but functional. quiet street.,248.16
listing1075,3,1,7,Shared room,Uptown,"Close to public transit. quiet street. basic amenities. a bit dated but functional. thin walls, budget option.",104.41
listing1076,2,2,3,Entire home/apt,Downtown,Comfortable and clean. reliable wifi. parking available nearby. convenient location.,235.86
listing1077,2,3,5,Entire home/apt,Uptown,Quiet street. close to public transit. marble bathroom and premium linens. private rooftop access. designer furnished.,289.27
listing1078,3,1,4,Private room,Suburb,Parking available nearby. convenient location. reliable wifi. great for a short stay.,148.6
listing1079,4,2,5,Entire home/apt,Waterfront,Close to public transit. comfortable and clean. well maintained. convenient location. great for a short stay.,306.33
listing1080,5,1,6,Private room,Uptown,High-end appliances. responsive host. walk to great restaurants. modern finishes throughout. close to public transit.,201.52
listing1081,3,1,7,Entire home/apt,Waterfront,Modern finishes throughout. responsive host. walk to great restaurants.,295.83
listing1082,1,2,2,Private room,Uptown,A bit dated but functional. great for a short stay. shared bathroom down the hall. basic amenities.,77.37
listing1083,5,2,6,Entire home/apt,Uptown,"Shared bathroom down the hall. responsive host. a bit dated but functional. thin walls, budget option. great for a short stay.",235.82
listing1084,4,2,5,Entire home/apt,Downtown,Convenient location. standard kitchen and bath. comfortable and clean. quiet street.,261.98
listing1085,4,1,5,Private room,Uptown,Quiet street. spacious and bright. recently renovated.,221.74
listing1086,1,3,2,Private room,Waterfront,Spacious and bright. great for a short stay. close to public transit. recently renovated. walk to great restaurants.,194.65
listing1087,2,1,3,Entire home/apt,Downtown,Walk to great restaurants. high-end appliances. responsive host. parking available nearby. recently renovated.,242.07
listing1088,4,3,5,Private room,Suburb,Modern finishes throughout. walk to great restaurants. high-end appliances. easy check-in process.,204.93
listing1089,5,1,6,Entire home/apt,Downtown,Comfortable and clean. well maintained. responsive host. quiet street.,285.18
listing1090,3,3,4,Entire home/apt,Waterfront,Parking available nearby. comfortable and clean. quiet street. convenient location. standard kitchen and bath.,250.8
listing1091,5,2,6,Entire home/apt,Waterfront,No frills stay. a bit dated but functional. easy check-in process. shared bathroom down the hall.,249.25
listing1092,5,2,11,Private room,Waterfront,Spacious and bright. great for a short stay. walk to great restaurants.,317.91
listing1093,2,1,3,Entire home/apt,Waterfront,Responsive host. convenient location. standard kitchen and bath. reliable wifi.,215.29
listing1094,5,3,11,Private room,Suburb,Easy check-in process. convenient location. reliable wifi.,207.35
listing1095,2,1,5,Entire home/apt,Uptown,"No frills stay. great for a short stay. thin walls, budget option.",166.23
listing1096,2,2,3,Private room,Waterfront,High-end appliances. close to public transit. walk to great restaurants. easy check-in process.,214.58
listing1097,4,3,5,Private room,Waterfront,Easy check-in process. high-end appliances. close to public transit. spacious and bright.,283.27
listing1098,4,3,5,Entire home/apt,Downtown,Walk to great restaurants. recently renovated. close to public transit. high-end appliances.,323.96
listing1099,1,3,2,Entire home/apt,Downtown,Close to public transit. parking available nearby. basic amenities. no frills stay. shared bathroom down the hall.,162.78
listing1100,5,1,6,Entire home/apt,Uptown,Easy check-in process. great for a short stay. designer furnished. private rooftop access.,332.39
listing1101,1,3,2,Private room,Downtown,Great for a short stay. recently renovated. walk to great restaurants.,181.21
listing1102,5,3,6,Entire home/apt,Uptown,Recently renovated. modern finishes throughout. responsive host. walk to great restaurants.,315.78
listing1103,1,1,2,Entire home/apt,Uptown,Spacious and bright. easy check-in process. walk to great restaurants. quiet street.,190.34
listing1104,4,1,9,Entire home/apt,Waterfront,Responsive host. private rooftop access. five-star concierge service. stunning skyline view.,382.83
listing1105,4,3,5,Private room,Downtown,Five-star concierge service. private rooftop access. marble bathroom and premium linens. responsive host. close to public transit.,288.96
listing1106,4,1,9,Entire home/apt,Suburb,Comfortable and clean. easy check-in process. convenient location.,245.92
listing1107,4,2,5,Entire home/apt,Uptown,Comfortable and clean. great for a short stay. standard kitchen and bath.,268.85
listing1108,3,1,7,Shared room,Waterfront,Convenient location. well maintained. parking available nearby. reliable wifi.,164.02
listing1109,4,1,5,Entire home/apt,Downtown,Easy check-in process. high-end appliances. walk to great restaurants. modern finishes throughout.,302.27
listing1110,2,3,5,Private room,Uptown,Convenient location. standard kitchen and bath. responsive host.,141.22
listing1111,4,1,9,Entire home/apt,Downtown,"A bit dated but functional. great for a short stay. parking available nearby. thin walls, budget option.",250.48
listing1112,3,3,4,Entire home/apt,Waterfront,Great for a short stay. shared bathroom down the hall. quiet street. basic amenities.,229.02
listing1113,3,3,7,Private room,Uptown,Quiet street. five-star concierge service. responsive host. designer furnished.,258.95
listing1114,3,1,4,Private room,Suburb,Close to public transit. modern finishes throughout. walk to great restaurants. high-end appliances. easy check-in process.,161.53
listing1115,3,1,4,Private room,Uptown,Parking available nearby. responsive host. stunning skyline view. designer furnished.,234.41
listing1116,1,3,3,Entire home/apt,Waterfront,Convenient location. quiet street. reliable wifi. well maintained.,221.1
listing1117,1,2,3,Entire home/apt,Downtown,Recently renovated. walk to great restaurants. responsive host.,256.4
listing1118,2,1,3,Entire home/apt,Waterfront,Quiet street. walk to great restaurants. great for a short stay. spacious and bright. high-end appliances.,253.58
listing1119,1,3,3,Entire home/apt,Uptown,Well maintained. standard kitchen and bath. quiet street. great for a short stay. comfortable and clean.,215.82
listing1120,3,1,7,Entire home/apt,Uptown,"No frills stay. close to public transit. thin walls, budget option. basic amenities.",181.1
listing1121,4,1,9,Entire home/apt,Downtown,Quiet street. easy check-in process. marble bathroom and premium linens. stunning skyline view.,382.39
listing1122,4,3,5,Entire home/apt,Downtown,"No frills stay. a bit dated but functional. thin walls, budget option. parking available nearby. responsive host.",234.8
listing1123,3,1,7,Entire home/apt,Downtown,Convenient location. reliable wifi. comfortable and clean. close to public transit.,246.99
listing1124,5,2,6,Entire home/apt,Suburb,Spacious and bright. parking available nearby. modern finishes throughout.,278.12
listing1125,3,3,7,Entire home/apt,Uptown,Modern finishes throughout. high-end appliances. close to public transit. recently renovated.,282.88
listing1126,1,2,3,Private room,Downtown,Close to public transit. standard kitchen and bath. comfortable and clean. convenient location. responsive host.,149.62
listing1127,4,2,9,Private room,Suburb,Parking available nearby. walk to great restaurants. modern finishes throughout.,231.0
listing1128,3,2,7,Entire home/apt,Downtown,No frills stay. quiet street. shared bathroom down the hall. great for a short stay.,241.29
listing1129,4,1,9,Private room,Uptown,Easy check-in process. modern finishes throughout. walk to great restaurants.,223.14
listing1130,3,2,4,Private room,Waterfront,"Thin walls, budget option. shared bathroom down the hall. great for a short stay. close to public transit.",162.21
listing1131,3,3,4,Entire home/apt,Suburb,Walk to great restaurants. recently renovated. close to public transit.,240.62
listing1132,1,1,3,Entire home/apt,Waterfront,High-end appliances. walk to great restaurants. recently renovated. parking available nearby.,233.1
listing1133,3,3,4,Entire home/apt,Uptown,No frills stay. close to public transit. shared bathroom down the hall.,191.24
listing1134,4,2,9,Entire home/apt,Suburb,No frills stay. easy check-in process. a bit dated but functional. great for a short stay.,202.75
listing1135,2,2,3,Private room,Downtown,Spacious and bright. high-end appliances. parking available nearby.,201.0
listing1136,4,1,9,Shared room,Suburb,A bit dated but functional. shared bathroom down the hall. parking available nearby.,85.06
listing1137,1,2,2,Entire home/apt,Suburb,"Basic amenities. quiet street. thin walls, budget option. no frills stay.",125.44
listing1138,2,1,3,Private room,Suburb,Convenient location. well maintained. close to public transit. great for a short stay.,121.19
listing1139,3,1,4,Entire home/apt,Downtown,Private rooftop access. great for a short stay. close to public transit. designer furnished. stunning skyline view.,338.46
listing1140,5,3,6,Private room,Downtown,Standard kitchen and bath. convenient location. parking available nearby.,226.98
listing1141,2,1,3,Private room,Waterfront,Easy check-in process. standard kitchen and bath. comfortable and clean.,141.24
listing1142,2,2,3,Entire home/apt,Uptown,Close to public transit. private rooftop access. stunning skyline view. easy check-in process. five-star concierge service.,298.52
listing1143,3,2,7,Entire home/apt,Uptown,Quiet street. well maintained. comfortable and clean. parking available nearby.,209.19
listing1144,5,1,11,Private room,Suburb,Well maintained. easy check-in process. parking available nearby. reliable wifi.,202.32
listing1145,5,1,11,Shared room,Waterfront,Responsive host. well maintained. reliable wifi.,216.44
listing1146,1,2,3,Entire home/apt,Uptown,Well maintained. parking available nearby. convenient location. standard kitchen and bath.,206.98
listing1147,2,2,5,Entire home/apt,Uptown,Easy check-in process. standard kitchen and bath. parking available nearby. convenient location. reliable wifi.,190.28
listing1148,5,3,11,Entire home/apt,Downtown,Quiet street. modern finishes throughout. high-end appliances. walk to great restaurants.,370.02
listing1149,1,3,2,Private room,Downtown,Easy check-in process. no frills stay. a bit dated but functional.,114.79
listing1150,5,1,11,Private room,Downtown,Responsive host. easy check-in process. recently renovated. high-end appliances.,270.03
listing1151,2,1,3,Private room,Suburb,"Responsive host. shared bathroom down the hall. thin walls, budget option.",56.56
listing1152,5,1,6,Private room,Waterfront,Reliable wifi. great for a short stay. well maintained. convenient location.,231.15
listing1153,2,2,5,Private room,Uptown,"Basic amenities. thin walls, budget option. close to public transit. parking available nearby.",124.11
listing1154,3,1,4,Private room,Uptown,Well maintained. reliable wifi. comfortable and clean. great for a short stay.,171.42
listing1155,4,1,9,Entire home/apt,Waterfront,High-end appliances. great for a short stay. walk to great restaurants.,335.1
listing1156,1,3,3,Private room,Suburb,Well maintained. standard kitchen and bath. parking available nearby. quiet street. comfortable and clean.,97.87
listing1157,3,3,7,Entire home/apt,Suburb,Responsive host. close to public transit. a bit dated but functional. no frills stay.,179.95
listing1158,3,3,7,Entire home/apt,Uptown,A bit dated but functional. easy check-in process. no frills stay. close to public transit.,200.58
listing1159,4,1,9,Shared room,Suburb,Responsive host. high-end appliances. spacious and bright. recently renovated. quiet street.,195.68
listing1160,5,2,6,Private room,Uptown,Standard kitchen and bath. convenient location. responsive host.,194.66
listing1161,4,2,9,Shared room,Uptown,High-end appliances. modern finishes throughout. quiet street.,230.76
listing1162,3,1,4,Entire home/apt,Suburb,Quiet street. convenient location. great for a short stay. comfortable and clean.,196.3
listing1163,3,2,4,Entire home/apt,Uptown,"Shared bathroom down the hall. quiet street. no frills stay. thin walls, budget option.",198.96
listing1164,3,2,4,Entire home/apt,Uptown,Modern finishes throughout. recently renovated. high-end appliances. close to public transit.,261.32
listing1165,5,2,6,Entire home/apt,Uptown,Quiet street. reliable wifi. comfortable and clean. responsive host. standard kitchen and bath.,276.93
listing1166,2,3,5,Entire home/apt,Uptown,"Close to public transit. shared bathroom down the hall. responsive host. thin walls, budget option.",190.81
listing1167,1,3,2,Entire home/apt,Uptown,Stunning skyline view. private rooftop access. responsive host. five-star concierge service. parking available nearby.,276.57
listing1168,2,2,5,Entire home/apt,Waterfront,No frills stay. a bit dated but functional. close to public transit. responsive host.,219.35
listing1169,1,3,3,Shared room,Uptown,Quiet street. standard kitchen and bath. well maintained.,103.27
listing1170,1,3,3,Entire home/apt,Downtown,Standard kitchen and bath. well maintained. close to public transit. responsive host.,205.42
listing1171,1,2,3,Entire home/apt,Suburb,Standard kitchen and bath. reliable wifi. quiet street. convenient location.,167.2
listing1172,4,1,5,Private room,Uptown,Modern finishes throughout. great for a short stay. recently renovated. spacious and bright. close to public transit.,211.23
listing1173,4,3,5,Entire home/apt,Suburb,Responsive host. a bit dated but functional. shared bathroom down the hall.,207.87
listing1174,4,3,9,Shared room,Downtown,Stunning skyline view. private rooftop access. responsive host. parking available nearby. designer furnished.,287.55
listing1175,3,3,7,Private room,Waterfront,Reliable wifi. convenient location. great for a short stay.,197.49
listing1176,4,1,9,Entire home/apt,Uptown,Marble bathroom and premium linens. private rooftop access. designer furnished. close to public transit.,363.82
listing1177,1,2,2,Private room,Suburb,Walk to great restaurants. responsive host. high-end appliances. great for a short stay.,149.56
listing1178,5,3,6,Private room,Downtown,Close to public transit. marble bathroom and premium linens. private rooftop access.,334.61
listing1179,3,2,4,Private room,Suburb,Easy check-in process. well maintained. standard kitchen and bath. comfortable and clean.,130.35
listing1180,5,3,6,Private room,Uptown,Convenient location. comfortable and clean. close to public transit. great for a short stay. well maintained.,210.4
listing1181,1,1,2,Private room,Waterfront,Responsive host. reliable wifi. well maintained. standard kitchen and bath.,152.59
listing1182,3,1,7,Private room,Uptown,High-end appliances. recently renovated. modern finishes throughout. great for a short stay. responsive host.,197.75
listing1183,4,3,5,Entire home/apt,Downtown,Comfortable and clean. well maintained. convenient location. great for a short stay. responsive host.,269.41
listing1184,3,2,7,Private room,Uptown,Walk to great restaurants. recently renovated. close to public transit. spacious and bright.,234.47
listing1185,3,2,7,Shared room,Downtown,Basic amenities. a bit dated but functional. no frills stay. responsive host.,136.43
listing1186,1,2,3,Private room,Uptown,Recently renovated. easy check-in process. walk to great restaurants.,181.22
listing1187,2,2,3,Private room,Waterfront,Close to public transit. shared bathroom down the hall. no frills stay. great for a short stay.,121.22
listing1188,2,3,3,Entire home/apt,Uptown,Marble bathroom and premium linens. quiet street. stunning skyline view. private rooftop access. responsive host.,309.22
listing1189,2,1,5,Private room,Downtown,Responsive host. close to public transit. no frills stay. shared bathroom down the hall. a bit dated but functional.,150.85
listing1190,4,3,5,Shared room,Downtown,"A bit dated but functional. responsive host. thin walls, budget option. great for a short stay. shared bathroom down the hall.",157.36
listing1191,4,3,9,Entire home/apt,Downtown,Great for a short stay. easy check-in process. recently renovated. spacious and bright.,329.83
listing1192,4,2,9,Entire home/apt,Downtown,Walk to great restaurants. recently renovated. quiet street.,308.99
listing1193,2,2,3,Entire home/apt,Waterfront,Modern finishes throughout. walk to great restaurants. parking available nearby.,285.99
listing1194,5,1,11,Entire home/apt,Downtown,Marble bathroom and premium linens. designer furnished. quiet street. private rooftop access.,379.76
listing1195,1,3,2,Private room,Suburb,Standard kitchen and bath. reliable wifi. quiet street. well maintained.,99.86
listing1196,2,2,3,Entire home/apt,Downtown,Responsive host. high-end appliances. walk to great restaurants.,248.19
listing1197,1,1,3,Entire home/apt,Downtown,Standard kitchen and bath. reliable wifi. easy check-in process. well maintained. great for a short stay.,213.68
listing1198,2,2,5,Private room,Suburb,Well maintained. reliable wifi. great for a short stay. responsive host. convenient location.,134.86
listing1199,5,3,6,Private room,Downtown,Well maintained. convenient location. great for a short stay. reliable wifi.,233.62
listing1200,2,1,5,Private room,Uptown,A bit dated but functional. parking available nearby. basic amenities. easy check-in process.,92.15
listing1201,5,1,11,Private room,Suburb,Standard kitchen and bath. reliable wifi. responsive host. well maintained.,207.43
listing1202,3,3,7,Private room,Suburb,Quiet street. walk to great restaurants. high-end appliances. easy check-in process. recently renovated.,192.61
listing1203,4,1,5,Private room,Waterfront,"Quiet street. parking available nearby. basic amenities. no frills stay. thin walls, budget option.",158.74
listing1204,3,3,4,Private room,Downtown,Marble bathroom and premium linens. easy check-in process. stunning skyline view.,258.85
listing1205,2,3,5,Entire home/apt,Waterfront,Convenient location. quiet street. close to public transit. comfortable and clean.,243.25
listing1206,4,3,9,Private room,Suburb,Basic amenities. shared bathroom down the hall. quiet street.,135.54
listing1207,5,3,11,Entire home/apt,Suburb,Easy check-in process. responsive host. well maintained. standard kitchen and bath.,266.53
listing1208,2,1,3,Entire home/apt,Downtown,"Shared bathroom down the hall. parking available nearby. quiet street. a bit dated but functional. thin walls, budget option.",191.93
listing1209,4,1,5,Entire home/apt,Uptown,"Shared bathroom down the hall. parking available nearby. thin walls, budget option. great for a short stay.",202.5
listing1210,2,2,5,Private room,Uptown,Parking available nearby. modern finishes throughout. walk to great restaurants. close to public transit. high-end appliances.,190.27
listing1211,4,2,5,Private room,Downtown,No frills stay. close to public transit. parking available nearby. shared bathroom down the hall.,163.32
listing1212,4,3,5,Entire home/apt,Waterfront,"Great for a short stay. thin walls, budget option. shared bathroom down the hall.",257.78
listing1213,3,3,7,Private room,Downtown,Easy check-in process. modern finishes throughout. walk to great restaurants. high-end appliances. responsive host.,265.05
listing1214,4,2,9,Entire home/apt,Uptown,"Shared bathroom down the hall. a bit dated but functional. close to public transit. thin walls, budget option.",228.82
listing1215,2,3,3,Private room,Downtown,Responsive host. recently renovated. great for a short stay. high-end appliances.,212.61
listing1216,1,2,2,Private room,Uptown,Close to public transit. spacious and bright. responsive host. walk to great restaurants.,137.21
listing1217,1,2,2,Private room,Downtown,Responsive host. a bit dated but functional. no frills stay. close to public transit. basic amenities.,124.24
listing1218,3,2,7,Private room,Uptown,Well maintained. parking available nearby. standard kitchen and bath.,166.27
listing1219,5,2,6,Entire home/apt,Downtown,Shared bathroom down the hall. basic amenities. responsive host.,271.61
listing1220,1,1,3,Entire home/apt,Suburb,Convenient location. comfortable and clean. quiet street. well maintained. close to public transit.,148.52
listing1221,3,3,4,Private room,Downtown,"Thin walls, budget option. basic amenities. close to public transit. a bit dated but functional.",167.34
listing1222,4,2,9,Private room,Uptown,Private rooftop access. stunning skyline view. marble bathroom and premium linens. easy check-in process.,296.05
listing1223,2,3,5,Entire home/apt,Downtown,A bit dated but functional. no frills stay. easy check-in process. responsive host. shared bathroom down the hall.,205.57
listing1224,4,2,9,Entire home/apt,Downtown,Easy check-in process. high-end appliances. spacious and bright.,336.1
listing1225,2,3,5,Entire home/apt,Downtown,Easy check-in process. no frills stay. shared bathroom down the hall.,201.89
listing1226,5,3,11,Entire home/apt,Downtown,"Close to public transit. thin walls, budget option. no frills stay. quiet street.",298.34
listing1227,3,2,4,Entire home/apt,Downtown,Quiet street. convenient location. parking available nearby. reliable wifi.,240.32
listing1228,3,2,7,Entire home/apt,Uptown,Convenient location. close to public transit. standard kitchen and bath. comfortable and clean.,241.19
listing1229,1,1,3,Shared room,Waterfront,Responsive host. marble bathroom and premium linens. designer furnished. five-star concierge service.,199.46
listing1230,3,3,7,Entire home/apt,Downtown,Responsive host. a bit dated but functional. basic amenities. no frills stay.,237.6
listing1231,5,3,6,Entire home/apt,Uptown,Responsive host. quiet street. a bit dated but functional. no frills stay.,236.1
listing1232,1,3,3,Entire home/apt,Waterfront,Standard kitchen and bath. well maintained. great for a short stay. reliable wifi.,227.97
listing1233,4,3,5,Entire home/apt,Downtown,Quiet street. close to public transit. convenient location. comfortable and clean.,277.53
listing1234,3,3,7,Private room,Uptown,Spacious and bright. high-end appliances. recently renovated. close to public transit.,215.52
listing1235,4,3,9,Entire home/apt,Downtown,Responsive host. marble bathroom and premium linens. five-star concierge service. parking available nearby.,382.34
listing1236,4,2,5,Private room,Downtown,Recently renovated. responsive host. easy check-in process. walk to great restaurants.,243.61
listing1237,3,1,7,Private room,Uptown,"A bit dated but functional. thin walls, budget option. shared bathroom down the hall. parking available nearby.",124.6
listing1238,2,1,5,Entire home/apt,Suburb,Convenient location. great for a short stay. well maintained.,174.45
listing1239,4,1,5,Private room,Suburb,Recently renovated. high-end appliances. modern finishes throughout. parking available nearby.,174.93
listing1240,1,2,2,Shared room,Suburb,Easy check-in process. standard kitchen and bath. quiet street. comfortable and clean.,94.15
listing1241,3,3,4,Entire home/apt,Uptown,Recently renovated. responsive host. modern finishes throughout. parking available nearby. walk to great restaurants.,287.71
listing1242,1,2,3,Entire home/apt,Downtown,"Easy check-in process. thin walls, budget option. great for a short stay. a bit dated but functional.",178.28
listing1243,4,1,9,Shared room,Uptown,Reliable wifi. convenient location. easy check-in process. comfortable and clean.,177.07
listing1244,4,1,9,Private room,Downtown,Great for a short stay. spacious and bright. close to public transit. high-end appliances. modern finishes throughout.,224.25
listing1245,1,3,3,Entire home/apt,Downtown,Convenient location. comfortable and clean. great for a short stay.,184.31
listing1246,4,3,9,Private room,Downtown,Parking available nearby. five-star concierge service. private rooftop access.,313.21
listing1247,3,2,4,Entire home/apt,Uptown,Reliable wifi. great for a short stay. comfortable and clean.,208.46
listing1248,4,3,5,Private room,Uptown,Close to public transit. no frills stay. basic amenities.,159.16
listing1249,1,3,2,Entire home/apt,Downtown,Reliable wifi. parking available nearby. standard kitchen and bath. great for a short stay. convenient location.,213.47
listing1250,1,3,2,Entire home/apt,Waterfront,Easy check-in process. a bit dated but functional. basic amenities.,202.04
listing1251,3,3,7,Private room,Uptown,Comfortable and clean. standard kitchen and bath. great for a short stay. close to public transit.,168.34
listing1252,1,2,2,Shared room,Suburb,Shared bathroom down the hall. parking available nearby. a bit dated but functional. basic amenities. easy check-in process.,40.8
listing1253,2,2,3,Private room,Downtown,Comfortable and clean. reliable wifi. easy check-in process. great for a short stay.,158.17
listing1254,4,2,5,Entire home/apt,Uptown,High-end appliances. modern finishes throughout. great for a short stay.,291.17
listing1255,1,1,2,Entire home/apt,Downtown,Well maintained. convenient location. reliable wifi. easy check-in process.,184.76
listing1256,4,2,5,Shared room,Uptown,"Quiet street. a bit dated but functional. shared bathroom down the hall. thin walls, budget option.",143.6
listing1257,1,2,2,Shared room,Downtown,Standard kitchen and bath. well maintained. reliable wifi. close to public transit. responsive host.,109.76
listing1258,1,2,3,Entire home/apt,Downtown,Spacious and bright. recently renovated. parking available nearby.,266.29
listing1259,3,2,4,Private room,Waterfront,Well maintained. close to public transit. reliable wifi. great for a short stay. convenient location.,180.52
listing1260,4,2,5,Entire home/apt,Downtown,"Great for a short stay. thin walls, budget option. no frills stay. basic amenities.",245.91
listing1261,1,2,2,Entire home/apt,Downtown,Reliable wifi. well maintained. great for a short stay. parking available nearby. convenient location.,200.28
listing1262,2,1,5,Entire home/apt,Suburb,Comfortable and clean. well maintained. responsive host. convenient location.,172.07
listing1263,5,2,11,Entire home/apt,Downtown,Quiet street. close to public transit. well maintained. comfortable and clean. reliable wifi.,316.59
listing1264,5,2,11,Entire home/apt,Waterfront,No frills stay. quiet street. shared bathroom down the hall. easy check-in process. a bit dated but functional.,285.41
listing1265,3,3,7,Private room,Uptown,Five-star concierge service. quiet street. marble bathroom and premium linens. designer furnished.,240.06
listing1266,3,2,7,Entire home/apt,Downtown,Basic amenities. shared bathroom down the hall. close to public transit. great for a short stay.,190.25
listing1267,2,2,5,Entire home/apt,Uptown,Shared bathroom down the hall. a bit dated but functional. close to public transit.,196.27
listing1268,4,1,5,Entire home/apt,Downtown,"No frills stay. shared bathroom down the hall. quiet street. thin walls, budget option.",241.76
listing1269,3,1,7,Entire home/apt,Waterfront,Well maintained. quiet street. great for a short stay. convenient location. reliable wifi.,279.65
listing1270,2,2,3,Entire home/apt,Downtown,Great for a short stay. standard kitchen and bath. close to public transit. convenient location.,222.79
listing1271,1,2,2,Private room,Downtown,"Basic amenities. thin walls, budget option. parking available nearby. no frills stay.",90.49
listing1272,1,2,3,Entire home/apt,Uptown,Great for a short stay. reliable wifi. well maintained. standard kitchen and bath.,179.96
listing1273,5,2,6,Private room,Suburb,Responsive host. spacious and bright. modern finishes throughout.,219.14
listing1274,3,3,4,Shared room,Suburb,Quiet street. easy check-in process. convenient location. comfortable and clean.,107.92
listing1275,3,1,7,Entire home/apt,Suburb,Five-star concierge service. close to public transit. stunning skyline view.,311.78
listing1276,3,1,4,Shared room,Waterfront,Standard kitchen and bath. convenient location. responsive host. comfortable and clean.,181.87
listing1277,4,1,5,Shared room,Waterfront,"Parking available nearby. a bit dated but functional. quiet street. thin walls, budget option. no frills stay.",152.74
listing1278,1,1,3,Private room,Uptown,Private rooftop access. parking available nearby. marble bathroom and premium linens. five-star concierge service.,199.87
listing1279,1,3,3,Private room,Suburb,Modern finishes throughout. spacious and bright. quiet street. walk to great restaurants. responsive host.,129.46
listing1280,2,1,3,Private room,Uptown,Close to public transit. great for a short stay. standard kitchen and bath. comfortable and clean.,146.56
listing1281,3,2,7,Private room,Uptown,High-end appliances. great for a short stay. spacious and bright. responsive host. walk to great restaurants.,212.92
listing1282,4,1,9,Private room,Waterfront,Convenient location. parking available nearby. easy check-in process. standard kitchen and bath.,214.53
listing1283,3,3,4,Entire home/apt,Uptown,Convenient location. standard kitchen and bath. well maintained. close to public transit.,240.77
listing1284,3,3,4,Shared room,Downtown,Recently renovated. walk to great restaurants. great for a short stay. modern finishes throughout.,197.97
listing1285,5,1,6,Private room,Uptown,Spacious and bright. recently renovated. quiet street.,235.76
listing1286,1,1,2,Private room,Uptown,Comfortable and clean. well maintained. convenient location. parking available nearby.,88.69
listing1287,3,1,4,Entire home/apt,Suburb,Standard kitchen and bath. close to public transit. easy check-in process. comfortable and clean.,203.05
listing1288,3,2,4,Entire home/apt,Uptown,Comfortable and clean. quiet street. well maintained.,223.75
listing1289,3,3,4,Entire home/apt,Suburb,Responsive host. basic amenities. shared bathroom down the hall.,193.91
listing1290,5,2,6,Entire home/apt,Uptown,Quiet street. five-star concierge service. stunning skyline view. private rooftop access.,356.59
listing1291,2,3,3,Entire home/apt,Suburb,Reliable wifi. comfortable and clean. easy check-in process. close to public transit. standard kitchen and bath.,186.37
listing1292,5,2,6,Entire home/apt,Downtown,Standard kitchen and bath. convenient location. responsive host.,274.45
listing1293,2,1,3,Entire home/apt,Suburb,Comfortable and clean. well maintained. great for a short stay.,177.12
listing1294,3,2,4,Entire home/apt,Uptown,Reliable wifi. standard kitchen and bath. close to public transit. comfortable and clean. parking available nearby.,214.49
listing1295,3,1,7,Entire home/apt,Downtown,Great for a short stay. parking available nearby. standard kitchen and bath. convenient location. reliable wifi.,241.16
listing1296,5,3,6,Shared room,Downtown,Designer furnished. stunning skyline view. great for a short stay. private rooftop access.,299.01
listing1297,3,1,7,Entire home/apt,Downtown,Well maintained. easy check-in process. standard kitchen and bath. responsive host.,248.45
listing1298,2,2,5,Entire home/apt,Uptown,Great for a short stay. modern finishes throughout. high-end appliances. spacious and bright.,230.53
listing1299,1,2,3,Entire home/apt,Waterfront,Great for a short stay. close to public transit. well maintained. comfortable and clean.,212.23
listing1300,2,1,5,Entire home/apt,Suburb,Quiet street. responsive host. convenient location. well maintained.,185.54
listing1301,5,2,6,Entire home/apt,Waterfront,"A bit dated but functional. parking available nearby. thin walls, budget option. basic amenities.",264.46
listing1302,1,2,3,Private room,Uptown,Parking available nearby. well maintained. close to public transit. standard kitchen and bath.,117.3
listing1303,5,1,6,Shared room,Uptown,"Thin walls, budget option. a bit dated but functional. quiet street. shared bathroom down the hall.",140.95
listing1304,3,1,4,Entire home/apt,Suburb,Close to public transit. spacious and bright. modern finishes throughout.,228.49
listing1305,1,1,2,Private room,Suburb,Walk to great restaurants. parking available nearby. recently renovated. close to public transit.,108.63
listing1306,2,1,3,Entire home/apt,Downtown,Well maintained. standard kitchen and bath. reliable wifi. easy check-in process. close to public transit.,212.56
listing1307,3,2,4,Entire home/apt,Suburb,Quiet street. standard kitchen and bath. well maintained. convenient location.,211.93
listing1308,2,1,3,Entire home/apt,Uptown,Great for a short stay. high-end appliances. recently renovated. responsive host.,220.39
listing1309,1,3,3,Entire home/apt,Suburb,"Thin walls, budget option. quiet street. close to public transit. no frills stay.",135.51
listing1310,4,1,9,Private room,Suburb,Private rooftop access. designer furnished. stunning skyline view. responsive host.,236.42
listing1311,4,2,5,Private room,Waterfront,Reliable wifi. convenient location. close to public transit. comfortable and clean.,223.3
listing1312,1,3,3,Private room,Downtown,"Basic amenities. thin walls, budget option. quiet street. a bit dated but functional.",118.89
listing1313,2,2,3,Entire home/apt,Waterfront,"Close to public transit. basic amenities. thin walls, budget option. no frills stay. responsive host.",192.8
listing1314,2,3,3,Private room,Downtown,Five-star concierge service. easy check-in process. private rooftop access.,259.11
listing1315,4,1,9,Entire home/apt,Suburb,"Shared bathroom down the hall. a bit dated but functional. responsive host. thin walls, budget option. easy check-in process.",183.56
listing1316,4,1,9,Entire home/apt,Downtown,Spacious and bright. quiet street. close to public transit. modern finishes throughout.,300.6
listing1317,4,1,5,Entire home/apt,Waterfront,Shared bathroom down the hall. responsive host. a bit dated but functional. no frills stay. close to public transit.,219.48
listing1318,5,1,6,Private room,Suburb,"Thin walls, budget option. shared bathroom down the hall. quiet street. close to public transit. basic amenities.",126.2
listing1319,4,1,5,Shared room,Downtown,Quiet street. walk to great restaurants. modern finishes throughout.,223.29
listing1320,2,1,3,Entire home/apt,Uptown,Great for a short stay. no frills stay. shared bathroom down the hall.,154.2
listing1321,1,3,2,Private room,Waterfront,No frills stay. basic amenities. quiet street.,131.59
listing1322,4,1,9,Private room,Uptown,Well maintained. comfortable and clean. reliable wifi. close to public transit.,177.96
listing1323,5,3,11,Private room,Downtown,Walk to great restaurants. quiet street. recently renovated.,303.11
listing1324,5,3,6,Entire home/apt,Downtown,Convenient location. quiet street. easy check-in process. comfortable and clean. reliable wifi.,286.69
listing1325,2,3,5,Private room,Uptown,"Parking available nearby. a bit dated but functional. shared bathroom down the hall. thin walls, budget option. quiet street.",126.47
listing1326,2,1,3,Private room,Waterfront,Private rooftop access. marble bathroom and premium linens. close to public transit. stunning skyline view. easy check-in process.,248.63
listing1327,1,3,2,Private room,Waterfront,High-end appliances. great for a short stay. modern finishes throughout.,223.93
listing1328,1,2,2,Entire home/apt,Downtown,High-end appliances. close to public transit. easy check-in process. spacious and bright.,248.57
listing1329,3,3,7,Shared room,Uptown,Responsive host. high-end appliances. walk to great restaurants.,189.89
listing1330,3,2,7,Entire home/apt,Uptown,Great for a short stay. spacious and bright. walk to great restaurants. modern finishes throughout.,285.22
listing1331,2,3,5,Private room,Downtown,Well maintained. comfortable and clean. close to public transit. standard kitchen and bath.,201.66
listing1332,2,2,3,Entire home/apt,Waterfront,Easy check-in process. standard kitchen and bath. convenient location. quiet street.,213.44
listing1333,5,1,11,Entire home/apt,Uptown,High-end appliances. great for a short stay. responsive host. recently renovated.,308.89
listing1334,3,2,4,Entire home/apt,Uptown,Walk to great restaurants. quiet street. spacious and bright. parking available nearby.,262.16
listing1335,5,1,6,Entire home/apt,Suburb,Easy check-in process. stunning skyline view. close to public transit. five-star concierge service.,318.99
listing1336,5,3,11,Entire home/apt,Uptown,Easy check-in process. well maintained. close to public transit. convenient location.,295.01
listing1337,2,1,3,Entire home/apt,Waterfront,Standard kitchen and bath. well maintained. responsive host.,207.35
listing1338,2,1,5,Entire home/apt,Downtown,Comfortable and clean. quiet street. easy check-in process. convenient location.,237.85
listing1339,5,2,11,Entire home/apt,Downtown,Comfortable and clean. standard kitchen and bath. responsive host. quiet street.,291.93
listing1340,4,2,9,Private room,Downtown,Well maintained. close to public transit. great for a short stay. standard kitchen and bath. convenient location.,215.6
listing1341,2,1,3,Private room,Suburb,Responsive host. walk to great restaurants. high-end appliances. modern finishes throughout. easy check-in process.,155.55
listing1342,4,3,5,Private room,Suburb,Close to public transit. well maintained. convenient location. reliable wifi.,166.64
listing1343,3,3,7,Entire home/apt,Downtown,Basic amenities. close to public transit. responsive host. a bit dated but functional.,225.25
listing1344,5,3,11,Entire home/apt,Downtown,Comfortable and clean. responsive host. parking available nearby. convenient location. standard kitchen and bath.,302.82
listing1345,2,2,5,Shared room,Uptown,Standard kitchen and bath. well maintained. great for a short stay.,118.24
listing1346,5,2,11,Entire home/apt,Waterfront,Stunning skyline view. marble bathroom and premium linens. five-star concierge service. quiet street.,399.92
listing1347,5,2,6,Entire home/apt,Waterfront,Easy check-in process. reliable wifi. well maintained. parking available nearby.,301.46
listing1348,1,2,2,Shared room,Waterfront,Well maintained. convenient location. standard kitchen and bath. quiet street.,104.18
listing1349,1,1,3,Shared room,Suburb,Quiet street. reliable wifi. comfortable and clean. easy check-in process.,69.76
listing1350,3,1,4,Entire home/apt,Downtown,Comfortable and clean. reliable wifi. parking available nearby. close to public transit. well maintained.,236.39
listing1351,1,1,3,Private room,Waterfront,Responsive host. great for a short stay. shared bathroom down the hall. a bit dated but functional.,112.28
listing1352,2,2,3,Entire home/apt,Waterfront,Modern finishes throughout. quiet street. responsive host. walk to great restaurants. high-end appliances.,290.29
listing1353,3,1,7,Private room,Uptown,Five-star concierge service. quiet street. stunning skyline view. designer furnished.,246.75
listing1354,5,1,11,Entire home/apt,Suburb,Easy check-in process. convenient location. great for a short stay. comfortable and clean.,245.29
listing1355,5,3,6,Entire home/apt,Downtown,Well maintained. close to public transit. standard kitchen and bath. comfortable and clean. great for a short stay.,292.43
listing1356,1,2,2,Private room,Waterfront,No frills stay. shared bathroom down the hall. easy check-in process.,113.69
listing1357,5,2,11,Entire home/apt,Waterfront,Comfortable and clean. quiet street. well maintained.,317.91
listing1358,1,2,2,Private room,Suburb,Comfortable and clean. close to public transit. easy check-in process. reliable wifi.,81.03
listing1359,4,3,9,Entire home/apt,Uptown,High-end appliances. responsive host. walk to great restaurants. modern finishes throughout.,288.72
listing1360,5,3,11,Private room,Uptown,"Thin walls, budget option. no frills stay. parking available nearby. a bit dated but functional.",197.27
listing1361,5,1,11,Private room,Suburb,Responsive host. high-end appliances. spacious and bright.,233.32
listing1362,2,3,3,Entire home/apt,Suburb,Great for a short stay. well maintained. convenient location. quiet street.,189.64
listing1363,5,2,11,Private room,Uptown,Recently renovated. great for a short stay. easy check-in process. high-end appliances.,278.39
listing1364,1,3,2,Entire home/apt,Suburb,Comfortable and clean. great for a short stay. convenient location. standard kitchen and bath. easy check-in process.,189.47
listing1365,3,2,7,Entire home/apt,Downtown,A bit dated but functional. close to public transit. shared bathroom down the hall.,236.11
listing1366,3,1,7,Entire home/apt,Waterfront,Standard kitchen and bath. reliable wifi. convenient location. easy check-in process. great for a short stay.,273.59
listing1367,2,3,3,Private room,Suburb,Walk to great restaurants. quiet street. recently renovated. spacious and bright.,172.2
listing1368,1,1,2,Private room,Uptown,Easy check-in process. responsive host. reliable wifi. comfortable and clean. standard kitchen and bath.,126.52
listing1369,4,3,5,Shared room,Uptown,"Easy check-in process. a bit dated but functional. thin walls, budget option.",159.21
listing1370,2,1,5,Private room,Suburb,Well maintained. responsive host. easy check-in process. standard kitchen and bath. reliable wifi.,122.41
listing1371,4,1,5,Shared room,Suburb,Reliable wifi. convenient location. well maintained. responsive host.,130.48
listing1372,3,2,4,Entire home/apt,Suburb,Standard kitchen and bath. quiet street. comfortable and clean.,197.54
listing1373,2,3,5,Shared room,Uptown,Well maintained. responsive host. comfortable and clean. convenient location.,130.5
listing1374,5,2,11,Private room,Suburb,No frills stay. parking available nearby. a bit dated but functional.,164.95
listing1375,1,1,3,Entire home/apt,Downtown,Well maintained. parking available nearby. great for a short stay. comfortable and clean.,202.46
listing1376,4,1,9,Private room,Uptown,Walk to great restaurants. quiet street. modern finishes throughout. easy check-in process. high-end appliances.,219.36
listing1377,4,3,9,Entire home/apt,Uptown,Close to public transit. recently renovated. high-end appliances. modern finishes throughout.,310.71
listing1378,2,3,5,Entire home/apt,Suburb,"Close to public transit. a bit dated but functional. thin walls, budget option. no frills stay.",137.74
listing1379,2,1,3,Entire home/apt,Suburb,Quiet street. convenient location. reliable wifi. parking available nearby.,188.68
listing1380,1,2,3,Entire home/apt,Waterfront,Comfortable and clean. standard kitchen and bath. well maintained. easy check-in process. parking available nearby.,212.35
listing1381,5,1,11,Entire home/apt,Waterfront,No frills stay. basic amenities. shared bathroom down the hall. great for a short stay.,284.47
listing1382,5,1,11,Private room,Uptown,Convenient location. well maintained. great for a short stay.,231.49
listing1383,2,3,5,Private room,Uptown,Great for a short stay. basic amenities. no frills stay. shared bathroom down the hall.,129.6
listing1384,1,2,3,Entire home/apt,Uptown,"Thin walls, budget option. close to public transit. shared bathroom down the hall. a bit dated but functional.",172.33
listing1385,1,1,2,Entire home/apt,Downtown,Modern finishes throughout. walk to great restaurants. high-end appliances. quiet street.,216.1
listing1386,1,2,3,Entire home/apt,Uptown,Great for a short stay. convenient location. reliable wifi. quiet street.,213.77
listing1387,5,2,11,Entire home/apt,Suburb,Easy check-in process. modern finishes throughout. responsive host. high-end appliances. spacious and bright.,317.05
listing1388,5,1,6,Private room,Waterfront,Responsive host. a bit dated but functional. shared bathroom down the hall. parking available nearby.,196.51
listing1389,1,2,3,Entire home/apt,Suburb,Convenient location. comfortable and clean. easy check-in process.,177.1
listing1390,4,1,5,Private room,Uptown,Reliable wifi. well maintained. responsive host.,157.98
listing1391,1,1,3,Private room,Uptown,Walk to great restaurants. parking available nearby. spacious and bright. close to public transit. modern finishes throughout.,146.54
listing1392,2,3,5,Private room,Downtown,Spacious and bright. recently renovated. close to public transit. high-end appliances. responsive host.,233.33
listing1393,3,3,4,Private room,Uptown,Quiet street. responsive host. well maintained. standard kitchen and bath.,147.6
listing1394,4,1,5,Entire home/apt,Uptown,Well maintained. quiet street. reliable wifi. easy check-in process. comfortable and clean.,243.73
listing1395,5,3,11,Private room,Downtown,"Quiet street. no frills stay. responsive host. thin walls, budget option.",230.39
listing1396,1,2,2,Private room,Downtown,Great for a short stay. standard kitchen and bath. convenient location.,159.63
listing1397,1,3,3,Private room,Waterfront,"Thin walls, budget option. quiet street. great for a short stay. a bit dated but functional. no frills stay.",111.0
listing1398,2,3,3,Private room,Uptown,Well maintained. reliable wifi. responsive host. parking available nearby.,167.32
listing1399,2,2,5,Private room,Uptown,"Thin walls, budget option. basic amenities. responsive host. no frills stay. easy check-in process.",109.29
listing1400,5,2,11,Shared room,Downtown,Responsive host. high-end appliances. recently renovated. great for a short stay.,253.64
listing1401,4,2,9,Entire home/apt,Uptown,Well maintained. reliable wifi. easy check-in process.,248.34
listing1402,2,3,3,Private room,Uptown,Responsive host. comfortable and clean. convenient location. standard kitchen and bath.,134.95
listing1403,5,1,11,Private room,Uptown,Parking available nearby. reliable wifi. well maintained.,218.84
listing1404,3,1,4,Entire home/apt,Waterfront,Quiet street. comfortable and clean. responsive host. reliable wifi.,231.65
listing1405,3,1,4,Shared room,Downtown,"Shared bathroom down the hall. thin walls, budget option. great for a short stay. close to public transit.",123.88
listing1406,3,1,4,Entire home/apt,Suburb,Parking available nearby. designer furnished. private rooftop access. five-star concierge service.,272.04
listing1407,1,1,3,Private room,Downtown,Parking available nearby. great for a short stay. walk to great restaurants. modern finishes throughout. recently renovated.,155.44
listing1408,5,1,11,Entire home/apt,Uptown,"Thin walls, budget option. responsive host. great for a short stay. no frills stay.",242.67
listing1409,1,3,2,Entire home/apt,Downtown,Modern finishes throughout. close to public transit. recently renovated. walk to great restaurants. parking available nearby.,255.04
listing1410,1,1,2,Private room,Uptown,Close to public transit. convenient location. responsive host. reliable wifi.,102.67
listing1411,2,3,5,Entire home/apt,Downtown,No frills stay. responsive host. parking available nearby. shared bathroom down the hall.,211.41
listing1412,2,1,3,Entire home/apt,Suburb,Standard kitchen and bath. parking available nearby. convenient location. quiet street.,176.35
listing1413,1,3,2,Entire home/apt,Uptown,"Thin walls, budget option. basic amenities. close to public transit. easy check-in process.",173.99
listing1414,1,1,3,Entire home/apt,Waterfront,"Thin walls, budget option. a bit dated but functional. easy check-in process. shared bathroom down the hall.",171.28
listing1415,4,2,5,Private room,Downtown,Spacious and bright. recently renovated. quiet street. high-end appliances. great for a short stay.,229.47
listing1416,5,1,11,Private room,Downtown,Standard kitchen and bath. comfortable and clean. quiet street. responsive host.,234.91
listing1417,1,2,3,Entire home/apt,Uptown,Recently renovated. high-end appliances. responsive host.,230.65
listing1418,2,2,3,Private room,Uptown,Responsive host. walk to great restaurants. spacious and bright. parking available nearby. modern finishes throughout.,160.47
listing1419,3,2,4,Entire home/apt,Uptown,Modern finishes throughout. walk to great restaurants. high-end appliances. easy check-in process. great for a short stay.,254.31
listing1420,5,2,11,Private room,Suburb,Parking available nearby. quiet street. convenient location. comfortable and clean. well maintained.,190.37
listing1421,4,2,9,Entire home/apt,Waterfront,Recently renovated. easy check-in process. quiet street. modern finishes throughout.,330.51
listing1422,4,3,9,Entire home/apt,Suburb,Standard kitchen and bath. responsive host. convenient location. well maintained.,238.87
listing1423,3,2,4,Entire home/apt,Downtown,Standard kitchen and bath. quiet street. comfortable and clean. easy check-in process.,253.48
listing1424,3,2,7,Private room,Suburb,Well maintained. comfortable and clean. quiet street.,127.74
listing1425,1,1,3,Entire home/apt,Waterfront,Close to public transit. designer furnished. responsive host. marble bathroom and premium linens.,276.04
listing1426,5,2,6,Entire home/apt,Waterfront,Shared bathroom down the hall. quiet street. no frills stay. close to public transit.,264.99
listing1427,5,1,11,Private room,Suburb,Convenient location. parking available nearby. well maintained.,186.89
listing1428,1,1,3,Private room,Waterfront,Modern finishes throughout. great for a short stay. close to public transit. spacious and bright. walk to great restaurants.,162.54
listing1429,4,3,5,Entire home/apt,Suburb,Close to public transit. reliable wifi. standard kitchen and bath.,224.72
listing1430,1,1,2,Private room,Waterfront,Modern finishes throughout. close to public transit. walk to great restaurants. parking available nearby.,171.19
listing1431,4,2,9,Private room,Downtown,Parking available nearby. convenient location. close to public transit. well maintained. reliable wifi.,213.28
listing1432,5,3,6,Entire home/apt,Waterfront,Easy check-in process. quiet street. no frills stay. a bit dated but functional.,280.82
listing1433,1,3,2,Private room,Uptown,Parking available nearby. well maintained. reliable wifi.,118.06
listing1434,3,1,4,Entire home/apt,Suburb,Well maintained. great for a short stay. comfortable and clean. close to public transit.,207.73
listing1435,1,1,3,Private room,Suburb,"Responsive host. basic amenities. easy check-in process. no frills stay. thin walls, budget option.",60.86
listing1436,3,2,4,Entire home/apt,Downtown,Shared bathroom down the hall. responsive host. a bit dated but functional. quiet street.,205.31
listing1437,5,2,11,Private room,Downtown,Quiet street. close to public transit. a bit dated but functional. basic amenities.,215.13
listing1438,1,3,3,Entire home/apt,Downtown,Spacious and bright. parking available nearby. walk to great restaurants. close to public transit. recently renovated.,256.49
listing1439,2,1,5,Entire home/apt,Uptown,Modern finishes throughout. easy check-in process. walk to great restaurants.,255.58
listing1440,5,1,11,Shared room,Downtown,Well maintained. convenient location. close to public transit.,201.8
listing1441,2,1,3,Entire home/apt,Waterfront,Quiet street. shared bathroom down the hall. a bit dated but functional. no frills stay.,202.21
listing1442,1,3,2,Private room,Waterfront,Reliable wifi. quiet street. comfortable and clean. standard kitchen and bath. parking available nearby.,156.5
listing1443,3,1,4,Shared room,Suburb,Close to public transit. spacious and bright. modern finishes throughout. high-end appliances.,157.9
listing1444,3,2,7,Private room,Downtown,Spacious and bright. modern finishes throughout. close to public transit. recently renovated.,247.49
listing1445,4,1,9,Entire home/apt,Uptown,Convenient location. standard kitchen and bath. well maintained. quiet street.,255.36
listing1446,2,1,3,Private room,Downtown,"Close to public transit. thin walls, budget option. no frills stay. quiet street.",114.85
listing1447,5,3,11,Entire home/apt,Suburb,Designer furnished. easy check-in process. marble bathroom and premium linens.,370.08
listing1448,3,1,7,Entire home/apt,Downtown,Responsive host. modern finishes throughout. walk to great restaurants. recently renovated. parking available nearby.,284.83
listing1449,2,1,3,Private room,Downtown,"Easy check-in process. no frills stay. thin walls, budget option. basic amenities. quiet street.",138.16
listing1450,5,3,6,Private room,Downtown,Spacious and bright. modern finishes throughout. walk to great restaurants. quiet street. great for a short stay.,274.94
listing1451,5,2,6,Entire home/apt,Suburb,"Basic amenities. close to public transit. thin walls, budget option. a bit dated but functional. quiet street.",209.13
listing1452,3,1,4,Entire home/apt,Downtown,"Easy check-in process. shared bathroom down the hall. thin walls, budget option.",199.48
listing1453,1,2,2,Private room,Waterfront,Quiet street. modern finishes throughout. spacious and bright. close to public transit.,171.44
listing1454,3,3,7,Private room,Waterfront,Comfortable and clean. quiet street. parking available nearby. standard kitchen and bath.,218.68
listing1455,3,2,7,Entire home/apt,Suburb,Standard kitchen and bath. parking available nearby. great for a short stay. reliable wifi. comfortable and clean.,202.16
listing1456,1,2,3,Private room,Downtown,Quiet street. stunning skyline view. five-star concierge service. private rooftop access. responsive host.,243.18
listing1457,4,2,5,Entire home/apt,Downtown,Spacious and bright. easy check-in process. recently renovated. high-end appliances.,291.48
listing1458,5,2,11,Entire home/apt,Uptown,Easy check-in process. close to public transit. a bit dated but functional. basic amenities.,260.53
listing1459,1,1,2,Private room,Downtown,Convenient location. parking available nearby. comfortable and clean. easy check-in process.,139.8
listing1460,4,3,5,Shared room,Waterfront,Easy check-in process. modern finishes throughout. close to public transit. spacious and bright.,211.17
listing1461,1,3,3,Entire home/apt,Uptown,Responsive host. great for a short stay. standard kitchen and bath. reliable wifi.,219.22
listing1462,4,1,9,Entire home/apt,Uptown,Marble bathroom and premium linens. parking available nearby. quiet street. five-star concierge service. designer furnished.,337.9
listing1463,3,3,4,Entire home/apt,Downtown,Modern finishes throughout. easy check-in process. great for a short stay. recently renovated.,296.69
listing1464,1,3,2,Private room,Waterfront,"No frills stay. a bit dated but functional. great for a short stay. thin walls, budget option.",132.86
listing1465,5,3,11,Entire home/apt,Downtown,Responsive host. a bit dated but functional. shared bathroom down the hall. quiet street.,297.71
listing1466,1,2,3,Entire home/apt,Waterfront,Walk to great restaurants. great for a short stay. modern finishes throughout. high-end appliances.,258.29
listing1467,3,2,4,Shared room,Downtown,Marble bathroom and premium linens. great for a short stay. five-star concierge service. quiet street. private rooftop access.,256.97
listing1468,1,3,3,Entire home/apt,Suburb,Great for a short stay. no frills stay. shared bathroom down the hall. a bit dated but functional.,146.23
listing1469,5,1,11,Private room,Waterfront,"No frills stay. close to public transit. thin walls, budget option.",235.13
listing1470,4,3,5,Entire home/apt,Downtown,Easy check-in process. responsive host. walk to great restaurants. modern finishes throughout.,323.27
listing1471,5,3,11,Private room,Downtown,No frills stay. easy check-in process. shared bathroom down the hall. close to public transit. a bit dated but functional.,247.58
listing1472,3,3,7,Entire home/apt,Uptown,"Shared bathroom down the hall. a bit dated but functional. great for a short stay. thin walls, budget option.",227.81
listing1473,3,2,7,Entire home/apt,Downtown,Recently renovated. walk to great restaurants. parking available nearby. great for a short stay.,275.33
listing1474,4,2,5,Entire home/apt,Downtown,Quiet street. walk to great restaurants. great for a short stay. recently renovated. high-end appliances.,338.33
listing1475,4,1,5,Private room,Suburb,Spacious and bright. easy check-in process. walk to great restaurants. parking available nearby.,180.11
listing1476,5,3,11,Private room,Waterfront,Walk to great restaurants. close to public transit. spacious and bright.,321.95
listing1477,1,2,3,Entire home/apt,Downtown,Responsive host. well maintained. reliable wifi. easy check-in process.,205.32
listing1478,4,1,5,Entire home/apt,Waterfront,Easy check-in process. marble bathroom and premium linens. five-star concierge service.,369.73
listing1479,1,3,3,Private room,Downtown,Well maintained. standard kitchen and bath. responsive host.,141.74
listing1480,2,2,5,Entire home/apt,Suburb,Close to public transit. convenient location. reliable wifi. well maintained. great for a short stay.,193.51
listing1481,5,2,6,Entire home/apt,Downtown,Modern finishes throughout. walk to great restaurants. great for a short stay.,325.96
listing1482,2,1,5,Private room,Waterfront,Walk to great restaurants. recently renovated. great for a short stay. spacious and bright. close to public transit.,224.95
listing1483,4,3,5,Entire home/apt,Suburb,Recently renovated. walk to great restaurants. parking available nearby.,277.26
listing1484,3,2,4,Entire home/apt,Downtown,Basic amenities. responsive host. shared bathroom down the hall. great for a short stay.,226.23
listing1485,2,3,3,Entire home/apt,Downtown,Designer furnished. great for a short stay. close to public transit. marble bathroom and premium linens. five-star concierge service.,297.03
listing1486,2,3,3,Entire home/apt,Uptown,Parking available nearby. standard kitchen and bath. convenient location.,211.97
listing1487,3,1,7,Entire home/apt,Suburb,Parking available nearby. modern finishes throughout. walk to great restaurants. easy check-in process. high-end appliances.,246.93
listing1488,4,1,5,Private room,Uptown,Close to public transit. stunning skyline view. quiet street. designer furnished.,264.68
listing1489,4,3,9,Private room,Waterfront,Easy check-in process. parking available nearby. well maintained. convenient location. reliable wifi.,249.53
listing1490,5,2,6,Entire home/apt,Suburb,Great for a short stay. spacious and bright. modern finishes throughout.,279.61
listing1491,5,2,11,Private room,Suburb,Convenient location. easy check-in process. well maintained. comfortable and clean.,199.59
listing1492,4,1,5,Entire home/apt,Uptown,Modern finishes throughout. parking available nearby. spacious and bright.,291.17
listing1493,4,2,9,Private room,Uptown,Modern finishes throughout. close to public transit. high-end appliances. recently renovated.,210.66
listing1494,2,3,5,Entire home/apt,Waterfront,Recently renovated. close to public transit. modern finishes throughout.,298.07
listing1495,3,1,7,Private room,Downtown,"Quiet street. thin walls, budget option. basic amenities.",147.99
listing1496,1,2,2,Entire home/apt,Suburb,"Thin walls, budget option. great for a short stay. shared bathroom down the hall. quiet street. a bit dated but functional.",115.05
listing1497,2,3,3,Entire home/apt,Downtown,Responsive host. private rooftop access. designer furnished.,327.04
listing1498,5,1,6,Entire home/apt,Downtown,Easy check-in process. parking available nearby. marble bathroom and premium linens. stunning skyline view. five-star concierge service.,383.73
listing1499,3,1,4,Entire home/apt,Suburb,Responsive host. designer furnished. five-star concierge service. private rooftop access. quiet street.,292.47
listing1500,1,3,2,Entire home/apt,Uptown,"Thin walls, budget option. shared bathroom down the hall. easy check-in process. responsive host. a bit dated but functional.",159.38
listing1501,4,1,9,Private room,Downtown,Responsive host. standard kitchen and bath. comfortable and clean.,218.51
listing1502,5,2,6,Private room,Downtown,Parking available nearby. high-end appliances. walk to great restaurants. responsive host.,274.42
listing1503,5,2,6,Entire home/apt,Uptown,Walk to great restaurants. quiet street. recently renovated. high-end appliances.,307.95
listing1504,2,3,3,Private room,Suburb,No frills stay. a bit dated but functional. quiet street. shared bathroom down the hall.,84.68
listing1505,3,1,7,Private room,Downtown,Comfortable and clean. convenient location. well maintained. close to public transit. responsive host.,174.38
listing1506,3,2,7,Private room,Downtown,Quiet street. shared bathroom down the hall. basic amenities. a bit dated but functional.,172.05
listing1507,2,1,5,Private room,Uptown,Great for a short stay. close to public transit. comfortable and clean. reliable wifi.,135.49
listing1508,2,3,3,Private room,Suburb,Responsive host. shared bathroom down the hall. a bit dated but functional. easy check-in process. no frills stay.,80.45
listing1509,2,2,3,Entire home/apt,Downtown,"Basic amenities. no frills stay. great for a short stay. parking available nearby. thin walls, budget option.",172.78
listing1510,5,2,11,Private room,Suburb,"Close to public transit. thin walls, budget option. a bit dated but functional.",178.98
listing1511,4,2,9,Shared room,Suburb,Quiet street. stunning skyline view. marble bathroom and premium linens. five-star concierge service.,231.44
listing1512,5,1,6,Entire home/apt,Downtown,Spacious and bright. great for a short stay. walk to great restaurants. high-end appliances. close to public transit.,322.96
listing1513,5,3,6,Entire home/apt,Suburb,Responsive host. stunning skyline view. marble bathroom and premium linens. parking available nearby. five-star concierge service.,358.88
listing1514,5,2,6,Entire home/apt,Waterfront,Great for a short stay. parking available nearby. well maintained. convenient location.,283.29
listing1515,1,1,3,Shared room,Uptown,Convenient location. reliable wifi. responsive host.,84.46
listing1516,5,2,6,Entire home/apt,Uptown,Responsive host. convenient location. comfortable and clean.,266.95
listing1517,1,3,3,Private room,Suburb,Comfortable and clean. well maintained. great for a short stay. convenient location.,109.56
listing1518,3,3,7,Private room,Suburb,Quiet street. comfortable and clean. reliable wifi. convenient location.,171.87
listing1519,3,2,7,Shared room,Suburb,Recently renovated. spacious and bright. responsive host. modern finishes throughout.,146.05
listing1520,2,1,5,Entire home/apt,Suburb,Modern finishes throughout. spacious and bright. quiet street.,222.84
listing1521,1,2,2,Private room,Uptown,High-end appliances. great for a short stay. recently renovated. spacious and bright.,168.38
listing1522,1,2,3,Private room,Suburb,Great for a short stay. quiet street. a bit dated but functional. basic amenities.,62.76
listing1523,5,2,6,Entire home/apt,Suburb,Parking available nearby. well maintained. reliable wifi. convenient location. responsive host.,242.35
listing1524,2,1,3,Private room,Downtown,Basic amenities. parking available nearby. a bit dated but functional. shared bathroom down the hall.,123.02
listing1525,2,2,3,Entire home/apt,Downtown,Easy check-in process. shared bathroom down the hall. responsive host. no frills stay.,197.14
listing1526,5,2,6,Private room,Uptown,Recently renovated. quiet street. modern finishes throughout.,250.99
listing1527,1,3,2,Entire home/apt,Suburb,Responsive host. easy check-in process. standard kitchen and bath. reliable wifi. well maintained.,172.74
listing1528,5,2,6,Entire home/apt,Downtown,Walk to great restaurants. responsive host. modern finishes throughout. easy check-in process.,317.22
listing1529,5,2,6,Entire home/apt,Waterfront,"A bit dated but functional. thin walls, budget option. close to public transit.",280.88
listing1530,3,2,4,Entire home/apt,Downtown,Marble bathroom and premium linens. great for a short stay. five-star concierge service.,349.0
listing1531,1,1,2,Entire home/apt,Uptown,Responsive host. marble bathroom and premium linens. designer furnished.,263.23
listing1532,1,1,2,Private room,Waterfront,Convenient location. quiet street. great for a short stay. comfortable and clean.,118.07
listing1533,2,3,5,Entire home/apt,Downtown,Recently renovated. close to public transit. spacious and bright.,279.62
listing1534,3,3,4,Entire home/apt,Suburb,"Parking available nearby. basic amenities. shared bathroom down the hall. thin walls, budget option. close to public transit.",182.33
listing1535,1,3,2,Private room,Downtown,Quiet street. spacious and bright. modern finishes throughout. great for a short stay.,172.26
listing1536,3,2,4,Private room,Suburb,Close to public transit. spacious and bright. quiet street. recently renovated.,170.68
listing1537,1,1,2,Entire home/apt,Downtown,Recently renovated. easy check-in process. spacious and bright.,214.09
listing1538,3,3,7,Shared room,Suburb,High-end appliances. walk to great restaurants. great for a short stay.,179.29
listing1539,1,2,3,Entire home/apt,Waterfront,Reliable wifi. great for a short stay. close to public transit. well maintained. comfortable and clean.,216.99
listing1540,4,1,9,Private room,Downtown,Easy check-in process. spacious and bright. walk to great restaurants. parking available nearby. high-end appliances.,228.25
listing1541,1,3,3,Entire home/apt,Downtown,Walk to great restaurants. great for a short stay. responsive host. spacious and bright.,259.22
listing1542,1,3,2,Private room,Downtown,"Basic amenities. no frills stay. thin walls, budget option. quiet street.",115.32
listing1543,1,3,3,Shared room,Waterfront,"Thin walls, budget option. a bit dated but functional. easy check-in process. close to public transit.",111.2
listing1544,5,1,6,Private room,Suburb,Parking available nearby. spacious and bright. modern finishes throughout. walk to great restaurants. easy check-in process.,204.3
listing1545,1,3,3,Private room,Uptown,Quiet street. convenient location. well maintained. close to public transit.,120.38
listing1546,3,2,4,Private room,Uptown,Close to public transit. comfortable and clean. parking available nearby. reliable wifi.,150.75
listing1547,3,2,7,Entire home/apt,Waterfront,Five-star concierge service. responsive host. designer furnished.,350.54
listing1548,3,3,4,Private room,Uptown,Recently renovated. responsive host. quiet street. modern finishes throughout.,210.23
listing1549,4,2,9,Private room,Waterfront,Quiet street. convenient location. parking available nearby. well maintained. reliable wifi.,229.78
listing1550,5,1,6,Shared room,Uptown,Responsive host. standard kitchen and bath. convenient location.,166.71
listing1551,2,1,5,Entire home/apt,Waterfront,Close to public transit. reliable wifi. comfortable and clean.,225.92
listing1552,5,2,11,Entire home/apt,Suburb,Walk to great restaurants. responsive host. spacious and bright.,299.78
listing1553,2,3,5,Private room,Uptown,Responsive host. standard kitchen and bath. quiet street. well maintained.,186.09
listing1554,5,3,6,Entire home/apt,Downtown,Standard kitchen and bath. comfortable and clean. close to public transit. reliable wifi.,289.75
listing1555,3,2,4,Entire home/apt,Downtown,Easy check-in process. high-end appliances. spacious and bright. walk to great restaurants. great for a short stay.,278.3
listing1556,4,3,9,Entire home/apt,Waterfront,Recently renovated. quiet street. modern finishes throughout. walk to great restaurants.,382.53
listing1557,5,3,6,Private room,Uptown,Recently renovated. spacious and bright. walk to great restaurants. responsive host.,259.05
listing1558,4,2,5,Entire home/apt,Suburb,"Basic amenities. thin walls, budget option. parking available nearby. great for a short stay.",175.44
listing1559,5,2,6,Entire home/apt,Waterfront,Walk to great restaurants. quiet street. spacious and bright. modern finishes throughout.,349.11
listing1560,3,3,4,Entire home/apt,Uptown,Standard kitchen and bath. responsive host. reliable wifi.,224.08
listing1561,1,2,2,Private room,Suburb,Responsive host. shared bathroom down the hall. no frills stay. a bit dated but functional.,71.91
listing1562,3,1,4,Private room,Downtown,Spacious and bright. great for a short stay. walk to great restaurants. modern finishes throughout.,207.47
listing1563,1,3,3,Entire home/apt,Suburb,Modern finishes throughout. close to public transit. responsive host. recently renovated. high-end appliances.,204.72
listing1564,5,2,11,Entire home/apt,Downtown,Well maintained. standard kitchen and bath. comfortable and clean. easy check-in process. close to public transit.,328.31
listing1565,2,2,3,Private room,Waterfront,Responsive host. recently renovated. spacious and bright. parking available nearby.,214.8
listing1566,2,3,3,Entire home/apt,Suburb,Responsive host. reliable wifi. convenient location.,199.68
listing1567,2,3,3,Private room,Suburb,"Shared bathroom down the hall. thin walls, budget option. close to public transit. quiet street. basic amenities.",98.22
listing1568,4,1,9,Entire home/apt,Suburb,Standard kitchen and bath. reliable wifi. convenient location. parking available nearby.,222.67
listing1569,3,2,4,Shared room,Uptown,Reliable wifi. standard kitchen and bath. comfortable and clean. great for a short stay.,142.34
listing1570,5,1,11,Entire home/apt,Suburb,High-end appliances. modern finishes throughout. walk to great restaurants. great for a short stay.,308.51
listing1571,3,2,7,Private room,Waterfront,Parking available nearby. spacious and bright. walk to great restaurants.,243.62
listing1572,2,2,5,Entire home/apt,Waterfront,Modern finishes throughout. high-end appliances. easy check-in process. recently renovated.,302.62
listing1573,1,2,2,Shared room,Downtown,"Shared bathroom down the hall. parking available nearby. thin walls, budget option.",91.21
listing1574,1,3,3,Shared room,Downtown,Reliable wifi. parking available nearby. standard kitchen and bath. quiet street.,127.54
listing1575,2,2,5,Private room,Waterfront,A bit dated but functional. parking available nearby. basic amenities. easy check-in process.,149.02
listing1576,5,2,11,Entire home/apt,Downtown,Close to public transit. high-end appliances. easy check-in process. modern finishes throughout.,350.65
listing1577,3,2,7,Entire home/apt,Waterfront,"Close to public transit. thin walls, budget option. shared bathroom down the hall. a bit dated but functional. great for a short stay.",221.99
listing1578,5,1,11,Private room,Suburb,Comfortable and clean. standard kitchen and bath. easy check-in process.,187.92
listing1579,1,1,2,Private room,Suburb,Walk to great restaurants. parking available nearby. recently renovated. quiet street. high-end appliances.,123.65
listing1580,1,3,3,Entire home/apt,Downtown,Close to public transit. easy check-in process. high-end appliances. spacious and bright. modern finishes throughout.,250.01
listing1581,5,1,11,Entire home/apt,Suburb,Well maintained. close to public transit. comfortable and clean. reliable wifi. easy check-in process.,258.05
listing1582,1,1,2,Entire home/apt,Downtown,Responsive host. reliable wifi. quiet street. convenient location.,191.26
listing1583,1,3,2,Private room,Uptown,High-end appliances. great for a short stay. walk to great restaurants.,175.28
listing1584,3,1,7,Private room,Suburb,Well maintained. easy check-in process. convenient location.,144.96
listing1585,5,2,6,Private room,Downtown,"Basic amenities. thin walls, budget option. responsive host.",196.01
listing1586,4,3,5,Private room,Downtown,Great for a short stay. spacious and bright. high-end appliances. recently renovated. responsive host.,235.59
listing1587,1,2,3,Entire home/apt,Downtown,Convenient location. quiet street. reliable wifi. parking available nearby. comfortable and clean.,226.49
listing1588,5,1,11,Entire home/apt,Uptown,Convenient location. well maintained. close to public transit. comfortable and clean.,277.3
listing1589,5,1,11,Entire home/apt,Suburb,No frills stay. shared bathroom down the hall. great for a short stay. quiet street.,223.03
listing1590,5,3,6,Private room,Downtown,Close to public transit. reliable wifi. well maintained. convenient location.,229.89
listing1591,5,1,6,Entire home/apt,Downtown,Quiet street. well maintained. standard kitchen and bath. reliable wifi.,273.14
listing1592,2,3,5,Entire home/apt,Waterfront,Standard kitchen and bath. easy check-in process. comfortable and clean.,269.53
listing1593,5,1,11,Entire home/apt,Downtown,Reliable wifi. responsive host. convenient location. easy check-in process.,315.63
listing1594,2,1,3,Entire home/apt,Waterfront,Standard kitchen and bath. parking available nearby. convenient location.,228.33
listing1595,5,3,6,Private room,Suburb,Walk to great restaurants. high-end appliances. great for a short stay. close to public transit.,227.71
listing1596,3,3,4,Entire home/apt,Suburb,Close to public transit. easy check-in process. marble bathroom and premium linens. five-star concierge service.,307.43
listing1597,4,3,9,Entire home/apt,Suburb,"Parking available nearby. basic amenities. thin walls, budget option. no frills stay. great for a short stay.",218.89
listing1598,4,3,5,Private room,Uptown,A bit dated but functional. no frills stay. basic amenities. responsive host.,159.72
listing1599,4,1,9,Entire home/apt,Suburb,High-end appliances. parking available nearby. recently renovated.,272.06
listing1600,4,3,5,Entire home/apt,Downtown,Parking available nearby. five-star concierge service. private rooftop access.,361.71
listing1601,4,3,9,Entire home/apt,Downtown,Spacious and bright. recently renovated. close to public transit. walk to great restaurants. easy check-in process.,336.03
listing1602,4,1,5,Private room,Waterfront,"Close to public transit. a bit dated but functional. thin walls, budget option. basic amenities.",174.45
listing1603,1,1,3,Entire home/apt,Downtown,Comfortable and clean. easy check-in process. standard kitchen and bath. responsive host. reliable wifi.,202.24
listing1604,5,3,11,Private room,Suburb,"Basic amenities. easy check-in process. thin walls, budget option.",171.57
listing1605,3,1,4,Shared room,Waterfront,Recently renovated. parking available nearby. spacious and bright. modern finishes throughout.,203.52
listing1606,2,3,3,Private room,Suburb,Quiet street. comfortable and clean. convenient location. standard kitchen and bath.,112.12
listing1607,3,1,7,Entire home/apt,Uptown,Close to public transit. reliable wifi. standard kitchen and bath. responsive host. well maintained.,220.13
listing1608,5,1,11,Private room,Uptown,Close to public transit. comfortable and clean. standard kitchen and bath. well maintained.,207.65
listing1609,5,1,11,Entire home/apt,Waterfront,Responsive host. convenient location. comfortable and clean. easy check-in process. standard kitchen and bath.,296.14
listing1610,5,1,11,Entire home/apt,Downtown,Close to public transit. well maintained. comfortable and clean. great for a short stay.,311.19
listing1611,3,3,7,Entire home/apt,Uptown,"Shared bathroom down the hall. thin walls, budget option. great for a short stay. responsive host.",205.37
listing1612,4,3,9,Entire home/apt,Waterfront,Easy check-in process. standard kitchen and bath. convenient location. responsive host.,294.61
listing1613,2,3,3,Entire home/apt,Suburb,Quiet street. spacious and bright. easy check-in process. recently renovated. walk to great restaurants.,243.06
listing1614,4,3,9,Entire home/apt,Waterfront,Spacious and bright. quiet street. recently renovated.,336.15
listing1615,4,1,5,Entire home/apt,Downtown,Convenient location. responsive host. standard kitchen and bath. comfortable and clean.,254.74
listing1616,2,3,3,Entire home/apt,Uptown,Great for a short stay. recently renovated. walk to great restaurants. close to public transit.,240.86
listing1617,2,2,3,Private room,Waterfront,Easy check-in process. high-end appliances. spacious and bright. close to public transit. walk to great restaurants.,218.0
listing1618,1,2,2,Shared room,Downtown,"Thin walls, budget option. basic amenities. no frills stay. responsive host.",91.16
listing1619,1,3,2,Entire home/apt,Uptown,Close to public transit. quiet street. a bit dated but functional. basic amenities.,169.87
listing1620,3,3,7,Private room,Downtown,Comfortable and clean. standard kitchen and bath. convenient location. great for a short stay.,208.45
listing1621,3,3,4,Entire home/apt,Downtown,Well maintained. reliable wifi. parking available nearby. standard kitchen and bath.,255.88
listing1622,1,2,2,Entire home/apt,Uptown,"Thin walls, budget option. no frills stay. responsive host.",144.71
listing1623,3,2,4,Entire home/apt,Downtown,"Thin walls, budget option. easy check-in process. shared bathroom down the hall. great for a short stay. a bit dated but functional.",205.22
listing1624,4,3,9,Entire home/apt,Waterfront,"Shared bathroom down the hall. great for a short stay. a bit dated but functional. thin walls, budget option. easy check-in process.",288.48
listing1625,2,1,5,Entire home/apt,Downtown,Quiet street. comfortable and clean. standard kitchen and bath. well maintained. close to public transit.,230.18
listing1626,2,1,5,Entire home/apt,Waterfront,Close to public transit. reliable wifi. responsive host. convenient location.,222.68
listing1627,2,2,3,Entire home/apt,Downtown,Close to public transit. great for a short stay. shared bathroom down the hall. basic amenities.,193.48
listing1628,3,1,7,Entire home/apt,Suburb,Modern finishes throughout. walk to great restaurants. responsive host.,238.4
listing1629,2,1,5,Entire home/apt,Downtown,Parking available nearby. reliable wifi. well maintained. close to public transit. comfortable and clean.,207.46
listing1630,4,3,5,Entire home/apt,Uptown,Reliable wifi. easy check-in process. convenient location. responsive host. standard kitchen and bath.,259.13
listing1631,2,3,5,Entire home/apt,Uptown,Shared bathroom down the hall. great for a short stay. a bit dated but functional. quiet street. no frills stay.,186.01
listing1632,3,2,4,Entire home/apt,Downtown,Modern finishes throughout. easy check-in process. recently renovated. spacious and bright.,273.57
listing1633,2,2,5,Entire home/apt,Uptown,Easy check-in process. private rooftop access. designer furnished. great for a short stay. marble bathroom and premium linens.,283.25
listing1634,1,2,3,Entire home/apt,Suburb,Convenient location. great for a short stay. well maintained. easy check-in process.,141.23
listing1635,4,3,5,Entire home/apt,Suburb,Shared bathroom down the hall. parking available nearby. a bit dated but functional. basic amenities.,197.54
listing1636,2,2,5,Entire home/apt,Uptown,Quiet street. comfortable and clean. reliable wifi.,209.98
listing1637,2,1,3,Shared room,Downtown,Shared bathroom down the hall. great for a short stay. a bit dated but functional.,82.5
listing1638,4,2,5,Entire home/apt,Waterfront,Spacious and bright. walk to great restaurants. parking available nearby.,324.81
listing1639,5,2,11,Entire home/apt,Waterfront,"Thin walls, budget option. easy check-in process. shared bathroom down the hall.",288.21
listing1640,4,3,9,Entire home/apt,Downtown,Quiet street. marble bathroom and premium linens. stunning skyline view.,389.92
listing1641,5,3,11,Shared room,Suburb,Well maintained. standard kitchen and bath. parking available nearby. easy check-in process.,181.81
listing1642,5,3,11,Private room,Uptown,Convenient location. quiet street. comfortable and clean. parking available nearby.,224.55
listing1643,3,2,4,Private room,Waterfront,High-end appliances. walk to great restaurants. easy check-in process. spacious and bright.,231.37
listing1644,4,2,9,Shared room,Uptown,"Thin walls, budget option. basic amenities. parking available nearby.",127.85
listing1645,2,2,5,Entire home/apt,Uptown,High-end appliances. walk to great restaurants. parking available nearby. modern finishes throughout.,257.47
listing1646,3,1,7,Shared room,Downtown,A bit dated but functional. quiet street. great for a short stay. no frills stay.,115.75
listing1647,3,3,7,Entire home/apt,Suburb,High-end appliances. close to public transit. easy check-in process. recently renovated. modern finishes throughout.,273.02
listing1648,5,3,11,Private room,Downtown,Standard kitchen and bath. quiet street. parking available nearby. convenient location.,249.94
listing1649,5,3,11,Entire home/apt,Suburb,No frills stay. a bit dated but functional. quiet street. shared bathroom down the hall. responsive host.,256.75
listing1650,3,1,4,Entire home/apt,Suburb,High-end appliances. close to public transit. walk to great restaurants.,216.53
listing1651,4,1,5,Shared room,Waterfront,"Easy check-in process. parking available nearby. basic amenities. thin walls, budget option. no frills stay.",138.87
listing1652,2,3,3,Entire home/apt,Downtown,Basic amenities. responsive host. no frills stay. a bit dated but functional.,207.57
listing1653,5,2,11,Shared room,Downtown,High-end appliances. spacious and bright. modern finishes throughout. close to public transit. quiet street.,273.05
listing1654,3,3,7,Entire home/apt,Uptown,Standard kitchen and bath. well maintained. great for a short stay. comfortable and clean.,267.0
listing1655,3,2,4,Private room,Waterfront,High-end appliances. quiet street. modern finishes throughout.,230.5
listing1656,4,2,9,Shared room,Suburb,Convenient location. comfortable and clean. reliable wifi. easy check-in process. parking available nearby.,170.05
listing1657,4,2,9,Entire home/apt,Uptown,Parking available nearby. great for a short stay. comfortable and clean. convenient location.,259.52
listing1658,1,3,2,Shared room,Suburb,Well maintained. standard kitchen and bath. quiet street.,89.19
listing1659,2,2,3,Private room,Downtown,Close to public transit. parking available nearby. shared bathroom down the hall. no frills stay. a bit dated but functional.,116.69
listing1660,1,3,3,Private room,Uptown,Designer furnished. great for a short stay. stunning skyline view. marble bathroom and premium linens.,225.04
listing1661,4,1,5,Entire home/apt,Downtown,"Easy check-in process. close to public transit. thin walls, budget option. a bit dated but functional.",198.9
listing1662,1,2,3,Entire home/apt,Waterfront,Easy check-in process. close to public transit. convenient location. comfortable and clean.,201.54
listing1663,2,3,5,Private room,Downtown,Quiet street. reliable wifi. comfortable and clean.,181.6
listing1664,3,3,7,Entire home/apt,Downtown,Comfortable and clean. close to public transit. standard kitchen and bath. reliable wifi.,251.25
listing1665,4,3,5,Entire home/apt,Suburb,Convenient location. well maintained. easy check-in process.,237.12
listing1666,3,1,7,Entire home/apt,Uptown,Close to public transit. walk to great restaurants. high-end appliances. responsive host.,277.88
listing1667,5,3,6,Private room,Downtown,High-end appliances. quiet street. walk to great restaurants. recently renovated.,267.98
listing1668,5,3,6,Entire home/apt,Downtown,Great for a short stay. parking available nearby. recently renovated. spacious and bright.,327.37
listing1669,1,3,2,Private room,Uptown,Convenient location. parking available nearby. close to public transit. standard kitchen and bath. well maintained.,120.31
listing1670,5,1,6,Shared room,Uptown,Standard kitchen and bath. quiet street. convenient location.,157.41
listing1671,4,3,5,Entire home/apt,Downtown,"Thin walls, budget option. easy check-in process. great for a short stay. basic amenities.",245.79
listing1672,4,3,9,Entire home/apt,Waterfront,Close to public transit. spacious and bright. recently renovated. parking available nearby.,344.23
listing1673,1,3,2,Private room,Downtown,Convenient location. standard kitchen and bath. comfortable and clean. great for a short stay.,142.33
listing1674,4,1,9,Entire home/apt,Waterfront,Parking available nearby. easy check-in process. well maintained. standard kitchen and bath. reliable wifi.,303.09
listing1675,4,3,5,Private room,Uptown,Quiet street. no frills stay. easy check-in process. a bit dated but functional. basic amenities.,153.37
listing1676,3,1,4,Private room,Downtown,Spacious and bright. high-end appliances. quiet street. close to public transit. recently renovated.,226.7
listing1677,1,2,3,Private room,Downtown,Close to public transit. modern finishes throughout. high-end appliances. responsive host.,167.51
listing1678,3,2,7,Entire home/apt,Downtown,Recently renovated. easy check-in process. high-end appliances.,297.87
listing1679,5,2,11,Private room,Downtown,"Basic amenities. parking available nearby. great for a short stay. shared bathroom down the hall. thin walls, budget option.",228.2
listing1680,4,3,9,Private room,Uptown,Designer furnished. stunning skyline view. great for a short stay.,311.58
listing1681,1,1,2,Entire home/apt,Suburb,"Parking available nearby. a bit dated but functional. great for a short stay. basic amenities. thin walls, budget option.",110.96
listing1682,5,2,6,Private room,Suburb,Standard kitchen and bath. convenient location. responsive host. close to public transit. well maintained.,185.66
listing1683,5,2,11,Private room,Uptown,Basic amenities. quiet street. a bit dated but functional. parking available nearby.,199.05
listing1684,1,2,3,Private room,Waterfront,Comfortable and clean. parking available nearby. standard kitchen and bath. convenient location.,143.52
listing1685,5,1,6,Entire home/apt,Waterfront,Responsive host. great for a short stay. reliable wifi. comfortable and clean. convenient location.,296.39
listing1686,3,1,4,Entire home/apt,Suburb,"No frills stay. easy check-in process. thin walls, budget option. basic amenities. great for a short stay.",182.35
listing1687,3,1,7,Entire home/apt,Downtown,Comfortable and clean. parking available nearby. convenient location. standard kitchen and bath.,252.66
listing1688,3,2,7,Entire home/apt,Downtown,Great for a short stay. spacious and bright. easy check-in process. modern finishes throughout.,303.8
listing1689,4,2,5,Entire home/apt,Uptown,Quiet street. modern finishes throughout. recently renovated. close to public transit.,295.07
listing1690,5,2,6,Shared room,Downtown,Quiet street. walk to great restaurants. great for a short stay. recently renovated.,221.47
listing1691,4,2,9,Entire home/apt,Uptown,Convenient location. well maintained. parking available nearby.,268.52
listing1692,5,1,6,Private room,Suburb,"Easy check-in process. shared bathroom down the hall. no frills stay. parking available nearby. thin walls, budget option.",126.8
listing1693,5,1,6,Entire home/apt,Suburb,Modern finishes throughout. close to public transit. high-end appliances. parking available nearby.,266.92
listing1694,1,2,2,Entire home/apt,Downtown,"No frills stay. easy check-in process. thin walls, budget option. close to public transit.",196.94
listing1695,2,3,5,Entire home/apt,Uptown,Convenient location. reliable wifi. easy check-in process. comfortable and clean.,217.96
listing1696,4,1,5,Entire home/apt,Uptown,"Great for a short stay. shared bathroom down the hall. no frills stay. thin walls, budget option.",198.12
listing1697,3,3,4,Private room,Uptown,Responsive host. great for a short stay. walk to great restaurants. high-end appliances. spacious and bright.,223.83
listing1698,1,2,2,Shared room,Waterfront,Great for a short stay. convenient location. close to public transit. comfortable and clean. well maintained.,109.63
listing1699,1,1,3,Private room,Downtown,Modern finishes throughout. quiet street. spacious and bright.,164.63
listing1700,3,2,4,Entire home/apt,Suburb,Convenient location. reliable wifi. easy check-in process. comfortable and clean.,214.99
listing1701,4,1,5,Private room,Suburb,Well maintained. comfortable and clean. close to public transit.,147.51
listing1702,1,1,2,Entire home/apt,Waterfront,Standard kitchen and bath. convenient location. comfortable and clean. easy check-in process. responsive host.,182.26
listing1703,1,2,3,Shared room,Waterfront,Easy check-in process. shared bathroom down the hall. a bit dated but functional.,101.53
listing1704,1,2,3,Entire home/apt,Uptown,Reliable wifi. convenient location. easy check-in process. standard kitchen and bath. great for a short stay.,180.24
listing1705,3,3,7,Entire home/apt,Uptown,Close to public transit. reliable wifi. quiet street. standard kitchen and bath.,265.48
listing1706,1,1,2,Entire home/apt,Downtown,Easy check-in process. reliable wifi. standard kitchen and bath. quiet street. well maintained.,183.73
listing1707,3,3,7,Entire home/apt,Waterfront,Easy check-in process. no frills stay. a bit dated but functional.,259.61
listing1708,3,1,4,Entire home/apt,Downtown,Walk to great restaurants. responsive host. quiet street. recently renovated.,296.31
listing1709,3,1,7,Shared room,Suburb,Well maintained. quiet street. parking available nearby. comfortable and clean.,101.79
listing1710,4,3,5,Private room,Uptown,Great for a short stay. no frills stay. basic amenities. responsive host.,159.68
listing1711,3,3,7,Shared room,Uptown,Shared bathroom down the hall. a bit dated but functional. close to public transit.,131.66
listing1712,4,2,9,Entire home/apt,Uptown,Comfortable and clean. close to public transit. convenient location. responsive host.,252.71
listing1713,4,1,5,Private room,Suburb,Comfortable and clean. responsive host. parking available nearby. convenient location. well maintained.,150.24
listing1714,5,1,11,Entire home/apt,Downtown,Walk to great restaurants. spacious and bright. responsive host. high-end appliances. parking available nearby.,336.3
listing1715,4,2,5,Entire home/apt,Downtown,"Basic amenities. parking available nearby. a bit dated but functional. thin walls, budget option.",234.06
listing1716,3,2,4,Entire home/apt,Downtown,Spacious and bright. recently renovated. parking available nearby. walk to great restaurants.,285.59
listing1717,3,3,4,Entire home/apt,Waterfront,Close to public transit. comfortable and clean. well maintained. parking available nearby.,265.86
listing1718,2,1,5,Private room,Suburb,Responsive host. convenient location. close to public transit. reliable wifi.,112.97
listing1719,3,1,4,Entire home/apt,Downtown,Walk to great restaurants. recently renovated. high-end appliances. close to public transit.,267.81
listing1720,1,3,3,Entire home/apt,Suburb,Responsive host. parking available nearby. convenient location. reliable wifi.,163.34
listing1721,5,1,11,Private room,Downtown,"Basic amenities. no frills stay. responsive host. thin walls, budget option. parking available nearby.",202.58
listing1722,5,1,11,Entire home/apt,Waterfront,Comfortable and clean. parking available nearby. close to public transit. reliable wifi. standard kitchen and bath.,308.46
listing1723,1,2,3,Shared room,Downtown,Responsive host. stunning skyline view. designer furnished.,199.73
listing1724,4,2,5,Entire home/apt,Uptown,Designer furnished. easy check-in process. private rooftop access. stunning skyline view.,340.89
listing1725,1,2,3,Private room,Waterfront,Responsive host. basic amenities. no frills stay. shared bathroom down the hall. easy check-in process.,98.22
listing1726,4,3,5,Private room,Uptown,Responsive host. parking available nearby. recently renovated. modern finishes throughout. spacious and bright.,223.23
listing1727,1,3,3,Private room,Downtown,Standard kitchen and bath. parking available nearby. reliable wifi. close to public transit.,146.64
listing1728,3,1,4,Private room,Suburb,A bit dated but functional. close to public transit. no frills stay. basic amenities.,84.73
listing1729,4,3,9,Private room,Suburb,Easy check-in process. responsive host. modern finishes throughout. recently renovated. high-end appliances.,242.55
listing1730,4,2,9,Private room,Uptown,Close to public transit. standard kitchen and bath. well maintained.,198.23
listing1731,3,1,7,Entire home/apt,Waterfront,Convenient location. well maintained. reliable wifi. great for a short stay.,259.12
listing1732,5,3,6,Entire home/apt,Suburb,Quiet street. modern finishes throughout. spacious and bright. high-end appliances. parking available nearby.,288.2
listing1733,4,1,9,Private room,Downtown,Standard kitchen and bath. comfortable and clean. close to public transit. parking available nearby.,207.81
listing1734,2,2,3,Entire home/apt,Suburb,High-end appliances. recently renovated. easy check-in process.,203.42
listing1735,4,3,5,Entire home/apt,Downtown,Convenient location. easy check-in process. well maintained.,274.96
listing1736,4,1,5,Entire home/apt,Suburb,Quiet street. no frills stay. great for a short stay. a bit dated but functional.,170.76
listing1737,2,1,5,Entire home/apt,Downtown,Great for a short stay. convenient location. standard kitchen and bath. comfortable and clean.,217.67
listing1738,4,2,9,Entire home/apt,Downtown,Parking available nearby. designer furnished. five-star concierge service. marble bathroom and premium linens.,342.28
listing1739,5,3,11,Private room,Uptown,Parking available nearby. convenient location. standard kitchen and bath. well maintained.,220.46
listing1740,5,1,6,Private room,Uptown,Parking available nearby. no frills stay. a bit dated but functional. shared bathroom down the hall.,181.57
listing1741,4,2,5,Private room,Suburb,High-end appliances. walk to great restaurants. great for a short stay. spacious and bright. easy check-in process.,206.96
listing1742,4,2,9,Entire home/apt,Suburb,Quiet street. stunning skyline view. designer furnished. close to public transit.,343.83
listing1743,2,1,3,Entire home/apt,Downtown,Stunning skyline view. great for a short stay. designer furnished. five-star concierge service.,319.65
listing1744,4,3,5,Private room,Downtown,Responsive host. comfortable and clean. standard kitchen and bath. convenient location.,220.08
listing1745,2,3,5,Entire home/apt,Uptown,Convenient location. parking available nearby. standard kitchen and bath. easy check-in process. reliable wifi.,215.57
listing1746,3,2,4,Private room,Uptown,Convenient location. comfortable and clean. reliable wifi. easy check-in process. great for a short stay.,147.55
listing1747,2,1,5,Entire home/apt,Uptown,High-end appliances. responsive host. modern finishes throughout. walk to great restaurants.,254.76
listing1748,2,1,5,Shared room,Suburb,Quiet street. high-end appliances. walk to great restaurants. recently renovated.,126.77
listing1749,1,2,3,Entire home/apt,Suburb,Parking available nearby. walk to great restaurants. quiet street. spacious and bright. high-end appliances.,229.93
listing1750,5,2,11,Private room,Downtown,Standard kitchen and bath. responsive host. easy check-in process. comfortable and clean. reliable wifi.,239.62
listing1751,1,2,3,Private room,Uptown,Great for a short stay. a bit dated but functional. no frills stay. basic amenities. close to public transit.,113.67
listing1752,1,1,3,Entire home/apt,Waterfront,Convenient location. well maintained. easy check-in process. responsive host. comfortable and clean.,203.12
listing1753,5,2,6,Private room,Uptown,"A bit dated but functional. thin walls, budget option. close to public transit. quiet street.",190.03
listing1754,3,1,4,Entire home/apt,Downtown,"Thin walls, budget option. parking available nearby. great for a short stay. a bit dated but functional.",225.36
listing1755,3,3,4,Private room,Uptown,Comfortable and clean. reliable wifi. quiet street. convenient location.,157.72
listing1756,4,3,9,Private room,Uptown,High-end appliances. great for a short stay. spacious and bright.,242.18
listing1757,2,2,5,Entire home/apt,Downtown,High-end appliances. close to public transit. quiet street. modern finishes throughout. recently renovated.,258.6
listing1758,1,1,2,Entire home/apt,Suburb,Responsive host. quiet street. high-end appliances. walk to great restaurants.,171.24
listing1759,4,3,9,Private room,Uptown,Walk to great restaurants. recently renovated. easy check-in process. close to public transit.,256.0
listing1760,1,1,2,Entire home/apt,Waterfront,Modern finishes throughout. walk to great restaurants. parking available nearby.,238.64
listing1761,3,3,7,Private room,Uptown,Responsive host. walk to great restaurants. modern finishes throughout. recently renovated.,222.63
listing1762,5,1,11,Private room,Suburb,"A bit dated but functional. no frills stay. responsive host. thin walls, budget option. great for a short stay.",165.67
listing1763,5,2,11,Private room,Downtown,Well maintained. quiet street. comfortable and clean.,221.71
listing1764,2,1,3,Entire home/apt,Downtown,Close to public transit. no frills stay. shared bathroom down the hall. quiet street.,198.44
listing1765,4,1,5,Private room,Uptown,Quiet street. no frills stay. basic amenities.,137.81
listing1766,4,3,9,Shared room,Uptown,"Shared bathroom down the hall. thin walls, budget option. parking available nearby.",159.39
listing1767,3,3,7,Entire home/apt,Downtown,Recently renovated. parking available nearby. modern finishes throughout. quiet street. high-end appliances.,314.45
listing1768,1,1,3,Entire home/apt,Suburb,Spacious and bright. close to public transit. quiet street. walk to great restaurants.,206.45
listing1769,2,3,3,Entire home/apt,Downtown,Easy check-in process. private rooftop access. five-star concierge service. marble bathroom and premium linens.,321.74
listing1770,4,1,5,Entire home/apt,Downtown,Marble bathroom and premium linens. great for a short stay. stunning skyline view. five-star concierge service. close to public transit.,321.52
listing1771,5,1,6,Private room,Uptown,Recently renovated. spacious and bright. quiet street.,234.69
listing1772,1,1,3,Entire home/apt,Suburb,"Great for a short stay. no frills stay. responsive host. thin walls, budget option. basic amenities.",122.41
listing1773,4,2,5,Private room,Suburb,Recently renovated. walk to great restaurants. quiet street.,184.59
listing1774,5,1,6,Entire home/apt,Waterfront,Walk to great restaurants. quiet street. high-end appliances.,330.77
listing1775,5,2,6,Entire home/apt,Waterfront,Modern finishes throughout. parking available nearby. high-end appliances.,334.67
listing1776,3,1,7,Entire home/apt,Waterfront,Great for a short stay. close to public transit. basic amenities. no frills stay.,210.89
listing1777,1,1,3,Private room,Waterfront,Basic amenities. shared bathroom down the hall. responsive host. no frills stay.,118.06
listing1778,2,2,5,Private room,Downtown,Stunning skyline view. quiet street. marble bathroom and premium linens. designer furnished.,249.24
listing1779,5,3,6,Entire home/apt,Waterfront,Basic amenities. shared bathroom down the hall. close to public transit. a bit dated but functional.,274.12
listing1780,5,3,6,Private room,Suburb,Easy check-in process. standard kitchen and bath. comfortable and clean. close to public transit.,183.45
listing1781,4,2,5,Entire home/apt,Uptown,Reliable wifi. great for a short stay. parking available nearby. well maintained.,261.83
listing1782,1,1,2,Entire home/apt,Waterfront,"Parking available nearby. thin walls, budget option. quiet street. no frills stay.",170.51
listing1783,1,3,3,Entire home/apt,Uptown,"No frills stay. shared bathroom down the hall. thin walls, budget option. parking available nearby. quiet street.",165.95
listing1784,3,3,7,Shared room,Uptown,Five-star concierge service. responsive host. designer furnished. marble bathroom and premium linens. close to public transit.,241.71
listing1785,3,3,7,Private room,Downtown,High-end appliances. walk to great restaurants. quiet street.,247.55
listing1786,1,3,2,Private room,Waterfront,Quiet street. easy check-in process. five-star concierge service. stunning skyline view.,262.19
listing1787,4,3,5,Entire home/apt,Suburb,Comfortable and clean. convenient location. easy check-in process. well maintained. quiet street.,239.77
listing1788,3,3,7,Entire home/apt,Downtown,No frills stay. shared bathroom down the hall. easy check-in process. responsive host.,245.24
listing1789,1,2,2,Private room,Uptown,Well maintained. easy check-in process. comfortable and clean. quiet street.,123.27
listing1790,1,2,2,Entire home/apt,Downtown,Convenient location. responsive host. parking available nearby. reliable wifi. comfortable and clean.,184.44
listing1791,3,1,4,Shared room,Downtown,Shared bathroom down the hall. basic amenities. close to public transit.,104.49
listing1792,4,1,5,Private room,Suburb,Walk to great restaurants. great for a short stay. easy check-in process. recently renovated. high-end appliances.,184.54
listing1793,5,3,11,Entire home/apt,Uptown,Responsive host. five-star concierge service. marble bathroom and premium linens. designer furnished.,380.29
listing1794,3,3,7,Private room,Uptown,Great for a short stay. standard kitchen and bath. well maintained. comfortable and clean.,169.23
listing1795,2,3,3,Shared room,Downtown,Quiet street. well maintained. standard kitchen and bath. reliable wifi.,120.53
listing1796,5,1,11,Entire home/apt,Suburb,Standard kitchen and bath. responsive host. close to public transit. reliable wifi. convenient location.,237.84
listing1797,3,2,4,Private room,Downtown,Shared bathroom down the hall. no frills stay. basic amenities. close to public transit.,146.92
listing1798,2,1,3,Shared room,Waterfront,Easy check-in process. reliable wifi. well maintained. convenient location.,132.17
listing1799,3,3,4,Entire home/apt,Downtown,Standard kitchen and bath. quiet street. reliable wifi.,245.48
listing1800,1,1,3,Private room,Downtown,Responsive host. reliable wifi. easy check-in process. standard kitchen and bath. well maintained.,130.95
listing1801,2,1,5,Entire home/apt,Waterfront,Convenient location. parking available nearby. comfortable and clean. close to public transit. well maintained.,225.79
listing1802,3,2,7,Private room,Downtown,High-end appliances. modern finishes throughout. close to public transit. easy check-in process.,245.09
listing1803,5,3,6,Private room,Waterfront,"Thin walls, budget option. great for a short stay. responsive host. basic amenities.",212.06
listing1804,4,3,5,Private room,Downtown,Basic amenities. shared bathroom down the hall. parking available nearby. great for a short stay.,190.36
listing1805,4,1,9,Entire home/apt,Waterfront,"Thin walls, budget option. great for a short stay. basic amenities.",255.44
listing1806,3,1,4,Private room,Suburb,Shared bathroom down the hall. responsive host. quiet street. no frills stay.,78.18
listing1807,1,1,2,Entire home/apt,Waterfront,Comfortable and clean. standard kitchen and bath. convenient location. quiet street. responsive host.,199.91
listing1808,2,1,5,Entire home/apt,Downtown,Recently renovated. modern finishes throughout. responsive host.,246.17
listing1809,5,2,11,Entire home/apt,Waterfront,Responsive host. recently renovated. spacious and bright. high-end appliances. easy check-in process.,357.7
listing1810,1,1,2,Private room,Suburb,Comfortable and clean. reliable wifi. easy check-in process. responsive host.,72.06
listing1811,5,1,6,Entire home/apt,Downtown,Reliable wifi. easy check-in process. standard kitchen and bath.,283.58
listing1812,4,2,9,Entire home/apt,Downtown,"Basic amenities. no frills stay. thin walls, budget option. quiet street.",236.89
listing1813,2,1,3,Private room,Suburb,Convenient location. great for a short stay. quiet street. comfortable and clean. well maintained.,103.18
listing1814,4,1,5,Entire home/apt,Downtown,Easy check-in process. standard kitchen and bath. great for a short stay. convenient location.,263.87
listing1815,5,1,6,Entire home/apt,Waterfront,Quiet street. high-end appliances. modern finishes throughout. responsive host. spacious and bright.,339.89
listing1816,1,1,2,Entire home/apt,Suburb,Well maintained. reliable wifi. standard kitchen and bath. close to public transit.,136.83
listing1817,1,2,3,Entire home/apt,Downtown,A bit dated but functional. close to public transit. basic amenities. easy check-in process. no frills stay.,175.21
listing1818,4,3,9,Private room,Waterfront,Parking available nearby. close to public transit. well maintained. comfortable and clean. standard kitchen and bath.,240.21
listing1819,5,3,11,Entire home/apt,Waterfront,"Responsive host. shared bathroom down the hall. great for a short stay. thin walls, budget option. no frills stay.",317.57
listing1820,1,1,2,Entire home/apt,Uptown,Close to public transit. designer furnished. easy check-in process. private rooftop access. stunning skyline view.,243.22
listing1821,4,1,5,Shared room,Suburb,Shared bathroom down the hall. a bit dated but functional. great for a short stay.,81.07
listing1822,1,2,3,Private room,Downtown,Great for a short stay. shared bathroom down the hall. responsive host. a bit dated but functional.,143.65
listing1823,4,2,5,Private room,Uptown,"Close to public transit. thin walls, budget option. no frills stay. a bit dated but functional.",148.72
listing1824,4,3,9,Private room,Suburb,High-end appliances. easy check-in process. walk to great restaurants. recently renovated.,200.31
listing1825,1,3,3,Shared room,Downtown,Well maintained. great for a short stay. close to public transit. convenient location. comfortable and clean.,118.01
listing1826,4,2,5,Entire home/apt,Suburb,Standard kitchen and bath. well maintained. easy check-in process. convenient location. close to public transit.,188.77
listing1827,5,1,11,Private room,Downtown,Standard kitchen and bath. responsive host. comfortable and clean.,236.89
listing1828,5,1,11,Private room,Uptown,"No frills stay. responsive host. thin walls, budget option.",193.72
listing1829,1,1,2,Entire home/apt,Downtown,Spacious and bright. recently renovated. great for a short stay. quiet street. walk to great restaurants.,220.06
listing1830,2,1,5,Entire home/apt,Waterfront,Easy check-in process. a bit dated but functional. shared bathroom down the hall.,195.35
listing1831,2,3,3,Entire home/apt,Suburb,"Basic amenities. responsive host. shared bathroom down the hall. thin walls, budget option.",169.08
listing1832,3,1,7,Private room,Suburb,Standard kitchen and bath. parking available nearby. comfortable and clean. reliable wifi.,116.0
listing1833,1,3,3,Private room,Suburb,"Thin walls, budget option. great for a short stay. no frills stay. basic amenities.",59.14
listing1834,5,2,6,Private room,Waterfront,"Shared bathroom down the hall. easy check-in process. parking available nearby. thin walls, budget option. no frills stay.",201.26
listing1835,4,2,9,Entire home/apt,Suburb,Parking available nearby. modern finishes throughout. recently renovated. close to public transit. spacious and bright.,268.97
listing1836,5,2,6,Entire home/apt,Uptown,Quiet street. comfortable and clean. responsive host. well maintained.,265.47
listing1837,1,3,3,Entire home/apt,Suburb,Basic amenities. shared bathroom down the hall. no frills stay. close to public transit. parking available nearby.,124.83
listing1838,1,1,3,Entire home/apt,Waterfront,Parking available nearby. well maintained. convenient location. standard kitchen and bath. quiet street.,207.57
listing1839,5,1,11,Shared room,Suburb,Close to public transit. modern finishes throughout. walk to great restaurants.,202.21
listing1840,2,2,5,Private room,Downtown,"Thin walls, budget option. basic amenities. close to public transit.",142.59
listing1841,4,2,5,Shared room,Uptown,Close to public transit. a bit dated but functional. shared bathroom down the hall. responsive host. no frills stay.,129.4
listing1842,5,2,11,Private room,Waterfront,Parking available nearby. quiet street. comfortable and clean. reliable wifi.,256.48
listing1843,1,3,2,Shared room,Downtown,Comfortable and clean. reliable wifi. responsive host.,103.64
listing1844,1,2,3,Entire home/apt,Downtown,Private rooftop access. designer furnished. easy check-in process. stunning skyline view.,300.91
listing1845,1,1,2,Entire home/apt,Suburb,Great for a short stay. comfortable and clean. standard kitchen and bath. reliable wifi.,142.03
listing1846,1,1,3,Entire home/apt,Uptown,"Thin walls, budget option. no frills stay. basic amenities. great for a short stay.",143.0
listing1847,1,3,2,Entire home/apt,Downtown,Reliable wifi. responsive host. convenient location.,223.58
listing1848,5,1,11,Entire home/apt,Uptown,Parking available nearby. convenient location. easy check-in process. reliable wifi.,270.37
listing1849,4,2,5,Entire home/apt,Uptown,"No frills stay. quiet street. thin walls, budget option. basic amenities.",233.21
listing1850,5,2,11,Shared room,Waterfront,Quiet street. well maintained. standard kitchen and bath. easy check-in process. convenient location.,246.33
listing1851,5,3,6,Entire home/apt,Suburb,A bit dated but functional. great for a short stay. no frills stay. easy check-in process. shared bathroom down the hall.,233.03
listing1852,5,3,6,Shared room,Suburb,Recently renovated. great for a short stay. high-end appliances. walk to great restaurants.,192.23
listing1853,2,2,3,Private room,Waterfront,Quiet street. recently renovated. spacious and bright.,181.76
listing1854,2,1,3,Private room,Waterfront,Close to public transit. comfortable and clean. standard kitchen and bath. responsive host.,170.95
listing1855,5,2,11,Private room,Uptown,Easy check-in process. designer furnished. marble bathroom and premium linens. stunning skyline view.,315.34
listing1856,2,2,3,Entire home/apt,Suburb,Responsive host. five-star concierge service. marble bathroom and premium linens. stunning skyline view.,259.06
listing1857,1,1,2,Private room,Downtown,Shared bathroom down the hall. quiet street. easy check-in process. basic amenities.,110.08
listing1858,4,2,5,Entire home/apt,Downtown,Reliable wifi. parking available nearby. convenient location. standard kitchen and bath.,256.66
listing1859,5,1,6,Shared room,Suburb,Reliable wifi. well maintained. easy check-in process. convenient location.,138.91
listing1860,5,2,11,Entire home/apt,Suburb,Parking available nearby. quiet street. shared bathroom down the hall. no frills stay. a bit dated but functional.,240.3
listing1861,5,3,11,Entire home/apt,Uptown,Parking available nearby. standard kitchen and bath. reliable wifi.,285.64
listing1862,1,3,2,Private room,Waterfront,Convenient location. reliable wifi. standard kitchen and bath. easy check-in process.,154.69
listing1863,4,1,9,Private room,Uptown,Designer furnished. private rooftop access. great for a short stay.,291.07
listing1864,5,3,11,Entire home/apt,Uptown,Convenient location. parking available nearby. reliable wifi. responsive host. well maintained.,301.53
listing1865,4,1,9,Private room,Downtown,Easy check-in process. walk to great restaurants. recently renovated.,262.97
listing1866,5,2,11,Entire home/apt,Downtown,Great for a short stay. standard kitchen and bath. easy check-in process. well maintained. reliable wifi.,322.6
listing1867,5,1,11,Private room,Uptown,"Thin walls, budget option. close to public transit. basic amenities. a bit dated but functional.",184.09
listing1868,3,1,4,Entire home/apt,Uptown,Recently renovated. quiet street. high-end appliances.,226.96
listing1869,1,1,3,Entire home/apt,Uptown,"Great for a short stay. no frills stay. basic amenities. thin walls, budget option.",131.73
listing1870,3,1,4,Entire home/apt,Downtown,"Parking available nearby. thin walls, budget option. basic amenities.",214.16
listing1871,2,3,3,Entire home/apt,Suburb,Reliable wifi. comfortable and clean. close to public transit.,169.4
listing1872,1,1,3,Entire home/apt,Waterfront,Responsive host. spacious and bright. recently renovated. walk to great restaurants. quiet street.,241.08
listing1873,1,2,2,Entire home/apt,Suburb,Reliable wifi. easy check-in process. responsive host. convenient location.,160.06
listing1874,4,3,9,Entire home/apt,Downtown,"Great for a short stay. basic amenities. a bit dated but functional. thin walls, budget option.",280.63
listing1875,3,3,7,Entire home/apt,Waterfront,Standard kitchen and bath. parking available nearby. comfortable and clean. well maintained. quiet street.,270.1
listing1876,3,3,7,Entire home/apt,Suburb,"No frills stay. thin walls, budget option. parking available nearby. close to public transit.",184.28
listing1877,4,1,5,Entire home/apt,Uptown,"Basic amenities. thin walls, budget option. parking available nearby. shared bathroom down the hall.",206.37
listing1878,3,3,4,Private room,Downtown,Great for a short stay. comfortable and clean. standard kitchen and bath.,194.21
listing1879,4,2,5,Shared room,Downtown,Parking available nearby. a bit dated but functional. basic amenities. shared bathroom down the hall. quiet street.,145.15
listing1880,1,1,3,Entire home/apt,Downtown,Parking available nearby. convenient location. comfortable and clean. close to public transit. reliable wifi.,207.59
listing1881,5,2,6,Shared room,Uptown,Comfortable and clean. convenient location. reliable wifi. close to public transit.,169.41
listing1882,3,3,7,Entire home/apt,Uptown,Walk to great restaurants. quiet street. recently renovated. close to public transit.,288.44
listing1883,1,2,2,Entire home/apt,Downtown,Quiet street. well maintained. convenient location. reliable wifi. easy check-in process.,206.34
listing1884,5,1,6,Private room,Waterfront,Well maintained. responsive host. standard kitchen and bath. quiet street. reliable wifi.,219.2
listing1885,4,3,5,Private room,Downtown,Parking available nearby. basic amenities. a bit dated but functional.,192.08
listing1886,1,3,2,Private room,Uptown,Stunning skyline view. designer furnished. parking available nearby.,217.79
listing1887,1,3,2,Entire home/apt,Waterfront,Basic amenities. no frills stay. shared bathroom down the hall. great for a short stay.,200.47
listing1888,1,3,2,Private room,Downtown,"Thin walls, budget option. basic amenities. close to public transit.",118.33
listing1889,2,3,5,Entire home/apt,Downtown,Well maintained. reliable wifi. close to public transit. great for a short stay.,245.52
listing1890,1,2,3,Entire home/apt,Downtown,"Shared bathroom down the hall. thin walls, budget option. great for a short stay. a bit dated but functional.",167.41
listing1891,4,1,9,Entire home/apt,Downtown,No frills stay. basic amenities. responsive host.,235.43
listing1892,3,2,4,Shared room,Uptown,Shared bathroom down the hall. great for a short stay. close to public transit. a bit dated but functional.,119.69
listing1893,5,1,6,Entire home/apt,Downtown,Responsive host. convenient location. standard kitchen and bath.,286.63
listing1894,4,2,9,Private room,Downtown,Reliable wifi. responsive host. convenient location. quiet street.,205.72
listing1895,4,2,9,Private room,Suburb,Quiet street. recently renovated. spacious and bright.,215.17
listing1896,3,3,7,Private room,Suburb,Close to public transit. spacious and bright. parking available nearby. modern finishes throughout.,168.51
listing1897,1,1,2,Private room,Downtown,Standard kitchen and bath. comfortable and clean. easy check-in process.,119.11
listing1898,1,1,2,Private room,Uptown,Close to public transit. stunning skyline view. private rooftop access. parking available nearby.,207.53
listing1899,4,3,9,Entire home/apt,Uptown,Spacious and bright. high-end appliances. walk to great restaurants. quiet street. great for a short stay.,311.5
listing1900,1,1,3,Entire home/apt,Suburb,Recently renovated. high-end appliances. walk to great restaurants. close to public transit.,191.41
listing1901,1,2,3,Private room,Suburb,Spacious and bright. modern finishes throughout. quiet street.,98.8
listing1902,2,3,5,Entire home/apt,Downtown,Easy check-in process. well maintained. quiet street. standard kitchen and bath.,236.29
listing1903,5,2,6,Entire home/apt,Downtown,Parking available nearby. comfortable and clean. convenient location.,293.06
listing1904,3,2,7,Entire home/apt,Uptown,Comfortable and clean. parking available nearby. standard kitchen and bath. convenient location.,242.58
listing1905,4,3,9,Entire home/apt,Suburb,Close to public transit. a bit dated but functional. shared bathroom down the hall. great for a short stay. no frills stay.,229.55
listing1906,3,2,7,Entire home/apt,Suburb,Responsive host. reliable wifi. comfortable and clean. convenient location.,209.48
listing1907,1,3,3,Entire home/apt,Downtown,"A bit dated but functional. close to public transit. no frills stay. thin walls, budget option.",183.01
listing1908,2,2,3,Shared room,Waterfront,"Thin walls, budget option. responsive host. quiet street. no frills stay.",97.01
listing1909,1,1,3,Entire home/apt,Downtown,Designer furnished. private rooftop access. stunning skyline view. parking available nearby.,282.55
listing1910,4,2,5,Shared room,Waterfront,Parking available nearby. high-end appliances. easy check-in process. modern finishes throughout.,211.86
listing1911,1,1,3,Shared room,Suburb,Responsive host. standard kitchen and bath. comfortable and clean. well maintained.,37.83
listing1912,2,3,3,Entire home/apt,Uptown,Comfortable and clean. parking available nearby. reliable wifi.,199.98
listing1913,5,2,11,Private room,Downtown,Close to public transit. reliable wifi. responsive host. comfortable and clean.,262.1
listing1914,3,2,7,Private room,Waterfront,Recently renovated. modern finishes throughout. quiet street. walk to great restaurants.,238.75
listing1915,3,2,4,Private room,Uptown,Easy check-in process. parking available nearby. walk to great restaurants. spacious and bright.,202.64
listing1916,3,2,4,Entire home/apt,Suburb,Reliable wifi. standard kitchen and bath. easy check-in process.,193.84
listing1917,4,1,9,Entire home/apt,Uptown,Easy check-in process. well maintained. convenient location. standard kitchen and bath. responsive host.,231.51
listing1918,2,1,3,Entire home/apt,Suburb,Well maintained. convenient location. quiet street. easy check-in process.,179.23
listing1919,4,2,9,Private room,Downtown,Recently renovated. walk to great restaurants. close to public transit. great for a short stay.,231.93
listing1920,5,1,11,Shared room,Downtown,Marble bathroom and premium linens. stunning skyline view. private rooftop access. easy check-in process.,292.34
listing1921,3,3,7,Private room,Uptown,Standard kitchen and bath. comfortable and clean. great for a short stay. close to public transit. reliable wifi.,181.34
listing1922,3,1,4,Private room,Downtown,Standard kitchen and bath. quiet street. well maintained. convenient location.,172.77
listing1923,1,3,2,Shared room,Downtown,Reliable wifi. quiet street. comfortable and clean. standard kitchen and bath. close to public transit.,112.28
listing1924,2,2,5,Private room,Waterfront,Close to public transit. convenient location. standard kitchen and bath.,153.94
listing1925,5,2,11,Entire home/apt,Downtown,Close to public transit. private rooftop access. five-star concierge service.,389.39
listing1926,3,1,7,Private room,Downtown,Close to public transit. recently renovated. modern finishes throughout.,213.01
listing1927,2,2,3,Entire home/apt,Downtown,Standard kitchen and bath. reliable wifi. easy check-in process. convenient location.,213.72
listing1928,3,3,7,Entire home/apt,Downtown,Easy check-in process. comfortable and clean. reliable wifi. quiet street.,278.64
listing1929,3,1,7,Entire home/apt,Suburb,Standard kitchen and bath. parking available nearby. reliable wifi.,187.44
listing1930,3,1,7,Shared room,Suburb,Shared bathroom down the hall. great for a short stay. quiet street. a bit dated but functional. no frills stay.,85.61
listing1931,4,2,5,Entire home/apt,Downtown,Quiet street. great for a short stay. comfortable and clean. reliable wifi. convenient location.,268.9
listing1932,2,1,5,Entire home/apt,Suburb,Close to public transit. parking available nearby. high-end appliances. modern finishes throughout. walk to great restaurants.,227.53
listing1933,4,1,9,Entire home/apt,Waterfront,Close to public transit. recently renovated. high-end appliances. parking available nearby.,321.4
listing1934,3,2,4,Entire home/apt,Suburb,Easy check-in process. a bit dated but functional. basic amenities.,179.49
listing1935,5,2,11,Entire home/apt,Uptown,Close to public transit. high-end appliances. modern finishes throughout.,326.93
listing1936,1,2,3,Private room,Downtown,High-end appliances. close to public transit. modern finishes throughout.,185.21
listing1937,1,3,2,Private room,Uptown,Comfortable and clean. close to public transit. convenient location. easy check-in process. well maintained.,107.96
listing1938,3,3,7,Entire home/apt,Suburb,Responsive host. standard kitchen and bath. reliable wifi.,190.34
listing1939,3,1,7,Entire home/apt,Waterfront,Convenient location. standard kitchen and bath. quiet street. well maintained. close to public transit.,261.53
listing1940,4,2,9,Entire home/apt,Uptown,Walk to great restaurants. high-end appliances. quiet street.,308.17
listing1941,3,1,4,Entire home/apt,Downtown,Shared bathroom down the hall. responsive host. a bit dated but functional. basic amenities.,210.71
listing1942,5,1,11,Private room,Waterfront,"Great for a short stay. shared bathroom down the hall. thin walls, budget option.",207.7
listing1943,3,1,7,Private room,Suburb,Great for a short stay. reliable wifi. well maintained. convenient location. parking available nearby.,154.88
listing1944,1,2,2,Private room,Uptown,"Thin walls, budget option. basic amenities. parking available nearby. easy check-in process. no frills stay.",80.48
listing1945,1,3,3,Entire home/apt,Waterfront,Well maintained. easy check-in process. standard kitchen and bath. parking available nearby. comfortable and clean.,230.05
listing1946,5,3,6,Private room,Uptown,Great for a short stay. recently renovated. spacious and bright. walk to great restaurants.,261.14
listing1947,1,2,2,Entire home/apt,Uptown,"Quiet street. thin walls, budget option. responsive host. no frills stay.",171.62
listing1948,5,3,11,Entire home/apt,Uptown,Convenient location. comfortable and clean. great for a short stay.,295.2
listing1949,2,1,3,Shared room,Suburb,Easy check-in process. marble bathroom and premium linens. designer furnished. private rooftop access.,160.16
listing1950,1,3,2,Private room,Suburb,Convenient location. quiet street. well maintained. close to public transit. reliable wifi.,83.02
listing1951,2,3,3,Shared room,Uptown,Well maintained. easy check-in process. reliable wifi. parking available nearby. comfortable and clean.,141.63
listing1952,4,1,9,Shared room,Uptown,Standard kitchen and bath. well maintained. quiet street. convenient location.,168.06
listing1953,3,2,4,Private room,Uptown,"Quiet street. shared bathroom down the hall. a bit dated but functional. thin walls, budget option.",135.44
listing1954,4,3,9,Shared room,Downtown,No frills stay. great for a short stay. a bit dated but functional. parking available nearby. basic amenities.,210.4
listing1955,4,2,9,Entire home/apt,Downtown,Modern finishes throughout. high-end appliances. close to public transit.,326.9
listing1956,3,3,7,Entire home/apt,Downtown,Convenient location. well maintained. standard kitchen and bath. parking available nearby. responsive host.,251.37
listing1957,4,3,9,Entire home/apt,Uptown,Parking available nearby. well maintained. standard kitchen and bath.,270.65
listing1958,5,2,6,Entire home/apt,Downtown,A bit dated but functional. easy check-in process. shared bathroom down the hall. close to public transit.,247.3
listing1959,3,1,4,Entire home/apt,Uptown,Walk to great restaurants. parking available nearby. recently renovated.,250.25
listing1960,1,2,3,Entire home/apt,Suburb,"Basic amenities. thin walls, budget option. no frills stay. easy check-in process. great for a short stay.",125.17
listing1961,3,1,7,Private room,Downtown,Recently renovated. modern finishes throughout. easy check-in process. spacious and bright. great for a short stay.,214.96
listing1962,5,2,11,Private room,Waterfront,Comfortable and clean. standard kitchen and bath. easy check-in process. reliable wifi.,237.28
listing1963,2,2,3,Private room,Suburb,Convenient location. quiet street. comfortable and clean. parking available nearby.,132.11
listing1964,5,2,6,Entire home/apt,Waterfront,"A bit dated but functional. parking available nearby. thin walls, budget option.",272.59
listing1965,3,1,7,Private room,Downtown,Responsive host. no frills stay. quiet street. a bit dated but functional.,149.29
listing1966,4,1,9,Entire home/apt,Uptown,Parking available nearby. convenient location. well maintained. easy check-in process.,262.09
listing1967,2,3,3,Entire home/apt,Waterfront,Quiet street. spacious and bright. close to public transit. modern finishes throughout.,288.65
listing1968,5,1,11,Entire home/apt,Uptown,"Basic amenities. thin walls, budget option. no frills stay. easy check-in process. responsive host.",252.31
listing1969,1,1,3,Entire home/apt,Downtown,Convenient location. quiet street. well maintained. standard kitchen and bath.,203.22
listing1970,2,3,3,Entire home/apt,Uptown,Great for a short stay. reliable wifi. well maintained.,214.61
listing1971,3,1,7,Private room,Uptown,Shared bathroom down the hall. easy check-in process. great for a short stay. a bit dated but functional.,140.04
listing1972,3,2,4,Private room,Downtown,Quiet street. reliable wifi. well maintained. great for a short stay. convenient location.,189.04
listing1973,3,1,4,Private room,Waterfront,"A bit dated but functional. thin walls, budget option. easy check-in process.",151.95
listing1974,1,1,2,Entire home/apt,Downtown,Convenient location. parking available nearby. reliable wifi.,188.36
listing1975,2,2,5,Private room,Uptown,"No frills stay. parking available nearby. thin walls, budget option. responsive host.",134.36
listing1976,1,2,3,Private room,Suburb,Convenient location. easy check-in process. quiet street. well maintained.,89.27
listing1977,3,1,7,Entire home/apt,Downtown,Convenient location. great for a short stay. reliable wifi. easy check-in process.,251.7
listing1978,2,1,5,Private room,Waterfront,Convenient location. responsive host. standard kitchen and bath. easy check-in process.,170.97
listing1979,3,1,4,Entire home/apt,Uptown,Comfortable and clean. responsive host. reliable wifi. standard kitchen and bath. parking available nearby.,207.69
listing1980,3,2,4,Entire home/apt,Uptown,Parking available nearby. responsive host. stunning skyline view. private rooftop access. marble bathroom and premium linens.,305.31
listing1981,4,3,5,Entire home/apt,Suburb,Standard kitchen and bath. reliable wifi. parking available nearby.,227.75
listing1982,3,1,7,Entire home/apt,Uptown,Parking available nearby. high-end appliances. modern finishes throughout. responsive host. walk to great restaurants.,261.09
listing1983,4,1,9,Entire home/apt,Downtown,"Quiet street. thin walls, budget option. shared bathroom down the hall.",225.5
listing1984,3,2,7,Entire home/apt,Suburb,Close to public transit. responsive host. well maintained. reliable wifi.,204.18
listing1985,4,2,5,Entire home/apt,Waterfront,"Shared bathroom down the hall. a bit dated but functional. thin walls, budget option. close to public transit.",250.19
listing1986,4,1,5,Shared room,Waterfront,Reliable wifi. close to public transit. standard kitchen and bath.,192.19
listing1987,2,1,3,Entire home/apt,Downtown,Modern finishes throughout. high-end appliances. close to public transit. spacious and bright.,259.65
listing1988,2,2,3,Entire home/apt,Downtown,Modern finishes throughout. easy check-in process. spacious and bright.,231.81
listing1989,4,2,5,Entire home/apt,Waterfront,Comfortable and clean. well maintained. quiet street.,284.7
listing1990,2,2,5,Private room,Downtown,Parking available nearby. convenient location. reliable wifi. comfortable and clean.,159.3
listing1991,3,1,7,Private room,Downtown,"No frills stay. shared bathroom down the hall. thin walls, budget option. parking available nearby.",157.44
listing1992,1,3,2,Shared room,Suburb,"Thin walls, budget option. no frills stay. shared bathroom down the hall. parking available nearby.",45.83
listing1993,3,2,4,Entire home/apt,Downtown,Easy check-in process. modern finishes throughout. close to public transit. walk to great restaurants.,282.69
listing1994,3,2,7,Entire home/apt,Downtown,"No frills stay. thin walls, budget option. responsive host. great for a short stay. basic amenities.",225.77
listing1995,4,1,5,Private room,Downtown,"Responsive host. thin walls, budget option. a bit dated but functional. easy check-in process. shared bathroom down the hall.",161.73
listing1996,3,3,4,Entire home/apt,Uptown,Marble bathroom and premium linens. responsive host. great for a short stay. five-star concierge service. private rooftop access.,341.13
listing1997,2,3,5,Private room,Waterfront,Stunning skyline view. designer furnished. marble bathroom and premium linens. parking available nearby.,275.76
listing1998,5,1,11,Private room,Suburb,Quiet street. comfortable and clean. great for a short stay. reliable wifi. well maintained.,202.03
listing1999,3,3,7,Entire home/apt,Downtown,Quiet street. great for a short stay. standard kitchen and bath. comfortable and clean. well maintained.,278.28
listing2000,5,3,6,Shared room,Downtown,Responsive host. high-end appliances. walk to great restaurants.,257.0
listing2001,4,1,9,Private room,Uptown,No frills stay. basic amenities. a bit dated but functional. great for a short stay.,136.56
listing2002,3,3,4,Entire home/apt,Uptown,Great for a short stay. convenient location. parking available nearby. reliable wifi.,248.4
listing2003,5,1,6,Entire home/apt,Uptown,Well maintained. reliable wifi. close to public transit. parking available nearby. standard kitchen and bath.,253.51
listing2004,1,1,3,Entire home/apt,Suburb,Parking available nearby. designer furnished. marble bathroom and premium linens.,248.59
listing2005,5,1,11,Private room,Uptown,Five-star concierge service. stunning skyline view. designer furnished. quiet street.,292.33
listing2006,5,2,6,Entire home/apt,Uptown,Recently renovated. modern finishes throughout. responsive host. easy check-in process. walk to great restaurants.,294.78
listing2007,3,2,7,Entire home/apt,Suburb,Responsive host. quiet street. basic amenities. a bit dated but functional.,205.72
listing2008,4,2,5,Private room,Downtown,Convenient location. comfortable and clean. easy check-in process.,190.52
listing2009,3,1,4,Entire home/apt,Suburb,"Shared bathroom down the hall. parking available nearby. thin walls, budget option.",173.75
listing2010,2,1,3,Entire home/apt,Uptown,Modern finishes throughout. easy check-in process. walk to great restaurants.,234.42
listing2011,4,3,9,Private room,Uptown,A bit dated but functional. quiet street. shared bathroom down the hall. no frills stay.,172.96
listing2012,2,3,5,Entire home/apt,Suburb,A bit dated but functional. easy check-in process. no frills stay. shared bathroom down the hall. great for a short stay.,165.46
listing2013,2,3,3,Entire home/apt,Uptown,Quiet street. walk to great restaurants. close to public transit. spacious and bright.,237.39
listing2014,3,1,4,Entire home/apt,Uptown,Great for a short stay. convenient location. reliable wifi.,214.83
listing2015,5,3,6,Entire home/apt,Downtown,Recently renovated. great for a short stay. walk to great restaurants. modern finishes throughout.,326.01
listing2016,2,3,3,Entire home/apt,Waterfront,"Thin walls, budget option. shared bathroom down the hall. easy check-in process. parking available nearby.",208.25
listing2017,3,2,4,Private room,Waterfront,High-end appliances. great for a short stay. responsive host. spacious and bright.,241.1
listing2018,1,1,2,Shared room,Downtown,No frills stay. quiet street. shared bathroom down the hall. easy check-in process. basic amenities.,74.05
listing2019,1,3,3,Entire home/apt,Waterfront,Easy check-in process. basic amenities. no frills stay. responsive host. a bit dated but functional.,177.21
listing2020,1,2,2,Shared room,Waterfront,Reliable wifi. great for a short stay. convenient location. well maintained. close to public transit.,131.22
listing2021,1,1,2,Private room,Uptown,Responsive host. quiet street. no frills stay. basic amenities. shared bathroom down the hall.,75.91
listing2022,5,1,11,Private room,Downtown,Well maintained. easy check-in process. comfortable and clean. quiet street.,227.49
listing2023,5,2,6,Private room,Uptown,A bit dated but functional. responsive host. no frills stay. basic amenities.,182.96
listing2024,5,1,6,Private room,Downtown,Basic amenities. shared bathroom down the hall. easy check-in process. parking available nearby.,181.99
listing2025,1,1,2,Private room,Downtown,Easy check-in process. walk to great restaurants. recently renovated. modern finishes throughout.,152.01
listing2026,1,2,2,Entire home/apt,Uptown,Basic amenities. no frills stay. parking available nearby.,173.17
listing2027,2,3,3,Entire home/apt,Downtown,Close to public transit. modern finishes throughout. spacious and bright. responsive host.,272.79
listing2028,3,1,7,Entire home/apt,Downtown,Great for a short stay. walk to great restaurants. spacious and bright.,286.02
listing2029,2,2,3,Entire home/apt,Waterfront,Basic amenities. easy check-in process. a bit dated but functional.,198.14
listing2030,3,3,7,Private room,Uptown,Close to public transit. high-end appliances. walk to great restaurants.,236.16
listing2031,1,3,3,Entire home/apt,Suburb,Well maintained. convenient location. easy check-in process. standard kitchen and bath.,163.7
listing2032,4,3,5,Entire home/apt,Suburb,Comfortable and clean. well maintained. close to public transit.,213.46
listing2033,2,1,3,Entire home/apt,Waterfront,"Thin walls, budget option. close to public transit. shared bathroom down the hall.",184.86
listing2034,1,3,2,Entire home/apt,Suburb,Walk to great restaurants. responsive host. recently renovated. high-end appliances.,221.92
listing2035,4,3,5,Private room,Suburb,Reliable wifi. great for a short stay. close to public transit. convenient location.,176.99
listing2036,5,1,11,Private room,Uptown,Comfortable and clean. well maintained. easy check-in process. parking available nearby. standard kitchen and bath.,210.94
listing2037,1,2,3,Entire home/apt,Waterfront,Stunning skyline view. marble bathroom and premium linens. quiet street. easy check-in process. designer furnished.,321.48
listing2038,3,2,4,Entire home/apt,Downtown,Responsive host. convenient location. easy check-in process. standard kitchen and bath.,253.98
listing2039,5,2,6,Entire home/apt,Waterfront,High-end appliances. recently renovated. great for a short stay.,335.8
listing2040,4,1,5,Entire home/apt,Uptown,Parking available nearby. walk to great restaurants. modern finishes throughout.,275.01
listing2041,5,3,11,Private room,Downtown,Private rooftop access. five-star concierge service. great for a short stay.,347.95
listing2042,3,3,7,Private room,Downtown,Marble bathroom and premium linens. easy check-in process. great for a short stay. five-star concierge service.,282.02
listing2043,2,2,3,Entire home/apt,Suburb,Private rooftop access. great for a short stay. designer furnished. marble bathroom and premium linens. responsive host.,268.05
listing2044,4,3,5,Entire home/apt,Uptown,"Basic amenities. thin walls, budget option. quiet street. a bit dated but functional.",230.7
listing2045,1,2,2,Shared room,Downtown,Responsive host. high-end appliances. easy check-in process. modern finishes throughout. walk to great restaurants.,130.76
listing2046,2,3,3,Private room,Downtown,Parking available nearby. responsive host. modern finishes throughout. walk to great restaurants.,205.73
listing2047,4,2,5,Entire home/apt,Uptown,Convenient location. standard kitchen and bath. comfortable and clean. great for a short stay.,243.36
listing2048,4,2,5,Entire home/apt,Suburb,Standard kitchen and bath. convenient location. well maintained. easy check-in process.,234.34
listing2049,1,1,2,Entire home/apt,Suburb,Parking available nearby. stunning skyline view. designer furnished.,213.87
listing2050,3,2,4,Shared room,Uptown,"Thin walls, budget option. basic amenities. parking available nearby. close to public transit.",100.42
listing2051,2,1,3,Entire home/apt,Downtown,Comfortable and clean. reliable wifi. convenient location. great for a short stay. close to public transit.,207.22
listing2052,3,1,7,Entire home/apt,Downtown,Convenient location. comfortable and clean. quiet street.,258.52
listing2053,5,1,11,Shared room,Uptown,Parking available nearby. no frills stay. basic amenities.,158.48
listing2054,1,3,2,Private room,Suburb,Walk to great restaurants. parking available nearby. quiet street. spacious and bright. high-end appliances.,162.55
listing2055,5,1,6,Entire home/apt,Waterfront,Parking available nearby. close to public transit. shared bathroom down the hall. basic amenities.,266.95
listing2056,3,3,7,Entire home/apt,Uptown,Modern finishes throughout. great for a short stay. walk to great restaurants. close to public transit. spacious and bright.,282.08
listing2057,4,3,9,Entire home/apt,Waterfront,Spacious and bright. easy check-in process. recently renovated. great for a short stay.,345.88
listing2058,3,1,4,Private room,Uptown,Standard kitchen and bath. responsive host. convenient location. well maintained. close to public transit.,145.75
listing2059,2,2,5,Entire home/apt,Waterfront,Spacious and bright. parking available nearby. recently renovated. walk to great restaurants.,291.31
listing2060,4,2,5,Shared room,Uptown,"Thin walls, budget option. shared bathroom down the hall. quiet street.",111.01
listing2061,4,2,5,Shared room,Waterfront,Walk to great restaurants. parking available nearby. recently renovated.,217.12
listing2062,1,3,3,Entire home/apt,Uptown,Responsive host. private rooftop access. five-star concierge service. quiet street.,290.47
listing2063,4,2,9,Private room,Suburb,"Great for a short stay. shared bathroom down the hall. quiet street. thin walls, budget option.",157.71
listing2064,4,2,9,Entire home/apt,Uptown,Recently renovated. responsive host. high-end appliances.,276.58
listing2065,2,2,3,Entire home/apt,Downtown,Well maintained. convenient location. parking available nearby. standard kitchen and bath.,239.49
listing2066,5,3,11,Private room,Downtown,Standard kitchen and bath. reliable wifi. easy check-in process. quiet street. comfortable and clean.,252.32
listing2067,4,2,5,Entire home/apt,Uptown,Easy check-in process. spacious and bright. recently renovated. parking available nearby. walk to great restaurants.,264.39
listing2068,2,2,5,Entire home/apt,Uptown,Standard kitchen and bath. comfortable and clean. responsive host. convenient location. great for a short stay.,174.98
listing2069,1,3,2,Entire home/apt,Waterfront,Easy check-in process. reliable wifi. responsive host. well maintained. comfortable and clean.,202.65
listing2070,4,3,5,Entire home/apt,Waterfront,Quiet street. a bit dated but functional. parking available nearby. shared bathroom down the hall.,256.76
listing2071,2,3,5,Entire home/apt,Downtown,Reliable wifi. responsive host. comfortable and clean. well maintained.,240.21
listing2072,4,3,9,Private room,Waterfront,Spacious and bright. easy check-in process. high-end appliances. responsive host. recently renovated.,285.6
listing2073,3,2,7,Private room,Waterfront,"Thin walls, budget option. responsive host. no frills stay.",165.41
listing2074,3,3,4,Private room,Uptown,Reliable wifi. parking available nearby. standard kitchen and bath. comfortable and clean.,156.7
listing2075,1,1,2,Private room,Uptown,Basic amenities. quiet street. shared bathroom down the hall. close to public transit.,71.04
listing2076,4,1,9,Entire home/apt,Downtown,Great for a short stay. recently renovated. high-end appliances.,313.4
listing2077,1,2,3,Private room,Uptown,Convenient location. great for a short stay. reliable wifi. easy check-in process.,122.77
listing2078,3,3,4,Entire home/apt,Suburb,Parking available nearby. comfortable and clean. easy check-in process. standard kitchen and bath. well maintained.,200.53
listing2079,5,2,11,Entire home/apt,Suburb,Basic amenities. responsive host. quiet street. shared bathroom down the hall. a bit dated but functional.,244.82
listing2080,5,2,11,Shared room,Waterfront,Easy check-in process. responsive host. convenient location. standard kitchen and bath.,221.54
listing2081,5,2,6,Entire home/apt,Downtown,Designer furnished. stunning skyline view. responsive host.,368.56
listing2082,5,1,11,Entire home/apt,Waterfront,Well maintained. comfortable and clean. convenient location. parking available nearby. great for a short stay.,302.49
listing2083,3,2,7,Entire home/apt,Waterfront,Parking available nearby. convenient location. reliable wifi. standard kitchen and bath.,279.9
listing2084,2,2,5,Entire home/apt,Uptown,Modern finishes throughout. walk to great restaurants. quiet street. responsive host. recently renovated.,249.41
listing2085,5,2,11,Entire home/apt,Suburb,Well maintained. convenient location. standard kitchen and bath. parking available nearby.,255.67
listing2086,5,2,6,Entire home/apt,Downtown,Easy check-in process. reliable wifi. parking available nearby. convenient location.,300.11
listing2087,5,1,11,Private room,Downtown,Comfortable and clean. close to public transit. convenient location.,259.71
listing2088,4,3,9,Entire home/apt,Downtown,"No frills stay. thin walls, budget option. quiet street. a bit dated but functional. parking available nearby.",265.52
listing2089,1,2,3,Entire home/apt,Downtown,Parking available nearby. walk to great restaurants. high-end appliances. close to public transit.,259.81
listing2090,3,1,7,Entire home/apt,Suburb,Modern finishes throughout. high-end appliances. great for a short stay. responsive host.,254.43
listing2091,3,2,4,Private room,Uptown,Five-star concierge service. stunning skyline view. responsive host. great for a short stay.,242.73
listing2092,5,2,6,Entire home/apt,Downtown,Walk to great restaurants. parking available nearby. recently renovated. spacious and bright.,329.32
listing2093,2,1,3,Entire home/apt,Uptown,Reliable wifi. convenient location. easy check-in process. standard kitchen and bath.,177.61
listing2094,2,1,5,Entire home/apt,Uptown,Convenient location. standard kitchen and bath. reliable wifi. great for a short stay. responsive host.,198.54
listing2095,1,1,3,Private room,Uptown,Close to public transit. standard kitchen and bath. quiet street. well maintained.,102.49
listing2096,5,2,11,Private room,Downtown,Stunning skyline view. designer furnished. five-star concierge service. great for a short stay. close to public transit.,329.17
listing2097,4,3,5,Private room,Waterfront,Easy check-in process. walk to great restaurants. great for a short stay. high-end appliances. spacious and bright.,253.0
listing2098,1,3,3,Private room,Downtown,Convenient location. comfortable and clean. reliable wifi. easy check-in process. great for a short stay.,146.55
listing2099,3,2,4,Entire home/apt,Suburb,Responsive host. walk to great restaurants. high-end appliances.,246.39
listing2100,3,3,4,Entire home/apt,Downtown,Recently renovated. parking available nearby. spacious and bright.,293.57
listing2101,3,1,7,Entire home/apt,Waterfront,Five-star concierge service. parking available nearby. designer furnished. great for a short stay. private rooftop access.,324.63
listing2102,5,3,6,Entire home/apt,Suburb,Easy check-in process. modern finishes throughout. quiet street. high-end appliances. spacious and bright.,285.05
listing2103,1,2,2,Entire home/apt,Downtown,Convenient location. great for a short stay. comfortable and clean. quiet street.,182.77
listing2104,2,3,3,Entire home/apt,Downtown,Comfortable and clean. well maintained. easy check-in process.,235.93
listing2105,1,3,2,Entire home/apt,Suburb,Well maintained. parking available nearby. convenient location. comfortable and clean.,172.04
listing2106,2,2,3,Private room,Uptown,Comfortable and clean. reliable wifi. responsive host. standard kitchen and bath.,141.08
listing2107,5,1,11,Entire home/apt,Waterfront,Parking available nearby. designer furnished. quiet street. marble bathroom and premium linens.,389.55
listing2108,5,2,11,Private room,Downtown,Well maintained. parking available nearby. standard kitchen and bath. quiet street. convenient location.,246.96
listing2109,1,3,2,Private room,Downtown,Easy check-in process. well maintained. comfortable and clean. convenient location. close to public transit.,140.36
listing2110,4,3,5,Entire home/apt,Uptown,Great for a short stay. standard kitchen and bath. well maintained.,243.34
listing2111,2,3,3,Entire home/apt,Suburb,Easy check-in process. quiet street. convenient location. comfortable and clean. reliable wifi.,196.9
listing2112,1,1,2,Private room,Downtown,Well maintained. parking available nearby. comfortable and clean. standard kitchen and bath. quiet street.,135.82
listing2113,2,2,5,Private room,Suburb,"Great for a short stay. shared bathroom down the hall. thin walls, budget option. close to public transit. no frills stay.",102.39
listing2114,1,1,2,Entire home/apt,Waterfront,Walk to great restaurants. quiet street. parking available nearby. spacious and bright.,233.7
listing2115,3,3,4,Entire home/apt,Downtown,Easy check-in process. convenient location. well maintained. standard kitchen and bath.,269.15
listing2116,5,3,6,Private room,Downtown,Great for a short stay. reliable wifi. standard kitchen and bath. well maintained.,228.08
listing2117,3,1,4,Private room,Downtown,A bit dated but functional. quiet street. no frills stay. easy check-in process. shared bathroom down the hall.,147.84
listing2118,4,2,5,Entire home/apt,Uptown,Standard kitchen and bath. reliable wifi. close to public transit.,240.87
listing2119,3,3,4,Entire home/apt,Waterfront,Quiet street. parking available nearby. high-end appliances. recently renovated. modern finishes throughout.,302.31
listing2120,1,3,3,Private room,Uptown,Easy check-in process. spacious and bright. recently renovated. modern finishes throughout. great for a short stay.,140.95
listing2121,1,2,3,Entire home/apt,Downtown,Shared bathroom down the hall. basic amenities. a bit dated but functional. parking available nearby.,171.38
listing2122,2,1,5,Private room,Waterfront,Marble bathroom and premium linens. private rooftop access. great for a short stay. close to public transit. five-star concierge service.,257.09
listing2123,2,3,3,Entire home/apt,Waterfront,Responsive host. modern finishes throughout. close to public transit. high-end appliances. recently renovated.,278.08
listing2124,5,3,11,Entire home/apt,Uptown,Reliable wifi. quiet street. comfortable and clean. close to public transit.,320.07
listing2125,5,2,11,Entire home/apt,Waterfront,Shared bathroom down the hall. responsive host. a bit dated but functional.,275.05
listing2126,5,3,6,Entire home/apt,Downtown,Standard kitchen and bath. close to public transit. comfortable and clean.,292.24
listing2127,4,1,5,Shared room,Waterfront,Quiet street. high-end appliances. walk to great restaurants.,206.14
listing2128,3,2,7,Entire home/apt,Uptown,Quiet street. convenient location. easy check-in process. standard kitchen and bath.,230.23
listing2129,4,1,5,Shared room,Uptown,Convenient location. reliable wifi. parking available nearby.,159.38
listing2130,3,3,4,Entire home/apt,Downtown,Walk to great restaurants. close to public transit. spacious and bright.,312.74
listing2131,4,3,9,Private room,Waterfront,Great for a short stay. spacious and bright. walk to great restaurants. easy check-in process.,269.59
listing2132,4,3,9,Shared room,Waterfront,Modern finishes throughout. spacious and bright. parking available nearby. recently renovated.,244.32
listing2133,4,2,9,Private room,Uptown,High-end appliances. quiet street. parking available nearby. recently renovated.,224.11
listing2134,4,1,9,Entire home/apt,Suburb,Close to public transit. shared bathroom down the hall. a bit dated but functional. no frills stay.,213.68
listing2135,1,1,3,Private room,Suburb,Parking available nearby. walk to great restaurants. spacious and bright. easy check-in process. high-end appliances.,138.45
listing2136,4,2,9,Entire home/apt,Downtown,Well maintained. quiet street. reliable wifi. convenient location.,281.73
listing2137,2,3,3,Shared room,Waterfront,Responsive host. a bit dated but functional. no frills stay.,106.25
listing2138,4,1,9,Entire home/apt,Uptown,Great for a short stay. designer furnished. private rooftop access. parking available nearby. stunning skyline view.,327.32
listing2139,3,3,7,Entire home/apt,Suburb,"Shared bathroom down the hall. thin walls, budget option. close to public transit.",194.05
listing2140,5,1,11,Entire home/apt,Downtown,Close to public transit. parking available nearby. basic amenities. a bit dated but functional.,275.59
listing2141,2,2,5,Private room,Downtown,Parking available nearby. great for a short stay. convenient location. comfortable and clean. well maintained.,141.21
listing2142,5,1,6,Shared room,Uptown,Convenient location. reliable wifi. well maintained. close to public transit.,165.14
listing2143,5,2,6,Entire home/apt,Downtown,Great for a short stay. quiet street. shared bathroom down the hall. no frills stay.,278.42
listing2144,2,2,3,Private room,Waterfront,Convenient location. standard kitchen and bath. well maintained. great for a short stay.,165.39
listing2145,3,1,4,Shared room,Uptown,Modern finishes throughout. great for a short stay. recently renovated.,182.88
listing2146,3,2,4,Entire home/apt,Downtown,High-end appliances. recently renovated. spacious and bright. responsive host.,292.79
listing2147,4,3,9,Entire home/apt,Uptown,"Close to public transit. shared bathroom down the hall. thin walls, budget option.",229.99
listing2148,4,3,9,Private room,Suburb,Responsive host. standard kitchen and bath. comfortable and clean.,179.49
listing2149,5,1,6,Private room,Suburb,Quiet street. high-end appliances. walk to great restaurants.,207.46
listing2150,2,3,3,Entire home/apt,Uptown,A bit dated but functional. shared bathroom down the hall. close to public transit. basic amenities.,171.57
listing2151,3,3,7,Private room,Downtown,No frills stay. a bit dated but functional. basic amenities. parking available nearby.,160.36
listing2152,3,3,7,Entire home/apt,Downtown,A bit dated but functional. shared bathroom down the hall. close to public transit.,255.08
listing2153,5,2,11,Shared room,Suburb,Responsive host. comfortable and clean. standard kitchen and bath.,162.27
listing2154,2,3,3,Private room,Waterfront,Close to public transit. basic amenities. easy check-in process. a bit dated but functional.,160.94
listing2155,3,2,4,Private room,Waterfront,Close to public transit. modern finishes throughout. walk to great restaurants.,224.76
listing2156,1,1,3,Entire home/apt,Suburb,Stunning skyline view. quiet street. easy check-in process. private rooftop access.,239.69
listing2157,5,1,6,Entire home/apt,Downtown,Shared bathroom down the hall. basic amenities. parking available nearby.,255.74
listing2158,2,3,3,Entire home/apt,Waterfront,Reliable wifi. responsive host. parking available nearby. convenient location.,235.82
listing2159,2,1,3,Entire home/apt,Downtown,"Great for a short stay. easy check-in process. no frills stay. thin walls, budget option.",189.81
listing2160,3,2,4,Private room,Downtown,"Thin walls, budget option. responsive host. parking available nearby. shared bathroom down the hall.",125.44
listing2161,3,3,4,Entire home/apt,Uptown,Close to public transit. modern finishes throughout. walk to great restaurants. recently renovated.,280.28
listing2162,5,1,11,Entire home/apt,Uptown,Easy check-in process. comfortable and clean. close to public transit. standard kitchen and bath.,249.38
listing2163,3,2,4,Entire home/apt,Suburb,Five-star concierge service. designer furnished. quiet street. stunning skyline view.,287.28
listing2164,3,1,7,Entire home/apt,Uptown,Standard kitchen and bath. comfortable and clean. quiet street.,237.25
listing2165,1,2,3,Entire home/apt,Suburb,No frills stay. basic amenities. quiet street.,137.47
listing2166,1,1,2,Private room,Waterfront,Easy check-in process. great for a short stay. standard kitchen and bath. comfortable and clean. reliable wifi.,120.42
listing2167,2,3,3,Private room,Waterfront,"Shared bathroom down the hall. thin walls, budget option. responsive host.",133.96
listing2168,5,1,11,Entire home/apt,Suburb,High-end appliances. modern finishes throughout. quiet street. great for a short stay.,285.74
listing2169,5,3,11,Private room,Uptown,Parking available nearby. spacious and bright. modern finishes throughout. high-end appliances.,276.23
listing2170,4,3,5,Private room,Uptown,Convenient location. great for a short stay. comfortable and clean. easy check-in process. standard kitchen and bath.,167.62
listing2171,4,3,5,Entire home/apt,Downtown,Reliable wifi. convenient location. responsive host. comfortable and clean.,276.84
listing2172,2,3,5,Private room,Downtown,Great for a short stay. high-end appliances. walk to great restaurants. easy check-in process. modern finishes throughout.,219.74
listing2173,1,1,2,Entire home/apt,Suburb,Walk to great restaurants. quiet street. modern finishes throughout. spacious and bright.,182.6
listing2174,1,3,2,Entire home/apt,Uptown,A bit dated but functional. basic amenities. shared bathroom down the hall. easy check-in process.,167.3
listing2175,2,2,3,Entire home/apt,Uptown,"Thin walls, budget option. a bit dated but functional. parking available nearby. basic amenities.",175.68
listing2176,2,3,3,Entire home/apt,Downtown,Easy check-in process. basic amenities. a bit dated but functional. no frills stay.,196.5
listing2177,1,3,3,Private room,Uptown,Quiet street. comfortable and clean. standard kitchen and bath. convenient location. responsive host.,106.77
listing2178,2,2,3,Shared room,Waterfront,Comfortable and clean. well maintained. close to public transit. convenient location.,144.6
listing2179,1,2,2,Private room,Downtown,"Thin walls, budget option. no frills stay. easy check-in process. parking available nearby.",94.56
listing2180,4,1,9,Private room,Suburb,Quiet street. convenient location. reliable wifi. standard kitchen and bath.,156.06
listing2181,5,1,6,Private room,Waterfront,Standard kitchen and bath. comfortable and clean. well maintained. quiet street. great for a short stay.,229.75
listing2182,4,2,5,Shared room,Suburb,Parking available nearby. shared bathroom down the hall. a bit dated but functional. no frills stay. easy check-in process.,119.01
listing2183,3,3,7,Entire home/apt,Downtown,Private rooftop access. quiet street. five-star concierge service. marble bathroom and premium linens.,356.54
listing2184,3,2,4,Entire home/apt,Waterfront,Easy check-in process. standard kitchen and bath. well maintained.,261.65
listing2185,2,2,5,Private room,Downtown,Comfortable and clean. reliable wifi. great for a short stay. convenient location.,148.67
listing2186,1,1,2,Entire home/apt,Uptown,Standard kitchen and bath. reliable wifi. great for a short stay. quiet street.,173.95
listing2187,3,2,4,Entire home/apt,Waterfront,Comfortable and clean. standard kitchen and bath. easy check-in process.,254.28
listing2188,3,2,4,Entire home/apt,Waterfront,Spacious and bright. high-end appliances. recently renovated. close to public transit.,309.75
listing2189,1,3,3,Private room,Downtown,Standard kitchen and bath. well maintained. convenient location. quiet street.,143.51
listing2190,3,3,4,Entire home/apt,Suburb,Quiet street. comfortable and clean. convenient location. reliable wifi.,207.1
listing2191,2,2,3,Entire home/apt,Downtown,Private rooftop access. stunning skyline view. close to public transit. marble bathroom and premium linens.,325.71
listing2192,1,3,3,Entire home/apt,Waterfront,Quiet street. walk to great restaurants. high-end appliances.,263.9
listing2193,4,2,5,Entire home/apt,Suburb,Modern finishes throughout. recently renovated. great for a short stay.,248.69
listing2194,3,3,7,Private room,Uptown,"Responsive host. basic amenities. thin walls, budget option. parking available nearby. shared bathroom down the hall.",182.62
listing2195,4,2,5,Entire home/apt,Suburb,"A bit dated but functional. thin walls, budget option. easy check-in process. responsive host.",179.06
listing2196,4,1,9,Private room,Waterfront,Parking available nearby. quiet street. walk to great restaurants. recently renovated.,257.22
listing2197,5,2,6,Private room,Suburb,Easy check-in process. well maintained. standard kitchen and bath.,183.16
listing2198,5,1,11,Entire home/apt,Waterfront,Recently renovated. great for a short stay. high-end appliances. spacious and bright.,352.21
listing2199,4,1,5,Private room,Waterfront,Walk to great restaurants. modern finishes throughout. quiet street. spacious and bright.,239.72
listing2200,5,3,11,Private room,Downtown,Standard kitchen and bath. convenient location. easy check-in process. great for a short stay.,251.78
listing2201,3,3,7,Private room,Waterfront,Convenient location. well maintained. great for a short stay.,209.18
listing2202,5,1,6,Entire home/apt,Downtown,Great for a short stay. standard kitchen and bath. well maintained. comfortable and clean.,265.61
listing2203,4,3,5,Entire home/apt,Suburb,Responsive host. convenient location. quiet street. well maintained. standard kitchen and bath.,257.8
listing2204,4,1,5,Shared room,Downtown,High-end appliances. spacious and bright. quiet street.,204.36
listing2205,5,1,11,Private room,Downtown,Easy check-in process. spacious and bright. recently renovated. walk to great restaurants.,281.16
listing2206,3,3,7,Shared room,Suburb,Standard kitchen and bath. close to public transit. convenient location. parking available nearby.,127.98
listing2207,4,1,9,Shared room,Downtown,Parking available nearby. quiet street. recently renovated. spacious and bright.,218.74
listing2208,2,3,3,Entire home/apt,Uptown,Convenient location. comfortable and clean. reliable wifi. responsive host.,207.53
listing2209,5,3,11,Private room,Waterfront,Recently renovated. high-end appliances. quiet street.,285.4
listing2210,4,1,5,Entire home/apt,Downtown,"Basic amenities. great for a short stay. thin walls, budget option.",225.07
listing2211,4,1,9,Private room,Downtown,Recently renovated. great for a short stay. high-end appliances.,243.12
listing2212,3,3,4,Entire home/apt,Uptown,Spacious and bright. responsive host. walk to great restaurants. recently renovated.,289.06
listing2213,5,2,11,Entire home/apt,Downtown,Convenient location. close to public transit. reliable wifi. standard kitchen and bath.,294.64
listing2214,1,2,3,Private room,Downtown,Reliable wifi. quiet street. standard kitchen and bath. responsive host. convenient location.,133.07
listing2215,1,2,3,Private room,Downtown,Spacious and bright. recently renovated. walk to great restaurants. parking available nearby.,169.22
listing2216,3,2,4,Private room,Uptown,"Close to public transit. easy check-in process. no frills stay. thin walls, budget option. a bit dated but functional.",147.31
listing2217,4,3,5,Entire home/apt,Uptown,Modern finishes throughout. easy check-in process. quiet street. spacious and bright.,286.57
listing2218,5,2,11,Entire home/apt,Downtown,Designer furnished. quiet street. private rooftop access. close to public transit. stunning skyline view.,405.75
listing2219,3,1,4,Shared room,Waterfront,High-end appliances. great for a short stay. parking available nearby. modern finishes throughout.,206.64
listing2220,4,2,5,Entire home/apt,Waterfront,Well maintained. easy check-in process. comfortable and clean. quiet street.,275.25
listing2221,3,3,7,Entire home/apt,Downtown,Standard kitchen and bath. convenient location. quiet street. well maintained. close to public transit.,250.48
listing2222,5,1,11,Private room,Uptown,Marble bathroom and premium linens. easy check-in process. five-star concierge service.,287.63
listing2223,4,2,9,Entire home/apt,Suburb,Comfortable and clean. parking available nearby. standard kitchen and bath. reliable wifi.,248.32
listing2224,3,3,7,Private room,Waterfront,"Thin walls, budget option. close to public transit. easy check-in process. a bit dated but functional.",166.87
listing2225,5,2,6,Entire home/apt,Uptown,A bit dated but functional. responsive host. no frills stay.,243.7
listing2226,1,1,2,Private room,Uptown,Parking available nearby. recently renovated. spacious and bright. great for a short stay. high-end appliances.,147.37
listing2227,5,1,11,Shared room,Downtown,Reliable wifi. standard kitchen and bath. parking available nearby.,213.53
listing2228,1,2,2,Shared room,Suburb,Basic amenities. a bit dated but functional. no frills stay. parking available nearby. easy check-in process.,41.66
listing2229,2,2,3,Private room,Suburb,Parking available nearby. well maintained. reliable wifi. comfortable and clean.,101.8
listing2230,5,3,6,Entire home/apt,Suburb,Quiet street. recently renovated. high-end appliances. modern finishes throughout. responsive host.,282.29
listing2231,4,2,9,Private room,Downtown,Comfortable and clean. quiet street. reliable wifi. convenient location.,226.58
listing2232,5,3,11,Private room,Uptown,Walk to great restaurants. close to public transit. high-end appliances.,266.45
listing2233,4,1,5,Private room,Downtown,Quiet street. modern finishes throughout. recently renovated. parking available nearby. walk to great restaurants.,199.0
listing2234,4,2,5,Private room,Uptown,Designer furnished. easy check-in process. stunning skyline view.,279.79
listing2235,2,1,3,Private room,Uptown,Quiet street. recently renovated. high-end appliances.,155.56
listing2236,1,2,3,Private room,Waterfront,Convenient location. standard kitchen and bath. quiet street. comfortable and clean. great for a short stay.,155.61
listing2237,1,1,2,Private room,Downtown,Great for a short stay. recently renovated. quiet street. modern finishes throughout. walk to great restaurants.,182.71
listing2238,2,2,5,Entire home/apt,Suburb,"Close to public transit. thin walls, budget option. parking available nearby. a bit dated but functional.",156.2
listing2239,1,2,2,Entire home/apt,Downtown,Private rooftop access. close to public transit. marble bathroom and premium linens. designer furnished. quiet street.,302.95
listing2240,3,1,4,Private room,Downtown,Standard kitchen and bath. responsive host. reliable wifi. well maintained.,171.85
listing2241,4,1,5,Entire home/apt,Suburb,Walk to great restaurants. great for a short stay. high-end appliances. modern finishes throughout.,271.05
listing2242,5,2,11,Private room,Waterfront,Spacious and bright. quiet street. close to public transit. high-end appliances.,281.25
listing2243,3,3,4,Private room,Uptown,"Great for a short stay. basic amenities. no frills stay. thin walls, budget option. parking available nearby.",139.9
listing2244,5,1,6,Entire home/apt,Waterfront,Walk to great restaurants. close to public transit. recently renovated.,337.08
listing2245,5,2,6,Private room,Downtown,"A bit dated but functional. thin walls, budget option. easy check-in process.",191.72
listing2246,5,1,6,Private room,Downtown,Convenient location. standard kitchen and bath. close to public transit. easy check-in process.,227.83
listing2247,3,3,4,Private room,Uptown,Convenient location. well maintained. comfortable and clean. close to public transit.,164.82
listing2248,2,2,5,Entire home/apt,Uptown,Close to public transit. comfortable and clean. convenient location. reliable wifi. quiet street.,235.83
listing2249,5,3,6,Private room,Waterfront,Well maintained. great for a short stay. standard kitchen and bath. convenient location. responsive host.,269.47
listing2250,2,1,3,Entire home/apt,Downtown,Parking available nearby. quiet street. stunning skyline view. five-star concierge service.,306.38
listing2251,3,1,4,Private room,Waterfront,Easy check-in process. comfortable and clean. reliable wifi. standard kitchen and bath. quiet street.,186.63
listing2252,1,2,3,Entire home/apt,Suburb,Great for a short stay. convenient location. reliable wifi. standard kitchen and bath.,174.3
listing2253,4,2,5,Private room,Downtown,Easy check-in process. walk to great restaurants. parking available nearby. high-end appliances.,227.75
listing2254,4,3,5,Private room,Downtown,Responsive host. walk to great restaurants. recently renovated. easy check-in process.,236.26
listing2255,1,3,2,Private room,Uptown,"No frills stay. parking available nearby. thin walls, budget option.",111.08
listing2256,2,3,3,Entire home/apt,Suburb,Stunning skyline view. easy check-in process. great for a short stay. marble bathroom and premium linens.,281.29
listing2257,3,2,4,Private room,Waterfront,Great for a short stay. parking available nearby. no frills stay. a bit dated but functional.,157.28
listing2258,3,2,7,Private room,Waterfront,Standard kitchen and bath. convenient location. responsive host. reliable wifi. great for a short stay.,202.13
listing2259,5,2,6,Entire home/apt,Uptown,Well maintained. responsive host. convenient location. reliable wifi. parking available nearby.,240.37
listing2260,2,1,3,Shared room,Downtown,Close to public transit. spacious and bright. recently renovated. great for a short stay.,160.71
listing2261,5,2,6,Private room,Uptown,No frills stay. responsive host. easy check-in process. shared bathroom down the hall. basic amenities.,164.96
listing2262,3,2,4,Shared room,Downtown,"Thin walls, budget option. easy check-in process. shared bathroom down the hall.",136.02
listing2263,5,1,11,Shared room,Waterfront,High-end appliances. modern finishes throughout. close to public transit. spacious and bright.,270.94
listing2264,2,1,5,Shared room,Downtown,Basic amenities. parking available nearby. close to public transit. a bit dated but functional.,107.92
listing2265,1,2,3,Private room,Downtown,Close to public transit. easy check-in process. convenient location. well maintained. comfortable and clean.,144.75
listing2266,1,2,2,Private room,Uptown,Close to public transit. spacious and bright. high-end appliances. recently renovated.,138.03
listing2267,2,3,5,Entire home/apt,Uptown,Modern finishes throughout. easy check-in process. spacious and bright. parking available nearby.,268.09
listing2268,5,2,6,Entire home/apt,Waterfront,Quiet street. responsive host. basic amenities. shared bathroom down the hall.,276.55
listing2269,1,3,3,Private room,Uptown,Well maintained. quiet street. easy check-in process. comfortable and clean. convenient location.,144.94
listing2270,2,2,5,Entire home/apt,Suburb,Quiet street. designer furnished. great for a short stay. private rooftop access.,301.42
listing2271,1,1,3,Private room,Suburb,Comfortable and clean. great for a short stay. responsive host. standard kitchen and bath.,64.69
listing2272,5,1,11,Entire home/apt,Suburb,"Parking available nearby. no frills stay. thin walls, budget option. basic amenities.",219.34
listing2273,4,3,5,Entire home/apt,Waterfront,"A bit dated but functional. no frills stay. thin walls, budget option. close to public transit.",248.09
listing2274,4,2,5,Entire home/apt,Waterfront,Reliable wifi. great for a short stay. well maintained.,279.07
listing2275,4,1,9,Entire home/apt,Waterfront,Private rooftop access. easy check-in process. five-star concierge service. quiet street.,373.16
listing2276,4,2,5,Entire home/apt,Uptown,Parking available nearby. reliable wifi. standard kitchen and bath. quiet street.,244.19
listing2277,4,3,9,Entire home/apt,Uptown,A bit dated but functional. responsive host. shared bathroom down the hall. great for a short stay.,255.33
listing2278,1,2,3,Private room,Waterfront,Quiet street. standard kitchen and bath. well maintained.,136.78
listing2279,5,1,11,Entire home/apt,Downtown,"No frills stay. quiet street. thin walls, budget option.",256.51
listing2280,4,1,5,Entire home/apt,Downtown,Comfortable and clean. reliable wifi. quiet street. convenient location. parking available nearby.,244.71
listing2281,4,3,9,Entire home/apt,Suburb,Five-star concierge service. close to public transit. designer furnished. stunning skyline view.,333.68
listing2282,2,3,3,Entire home/apt,Downtown,Recently renovated. quiet street. parking available nearby. walk to great restaurants. spacious and bright.,258.26
listing2283,5,3,6,Entire home/apt,Uptown,"Shared bathroom down the hall. great for a short stay. close to public transit. no frills stay. thin walls, budget option.",248.42
listing2284,2,3,3,Private room,Waterfront,Reliable wifi. standard kitchen and bath. responsive host.,176.01
listing2285,1,1,3,Private room,Downtown,Quiet street. a bit dated but functional. basic amenities. shared bathroom down the hall. parking available nearby.,90.56
listing2286,5,1,11,Entire home/apt,Suburb,Close to public transit. shared bathroom down the hall. basic amenities. no frills stay. quiet street.,234.49
listing2287,2,1,5,Private room,Downtown,Comfortable and clean. parking available nearby. convenient location. reliable wifi.,155.29
listing2288,1,1,3,Entire home/apt,Suburb,Comfortable and clean. standard kitchen and bath. close to public transit. reliable wifi. parking available nearby.,162.75
listing2289,4,3,5,Entire home/apt,Suburb,Responsive host. spacious and bright. high-end appliances. recently renovated. parking available nearby.,269.66
listing2290,2,3,3,Private room,Downtown,Modern finishes throughout. spacious and bright. easy check-in process. great for a short stay.,207.71
listing2291,5,1,11,Entire home/apt,Downtown,Close to public transit. no frills stay. responsive host. a bit dated but functional.,262.25
listing2292,3,3,4,Private room,Uptown,Great for a short stay. marble bathroom and premium linens. stunning skyline view.,259.92
listing2293,1,2,2,Entire home/apt,Uptown,Close to public transit. reliable wifi. well maintained. standard kitchen and bath. quiet street.,189.55
listing2294,5,1,11,Entire home/apt,Downtown,Standard kitchen and bath. reliable wifi. easy check-in process.,294.06
listing2295,3,3,7,Entire home/apt,Suburb,Walk to great restaurants. close to public transit. recently renovated. modern finishes throughout. great for a short stay.,268.22
listing2296,2,3,3,Entire home/apt,Downtown,A bit dated but functional. shared bathroom down the hall. parking available nearby. no frills stay.,193.25
listing2297,4,2,9,Shared room,Suburb,Convenient location. comfortable and clean. quiet street. reliable wifi.,157.11
listing2298,3,3,4,Entire home/apt,Downtown,Parking available nearby. high-end appliances. spacious and bright. recently renovated.,288.04
listing2299,1,2,2,Private room,Suburb,Comfortable and clean. parking available nearby. standard kitchen and bath.,101.22
listing2300,4,3,5,Private room,Downtown,Great for a short stay. easy check-in process. recently renovated. walk to great restaurants.,252.73
listing2301,3,2,7,Private room,Uptown,"Parking available nearby. a bit dated but functional. easy check-in process. thin walls, budget option.",160.25
listing2302,4,3,5,Entire home/apt,Waterfront,Walk to great restaurants. close to public transit. spacious and bright. high-end appliances.,313.15
listing2303,5,1,6,Entire home/apt,Downtown,"Shared bathroom down the hall. thin walls, budget option. quiet street. easy check-in process.",231.29
listing2304,4,1,9,Entire home/apt,Suburb,"Responsive host. thin walls, budget option. basic amenities. shared bathroom down the hall.",190.61
listing2305,4,3,9,Private room,Downtown,Quiet street. great for a short stay. well maintained. comfortable and clean. convenient location.,211.38
listing2306,2,1,5,Entire home/apt,Uptown,Easy check-in process. walk to great restaurants. high-end appliances. close to public transit.,224.41
listing2307,2,1,5,Shared room,Uptown,"Thin walls, budget option. close to public transit. shared bathroom down the hall.",88.46
listing2308,3,3,7,Private room,Waterfront,Walk to great restaurants. recently renovated. high-end appliances. close to public transit. great for a short stay.,251.95
listing2309,5,1,11,Entire home/apt,Downtown,Close to public transit. basic amenities. no frills stay.,263.24
listing2310,3,2,7,Private room,Downtown,Reliable wifi. convenient location. parking available nearby. great for a short stay. well maintained.,187.36
listing2311,2,1,5,Entire home/apt,Downtown,Comfortable and clean. close to public transit. reliable wifi. standard kitchen and bath. great for a short stay.,213.83
listing2312,4,1,5,Shared room,Uptown,"Close to public transit. basic amenities. responsive host. a bit dated but functional. thin walls, budget option.",136.8
listing2313,5,3,6,Entire home/apt,Downtown,Marble bathroom and premium linens. parking available nearby. private rooftop access. easy check-in process.,380.17
listing2314,5,1,11,Shared room,Suburb,Standard kitchen and bath. convenient location. reliable wifi. quiet street. close to public transit.,148.13
listing2315,2,1,3,Private room,Uptown,Great for a short stay. walk to great restaurants. high-end appliances. close to public transit. modern finishes throughout.,177.55
listing2316,4,3,9,Private room,Waterfront,Responsive host. close to public transit. convenient location. well maintained. standard kitchen and bath.,235.41
listing2317,3,3,4,Entire home/apt,Uptown,Well maintained. comfortable and clean. responsive host. quiet street.,259.47
listing2318,3,1,7,Private room,Downtown,Well maintained. comfortable and clean. reliable wifi. quiet street.,175.69
listing2319,2,3,3,Entire home/apt,Uptown,High-end appliances. quiet street. walk to great restaurants. easy check-in process. spacious and bright.,263.15
listing2320,1,2,3,Private room,Downtown,Recently renovated. spacious and bright. responsive host. walk to great restaurants.,192.99
listing2321,2,3,3,Entire home/apt,Uptown,Well maintained. parking available nearby. comfortable and clean. great for a short stay. standard kitchen and bath.,206.74
listing2322,3,1,4,Entire home/apt,Uptown,Well maintained. comfortable and clean. quiet street. parking available nearby.,206.08
listing2323,5,3,6,Entire home/apt,Uptown,Well maintained. parking available nearby. convenient location. standard kitchen and bath.,287.9
listing2324,5,2,11,Entire home/apt,Suburb,Convenient location. well maintained. comfortable and clean. responsive host.,270.9
listing2325,1,3,2,Entire home/apt,Downtown,Quiet street. comfortable and clean. standard kitchen and bath.,194.07
listing2326,4,2,9,Private room,Uptown,Close to public transit. easy check-in process. reliable wifi. comfortable and clean.,184.46
listing2327,1,3,2,Entire home/apt,Downtown,Modern finishes throughout. easy check-in process. parking available nearby. spacious and bright.,220.56
listing2328,4,2,5,Private room,Uptown,Marble bathroom and premium linens. five-star concierge service. designer furnished. close to public transit.,279.14
listing2329,2,1,5,Entire home/apt,Waterfront,Great for a short stay. parking available nearby. stunning skyline view. five-star concierge service.,317.86
listing2330,3,3,4,Private room,Downtown,Spacious and bright. responsive host. easy check-in process. modern finishes throughout.,228.05
listing2331,4,3,5,Private room,Waterfront,Standard kitchen and bath. reliable wifi. parking available nearby. comfortable and clean.,201.7
listing2332,3,1,7,Entire home/apt,Uptown,High-end appliances. spacious and bright. responsive host.,253.82
listing2333,5,2,11,Private room,Downtown,No frills stay. parking available nearby. basic amenities.,208.26
listing2334,3,2,7,Shared room,Suburb,Responsive host. reliable wifi. convenient location. well maintained.,113.93
listing2335,5,2,6,Private room,Uptown,Reliable wifi. standard kitchen and bath. comfortable and clean. parking available nearby. responsive host.,205.41
listing2336,4,3,9,Entire home/apt,Suburb,Basic amenities. no frills stay. easy check-in process. shared bathroom down the hall. quiet street.,225.0
listing2337,2,3,3,Entire home/apt,Uptown,Close to public transit. private rooftop access. five-star concierge service. marble bathroom and premium linens. parking available nearby.,330.24
listing2338,4,1,9,Private room,Suburb,High-end appliances. walk to great restaurants. spacious and bright. parking available nearby.,202.76
listing2339,3,3,7,Entire home/apt,Downtown,Comfortable and clean. reliable wifi. responsive host. close to public transit.,280.38
listing2340,3,2,4,Private room,Uptown,Great for a short stay. convenient location. well maintained. close to public transit. standard kitchen and bath.,150.04
listing2341,1,3,2,Entire home/apt,Suburb,Recently renovated. easy check-in process. modern finishes throughout. responsive host.,185.9
listing2342,1,3,2,Private room,Uptown,Standard kitchen and bath. responsive host. reliable wifi.,121.77
listing2343,3,2,4,Entire home/apt,Uptown,Modern finishes throughout. parking available nearby. quiet street. walk to great restaurants. high-end appliances.,245.83
listing2344,1,2,2,Entire home/apt,Suburb,Marble bathroom and premium linens. five-star concierge service. responsive host.,246.18
listing2345,5,2,11,Shared room,Waterfront,Great for a short stay. convenient location. close to public transit. well maintained.,219.63
listing2346,5,3,6,Private room,Waterfront,A bit dated but functional. no frills stay. great for a short stay. quiet street.,190.55
listing2347,4,2,5,Private room,Waterfront,Reliable wifi. comfortable and clean. well maintained. close to public transit.,232.83
listing2348,4,1,9,Shared room,Suburb,Easy check-in process. no frills stay. basic amenities. a bit dated but functional. responsive host.,101.55
listing2349,3,2,4,Entire home/apt,Suburb,Standard kitchen and bath. comfortable and clean. reliable wifi. great for a short stay. close to public transit.,180.35
listing2350,1,1,3,Entire home/apt,Waterfront,"No frills stay. easy check-in process. parking available nearby. a bit dated but functional. thin walls, budget option.",185.78
listing2351,2,2,5,Entire home/apt,Downtown,"Basic amenities. thin walls, budget option. great for a short stay. parking available nearby. shared bathroom down the hall.",192.26
listing2352,3,1,7,Entire home/apt,Downtown,Standard kitchen and bath. well maintained. reliable wifi. close to public transit.,260.08
listing2353,5,1,6,Entire home/apt,Waterfront,No frills stay. great for a short stay. responsive host. shared bathroom down the hall.,250.2
listing2354,2,3,3,Shared room,Suburb,High-end appliances. walk to great restaurants. responsive host. spacious and bright.,131.51
listing2355,3,1,7,Entire home/apt,Uptown,"No frills stay. responsive host. thin walls, budget option.",201.14
listing2356,2,2,5,Entire home/apt,Downtown,Easy check-in process. spacious and bright. quiet street. walk to great restaurants.,278.12
listing2357,1,3,2,Entire home/apt,Downtown,"Basic amenities. parking available nearby. responsive host. thin walls, budget option. shared bathroom down the hall.",190.22
listing2358,1,3,3,Entire home/apt,Uptown,Basic amenities. no frills stay. responsive host.,163.92
listing2359,2,2,5,Entire home/apt,Suburb,Shared bathroom down the hall. easy check-in process. basic amenities.,162.34
listing2360,1,1,2,Private room,Downtown,Parking available nearby. walk to great restaurants. recently renovated. easy check-in process.,174.95
listing2361,1,3,3,Entire home/apt,Waterfront,Reliable wifi. great for a short stay. convenient location. close to public transit.,227.41
listing2362,2,3,3,Private room,Suburb,Reliable wifi. easy check-in process. standard kitchen and bath. close to public transit. well maintained.,121.29
listing2363,2,2,5,Private room,Suburb,No frills stay. close to public transit. quiet street. shared bathroom down the hall. a bit dated but functional.,73.66
listing2364,3,1,7,Private room,Downtown,Designer furnished. great for a short stay. close to public transit. marble bathroom and premium linens.,279.19
listing2365,1,1,3,Private room,Suburb,Parking available nearby. a bit dated but functional. basic amenities. no frills stay. close to public transit.,55.51
listing2366,2,1,3,Entire home/apt,Waterfront,Easy check-in process. well maintained. standard kitchen and bath. close to public transit. convenient location.,218.04
listing2367,3,1,4,Entire home/apt,Suburb,High-end appliances. recently renovated. easy check-in process. spacious and bright.,245.33
listing2368,5,3,11,Entire home/apt,Downtown,Responsive host. no frills stay. shared bathroom down the hall.,271.87
listing2369,4,1,9,Shared room,Uptown,Convenient location. comfortable and clean. well maintained. parking available nearby. easy check-in process.,182.73
listing2370,5,1,11,Private room,Waterfront,Modern finishes throughout. parking available nearby. high-end appliances. easy check-in process. spacious and bright.,283.73
listing2371,2,3,3,Entire home/apt,Uptown,Convenient location. standard kitchen and bath. close to public transit. responsive host. well maintained.,216.81
listing2372,3,3,4,Entire home/apt,Uptown,"Parking available nearby. thin walls, budget option. shared bathroom down the hall.",200.26
listing2373,3,1,7,Private room,Waterfront,Parking available nearby. standard kitchen and bath. easy check-in process. reliable wifi.,172.0
listing2374,5,2,6,Private room,Waterfront,Easy check-in process. basic amenities. shared bathroom down the hall.,202.32
listing2375,5,2,11,Private room,Downtown,Designer furnished. easy check-in process. stunning skyline view. responsive host. marble bathroom and premium linens.,338.02
listing2376,5,2,6,Private room,Uptown,Responsive host. well maintained. standard kitchen and bath. comfortable and clean.,212.11
listing2377,4,3,5,Private room,Downtown,Comfortable and clean. quiet street. great for a short stay. reliable wifi. convenient location.,209.62
listing2378,3,3,4,Private room,Suburb,"Shared bathroom down the hall. close to public transit. quiet street. thin walls, budget option. a bit dated but functional.",88.69
listing2379,3,3,7,Entire home/apt,Suburb,Great for a short stay. responsive host. high-end appliances. modern finishes throughout. recently renovated.,243.5
listing2380,5,1,11,Entire home/apt,Downtown,Modern finishes throughout. great for a short stay. high-end appliances. walk to great restaurants.,363.62
listing2381,2,1,3,Shared room,Downtown,Great for a short stay. responsive host. a bit dated but functional. basic amenities. no frills stay.,79.89
listing2382,2,2,3,Private room,Downtown,Great for a short stay. spacious and bright. high-end appliances.,215.12
listing2383,5,1,11,Entire home/apt,Uptown,Close to public transit. standard kitchen and bath. well maintained. easy check-in process.,267.79
listing2384,2,2,3,Private room,Suburb,Parking available nearby. spacious and bright. great for a short stay. walk to great restaurants. recently renovated.,150.81
listing2385,2,1,5,Entire home/apt,Uptown,Well maintained. convenient location. close to public transit. standard kitchen and bath.,208.5
listing2386,3,3,4,Private room,Downtown,"Close to public transit. a bit dated but functional. thin walls, budget option. shared bathroom down the hall.",150.16
listing2387,2,1,3,Entire home/apt,Downtown,High-end appliances. modern finishes throughout. close to public transit.,272.11
listing2388,5,1,6,Private room,Downtown,Spacious and bright. easy check-in process. modern finishes throughout. walk to great restaurants. parking available nearby.,254.91
listing2389,5,1,11,Entire home/apt,Suburb,Comfortable and clean. convenient location. quiet street. close to public transit.,259.53
listing2390,2,1,3,Entire home/apt,Waterfront,Responsive host. basic amenities. a bit dated but functional.,189.79
listing2391,3,2,7,Entire home/apt,Waterfront,Recently renovated. great for a short stay. easy check-in process. modern finishes throughout.,314.9
listing2392,5,2,6,Private room,Uptown,Shared bathroom down the hall. quiet street. basic amenities. no frills stay.,192.95
listing2393,4,3,5,Entire home/apt,Suburb,Standard kitchen and bath. great for a short stay. well maintained. quiet street.,230.42
listing2394,2,1,5,Entire home/apt,Uptown,Close to public transit. convenient location. reliable wifi.,221.76
listing2395,3,2,7,Private room,Suburb,"No frills stay. responsive host. thin walls, budget option. shared bathroom down the hall.",109.66
listing2396,4,2,5,Entire home/apt,Suburb,Quiet street. a bit dated but functional. basic amenities.,201.17
listing2397,4,2,5,Entire home/apt,Uptown,"Quiet street. a bit dated but functional. no frills stay. thin walls, budget option. close to public transit.",222.87
listing2398,1,3,2,Entire home/apt,Suburb,Close to public transit. stunning skyline view. responsive host. five-star concierge service. marble bathroom and premium linens.,243.18
listing2399,2,1,5,Private room,Downtown,Reliable wifi. easy check-in process. convenient location.,158.57
listing2400,5,2,6,Entire home/apt,Waterfront,Great for a short stay. spacious and bright. walk to great restaurants. recently renovated.,339.09
listing2401,2,3,3,Entire home/apt,Downtown,Designer furnished. five-star concierge service. great for a short stay.,312.76
listing2402,2,3,3,Entire home/apt,Uptown,Walk to great restaurants. parking available nearby. spacious and bright.,257.3
listing2403,2,2,5,Entire home/apt,Downtown,Standard kitchen and bath. great for a short stay. responsive host. convenient location. well maintained.,232.76
listing2404,1,2,2,Entire home/apt,Downtown,Reliable wifi. great for a short stay. well maintained. quiet street. standard kitchen and bath.,200.13
listing2405,1,3,3,Entire home/apt,Downtown,Well maintained. quiet street. reliable wifi. comfortable and clean.,214.18
listing2406,2,2,3,Entire home/apt,Uptown,Quiet street. reliable wifi. standard kitchen and bath. responsive host.,201.92
listing2407,5,3,6,Entire home/apt,Waterfront,Marble bathroom and premium linens. great for a short stay. designer furnished.,394.59
listing2408,1,1,2,Private room,Uptown,Recently renovated. walk to great restaurants. quiet street.,147.68
listing2409,2,2,3,Entire home/apt,Uptown,Comfortable and clean. parking available nearby. reliable wifi. well maintained.,195.27
listing2410,1,1,2,Entire home/apt,Suburb,Convenient location. quiet street. reliable wifi. comfortable and clean.,177.88
listing2411,3,1,7,Shared room,Suburb,Walk to great restaurants. responsive host. recently renovated.,135.09
listing2412,2,2,3,Private room,Downtown,Parking available nearby. quiet street. basic amenities. no frills stay. shared bathroom down the hall.,120.98
listing2413,4,1,9,Private room,Uptown,Great for a short stay. close to public transit. modern finishes throughout. walk to great restaurants. spacious and bright.,221.93
listing2414,3,2,4,Entire home/apt,Waterfront,Quiet street. comfortable and clean. parking available nearby. reliable wifi. convenient location.,279.49
listing2415,4,2,5,Entire home/apt,Waterfront,Spacious and bright. high-end appliances. modern finishes throughout. easy check-in process.,301.16
listing2416,4,2,5,Entire home/apt,Uptown,Recently renovated. modern finishes throughout. responsive host.,292.11
listing2417,3,3,4,Entire home/apt,Waterfront,Reliable wifi. standard kitchen and bath. well maintained. parking available nearby.,267.98
listing2418,5,3,11,Entire home/apt,Downtown,"Responsive host. quiet street. shared bathroom down the hall. basic amenities. thin walls, budget option.",293.0
listing2419,3,2,4,Private room,Uptown,Easy check-in process. recently renovated. walk to great restaurants. spacious and bright.,214.84
listing2420,5,1,11,Entire home/apt,Waterfront,Comfortable and clean. well maintained. reliable wifi. close to public transit. great for a short stay.,323.59
listing2421,5,3,11,Private room,Waterfront,Convenient location. well maintained. parking available nearby.,258.59
listing2422,3,1,7,Entire home/apt,Suburb,Close to public transit. comfortable and clean. reliable wifi. easy check-in process.,204.33
listing2423,4,2,5,Entire home/apt,Downtown,Reliable wifi. easy check-in process. comfortable and clean.,244.63
listing2424,2,2,3,Private room,Downtown,Spacious and bright. walk to great restaurants. parking available nearby.,199.19
listing2425,5,1,11,Private room,Downtown,Quiet street. a bit dated but functional. shared bathroom down the hall.,194.47
listing2426,4,2,5,Entire home/apt,Downtown,Well maintained. easy check-in process. comfortable and clean. convenient location.,264.76
listing2427,5,1,6,Private room,Downtown,Recently renovated. close to public transit. high-end appliances. spacious and bright.,233.78
listing2428,2,1,5,Entire home/apt,Uptown,"A bit dated but functional. parking available nearby. thin walls, budget option. close to public transit. shared bathroom down the hall.",175.86
listing2429,4,2,9,Entire home/apt,Uptown,Comfortable and clean. convenient location. great for a short stay. close to public transit.,242.64
listing2430,3,1,7,Private room,Waterfront,Quiet street. modern finishes throughout. recently renovated. walk to great restaurants.,233.78
listing2431,1,3,2,Entire home/apt,Uptown,Modern finishes throughout. responsive host. walk to great restaurants.,216.28
listing2432,1,1,3,Entire home/apt,Downtown,Comfortable and clean. reliable wifi. parking available nearby.,184.8
listing2433,3,2,4,Entire home/apt,Waterfront,Recently renovated. spacious and bright. responsive host. walk to great restaurants. parking available nearby.,308.86
listing2434,2,3,5,Entire home/apt,Downtown,No frills stay. easy check-in process. basic amenities.,218.06
listing2435,1,1,3,Entire home/apt,Suburb,Reliable wifi. quiet street. well maintained. easy check-in process.,163.79
listing2436,3,3,7,Entire home/apt,Downtown,Marble bathroom and premium linens. parking available nearby. private rooftop access. stunning skyline view.,375.72
listing2437,4,3,9,Shared room,Uptown,Walk to great restaurants. recently renovated. close to public transit.,213.73
listing2438,2,3,3,Private room,Suburb,Well maintained. easy check-in process. standard kitchen and bath. reliable wifi.,140.99
listing2439,5,1,6,Entire home/apt,Waterfront,Standard kitchen and bath. close to public transit. reliable wifi. comfortable and clean.,271.41
listing2440,4,3,5,Entire home/apt,Waterfront,Comfortable and clean. responsive host. convenient location. quiet street.,295.95
listing2441,3,3,4,Private room,Waterfront,"A bit dated but functional. close to public transit. shared bathroom down the hall. responsive host. thin walls, budget option.",164.08
listing2442,5,3,11,Entire home/apt,Downtown,Walk to great restaurants. parking available nearby. modern finishes throughout. recently renovated.,347.84
listing2443,3,1,4,Entire home/apt,Waterfront,Quiet street. recently renovated. high-end appliances. modern finishes throughout. responsive host.,292.37
listing2444,1,3,3,Private room,Suburb,Great for a short stay. easy check-in process. standard kitchen and bath. convenient location.,116.34
listing2445,1,1,2,Entire home/apt,Suburb,Easy check-in process. well maintained. convenient location. quiet street.,156.98
listing2446,5,2,6,Entire home/apt,Uptown,Responsive host. comfortable and clean. standard kitchen and bath.,271.58
listing2447,5,2,6,Entire home/apt,Uptown,"Great for a short stay. thin walls, budget option. no frills stay.",240.58
listing2448,4,2,9,Entire home/apt,Suburb,Recently renovated. spacious and bright. quiet street. close to public transit.,284.32
listing2449,1,2,3,Entire home/apt,Uptown,Reliable wifi. great for a short stay. standard kitchen and bath. responsive host. comfortable and clean.,188.65
listing2450,2,1,5,Private room,Downtown,Close to public transit. a bit dated but functional. no frills stay. basic amenities. responsive host.,132.5
listing2451,1,2,2,Entire home/apt,Downtown,Convenient location. close to public transit. comfortable and clean. standard kitchen and bath.,203.45
listing2452,1,3,2,Private room,Downtown,Five-star concierge service. responsive host. stunning skyline view.,246.11
listing2453,2,2,5,Private room,Uptown,"Parking available nearby. basic amenities. no frills stay. thin walls, budget option.",96.47
listing2454,3,1,7,Entire home/apt,Downtown,Easy check-in process. standard kitchen and bath. well maintained. reliable wifi.,245.42
listing2455,1,3,2,Entire home/apt,Downtown,Close to public transit. convenient location. responsive host. standard kitchen and bath.,194.39
listing2456,5,1,11,Entire home/apt,Downtown,"Quiet street. a bit dated but functional. thin walls, budget option. shared bathroom down the hall.",272.32
listing2457,3,2,4,Private room,Suburb,Comfortable and clean. parking available nearby. well maintained. great for a short stay.,154.7
listing2458,2,2,3,Entire home/apt,Downtown,Easy check-in process. reliable wifi. close to public transit. standard kitchen and bath.,217.31
listing2459,3,2,7,Private room,Downtown,"Responsive host. parking available nearby. thin walls, budget option. basic amenities.",163.53
listing2460,4,3,5,Private room,Uptown,"Shared bathroom down the hall. thin walls, budget option. parking available nearby. no frills stay.",171.08
listing2461,2,2,3,Private room,Downtown,High-end appliances. spacious and bright. quiet street.,173.19
listing2462,1,3,3,Shared room,Suburb,Reliable wifi. great for a short stay. quiet street. well maintained. convenient location.,73.73
listing2463,1,1,3,Private room,Suburb,Parking available nearby. comfortable and clean. convenient location.,89.37
listing2464,5,3,6,Private room,Uptown,Standard kitchen and bath. responsive host. close to public transit. comfortable and clean.,179.24
listing2465,1,2,2,Private room,Uptown,Easy check-in process. spacious and bright. walk to great restaurants.,144.28
listing2466,4,1,9,Private room,Uptown,Spacious and bright. walk to great restaurants. great for a short stay. modern finishes throughout.,241.21
listing2467,2,1,5,Private room,Downtown,Responsive host. great for a short stay. high-end appliances. walk to great restaurants.,208.04
listing2468,4,3,9,Shared room,Downtown,Comfortable and clean. standard kitchen and bath. reliable wifi. easy check-in process.,207.49
listing2469,1,2,3,Entire home/apt,Downtown,Convenient location. standard kitchen and bath. great for a short stay.,215.59
listing2470,5,2,6,Private room,Downtown,Easy check-in process. parking available nearby. standard kitchen and bath. well maintained.,226.58
listing2471,4,1,9,Entire home/apt,Waterfront,Convenient location. parking available nearby. comfortable and clean.,289.66
listing2472,3,2,4,Private room,Downtown,Quiet street. responsive host. standard kitchen and bath. reliable wifi. comfortable and clean.,176.21
listing2473,2,3,3,Entire home/apt,Downtown,"Thin walls, budget option. a bit dated but functional. no frills stay. easy check-in process.",204.39
listing2474,5,1,11,Private room,Uptown,Well maintained. easy check-in process. comfortable and clean. quiet street. reliable wifi.,206.41
listing2475,2,2,3,Private room,Uptown,Convenient location. close to public transit. well maintained. parking available nearby. comfortable and clean.,153.16
listing2476,3,2,7,Shared room,Downtown,"Responsive host. no frills stay. thin walls, budget option.",155.26
listing2477,2,3,3,Entire home/apt,Downtown,Great for a short stay. standard kitchen and bath. convenient location. quiet street. well maintained.,249.56
listing2478,2,1,5,Private room,Downtown,Recently renovated. modern finishes throughout. close to public transit. spacious and bright.,191.1
listing2479,3,2,7,Private room,Downtown,Standard kitchen and bath. comfortable and clean. close to public transit.,180.55
listing2480,1,3,2,Shared room,Suburb,Responsive host. great for a short stay. recently renovated. spacious and bright. walk to great restaurants.,131.32
listing2481,1,1,2,Shared room,Suburb,Quiet street. well maintained. standard kitchen and bath. reliable wifi.,62.53
listing2482,2,3,5,Private room,Uptown,Close to public transit. walk to great restaurants. modern finishes throughout.,199.94
listing2483,1,3,2,Private room,Uptown,High-end appliances. walk to great restaurants. spacious and bright. parking available nearby.,158.4
listing2484,3,3,4,Entire home/apt,Waterfront,"Thin walls, budget option. shared bathroom down the hall. parking available nearby.",240.11
listing2485,5,2,6,Shared room,Waterfront,Stunning skyline view. quiet street. parking available nearby. marble bathroom and premium linens. private rooftop access.,285.98
listing2486,1,3,3,Entire home/apt,Downtown,"Responsive host. thin walls, budget option. shared bathroom down the hall. a bit dated but functional. close to public transit.",192.61
listing2487,1,3,2,Private room,Downtown,Responsive host. standard kitchen and bath. comfortable and clean. close to public transit. reliable wifi.,162.55
listing2488,1,3,3,Private room,Uptown,Parking available nearby. high-end appliances. quiet street. recently renovated. spacious and bright.,189.57
listing2489,3,2,4,Entire home/apt,Waterfront,Convenient location. great for a short stay. quiet street. well maintained. standard kitchen and bath.,263.5
listing2490,2,2,3,Entire home/apt,Downtown,Close to public transit. comfortable and clean. reliable wifi. quiet street. well maintained.,206.42
listing2491,3,2,4,Entire home/apt,Downtown,Easy check-in process. standard kitchen and bath. well maintained. parking available nearby.,247.37
listing2492,1,1,3,Private room,Uptown,Responsive host. shared bathroom down the hall. a bit dated but functional.,105.68
listing2493,2,3,3,Entire home/apt,Downtown,"Close to public transit. basic amenities. easy check-in process. thin walls, budget option.",192.58
listing2494,3,3,4,Entire home/apt,Uptown,"Close to public transit. thin walls, budget option. no frills stay. great for a short stay.",204.29
listing2495,3,2,7,Private room,Waterfront,"Basic amenities. parking available nearby. great for a short stay. thin walls, budget option.",188.96
listing2496,3,1,4,Entire home/apt,Uptown,Comfortable and clean. reliable wifi. quiet street. responsive host.,222.41
listing2497,4,2,5,Private room,Downtown,Comfortable and clean. convenient location. quiet street. reliable wifi.,231.76
listing2498,3,2,4,Entire home/apt,Downtown,Quiet street. standard kitchen and bath. reliable wifi. great for a short stay.,236.21
listing2499,5,2,6,Entire home/apt,Suburb,Quiet street. spacious and bright. walk to great restaurants. modern finishes throughout.,272.12
