transaction_id,amount_usd,hour_of_day,account_age_days,transactions_last_hour,distance_from_home_km,is_anomaly,anomaly_score,flagged
tx102241,795.18,0,34.0,7,276.33,1,0.20213502183129572,1
tx102913,1079.57,0,31.0,4,284.57,1,0.20100439741206588,1
tx100142,565.5,22,43.0,7,460.84,1,0.19697248288934088,1
tx101021,349.87,21,47.0,9,285.94,1,0.1896824715413541,1
tx103149,2138.2,3,28.0,3,149.41,1,0.1875345641124757,1
tx103074,360.69,2,32.0,7,302.84,1,0.18541402754192404,1
tx101599,1344.08,9,59.0,7,128.98,1,0.18523831552718983,1
tx103709,1114.47,14,10.0,9,84.72,1,0.18367350966314278,1
tx104696,771.08,17,49.0,7,178.04,1,0.1813296517546591,1
tx103903,245.12,1,15.0,10,223.99,1,0.18023871204807396,1
tx100609,1406.3,1,5.0,11,35.75,1,0.1793608283610224,1
tx100575,1161.53,4,28.0,4,166.87,1,0.17785314335645408,1
tx101803,866.03,1,46.0,5,168.7,1,0.1774817055973047,1
tx102622,848.37,4,49.0,8,131.41,1,0.17739847227295802,1
tx101824,1080.33,2,45.0,6,130.85,1,0.17671546418772666,1
tx102503,890.29,0,11.0,11,52.13,1,0.17239758686264928,1
tx103717,410.21,1,22.0,6,197.09,1,0.17071047451297516,1
tx103057,598.02,2,12.0,4,233.67,1,0.1706327338567708,1
tx100927,450.52,15,49.0,8,165.91,1,0.1704380605658734,1
tx101679,521.54,13,30.0,8,156.42,1,0.16902592894884383,1
tx100153,166.0,2,55.0,10,192.22,1,0.1680549982378131,1
tx102595,470.39,16,4.0,8,131.09,1,0.16778440330612476,1
tx104721,495.96,17,40.0,7,165.56,1,0.16773247966306815,1
tx103696,637.7,6,58.0,5,197.8,1,0.16740717631216162,1
tx100557,295.8,16,20.0,6,315.35,1,0.1672514887856581,1
tx100836,1912.49,1,24.0,5,77.9,1,0.1669209305354652,1
tx102150,181.77,9,13.0,12,185.23,1,0.1665979443998803,1
tx103607,423.99,3,16.0,5,323.99,1,0.1661821380906151,1
tx101689,694.41,3,46.0,3,187.33,1,0.16582574373788095,1
tx101148,1300.49,2,10.0,7,60.99,1,0.16379423911585045,1
tx101350,396.7,1,34.0,9,110.75,1,0.16340136577542697,1
tx103182,229.14,23,19.0,5,228.8,1,0.1602777777365907,1
tx102209,354.4,7,54.0,9,110.9,1,0.15969386206962977,1
tx101387,264.46,3,35.0,10,157.99,1,0.1594600903330078,1
tx101295,997.9,4,17.0,13,22.6,1,0.15943937639665473,1
tx103890,1277.1,5,16.0,7,58.62,1,0.1553981709290232,1
tx104203,460.98,2,4.0,7,116.84,1,0.1544558155765854,1
tx104745,963.85,21,6.0,7,29.41,1,0.1529441267991446,1
tx104648,92.43,1,39.0,7,235.01,1,0.15203623852269577,1
tx103291,337.01,23,40.0,3,158.93,1,0.15084036416943547,1
tx100570,251.28,2,53.0,12,84.88,1,0.15079957857264525,1
tx102639,3339.77,1,23.0,5,37.49,1,0.14997561586243013,1
tx103350,1828.39,4,40.0,7,42.59,1,0.1493985318732104,1
tx100313,665.73,2,55.0,6,82.84,1,0.14717091164745022,1
tx100529,399.79,17,6.0,7,91.6,1,0.14685010034736767,1
tx100705,546.99,0,25.0,1,122.26,1,0.14677772447003123,1
tx101989,485.76,8,16.0,6,124.93,1,0.145351577991103,1
tx104788,651.85,0,12.0,11,3.16,1,0.14242352879949038,1
tx104837,1230.96,11,35.0,5,74.69,1,0.1419899706647325,1
tx102094,152.48,3,52.0,4,329.21,1,0.14106014565533553,1
tx100272,1082.19,21,38.0,8,6.63,1,0.1406172606267846,1
tx100417,140.76,11,6.0,10,130.44,1,0.13893172590115044,1
tx101213,2119.58,7,56.0,6,10.79,1,0.13820331581531398,1
tx104474,1022.87,14,37.0,5,60.9,1,0.13789585907277113,1
tx101877,491.75,2,16.0,7,66.96,1,0.1376060122329813,1
tx103703,1027.08,21,45.0,3,56.87,1,0.137542517510993,1
tx102856,574.21,21,52.0,10,31.56,1,0.13692485725912873,1
tx100689,869.68,21,46.0,7,18.44,1,0.13653702478133978,1
tx101031,235.96,19,10.0,6,122.79,1,0.1355663473209241,1
tx103615,657.24,3,51.0,9,34.73,1,0.13416106462500033,1
tx101141,78.64,7,42.0,10,137.63,1,0.13340337249326129,1
tx100033,1140.58,2,16.0,5,47.98,1,0.13056383236671076,1
tx102798,1686.08,22,28.0,5,14.47,1,0.1292267303071123,1
tx102877,1317.51,3,2.0,6,3.85,1,0.1282843166322739,1
tx104458,537.18,3,18.0,2,99.91,1,0.12667811359184944,1
tx103305,449.6,8,40.0,5,116.54,1,0.12627367734381167,1
tx104343,784.38,1,21.0,7,10.47,1,0.12569922261359223,1
tx100038,326.85,5,59.0,9,55.13,1,0.12430407708460733,1
tx102506,630.69,0,29.0,5,60.68,1,0.12344899908194584,1
tx104191,1181.28,10,13.0,6,17.54,1,0.1215253916323148,1
tx102023,133.81,15,4.0,3,238.71,1,0.11949065528134162,1
tx103909,635.97,3,14.0,3,76.72,1,0.11800292906898624,1
tx104923,1360.5,9,38.0,4,29.34,1,0.11663864409573022,1
tx104921,405.58,0,51.0,9,7.65,1,0.11629711229118855,1
tx104017,411.56,0,44.0,8,21.62,1,0.11463383759028989,1
tx102822,93.99,15,12.0,6,145.6,1,0.11374269467723808,1
tx104125,310.68,3,54.0,8,56.46,1,0.11308749528800366,1
tx100565,73.38,4,44.0,4,208.1,1,0.11263056347174583,1
tx101641,520.88,3,35.0,9,8.89,1,0.11175273690029897,1
tx104609,152.56,3,44.0,7,99.14,1,0.11114941259312483,1
tx101633,161.95,2,13.0,5,131.93,1,0.1099563020069394,1
tx104060,215.64,0,7.0,4,87.79,1,0.10937636918330929,1
tx100989,248.38,2,34.0,3,119.38,1,0.10881070954556427,1
tx101065,406.68,0,21.0,6,36.61,1,0.10640214421902783,1
tx104743,230.81,2,14.0,9,43.08,1,0.10575638028453904,1
tx101159,91.55,1,26.0,11,54.59,1,0.10539330753389453,1
tx102862,198.25,3,42.0,8,59.83,1,0.10466736375267316,1
tx103620,418.65,16,11.0,6,50.76,1,0.10459015290556295,1
tx100752,112.43,21,21.0,6,84.18,1,0.10440279529738505,1
tx102784,182.06,3,33.0,12,44.48,1,0.1027080620983164,1
tx103375,213.52,7,44.0,6,86.32,1,0.10193464571370892,1
tx103301,277.07,1,32.0,5,83.28,1,0.10178450992222832,1
tx100891,1202.6,11,24.0,5,0.34,1,0.10142615728685667,1
tx103702,149.17,0,55.0,8,49.26,1,0.10062922922235762,1
tx102331,438.12,3,32.0,4,68.22,1,0.09979950716943731,1
tx102825,919.66,14,7.0,5,12.13,1,0.09899951265389884,1
tx104570,800.6,0,48.0,5,1.18,1,0.09709846280505474,1
tx104868,240.05,14,32.0,6,62.37,1,0.0969152494900063,1
tx100428,508.22,15,1.0,2,56.87,1,0.0961766004266591,1
tx102029,420.03,4,55.0,4,63.93,1,0.09519941032873214,1
tx103766,479.89,7,6.0,3,58.92,1,0.09451975699226323,1
tx104848,477.57,4,19.0,7,14.63,1,0.091415338902192,1
tx104064,743.43,1,25.0,4,12.31,1,0.09138554129575027,1
tx103112,463.84,8,44.0,8,3.78,1,0.09114841424804299,1
tx102465,1116.48,11,49.0,4,0.65,1,0.08755340113273158,1
tx100821,416.63,4,35.0,6,37.07,1,0.08715224826351609,1
tx100730,508.54,8,2.0,2,55.5,1,0.08582678521051712,1
tx101017,636.53,2,34.0,5,17.11,1,0.08579481876107231,1
tx102430,136.84,4,3.0,16,15.06,1,0.08357258622887365,1
tx103730,414.94,16,43.0,5,39.96,1,0.08324314869201799,1
tx100833,232.36,2,1.0,6,47.36,1,0.08157237867594336,1
tx104215,472.98,15,20.0,6,5.65,1,0.08134220661965685,1
tx104904,782.68,3,44.0,4,7.59,1,0.08127395600542275,1
tx100809,209.89,0,44.0,7,15.41,1,0.07872805948970041,1
tx100794,79.21,1,33.0,2,106.25,1,0.07623203013129609,1
tx104867,462.16,13,14.0,6,17.55,1,0.07577304567067222,1
tx104706,219.04,15,24.0,4,60.09,1,0.07557161860558925,1
tx101973,298.18,15,41.0,7,15.41,1,0.07328076070610656,1
tx100425,142.11,2,2.0,6,55.44,1,0.07274503970706259,1
tx101660,167.36,17,34.0,4,68.96,1,0.0718691117371163,1
tx104752,120.03,3,55.0,7,50.22,1,0.07125030085590778,1
tx101028,122.49,21,39.0,5,54.94,1,0.07124685637895456,1
tx103178,430.27,3,1.0,5,23.1,1,0.0701719142879561,1
tx103667,302.5,5,10.0,7,4.86,1,0.06939627822142835,1
tx100744,180.33,4,42.0,7,24.49,1,0.0662207057893257,1
tx103926,190.82,13,54.0,7,25.68,1,0.06530066154726633,1
tx100818,399.6,4,52.0,2,44.03,1,0.06333647451241886,1
tx104795,347.69,0,7.0,4,10.28,1,0.062232386390285055,1
tx103983,117.97,5,2.0,4,73.31,1,0.06182820407823586,1
tx103493,165.48,4,41.0,3,73.01,1,0.06007948105920968,1
tx102391,229.08,4,15.0,6,27.46,1,0.057576057687524385,1
tx101470,385.75,4,41.0,3,33.28,1,0.055104818494190355,1
tx100904,245.11,2,38.0,4,40.36,1,0.053853243539955464,1
tx104075,410.28,8,5.0,5,1.2,1,0.05311290836447624,1
tx104932,148.48,3,26.0,2,71.06,1,0.05266354428016384,1
tx103867,217.18,3,2.0,6,8.69,1,0.04311675602122289,1
tx103019,174.15,9,49.0,4,45.59,1,0.036781657192809125,1
tx100646,37.61,20,1993.0,3,42.56,0,0.03453623837673614,1
tx101158,163.0,22,48.0,5,2.49,1,0.03360513874600213,1
tx103585,293.56,17,20.0,3,16.33,1,0.03173462260479942,1
tx104232,160.74,1,1486.0,4,7.32,0,0.03143374621750583,1
tx103262,230.18,3,2.0,5,13.3,1,0.030838172191786195,1
tx102380,175.4,2,26.0,5,19.0,1,0.02596089965213988,1
tx104218,182.01,2,53.0,5,17.76,1,0.025597492621959095,1
tx103476,47.0,20,1951.0,3,25.59,0,0.010470134700338196,1
tx104487,184.76,21,1590.0,0,5.08,0,0.010081168169619459,1
tx100115,127.83,19,1981.0,3,0.4,0,0.010009812058876522,1
tx101892,218.88,2,49.0,3,9.48,1,0.006590072537154712,1
tx102031,133.71,20,1765.0,3,6.44,0,0.002168941843428751,1
tx102155,149.41,4,2.0,4,18.5,1,0.00027713277619922927,1
tx104627,7.06,4,331.0,0,36.76,0,-8.571116789646283e-06,0
tx101395,269.14,8,31.0,2,12.93,1,-0.0004427934931569011,0
tx104973,80.69,23,1458.0,4,2.86,0,-0.0034305392337338203,0
tx104656,9.29,12,121.0,4,34.1,0,-0.004427356017825623,0
tx101508,146.85,4,52.0,5,0.53,1,-0.004519905305790273,0
tx104663,55.23,0,827.0,3,21.58,0,-0.007361654097344794,0
tx101029,77.22,20,1886.0,4,5.06,0,-0.00799242933377442,0
tx104141,111.09,0,50.0,4,1.14,1,-0.008988271864714625,0
tx103187,166.41,23,958.0,1,5.33,0,-0.009912264901367429,0
tx100270,125.16,5,1401.0,4,5.48,0,-0.010340164732485002,0
tx100887,165.2,11,1937.0,0,5.89,0,-0.010532183043935661,0
tx100239,157.28,0,24.0,2,2.13,1,-0.011397092010887122,0
tx104095,43.88,1,1968.0,4,1.52,0,-0.015628995229781006,0
tx100965,135.97,1,1363.0,0,8.82,0,-0.01603403337391951,0
tx101245,238.04,14,1756.0,1,6.77,0,-0.016073884168436914,0
tx102996,68.06,17,514.0,3,41.44,0,-0.016386439612248727,0
tx101478,213.28,10,1730.0,0,4.54,0,-0.01656898158211728,0
tx103360,162.17,14,1844.0,2,0.52,0,-0.017737722778477627,0
tx103422,66.35,19,1930.0,4,2.91,0,-0.018539503523538836,0
tx101250,162.12,3,4.0,2,8.24,1,-0.019588904795670325,0
tx100062,58.59,18,874.0,6,1.21,0,-0.020462751062521378,0
tx104206,121.1,17,225.0,2,26.49,0,-0.020902810720544784,0
tx101997,72.26,1,725.0,4,13.83,0,-0.022088358517771356,0
tx104658,34.66,20,966.0,2,46.8,0,-0.02315175167543415,0
tx102002,142.39,0,513.0,0,8.2,0,-0.023605835904578543,0
tx103098,84.47,20,472.0,4,15.7,0,-0.024215982186489793,0
tx104493,12.18,23,1054.0,4,7.02,0,-0.024539330313938734,0
tx103483,187.86,15,265.0,3,0.12,0,-0.024546349812674007,0
tx103916,58.22,18,1938.0,0,20.65,0,-0.024828952827877337,0
tx103489,114.49,19,1980.0,0,1.68,0,-0.026635477807281482,0
tx102438,129.94,19,1991.0,1,5.88,0,-0.027834769435701956,0
tx101441,172.18,21,500.0,0,1.35,0,-0.028488394353913593,0
tx100986,145.6,14,1915.0,0,5.27,0,-0.028599581714240818,0
tx101510,27.48,0,1559.0,0,17.87,0,-0.028811972637930228,0
tx102464,17.44,4,1302.0,5,0.12,0,-0.029149158117871,0
tx101926,58.43,20,1506.0,1,34.95,0,-0.03008287417988953,0
tx104782,117.44,21,57.0,2,13.02,0,-0.03138562107060783,0
tx102157,21.27,1,1553.0,1,26.98,0,-0.03151393920885748,0
tx101485,77.71,8,1974.0,0,15.5,0,-0.03242698716504622,0
tx104212,37.01,18,1840.0,5,2.28,0,-0.032515934882513475,0
tx104898,13.72,15,1268.0,5,14.51,0,-0.03336230168703924,0
tx104581,96.24,14,1834.0,2,18.87,0,-0.03336477195738197,0
tx102322,17.57,1,422.0,0,21.12,0,-0.03381261897971599,0
tx103933,148.87,17,1015.0,3,0.68,0,-0.03450286887932685,0
tx103551,125.25,0,1224.0,2,4.73,0,-0.03476934640632301,0
tx101374,26.01,22,1876.0,3,13.42,0,-0.03510221854124296,0
tx102992,113.12,18,1581.0,0,13.3,0,-0.035202644927255666,0
tx102570,43.0,8,1935.0,3,17.01,0,-0.03521803376153976,0
tx104244,201.81,9,89.0,1,0.49,0,-0.03526231726464912,0
tx100314,36.39,14,1703.0,6,5.59,0,-0.035614103171418,0
tx100648,37.62,9,1008.0,6,0.18,0,-0.03583205942532963,0
tx104989,82.19,17,155.0,4,14.36,0,-0.036035637119212316,0
tx100025,51.27,21,471.0,1,36.67,0,-0.03666999910217705,0
tx101166,151.77,14,514.0,2,23.45,0,-0.03704996725791021,0
tx103313,51.68,16,1509.0,3,24.05,0,-0.037060777244962595,0
tx101427,19.38,21,1692.0,0,22.53,0,-0.03745216472459467,0
tx100321,128.18,16,886.0,1,22.37,0,-0.03764677558826601,0
tx100004,16.68,8,1925.0,0,21.54,0,-0.03820267634103902,0
tx102287,138.32,20,1586.0,0,2.31,0,-0.03832917782017309,0
tx104939,90.95,21,1571.0,0,14.27,0,-0.03919076759282614,0
tx104156,157.66,18,1439.0,1,11.33,0,-0.03931164085872718,0
tx104899,64.87,2,1375.0,3,15.0,0,-0.039366557007712744,0
tx102355,64.31,0,107.0,1,16.29,0,-0.04069004858901515,0
tx100939,81.7,12,36.0,4,15.13,1,-0.04082005672034006,0
tx104747,21.08,9,316.0,6,3.44,0,-0.041707436979523504,0
tx101931,23.97,6,1871.0,3,17.09,0,-0.04173404436898054,0
tx100458,10.58,0,1984.0,2,1.35,0,-0.041779924979402194,0
tx104672,130.9,9,1998.0,1,2.34,0,-0.041975079756330524,0
tx100785,32.08,0,954.0,4,0.34,0,-0.042073110846500006,0
tx104380,161.67,10,75.0,3,4.91,0,-0.04222778713572206,0
tx100617,88.11,23,1668.0,0,10.02,0,-0.042512478350505756,0
tx102358,11.01,19,1711.0,4,8.62,0,-0.042566897649221946,0
tx104476,154.28,8,1424.0,0,11.18,0,-0.04263564160988942,0
tx100864,144.88,13,1642.0,0,7.96,0,-0.04277076639709265,0
tx100105,171.24,8,238.0,1,12.77,0,-0.042883860902758086,0
tx102184,14.2,19,59.0,4,10.79,0,-0.04315573754647395,0
tx101672,14.45,10,52.0,3,25.2,0,-0.04337377211209348,0
tx103834,49.72,3,1640.0,0,17.0,0,-0.043556792595819904,0
tx100593,48.46,16,1799.0,1,33.75,0,-0.04378006117023059,0
tx102870,35.48,1,1909.0,2,14.63,0,-0.044585560078501674,0
tx100676,97.48,0,1296.0,0,4.06,0,-0.04464861494943384,0
tx102310,67.46,21,860.0,1,26.39,0,-0.044712523511041935,0
tx102233,26.96,22,1988.0,0,13.93,0,-0.04520448615493178,0
tx100636,20.21,20,1930.0,2,17.68,0,-0.04609572862291367,0
tx104676,155.04,18,1261.0,2,1.1,0,-0.046941730300093965,0
tx102676,54.22,1,1976.0,0,3.74,0,-0.04739400538587679,0
tx103146,119.08,16,1867.0,2,1.31,0,-0.0475339362459678,0
tx101317,22.24,23,840.0,4,4.34,0,-0.04761226898562043,0
tx101103,69.93,22,1926.0,2,0.16,0,-0.04863005268398091,0
tx102466,37.26,13,1405.0,6,2.28,0,-0.04901325463109929,0
tx104165,15.1,14,1179.0,2,47.44,0,-0.04935299484872213,0
tx103537,15.95,0,1970.0,0,4.22,0,-0.04995344514426725,0
tx102018,93.16,7,1847.0,3,1.41,0,-0.0500753677014828,0
tx100938,172.14,8,936.0,2,3.51,0,-0.05039423244098562,0
tx103125,31.96,9,872.0,5,12.18,0,-0.05056736528531369,0
tx103331,14.39,12,75.0,5,2.71,0,-0.05056964054114932,0
tx102058,17.28,2,1985.0,1,15.63,0,-0.050600240666756946,0
tx101270,136.89,20,798.0,0,8.68,0,-0.05065872391489601,0
tx101064,84.72,21,1763.0,0,11.75,0,-0.05082789585880587,0
tx104573,22.93,20,1771.0,4,5.98,0,-0.05085160562008628,0
tx101472,26.09,1,1701.0,1,18.14,0,-0.05088121337620244,0
tx100996,30.99,21,1744.0,0,19.98,0,-0.050957930454836986,0
tx103081,183.88,12,1027.0,0,1.79,0,-0.05109176116308145,0
tx100434,166.41,6,1036.0,1,1.21,0,-0.051343080186342926,0
tx101138,161.7,15,863.0,0,4.49,0,-0.05171171159085819,0
tx101784,5.71,9,1896.0,4,3.47,0,-0.051863723754059454,0
tx101318,109.42,7,1833.0,0,3.62,0,-0.05189889741452158,0
tx102141,18.98,6,1280.0,1,30.18,0,-0.051944329517126575,0
tx102574,80.37,21,1454.0,2,15.45,0,-0.0525813837101482,0
tx101023,46.05,23,114.0,3,1.48,0,-0.05314472880298682,0
tx100831,55.49,4,1986.0,2,8.5,0,-0.05317247716076445,0
tx103403,47.39,2,1660.0,4,1.89,0,-0.0532715401182452,0
tx102967,25.95,21,1415.0,1,27.3,0,-0.05362644242889769,0
tx103447,30.09,3,1831.0,0,14.82,0,-0.053886738657647926,0
tx104775,18.3,9,1974.0,0,18.45,0,-0.053920540369956305,0
tx103288,17.43,3,1669.0,0,15.98,0,-0.054010593770609905,0
tx100093,49.76,4,357.0,4,12.19,0,-0.05415000097134348,0
tx101564,26.33,23,1893.0,0,13.46,0,-0.05417744611576836,0
tx104936,19.39,9,1973.0,3,13.97,0,-0.05458994793919192,0
tx100326,20.51,2,1940.0,1,16.47,0,-0.0548828837432942,0
tx103052,162.0,9,402.0,3,2.63,0,-0.05489314202281581,0
tx104645,97.92,17,547.0,0,19.92,0,-0.05521260624531521,0
tx100229,49.72,12,74.0,5,2.81,0,-0.055279872671023966,0
tx100508,100.01,2,340.0,1,16.61,0,-0.05528596942380892,0
tx103033,117.8,13,1875.0,0,0.33,0,-0.05573661420800158,0
tx102101,37.35,0,49.0,0,4.9,0,-0.05580975930379717,0
tx104579,64.45,2,1420.0,3,9.52,0,-0.055843225863839274,0
tx102857,125.48,3,1259.0,2,3.39,0,-0.055947539843306804,0
tx102053,79.55,17,100.0,4,2.67,0,-0.05594934699187215,0
tx104847,191.16,12,421.0,2,3.75,0,-0.05595668540584464,0
tx102997,79.02,12,1908.0,0,15.61,0,-0.056023190779366905,0
tx101643,49.33,20,1661.0,1,22.79,0,-0.0560253096156097,0
tx102341,23.99,11,1700.0,5,1.04,0,-0.056043969516357706,0
tx100109,152.39,17,553.0,2,8.82,0,-0.05611308326750586,0
tx103955,63.16,11,1868.0,4,2.87,0,-0.056199279065226704,0
tx104896,30.42,10,925.0,3,32.43,0,-0.05640363823259875,0
tx103646,115.09,20,1496.0,1,0.0,0,-0.056521851394595424,0
tx103168,22.21,22,278.0,0,18.66,0,-0.05678011864823507,0
tx100758,106.92,20,1129.0,2,12.03,0,-0.057084657533402194,0
tx104382,20.95,16,1844.0,1,25.69,0,-0.057292184531723356,0
tx103387,22.39,19,760.0,2,30.55,0,-0.05747742142978518,0
tx101310,35.9,17,122.0,1,28.5,0,-0.0576337590973931,0
tx102417,13.37,1,1955.0,0,0.72,0,-0.0576702964689062,0
tx103682,37.12,18,1867.0,0,20.56,0,-0.05811107351186229,0
tx100868,111.22,17,1416.0,3,3.15,0,-0.058113190051092944,0
tx101407,29.02,15,1497.0,2,33.91,0,-0.058129808842744546,0
tx102945,23.88,4,1985.0,3,3.71,0,-0.05832582897118699,0
tx102112,86.55,13,1428.0,4,6.88,0,-0.05855834357534917,0
tx100166,32.0,20,545.0,5,0.6,0,-0.05874853762034804,0
tx100439,18.35,2,485.0,4,0.53,0,-0.05889116253492854,0
tx102835,78.77,4,1794.0,1,14.22,0,-0.05904939079229499,0
tx101532,90.17,14,1728.0,0,16.1,0,-0.05917352133279141,0
tx103733,48.03,8,1939.0,3,10.75,0,-0.059335290026832355,0
tx100055,14.08,17,720.0,0,26.59,0,-0.05935360207596729,0
tx101358,46.45,23,47.0,0,10.25,0,-0.059475557269937696,0
tx102185,130.03,20,935.0,0,4.93,0,-0.05965504226890639,0
tx100415,41.78,22,971.0,3,16.35,0,-0.05990392360077601,0
tx102370,63.13,21,1068.0,2,20.09,0,-0.0599191568554015,0
tx102239,53.78,22,1785.0,0,13.44,0,-0.06028151675363058,0
tx101488,17.57,21,1959.0,3,1.29,0,-0.06031331606338175,0
tx100877,24.48,13,1458.0,5,8.72,0,-0.06043362564505084,0
tx102605,61.11,22,1625.0,3,2.17,0,-0.061085452505015625,0
tx101274,123.45,20,1046.0,2,1.58,0,-0.06150429057114215,0
tx103036,132.04,11,1737.0,1,8.04,0,-0.06157295268029228,0
tx102525,54.49,0,1246.0,0,11.68,0,-0.06157816556508078,0
tx103289,21.11,0,1238.0,3,8.74,0,-0.06158436840101755,0
tx104013,62.98,9,593.0,4,13.5,0,-0.06159539523678281,0
tx100707,36.78,6,643.0,2,27.69,0,-0.061997444035151394,0
tx103492,11.07,22,1988.0,0,7.17,0,-0.062397963209032126,0
tx101089,112.89,9,1692.0,0,6.94,0,-0.0626060972458179,0
tx102234,65.84,1,1030.0,1,16.58,0,-0.06265280790330074,0
tx101879,44.21,23,1751.0,2,10.73,0,-0.06269627555207824,0
tx104006,72.01,16,1872.0,2,14.78,0,-0.06319849209379647,0
tx100806,100.28,22,1279.0,0,5.5,0,-0.06329170558380282,0
tx102810,25.48,4,1923.0,3,8.7,0,-0.06334049333072511,0
tx102633,30.11,0,40.0,2,1.02,0,-0.06336306482854592,0
tx104507,103.24,22,789.0,0,0.28,0,-0.0633774446516443,0
tx103461,11.28,4,469.0,4,5.71,0,-0.06349161266746628,0
tx102919,21.33,21,1870.0,0,16.58,0,-0.06359923326652284,0
tx103353,23.31,20,1988.0,3,0.88,0,-0.06376549865316627,0
tx101858,63.73,19,1719.0,1,19.37,0,-0.06394315491664004,0
tx101180,46.6,3,145.0,4,5.82,0,-0.06405769687674712,0
tx100306,35.13,19,1278.0,4,10.75,0,-0.06406954659279374,0
tx100424,17.02,17,613.0,3,21.76,0,-0.0645093414643777,0
tx104830,35.02,2,1549.0,4,2.97,0,-0.06480789722959146,0
tx104682,31.62,23,1889.0,2,7.96,0,-0.06485655598129414,0
tx100226,9.53,12,39.0,4,2.94,0,-0.06507593207119977,0
tx104247,30.36,21,1542.0,0,19.97,0,-0.0651432746601407,0
tx102687,18.3,20,1227.0,1,24.31,0,-0.06540015646058128,0
tx102177,26.63,1,1996.0,2,3.25,0,-0.0654067691833039,0
tx104667,22.36,2,1986.0,2,1.18,0,-0.0655975421602003,0
tx100566,24.96,21,1888.0,3,7.57,0,-0.06578903594992103,0
tx100154,44.41,16,920.0,5,5.0,0,-0.06582691648089556,0
tx103891,69.44,23,1504.0,2,7.52,0,-0.0658727074243235,0
tx100624,64.2,23,58.0,0,5.17,0,-0.06594904330644713,0
tx100814,31.85,1,37.0,3,3.42,0,-0.06595878118069398,0
tx104435,40.01,3,1987.0,1,12.2,0,-0.06607920508193843,0
tx103927,5.66,3,1586.0,3,0.04,0,-0.06610172746873788,0
tx100929,119.81,14,48.0,0,4.84,0,-0.06621286391980163,0
tx100002,18.25,12,1206.0,5,5.64,0,-0.06634383598152771,0
tx104613,96.6,10,227.0,1,22.11,0,-0.06653621794096776,0
tx100312,68.12,8,1607.0,4,3.61,0,-0.06726861408242102,0
tx101953,47.08,5,315.0,2,22.33,0,-0.06748661584486304,0
tx104087,75.69,2,1710.0,0,5.4,0,-0.0675556368138367,0
tx104710,84.28,21,1033.0,3,2.87,0,-0.06766170839794361,0
tx100311,100.81,16,1898.0,0,1.11,0,-0.06771761025408252,0
tx103788,14.1,21,78.0,1,17.19,0,-0.06793020163248753,0
tx103479,60.79,22,87.0,0,10.9,0,-0.068180483866501,0
tx101124,43.58,21,1376.0,2,18.57,0,-0.0682798289232538,0
tx100947,15.55,0,1196.0,0,11.59,0,-0.06832804852940255,0
tx103918,52.38,19,374.0,3,16.94,0,-0.06842324653002496,0
tx103324,115.02,10,1631.0,0,7.28,0,-0.06872739908137449,0
tx103549,65.69,20,525.0,4,2.23,0,-0.06895837366931623,0
tx102730,27.87,18,1227.0,1,28.82,0,-0.06940728230941373,0
tx100767,57.99,0,1595.0,2,0.4,0,-0.06954358059811505,0
tx101601,33.19,0,1841.0,0,1.69,0,-0.0696712296213684,0
tx104339,39.97,4,1549.0,4,0.35,0,-0.06967507613706392,0
tx100800,133.8,9,293.0,3,0.18,0,-0.06969574728198535,0
tx102491,66.78,11,1906.0,3,0.42,0,-0.06975137816613464,0
tx104882,116.81,18,1339.0,0,0.54,0,-0.06975378818490796,0
tx102623,20.01,11,1439.0,5,3.06,0,-0.0700993813965799,0
tx103896,47.1,2,1910.0,0,1.79,0,-0.07019412430895677,0
tx100185,46.31,0,1742.0,0,5.43,0,-0.07027361116339281,0
tx101791,43.32,1,182.0,2,13.27,0,-0.07041769857403268,0
tx103207,31.12,13,1560.0,0,25.25,0,-0.07059750910405072,0
tx103902,77.6,6,1899.0,2,0.51,0,-0.07078350163815395,0
tx100156,20.14,13,539.0,0,26.85,0,-0.0707844615626082,0
tx104255,59.11,23,1793.0,1,10.19,0,-0.07088838738016734,0
tx102396,135.71,11,874.0,2,10.27,0,-0.07095835077762047,0
tx102207,51.2,12,1670.0,0,20.11,0,-0.07098771769521495,0
tx104982,15.13,21,60.0,1,16.43,0,-0.07144522120552133,0
tx100402,26.53,9,1900.0,0,17.64,0,-0.0715019615690965,0
tx103078,131.83,8,1385.0,0,6.05,0,-0.07154196942665603,0
tx101438,29.09,4,1997.0,0,0.1,0,-0.07172448014135657,0
tx102104,41.05,3,1947.0,2,1.12,0,-0.0718935221432464,0
tx104388,12.53,19,1369.0,4,0.53,0,-0.07196208503947765,0
tx100497,18.3,19,509.0,4,0.38,0,-0.0720153825985147,0
tx100281,50.46,10,1720.0,0,19.39,0,-0.07207271457718034,0
tx104955,30.13,18,1793.0,0,19.94,0,-0.07219836290879567,0
tx100738,78.82,20,988.0,3,9.14,0,-0.07223614554583158,0
tx103347,33.19,21,837.0,1,24.73,0,-0.07228338836473547,0
tx103328,15.14,16,1997.0,2,15.85,0,-0.07233852168541366,0
tx100194,42.48,3,61.0,3,7.47,0,-0.07238171479705402,0
tx100072,92.4,18,1925.0,1,0.78,0,-0.07245717106781935,0
tx102973,50.76,6,1931.0,0,10.04,0,-0.07256012487205843,0
tx104575,102.44,19,1641.0,1,9.29,0,-0.07261118710739933,0
tx101045,34.27,17,1745.0,4,0.99,0,-0.07269276531397051,0
tx100944,57.21,1,1680.0,0,1.03,0,-0.07272744008335208,0
tx102746,71.49,2,1366.0,2,11.22,0,-0.07275337921920988,0
tx100036,101.43,17,373.0,0,14.12,0,-0.0728448737740992,0
tx104931,82.48,11,332.0,1,27.68,0,-0.0729751977563251,0
tx103406,14.72,21,101.0,3,0.36,0,-0.07313657692118214,0
tx102004,67.42,8,423.0,3,16.07,0,-0.0731911633108947,0
tx100852,29.57,23,81.0,2,10.5,0,-0.07323326166482769,0
tx101990,20.05,11,618.0,5,3.19,0,-0.07325748977711066,0
tx102354,15.65,1,1869.0,0,0.65,0,-0.07327660655199675,0
tx100641,56.35,22,1899.0,2,3.22,0,-0.07333815203114935,0
tx103319,78.26,3,672.0,2,16.48,0,-0.07350273886312364,0
tx100733,56.09,8,710.0,4,11.88,0,-0.07355559668570366,0
tx100095,25.47,12,1862.0,4,3.07,0,-0.07359175209318258,0
tx103744,54.69,1,1796.0,0,4.58,0,-0.07376816491644289,0
tx100600,52.91,1,310.0,3,0.8,0,-0.07387354479242136,0
tx100734,50.45,1,139.0,0,0.93,0,-0.07389630209531983,0
tx101635,42.2,2,1874.0,0,0.22,0,-0.07400742118767645,0
tx101459,21.73,11,1015.0,5,3.91,0,-0.07410327268351569,0
tx104513,29.99,0,463.0,2,14.04,0,-0.07412059903876145,0
tx100851,29.08,0,1202.0,2,14.14,0,-0.07430005441821308,0
tx100537,72.3,16,381.0,0,21.6,0,-0.0743299142581968,0
tx103083,22.83,20,1456.0,3,15.62,0,-0.07446961495662141,0
tx104047,15.89,8,201.0,0,21.3,0,-0.07461823497756581,0
tx100922,9.71,14,318.0,4,7.97,0,-0.07468935959149248,0
tx101392,27.3,15,1849.0,1,22.82,0,-0.0748655013734072,0
tx100433,16.0,15,164.0,1,25.22,0,-0.07498456723593794,0
tx104551,30.16,1,1813.0,0,7.13,0,-0.07512058148365774,0
tx102202,30.78,0,1280.0,2,13.59,0,-0.07521078245020751,0
tx101988,62.02,11,1795.0,0,16.3,0,-0.07531003306525152,0
tx104641,61.42,2,467.0,0,13.6,0,-0.07539291891203947,0
tx100559,58.45,22,1885.0,2,1.11,0,-0.07564109716764733,0
tx102025,27.53,19,1908.0,1,18.24,0,-0.0756529059994483,0
tx101235,8.36,9,133.0,0,18.69,0,-0.0756823537516077,0
tx103566,17.64,8,1828.0,1,19.11,0,-0.07596700744722062,0
tx100307,90.49,20,670.0,3,6.25,0,-0.07599216781041207,0
tx104807,24.08,14,1907.0,3,14.13,0,-0.07607381612716269,0
tx102537,125.91,11,1474.0,0,0.39,0,-0.07613756823793794,0
tx100461,10.78,15,1666.0,4,3.38,0,-0.07622931750656903,0
tx104250,56.65,21,31.0,0,9.41,0,-0.07624175207741757,0
tx101932,27.98,7,295.0,4,9.0,0,-0.0763347278629034,0
tx104750,39.02,0,1230.0,2,13.29,0,-0.07633749876277152,0
tx101694,48.6,1,1947.0,1,2.48,0,-0.07639365011366295,0
tx101232,96.6,0,728.0,1,3.97,0,-0.07647148825086758,0
tx104254,18.29,2,1826.0,0,8.81,0,-0.07667934191360248,0
tx104037,12.95,15,77.0,1,20.71,0,-0.07695007814592392,0
tx104978,70.88,8,531.0,4,6.4,0,-0.07711097882456674,0
tx100014,73.75,6,1862.0,2,0.63,0,-0.07711436375466219,0
tx104972,29.51,14,837.0,0,28.09,0,-0.07721366564047494,0
tx101998,31.29,16,1092.0,4,11.36,0,-0.07729203465975987,0
tx104261,26.84,21,1972.0,2,9.62,0,-0.07734195762772411,0
tx104157,10.65,0,626.0,0,0.16,0,-0.0774532557290577,0
tx102846,64.06,0,1196.0,2,6.31,0,-0.07745519340280083,0
tx104624,72.2,22,1447.0,1,13.66,0,-0.07756415553332008,0
tx102599,78.92,19,1859.0,2,6.01,0,-0.07761431062705293,0
tx102037,20.27,18,1893.0,1,17.89,0,-0.0776739236079913,0
tx104666,47.01,0,113.0,1,1.39,0,-0.07777402207853579,0
tx102981,51.09,8,1934.0,2,11.07,0,-0.07808963060742014,0
tx100224,42.37,17,569.0,0,23.52,0,-0.0781303314383508,0
tx103494,128.51,8,764.0,0,0.53,0,-0.07820033890907585,0
tx101147,33.09,0,1508.0,3,1.94,0,-0.07844703721118806,0
tx104447,82.79,8,1976.0,1,7.11,0,-0.07845975281096951,0
tx100324,57.6,9,379.0,0,22.57,0,-0.07848882018447145,0
tx100810,85.82,17,1563.0,3,4.72,0,-0.0785083272533399,0
tx103040,37.77,14,101.0,3,16.4,0,-0.0787816099030123,0
tx103303,10.58,1,493.0,3,1.08,0,-0.07880246155946946,0
tx100188,24.12,14,1000.0,2,30.48,0,-0.07888067401797572,0
tx103872,28.23,20,1792.0,3,9.42,0,-0.07890980412982596,0
tx102376,53.57,0,498.0,2,0.01,0,-0.07891372511962613,0
tx103153,66.25,9,1881.0,2,11.71,0,-0.07907454796512359,0
tx101063,8.51,15,785.0,4,1.61,0,-0.07911379831942111,0
tx104322,140.26,16,1447.0,1,5.05,0,-0.07920332026352817,0
tx103738,99.34,11,1925.0,1,7.16,0,-0.07938889809991712,0
tx103515,104.19,21,400.0,2,4.23,0,-0.07945985366479691,0
tx100704,44.36,19,299.0,1,23.02,0,-0.07947796648855199,0
tx104495,17.31,9,1929.0,1,18.41,0,-0.07974928474813925,0
tx100881,8.15,13,1344.0,2,22.24,0,-0.07984764840252678,0
tx102345,48.3,21,1739.0,2,13.13,0,-0.0798919683171414,0
tx104985,79.37,14,589.0,2,23.62,0,-0.07991719774813733,0
tx102095,39.88,8,1830.0,1,18.38,0,-0.07994740422517688,0
tx104786,15.28,23,106.0,2,1.41,0,-0.08000460099113149,0
tx100907,24.62,20,1886.0,2,12.93,0,-0.08004786352406079,0
tx103664,64.01,12,873.0,4,7.18,0,-0.08022595282911615,0
tx101722,114.19,16,137.0,0,3.0,0,-0.08023152843238768,0
tx102414,114.16,8,1522.0,1,10.16,0,-0.08039179803862828,0
tx102250,14.61,7,862.0,0,20.43,0,-0.08039899790456506,0
tx102826,59.03,3,1316.0,0,12.94,0,-0.08053063032222285,0
tx101265,14.93,1,924.0,0,12.91,0,-0.08065969227899028,0
tx100658,64.91,22,1897.0,1,6.21,0,-0.0806630769586052,0
tx101234,94.14,16,1902.0,0,1.69,0,-0.08070742405355735,0
tx102040,90.94,18,1345.0,3,1.21,0,-0.08071973913239439,0
tx101559,17.99,1,1855.0,0,1.97,0,-0.08080914233735048,0
tx101571,41.5,17,1964.0,0,13.59,0,-0.08086792631075157,0
tx101030,72.05,1,1702.0,1,5.08,0,-0.08091336096785673,0
tx100516,11.15,5,56.0,0,0.1,0,-0.08104649102180184,0
tx103144,72.03,15,1898.0,2,8.27,0,-0.08120632287750629,0
tx102280,93.98,4,1413.0,0,4.5,0,-0.08123801198315006,0
tx102593,55.31,0,826.0,0,0.38,0,-0.08131119775167428,0
tx103505,86.12,1,381.0,1,0.44,0,-0.08133931519123172,0
tx101357,52.08,15,523.0,2,25.87,0,-0.08147457833026717,0
tx102802,15.94,22,1945.0,1,10.09,0,-0.08156585892644108,0
tx101056,72.37,2,1451.0,2,0.29,0,-0.08161261900867967,0
tx104161,57.31,0,1238.0,0,3.11,0,-0.08166404592984566,0
tx101363,33.88,0,495.0,3,1.53,0,-0.08169251519764065,0
tx102033,52.51,2,554.0,3,7.59,0,-0.08175928391514187,0
tx103329,27.16,16,1168.0,4,10.68,0,-0.08176832693184322,0
tx104419,72.75,19,1988.0,1,6.66,0,-0.08181430105674237,0
tx103414,20.51,18,1919.0,0,14.69,0,-0.08187788867506773,0
tx101163,106.07,11,1404.0,3,4.3,0,-0.08189727291455173,0
tx100468,23.76,16,1681.0,4,0.51,0,-0.08195948963516975,0
tx102710,40.09,4,35.0,0,0.2,0,-0.08197510160050536,0
tx104941,12.84,20,1995.0,2,0.43,0,-0.0820152045062883,0
tx100614,34.1,23,1520.0,3,3.33,0,-0.08205701458903547,0
tx102641,13.8,7,1915.0,3,1.93,0,-0.08208072685635748,0
tx101956,73.14,2,1584.0,0,4.42,0,-0.08214886089028095,0
tx100282,31.03,4,1858.0,3,5.52,0,-0.08234967982257269,0
tx103274,68.97,23,760.0,2,0.72,0,-0.08239079516166259,0
tx101414,17.44,16,1033.0,4,8.35,0,-0.08243444305514902,0
tx104858,8.95,11,1237.0,1,23.96,0,-0.08245660627205342,0
tx100102,121.84,15,193.0,2,0.75,0,-0.08263795830230858,0
tx102296,17.16,0,503.0,2,11.57,0,-0.0826402698175871,0
tx101127,107.02,11,1792.0,0,3.89,0,-0.08268715039217045,0
tx103642,107.51,13,1851.0,1,6.99,0,-0.08276814056711213,0
tx101080,13.52,0,1460.0,1,11.56,0,-0.08276927590952199,0
tx104267,7.17,22,142.0,0,7.6,0,-0.08278711016371698,0
tx100549,14.79,11,1354.0,1,26.06,0,-0.0828152644586494,0
tx101482,117.5,17,631.0,0,9.25,0,-0.08281678678790849,0
tx104109,35.94,18,1514.0,3,16.21,0,-0.08288441368039356,0
tx101462,40.09,4,1795.0,3,5.69,0,-0.08299355792365437,0
tx103883,16.74,16,1952.0,3,9.03,0,-0.0831353307165753,0
tx100082,123.16,13,107.0,0,2.73,0,-0.0832080751422053,0
tx102686,21.64,12,525.0,0,25.47,0,-0.083372059196122,0
tx100256,76.78,8,1662.0,3,1.03,0,-0.08341970007198041,0
tx100945,74.43,18,1656.0,1,16.05,0,-0.08345439145450506,0
tx100793,33.23,20,639.0,4,2.27,0,-0.08362050595110182,0
tx102664,57.65,0,753.0,2,1.33,0,-0.08364761904115836,0
tx100083,41.23,0,694.0,2,10.63,0,-0.08370782374969066,0
tx101382,100.72,11,1098.0,3,9.32,0,-0.0837794762019467,0
tx103975,85.32,12,1694.0,0,12.98,0,-0.08379946323541654,0
tx103917,50.17,12,1660.0,4,1.44,0,-0.0838690281961304,0
tx103772,10.92,20,272.0,1,17.75,0,-0.08396611168839219,0
tx104956,44.52,0,1680.0,2,2.58,0,-0.08396977640940895,0
tx100867,121.34,5,608.0,2,3.33,0,-0.08402285134490706,0
tx100598,53.75,0,621.0,0,5.91,0,-0.08405640322341112,0
tx102549,31.17,19,1334.0,0,21.57,0,-0.08406002904866194,0
tx104540,37.13,11,1989.0,3,0.69,0,-0.08422732491713014,0
tx101762,53.82,10,1870.0,1,17.21,0,-0.08425466770786161,0
tx100542,46.97,3,1848.0,0,1.34,0,-0.08425983184222996,0
tx102682,20.21,8,589.0,4,12.42,0,-0.08435476955143584,0
tx104671,23.18,15,1502.0,0,22.82,0,-0.08444631813093162,0
tx101704,72.53,22,137.0,2,3.64,0,-0.0844940369027023,0
tx102312,50.53,21,1345.0,3,9.19,0,-0.08481324347442709,0
tx101811,15.7,0,206.0,2,3.05,0,-0.08485887563398564,0
tx102832,46.09,2,918.0,0,14.55,0,-0.0848729931051625,0
tx100248,6.95,21,1987.0,1,0.57,0,-0.08509689441545665,0
tx103309,65.64,15,1481.0,1,20.22,0,-0.08524965579726573,0
tx101872,41.37,15,1695.0,4,0.44,0,-0.08531750106528979,0
tx100610,61.78,8,1684.0,2,14.96,0,-0.08546300981710042,0
tx102748,57.48,1,1731.0,1,0.19,0,-0.08552520731309532,0
tx102543,33.69,0,1707.0,0,3.57,0,-0.08554895213943348,0
tx100546,11.6,10,714.0,0,23.67,0,-0.08559195600975578,0
tx104259,9.91,10,1163.0,4,6.38,0,-0.08562478165731591,0
tx104092,55.29,12,719.0,0,23.08,0,-0.08563701463404993,0
tx102699,22.69,19,1663.0,1,19.29,0,-0.08567819549363642,0
tx102972,25.34,1,50.0,1,8.47,0,-0.08568831526178233,0
tx103307,98.37,10,1953.0,1,1.77,0,-0.0857472119001167,0
tx104018,13.07,2,1863.0,2,0.71,0,-0.08582752074945432,0
tx102611,39.61,1,794.0,3,0.41,0,-0.08585315694003925,0
tx100268,20.13,18,330.0,2,21.12,0,-0.08592897281771228,0
tx103920,18.52,18,876.0,4,3.45,0,-0.08625487620382466,0
tx104424,27.12,18,1047.0,4,6.48,0,-0.08640182296818444,0
tx101223,14.41,7,1922.0,0,10.11,0,-0.08643841292243581,0
tx100999,21.12,0,331.0,0,4.9,0,-0.08664337996904309,0
tx100290,37.33,7,1158.0,4,7.71,0,-0.08664684027292763,0
tx104000,22.29,14,1726.0,4,3.56,0,-0.0867901409798637,0
tx100672,31.42,14,1577.0,4,0.09,0,-0.08680503777754928,0
tx102573,37.13,12,211.0,4,9.2,0,-0.08682583295436025,0
tx100107,91.44,17,1815.0,2,2.45,0,-0.08686715877400375,0
tx103102,44.53,1,1575.0,0,7.99,0,-0.08693268976187363,0
tx103653,20.15,2,903.0,3,9.26,0,-0.08716015581643455,0
tx104253,9.69,21,1884.0,1,10.46,0,-0.08724955018866004,0
tx104924,66.12,6,1530.0,1,16.58,0,-0.08745226367211867,0
tx103677,10.33,19,1087.0,0,17.65,0,-0.08753242883853807,0
tx103839,52.12,22,1991.0,1,5.76,0,-0.08763753134820007,0
tx102337,105.11,11,1806.0,0,2.72,0,-0.08767219312418895,0
tx104772,24.19,15,158.0,0,19.85,0,-0.0876770984252842,0
tx100616,119.07,12,279.0,0,0.32,0,-0.08775123103113142,0
tx103061,17.71,2,97.0,0,2.44,0,-0.0880316209233043,0
tx102012,10.32,14,1309.0,4,6.28,0,-0.0881987067080875,0
tx101630,48.99,2,1074.0,3,0.33,0,-0.08836090943535951,0
tx104873,14.03,8,1082.0,4,4.52,0,-0.08836663444248055,0
tx103784,69.73,1,812.0,0,2.74,0,-0.08845641093051776,0
tx101565,92.92,18,1735.0,0,0.62,0,-0.08849161624764018,0
tx104958,84.22,9,1197.0,2,17.88,0,-0.08867427604270367,0
tx101863,11.89,0,1455.0,1,9.46,0,-0.08868094485575195,0
tx100101,19.7,1,235.0,2,0.28,0,-0.08874004064691543,0
tx101717,62.9,19,1183.0,2,16.33,0,-0.08876069181635582,0
tx104554,103.37,12,1811.0,0,4.21,0,-0.08877647524122834,0
tx102999,12.9,4,607.0,3,12.05,0,-0.08881017020616189,0
tx102300,14.65,14,1635.0,1,20.37,0,-0.0889241056329485,0
tx102342,26.63,0,507.0,2,10.57,0,-0.0889270977821579,0
tx104826,31.64,3,1993.0,1,7.15,0,-0.08893442173725569,0
tx104688,30.17,16,264.0,4,1.03,0,-0.08894035327453081,0
tx103960,18.15,0,287.0,2,5.82,0,-0.08896073131067755,0
tx103072,65.04,11,332.0,4,4.17,0,-0.08900827810003342,0
tx103245,8.34,21,1954.0,0,4.78,0,-0.08904752824949547,0
tx104831,13.66,1,536.0,3,3.01,0,-0.08907289062025442,0
tx101486,36.49,2,237.0,3,1.11,0,-0.0890984392264651,0
tx101185,142.9,9,1029.0,1,1.08,0,-0.08912676728814023,0
tx102868,16.52,1,1782.0,2,3.76,0,-0.0891988130727307,0
tx100837,24.27,20,1915.0,1,13.18,0,-0.08923141926749256,0
tx103910,65.01,18,1746.0,1,15.69,0,-0.08925263394534166,0
tx104392,11.73,9,1558.0,0,18.09,0,-0.0893092045724031,0
tx104217,31.59,15,1457.0,4,9.78,0,-0.08930926333570816,0
tx104080,11.79,0,1590.0,2,2.33,0,-0.08931086336675714,0
tx104518,29.83,23,66.0,1,0.87,0,-0.08939600322932334,0
tx100816,39.45,3,1301.0,1,17.15,0,-0.0895143480608675,0
tx100522,43.31,0,1443.0,0,1.51,0,-0.08958291808976193,0
tx102569,17.11,9,1944.0,2,12.73,0,-0.08971511632512036,0
tx102912,26.41,1,716.0,0,13.0,0,-0.08979748073825988,0
tx102585,8.07,21,896.0,2,15.01,0,-0.0898799457592459,0
tx103701,7.42,10,1358.0,0,17.27,0,-0.08993558740963453,0
tx103671,70.29,8,1999.0,1,0.43,0,-0.09001486352010934,0
tx102548,30.51,13,1701.0,4,0.93,0,-0.09003400576400034,0
tx104279,29.2,8,981.0,2,23.84,0,-0.09004365335566655,0
tx102659,25.84,17,900.0,2,22.89,0,-0.09017119045024291,0
tx101653,99.29,19,691.0,2,9.08,0,-0.09048459975938111,0
tx100358,37.31,0,697.0,0,8.64,0,-0.09056259803845046,0
tx101215,13.36,8,138.0,1,21.06,0,-0.0905664300332733,0
tx101090,25.2,7,1509.0,3,14.42,0,-0.09056747706209545,0
tx104369,28.84,0,476.0,0,0.0,0,-0.09068749139770299,0
tx102388,59.39,23,1756.0,0,2.89,0,-0.09071395446264291,0
tx102047,94.62,17,1616.0,2,0.66,0,-0.09079353713743143,0
tx100718,49.28,20,1332.0,3,9.8,0,-0.09084120743429108,0
tx101378,70.73,17,41.0,2,8.58,0,-0.09094057453614729,0
tx102278,74.45,15,1748.0,0,13.23,0,-0.09094469523323762,0
tx103650,61.2,21,1819.0,2,0.25,0,-0.0910580230883759,0
tx103791,50.29,20,211.0,3,7.45,0,-0.09105931762017294,0
tx104951,8.5,18,1739.0,3,0.89,0,-0.09106772954852971,0
tx103100,74.43,20,128.0,0,7.48,0,-0.09108109969018474,0
tx103278,22.41,3,1999.0,1,2.4,0,-0.09120311847348939,0
tx104585,130.97,16,534.0,0,1.42,0,-0.09121647792580495,0
tx101522,38.89,0,375.0,0,1.36,0,-0.09122308150039982,0
tx101628,24.24,21,127.0,0,12.89,0,-0.09130180648371988,0
tx104691,11.32,16,1846.0,1,17.2,0,-0.09133832317235152,0
tx100493,46.48,15,423.0,4,1.11,0,-0.09140638056242645,0
tx101143,79.05,10,1255.0,2,17.79,0,-0.09142342260493702,0
tx101197,124.56,9,483.0,2,8.59,0,-0.09143496886963587,0
tx101281,56.17,3,128.0,0,1.15,0,-0.09156739621246751,0
tx103326,25.9,0,1812.0,1,5.54,0,-0.09156756835847657,0
tx102292,21.16,0,1370.0,0,0.54,0,-0.0916624478061393,0
tx102985,55.46,21,1875.0,2,1.4,0,-0.09172631452557806,0
tx104359,38.6,0,893.0,2,8.78,0,-0.09199434415466773,0
tx104176,42.82,0,396.0,0,1.19,0,-0.09219764861297486,0
tx103597,18.93,14,716.0,4,0.27,0,-0.09220374941556359,0
tx103739,18.83,12,1987.0,2,12.41,0,-0.09241062269840933,0
tx100363,29.27,2,1820.0,2,0.72,0,-0.09248643251522481,0
tx104492,11.74,0,1695.0,1,2.75,0,-0.09256268930003325,0
tx100125,10.49,18,1960.0,0,8.99,0,-0.09259952897295504,0
tx100966,27.24,11,215.0,4,0.12,0,-0.09267060788900461,0
tx104634,53.82,16,570.0,4,2.19,0,-0.09270844532003875,0
tx102557,71.72,20,78.0,2,1.56,0,-0.09273394279098435,0
tx103050,40.54,13,1459.0,0,20.44,0,-0.0927426206321631,0
tx100355,84.54,6,1606.0,2,0.47,0,-0.09274876872357757,0
tx101546,25.4,11,1728.0,4,2.72,0,-0.0927648546735163,0
tx102979,20.28,1,593.0,3,3.32,0,-0.09279662746071654,0
tx101678,38.26,9,864.0,3,17.9,0,-0.09280579644124659,0
tx101970,27.43,20,1822.0,3,5.91,0,-0.09290331751652886,0
tx103003,35.3,3,1697.0,3,2.06,0,-0.09302371296281992,0
tx101802,28.75,21,820.0,2,17.25,0,-0.09303734987443918,0
tx100848,51.49,0,1659.0,1,4.77,0,-0.0930542094128326,0
tx103115,30.15,2,1882.0,2,1.3,0,-0.0931456212567583,0
tx103294,105.2,13,1741.0,0,4.0,0,-0.0932544457011471,0
tx101780,34.39,17,1910.0,1,16.87,0,-0.09325487307685276,0
tx104169,42.45,20,1765.0,2,12.87,0,-0.09327059146044764,0
tx102441,23.77,0,136.0,1,3.47,0,-0.09331169913677978,0
tx101521,114.51,9,1537.0,1,0.64,0,-0.09333484294144712,0
tx101128,78.56,5,1583.0,2,7.59,0,-0.09337573907083774,0
tx102420,21.75,12,222.0,4,5.04,0,-0.09338327211408909,0
tx102883,22.79,22,969.0,3,0.07,0,-0.09345137093719003,0
tx102166,18.04,19,1074.0,0,18.96,0,-0.09345326151388689,0
tx102429,57.36,1,490.0,0,1.14,0,-0.09374990959843393,0
tx103138,27.96,15,901.0,0,23.54,0,-0.09380590295478192,0
tx103856,32.87,20,74.0,0,11.91,0,-0.09386756739987578,0
tx103192,32.79,13,1781.0,2,18.66,0,-0.09395770040481172,0
tx100629,66.51,20,630.0,0,14.8,0,-0.09398890331838372,0
tx104504,125.73,8,437.0,2,2.42,0,-0.09401099176663613,0
tx101789,11.8,20,1645.0,3,4.36,0,-0.09406954768562864,0
tx100548,30.81,16,279.0,4,5.03,0,-0.09407174649764893,0
tx102628,15.12,19,1405.0,1,19.73,0,-0.0940740746360072,0
tx103410,35.64,15,1962.0,3,1.43,0,-0.09413404273291859,0
tx100773,26.49,18,1374.0,4,2.87,0,-0.09426287410264905,0
tx100849,37.85,21,1916.0,0,7.94,0,-0.09426966552135857,0
tx102603,120.96,9,1377.0,1,0.17,0,-0.09437935040943951,0
tx100001,31.49,11,437.0,1,29.19,0,-0.09438123012556315,0
tx101468,108.31,16,1405.0,2,3.47,0,-0.09456778871174965,0
tx101146,60.66,23,584.0,2,1.55,0,-0.09457058187044942,0
tx102787,10.78,8,1874.0,0,11.18,0,-0.09457418165319514,0
tx100594,28.02,20,1996.0,0,8.35,0,-0.09465526881626252,0
tx102654,11.07,19,1733.0,3,4.49,0,-0.09466989190051744,0
tx101814,24.96,21,253.0,3,0.99,0,-0.09481633374340775,0
tx100897,20.8,16,1745.0,2,17.54,0,-0.09485849377600936,0
tx101960,66.88,10,1944.0,0,0.37,0,-0.09486296771859565,0
tx100725,78.3,14,1855.0,2,0.52,0,-0.0948745649454854,0
tx104821,78.12,10,1594.0,3,6.13,0,-0.09494543876255135,0
tx103758,7.84,3,1568.0,0,5.29,0,-0.0951056461297844,0
tx102918,24.15,19,1490.0,1,19.91,0,-0.09512632962007861,0
tx103136,41.2,21,53.0,1,11.5,0,-0.09516177296429429,0
tx104145,38.59,8,1323.0,0,19.17,0,-0.09522560907276162,0
tx103310,15.89,6,1735.0,1,15.46,0,-0.09522805930709666,0
tx104861,16.48,16,469.0,0,21.46,0,-0.09524366339311885,0
tx103915,17.35,15,1315.0,4,0.4,0,-0.09524773542765119,0
tx101713,9.61,21,1149.0,3,1.54,0,-0.09527134844023388,0
tx101654,36.48,21,176.0,3,2.28,0,-0.09541077156396582,0
tx102982,73.63,8,64.0,0,7.91,0,-0.09543434430731124,0
tx103241,84.14,17,104.0,2,0.36,0,-0.0954366047414717,0
tx102749,89.63,8,1870.0,0,2.7,0,-0.09550429927863652,0
tx104379,20.24,3,57.0,2,1.28,0,-0.09555571230906024,0
tx103179,87.45,20,1365.0,2,5.46,0,-0.09557071156110258,0
tx103388,112.61,11,880.0,1,12.0,0,-0.09563568765711933,0
tx104410,15.63,20,684.0,0,17.44,0,-0.09569482646224448,0
tx100016,11.52,14,1377.0,3,16.36,0,-0.09585248537507857,0
tx101289,78.46,18,1920.0,1,1.67,0,-0.09590821641475472,0
tx100464,73.26,7,1573.0,1,14.33,0,-0.09591745071791252,0
tx104139,42.4,18,1211.0,2,20.72,0,-0.09597067057030934,0
tx100381,36.44,23,1916.0,1,0.85,0,-0.09603043472848777,0
tx104888,18.07,0,349.0,1,0.12,0,-0.09603896668901019,0
tx103930,96.02,21,466.0,0,1.73,0,-0.09605265358133669,0
tx102694,72.84,12,929.0,1,21.75,0,-0.0960604861569978,0
tx101205,45.56,16,440.0,1,22.74,0,-0.09622636511924021,0
tx102962,45.51,0,355.0,1,7.6,0,-0.09631981509176474,0
tx103868,16.94,3,1933.0,1,0.74,0,-0.09635052727537541,0
tx102247,87.24,15,885.0,3,0.96,0,-0.09647926551055896,0
tx102274,54.22,12,591.0,0,20.53,0,-0.09656363988460148,0
tx103865,32.64,23,1656.0,2,0.17,0,-0.09656395049709515,0
tx101503,39.8,8,1890.0,0,12.08,0,-0.09660213370123871,0
tx102516,108.43,8,363.0,0,5.29,0,-0.09660485852304301,0
tx101723,67.86,19,1935.0,0,1.52,0,-0.09674119697019518,0
tx101526,70.25,19,1918.0,0,3.44,0,-0.09685284211737477,0
tx100664,34.49,23,178.0,0,1.36,0,-0.0968773811398243,0
tx104943,47.58,21,1261.0,3,0.39,0,-0.09725424019214185,0
tx100230,15.45,0,813.0,0,2.72,0,-0.0972587060998934,0
tx104128,46.7,16,1451.0,4,4.18,0,-0.09726920241108,0
tx101085,16.18,14,995.0,4,2.08,0,-0.09737845620157465,0
tx100418,48.21,14,1530.0,4,1.93,0,-0.09741401643185332,0
tx100760,68.87,8,1969.0,0,2.71,0,-0.09743574576651148,0
tx103578,24.96,15,1897.0,0,15.54,0,-0.09748376669362191,0
tx101517,99.69,10,743.0,2,15.14,0,-0.09748404438377617,0
tx102152,15.52,2,1921.0,1,2.47,0,-0.09750775425557107,0
tx100962,30.19,17,111.0,3,11.98,0,-0.09756045401478902,0
tx103858,75.73,20,233.0,2,0.17,0,-0.09756170448523455,0
tx104365,20.16,0,1281.0,0,1.83,0,-0.09766450673647781,0
tx100436,55.72,6,1990.0,1,0.84,0,-0.09771190818596581,0
tx103570,16.42,18,762.0,1,22.21,0,-0.0977147000064214,0
tx104724,25.11,7,1811.0,3,1.57,0,-0.09776347642287109,0
tx100789,16.13,14,1189.0,4,4.19,0,-0.09777364591848198,0
tx103536,20.25,23,1083.0,2,8.82,0,-0.09778859121243605,0
tx103404,33.73,18,1903.0,3,5.1,0,-0.09779391192423192,0
tx104681,69.57,10,1681.0,3,2.13,0,-0.09788653257554097,0
tx101610,16.13,21,1058.0,3,8.32,0,-0.09790195734881241,0
tx104713,24.31,20,1743.0,3,3.04,0,-0.09793912835236857,0
tx104245,28.08,13,333.0,4,1.12,0,-0.09799614237195214,0
tx103196,18.12,16,48.0,0,14.46,0,-0.09820885965872356,0
tx100684,14.72,9,1999.0,2,0.84,0,-0.09824755607556707,0
tx103345,19.78,0,614.0,0,2.95,0,-0.09826913816739857,0
tx104689,45.97,1,1568.0,0,2.88,0,-0.09844371640063077,0
tx103037,76.03,2,847.0,1,9.48,0,-0.09845957072562411,0
tx102311,34.0,10,1844.0,1,18.2,0,-0.09848077988701764,0
tx100847,19.77,2,1728.0,0,4.55,0,-0.09854515922915802,0
tx102313,98.95,9,1616.0,0,0.26,0,-0.09861240778150016,0
tx103439,10.79,4,177.0,0,0.93,0,-0.09862535050337107,0
tx100092,54.04,21,237.0,2,12.06,0,-0.09866036114276272,0
tx101732,89.33,15,1844.0,0,4.75,0,-0.09870354087965894,0
tx101972,23.66,3,1269.0,3,6.6,0,-0.09881941365516794,0
tx103538,70.66,5,1365.0,2,9.17,0,-0.09886295398885675,0
tx104131,8.69,2,1815.0,1,2.07,0,-0.09895000377026725,0
tx102425,8.46,12,117.0,1,17.93,0,-0.09896928657648058,0
tx104608,13.38,9,1992.0,0,0.13,0,-0.09911804741666058,0
tx101493,34.01,14,331.0,4,2.83,0,-0.09923759770960738,0
tx100027,16.31,0,722.0,2,6.21,0,-0.09924456044580332,0
tx101502,48.95,17,845.0,3,13.77,0,-0.09927107145044278,0
tx104270,19.98,5,1951.0,1,9.76,0,-0.09929586779818639,0
tx102074,53.66,3,64.0,2,2.52,0,-0.0993023762504,0
tx101273,32.43,4,560.0,2,17.28,0,-0.09931505722032435,0
tx101755,60.29,19,382.0,2,15.52,0,-0.09944642449241697,0
tx103256,99.54,18,773.0,0,0.37,0,-0.09946534538350471,0
tx104700,33.54,21,1376.0,2,15.06,0,-0.0994720260241484,0
tx101036,52.4,2,1634.0,2,4.46,0,-0.09951834891368999,0
tx104358,106.98,18,727.0,1,9.55,0,-0.09957785722466855,0
tx100703,20.22,2,30.0,1,3.68,0,-0.09959432765855586,0
tx104251,95.81,21,1013.0,1,5.37,0,-0.09962013047653595,0
tx100168,25.48,13,295.0,4,1.09,0,-0.09962256882891218,0
tx104385,63.33,8,243.0,2,15.62,0,-0.09968492929945522,0
tx103269,65.74,10,1972.0,0,1.28,0,-0.10000574004157103,0
tx101821,9.81,0,469.0,1,3.86,0,-0.10001943425300336,0
tx103565,31.85,7,1105.0,1,21.33,0,-0.10041888855856795,0
tx101010,81.33,8,804.0,3,0.19,0,-0.10044595521089772,0
tx100056,40.93,19,612.0,0,17.47,0,-0.10051767695916108,0
tx104685,84.41,20,569.0,2,7.97,0,-0.10053146030930604,0
tx102062,57.84,21,818.0,0,14.51,0,-0.10061929230652694,0
tx104158,104.17,19,922.0,1,1.63,0,-0.10065116219480275,0
tx104029,22.43,0,796.0,1,10.24,0,-0.10065550436168957,0
tx102674,55.3,5,1947.0,1,1.79,0,-0.10067164731942368,0
tx101404,13.12,23,159.0,1,1.7,0,-0.10071084856914636,0
tx103433,99.32,10,1571.0,2,7.33,0,-0.10088227094730501,0
tx100383,61.66,1,359.0,1,1.48,0,-0.10095494404885086,0
tx100556,14.7,5,52.0,0,2.08,0,-0.10097135297034782,0
tx100305,19.68,22,1283.0,1,14.17,0,-0.10097150923756054,0
tx101845,28.45,2,1710.0,0,5.69,0,-0.10108781181301335,0
tx104661,31.66,20,1991.0,0,7.31,0,-0.1011756095967144,0
tx100329,53.98,23,563.0,2,0.41,0,-0.10118280333768215,0
tx101582,41.61,1,1532.0,0,4.8,0,-0.10122906845755153,0
tx100579,44.59,1,1373.0,0,4.75,0,-0.10124310835741751,0
tx100187,38.15,0,550.0,0,2.04,0,-0.10124847215311045,0
tx100846,8.22,10,1905.0,2,9.01,0,-0.10141397005207642,0
tx103695,18.47,21,1993.0,0,1.08,0,-0.10149016838226754,0
tx101830,29.93,3,985.0,3,0.07,0,-0.10149842747303861,0
tx101411,36.18,1,1572.0,0,5.38,0,-0.10151207322202765,0
tx104546,75.76,3,215.0,1,6.05,0,-0.10162172473705267,0
tx104106,43.8,5,99.0,1,11.79,0,-0.1016460169113822,0
tx100632,15.84,4,1944.0,1,0.27,0,-0.1017067398064545,0
tx104994,58.18,19,1036.0,1,18.78,0,-0.10171410890506888,0
tx104669,30.53,12,1899.0,3,8.84,0,-0.10172448047488802,0
tx103861,39.67,8,1790.0,3,0.9,0,-0.10177518538108227,0
tx100388,82.28,15,584.0,0,16.97,0,-0.10183621042942115,0
tx102445,112.09,15,654.0,2,2.57,0,-0.10189547613010452,0
tx102976,39.35,3,1433.0,3,4.9,0,-0.10191881811927261,0
tx101980,26.36,7,1764.0,2,12.47,0,-0.10194544312416554,0
tx102085,16.55,18,312.0,1,18.75,0,-0.10196675371409347,0
tx103315,20.15,20,1841.0,2,9.29,0,-0.10200755006511847,0
tx102849,38.41,22,1939.0,0,3.36,0,-0.10220725434273925,0
tx103716,43.23,15,126.0,3,11.8,0,-0.10225178241459343,0
tx103810,114.81,10,218.0,1,6.3,0,-0.10226672951383631,0
tx100933,41.64,0,411.0,1,7.04,0,-0.10232380340302383,0
tx104946,16.2,10,33.0,1,16.4,0,-0.1024495254840958,0
tx103418,27.96,12,1472.0,4,1.05,0,-0.10250365057258115,0
tx102550,15.9,4,1308.0,0,12.5,0,-0.10251312642562244,0
tx103367,21.15,20,128.0,3,3.87,0,-0.10251783605689962,0
tx102212,30.12,8,1324.0,4,2.73,0,-0.10264662334761271,0
tx100217,18.39,2,238.0,0,2.07,0,-0.10275077189257914,0
tx104284,44.99,11,1776.0,1,17.45,0,-0.10278384780452804,0
tx100127,6.11,15,1555.0,1,17.48,0,-0.10289665879532939,0
tx102193,36.47,14,1550.0,2,19.6,0,-0.1032730443410213,0
tx101337,38.52,15,1986.0,2,10.04,0,-0.10339681172753667,0
tx104803,54.66,17,1952.0,1,11.33,0,-0.10350044324077062,0
tx101389,21.82,15,1586.0,0,18.65,0,-0.10351644602171362,0
tx100019,32.02,2,160.0,1,0.06,0,-0.10357231108410075,0
tx100509,12.9,1,593.0,2,7.74,0,-0.10360434784224026,0
tx101921,19.53,9,1730.0,3,9.75,0,-0.10366120537420614,0
tx101130,21.41,2,217.0,1,10.89,0,-0.10366252541490922,0
tx104730,38.91,5,1789.0,2,0.1,0,-0.10371102559508377,0
tx101864,105.38,13,1756.0,1,5.32,0,-0.10374640251759282,0
tx102507,78.34,10,1421.0,1,16.46,0,-0.10375794711381608,0
tx100547,24.92,2,704.0,3,5.36,0,-0.10391425225295825,0
tx104068,9.25,21,956.0,1,15.31,0,-0.10391856730819671,0
tx102302,19.08,0,891.0,0,2.39,0,-0.10393741451096344,0
tx104089,76.86,20,1625.0,1,7.38,0,-0.10404190827370491,0
tx102067,14.96,1,1348.0,0,0.73,0,-0.1040784606414859,0
tx101303,20.02,2,1315.0,0,9.44,0,-0.10409304076365178,0
tx100289,101.6,10,1460.0,2,5.79,0,-0.1041009592014227,0
tx103792,53.75,18,1973.0,0,7.14,0,-0.1041565840906774,0
tx100842,11.37,4,61.0,1,1.25,0,-0.10417104068958039,0
tx104894,13.07,23,1124.0,2,1.94,0,-0.10418915808043844,0
tx102989,48.28,12,1315.0,0,18.52,0,-0.10427472572253843,0
tx100200,12.83,20,1960.0,1,7.2,0,-0.1042865992808531,0
tx103450,56.09,21,1830.0,1,8.82,0,-0.10429499550890681,0
tx104655,29.74,9,1222.0,4,5.24,0,-0.10433954077189089,0
tx103285,80.55,19,1819.0,0,2.7,0,-0.10450210169916929,0
tx103236,13.5,7,1530.0,0,14.29,0,-0.10450567443453873,0
tx101981,50.77,6,794.0,0,15.4,0,-0.10453218504164424,0
tx103525,11.35,11,1985.0,2,4.71,0,-0.10458722768747108,0
tx101772,42.66,18,725.0,2,19.27,0,-0.10462669578970585,0
tx101436,87.09,4,657.0,0,3.98,0,-0.10469387850972584,0
tx104674,15.38,21,1879.0,2,4.9,0,-0.10470043532738005,0
tx101477,41.82,21,1970.0,0,0.83,0,-0.10485584071917353,0
tx103148,41.06,22,1764.0,2,2.33,0,-0.10491622430634207,0
tx100347,9.17,21,345.0,2,8.04,0,-0.10491713927795876,0
tx100695,14.68,0,1268.0,1,6.49,0,-0.10509897361350695,0
tx104799,17.98,4,290.0,3,2.79,0,-0.10512947908206272,0
tx102563,92.41,19,304.0,0,1.71,0,-0.10514536957867532,0
tx102276,11.28,20,75.0,0,5.17,0,-0.10517876364657569,0
tx104223,18.99,10,663.0,4,3.73,0,-0.10518855064327315,0
tx102508,11.43,21,44.0,1,2.38,0,-0.10520273704187871,0
tx102731,34.26,15,1159.0,4,1.65,0,-0.1052674172142613,0
tx104930,19.95,2,1853.0,1,0.45,0,-0.10530360609796385,0
tx103539,54.46,2,1775.0,1,3.77,0,-0.10550889529476815,0
tx100801,26.39,2,701.0,3,2.02,0,-0.10553870988772257,0
tx104919,25.24,18,1998.0,2,0.3,0,-0.10568064371834063,0
tx104960,40.82,1,400.0,0,1.46,0,-0.10579749740870614,0
tx103752,25.55,20,1682.0,3,3.25,0,-0.10601538323332249,0
tx100780,18.7,10,1414.0,4,2.26,0,-0.10617535578311721,0
tx102519,14.33,1,515.0,0,3.87,0,-0.10617541218584448,0
tx101655,19.35,1,623.0,0,0.85,0,-0.1062274512903102,0
tx101278,77.13,9,1891.0,0,1.82,0,-0.10624138334727967,0
tx101003,41.1,3,1652.0,0,0.57,0,-0.10624992162160157,0
tx101316,47.62,0,643.0,1,3.22,0,-0.10629837329071778,0
tx102379,18.37,3,768.0,0,10.99,0,-0.10632749697112448,0
tx101766,41.81,1,1252.0,0,2.07,0,-0.10643618716389436,0
tx104044,18.6,4,1795.0,0,0.82,0,-0.10643619867814569,0
tx101024,45.27,5,229.0,0,10.45,0,-0.10645349923515346,0
tx102755,49.85,8,33.0,1,12.58,0,-0.10654112391559067,0
tx100975,57.33,21,1390.0,2,10.61,0,-0.1065637349492381,0
tx102652,89.41,14,198.0,0,10.03,0,-0.10657078016179644,0
tx101874,58.13,4,243.0,0,6.23,0,-0.10658633787399996,0
tx100696,38.75,0,340.0,1,1.79,0,-0.1066434827059638,0
tx104631,64.9,8,1861.0,2,1.69,0,-0.10665992324275475,0
tx104783,13.79,23,1206.0,2,5.14,0,-0.10668518566574214,0
tx101087,65.6,5,1431.0,0,0.02,0,-0.10673161263163067,0
tx103079,12.52,22,137.0,0,4.56,0,-0.10678532375320832,0
tx101251,44.97,10,807.0,4,5.74,0,-0.10680522429275208,0
tx103127,7.19,21,1734.0,0,2.24,0,-0.1068514749893888,0
tx104891,16.75,22,1911.0,1,0.22,0,-0.10685625691694445,0
tx101648,77.81,6,1390.0,0,7.59,0,-0.10694788843866887,0
tx101668,14.13,20,1993.0,1,0.43,0,-0.10697969712478261,0
tx104729,36.12,20,1939.0,2,5.61,0,-0.10700745333397665,0
tx104621,55.24,2,415.0,0,0.91,0,-0.10709612054705547,0
tx104967,8.32,15,1935.0,0,8.09,0,-0.10715901302157127,0
tx102754,66.48,3,666.0,0,0.6,0,-0.10716955636753495,0
tx100404,46.35,3,1274.0,2,11.5,0,-0.10718436887135707,0
tx100390,7.94,10,1957.0,1,8.1,0,-0.10722908806174347,0
tx102293,66.19,13,1998.0,1,1.14,0,-0.10734025709872569,0
tx104849,43.78,0,1347.0,1,0.88,0,-0.10738347989852698,0
tx101797,30.45,10,535.0,0,20.19,0,-0.1074178777462102,0
tx101286,83.4,6,851.0,2,7.89,0,-0.10751520651544277,0
tx104589,11.02,3,312.0,0,3.19,0,-0.10752324534773106,0
tx103573,40.69,12,1930.0,0,10.78,0,-0.10756725592120742,0
tx103779,23.23,0,1048.0,2,2.72,0,-0.1075842170293917,0
tx100720,9.01,18,885.0,3,10.18,0,-0.10760957845789781,0
tx100293,9.84,17,1998.0,0,3.2,0,-0.10768201714460252,0
tx104644,98.12,16,1117.0,0,8.41,0,-0.10772914618764168,0
tx101751,25.1,1,1767.0,1,1.43,0,-0.10774338550582407,0
tx101637,16.88,12,1691.0,0,16.08,0,-0.10774937158746567,0
tx102457,19.35,1,371.0,1,9.05,0,-0.10777005435885323,0
tx102584,29.82,21,485.0,3,6.92,0,-0.10778655197377163,0
tx104082,21.69,12,1329.0,0,19.25,0,-0.10779314682152258,0
tx103580,7.81,11,1239.0,3,12.13,0,-0.10783867785117218,0
tx102777,42.05,11,1029.0,1,23.68,0,-0.10785271114614076,0
tx103474,38.7,1,220.0,1,3.07,0,-0.10785720931447074,0
tx104268,27.99,23,385.0,2,4.76,0,-0.10791781700563596,0
tx104692,29.01,2,248.0,0,1.13,0,-0.10805590796108866,0
tx101881,35.98,4,1827.0,0,2.83,0,-0.10810151495335352,0
tx101144,22.4,1,226.0,1,2.68,0,-0.10815669371825931,0
tx103934,26.34,1,459.0,0,5.32,0,-0.10815888094600035,0
tx100971,39.98,3,1722.0,2,1.28,0,-0.10819232007411167,0
tx102119,30.07,1,552.0,2,6.73,0,-0.10823608575140731,0
tx103876,8.58,15,1362.0,0,16.25,0,-0.10824263933738398,0
tx102436,42.97,11,176.0,1,19.95,0,-0.10828996456285978,0
tx104496,27.08,20,1892.0,2,6.84,0,-0.108501649230614,0
tx100420,11.42,20,1933.0,0,4.09,0,-0.10855780599156623,0
tx101034,35.79,3,125.0,1,8.91,0,-0.10861215854519873,0
tx101258,60.19,21,1677.0,2,1.91,0,-0.10863176063493113,0
tx101259,128.03,13,410.0,1,0.33,0,-0.10866093665199023,0
tx104753,16.79,8,54.0,0,0.05,0,-0.10870526461341318,0
tx103529,23.68,23,409.0,1,11.34,0,-0.10877689592603845,0
tx100506,23.89,21,65.0,0,0.58,0,-0.1088061474985686,0
tx102830,10.29,16,1607.0,3,8.36,0,-0.10887183191732086,0
tx101380,19.34,13,1896.0,3,2.53,0,-0.10888764267928369,0
tx102926,77.12,21,369.0,2,1.99,0,-0.10890337593604044,0
tx100980,76.47,18,1639.0,1,10.97,0,-0.1089440449172972,0
tx100193,65.54,19,1637.0,1,12.74,0,-0.10894738637410145,0
tx102325,16.09,1,543.0,2,0.62,0,-0.10897824403749523,0
tx100899,57.33,21,1889.0,1,3.37,0,-0.1089912213475116,0
tx103698,33.72,1,1336.0,0,0.29,0,-0.10901205476524256,0
tx100201,36.76,21,1377.0,3,0.48,0,-0.10903719653649996,0
tx101945,14.49,1,1058.0,2,0.24,0,-0.10904105641673434,0
tx101405,68.57,18,1827.0,0,7.47,0,-0.10908652525237733,0
tx100483,33.33,11,950.0,4,5.35,0,-0.1090940736546746,0
tx104126,100.14,8,931.0,0,6.84,0,-0.10928861784561322,0
tx103210,48.16,21,1865.0,0,0.04,0,-0.10930652457051687,0
tx102709,23.9,21,799.0,3,9.08,0,-0.10931690197236704,0
tx102046,22.71,20,107.0,0,9.5,0,-0.10934480734196256,0
tx104205,76.46,18,1782.0,0,0.2,0,-0.10934547966791514,0
tx103840,13.77,0,1351.0,1,5.26,0,-0.10935845200103744,0
tx102261,41.65,15,1912.0,0,11.26,0,-0.1093642839461153,0
tx100577,17.59,21,264.0,0,10.92,0,-0.10938084986214208,0
tx103190,31.53,4,1695.0,0,0.14,0,-0.1094144777152013,0
tx104635,31.81,12,45.0,2,14.56,0,-0.10954174741024164,0
tx104531,37.02,3,1681.0,0,1.92,0,-0.10964152765787555,0
tx104352,26.17,17,773.0,3,14.58,0,-0.10966834702986833,0
tx104702,27.01,6,1956.0,0,3.13,0,-0.10993528769164324,0
tx101573,62.97,16,35.0,2,0.32,0,-0.10996310694987027,0
tx101268,41.89,6,1787.0,1,11.84,0,-0.10998473388949709,0
tx101683,95.08,12,409.0,2,12.04,0,-0.10999787154815144,0
tx104675,13.15,9,1243.0,1,20.61,0,-0.11003577147156685,0
tx103619,72.45,20,1726.0,0,1.84,0,-0.11005177486899481,0
tx104300,26.06,21,393.0,3,1.47,0,-0.1100667069564929,0
tx103544,62.53,21,267.0,2,0.55,0,-0.11009469942764266,0
tx103119,72.83,16,55.0,2,3.65,0,-0.11010560983401618,0
tx101914,35.37,15,645.0,1,21.81,0,-0.11012820182311839,0
tx101412,16.81,7,215.0,0,11.21,0,-0.11016690779786836,0
tx100247,54.45,22,1488.0,0,9.08,0,-0.11019533159173545,0
tx101248,27.88,23,1382.0,2,6.3,0,-0.11025502193063724,0
tx103220,94.56,12,1519.0,0,0.04,0,-0.11026215392239819,0
tx100059,117.19,12,1052.0,1,2.01,0,-0.11031678220825991,0
tx103692,18.54,10,1938.0,0,10.15,0,-0.1103732921760846,0
tx101416,55.11,2,186.0,1,4.49,0,-0.11039397392843009,0
tx104022,17.3,22,229.0,2,0.59,0,-0.1104319389936369,0
tx101886,9.08,1,1432.0,1,2.38,0,-0.11056629787883276,0
tx102317,17.81,14,84.0,3,0.32,0,-0.11059857484190577,0
tx100613,33.74,5,1647.0,3,1.89,0,-0.11070286017130188,0
tx103929,54.19,2,943.0,0,1.12,0,-0.11071898701465738,0
tx101134,39.25,10,1975.0,2,0.3,0,-0.11073080475429548,0
tx101954,86.74,16,1804.0,0,2.28,0,-0.11079271983833233,0
tx101184,41.01,11,330.0,0,18.72,0,-0.11083749801411774,0
tx102974,53.75,7,1799.0,0,7.14,0,-0.11084093997446115,0
tx100854,87.3,18,230.0,0,1.54,0,-0.11094285805498483,0
tx101812,37.84,9,404.0,1,23.48,0,-0.11096252003453128,0
tx101697,7.42,17,1800.0,0,8.9,0,-0.11109972700305992,0
tx104333,35.28,18,1902.0,0,10.92,0,-0.11112892572999844,0
tx102632,14.05,2,1682.0,1,0.12,0,-0.11113556571628519,0
tx102498,10.7,2,928.0,0,0.63,0,-0.11115287599248119,0
tx101975,13.12,1,1634.0,1,5.42,0,-0.11116416577559252,0
tx101212,71.87,21,920.0,0,8.48,0,-0.11119117446954002,0
tx102374,57.44,23,803.0,0,0.3,0,-0.11130009138821506,0
tx103740,16.27,13,719.0,0,19.58,0,-0.1113227825353933,0
tx104376,23.79,21,1349.0,3,1.05,0,-0.11136058447292113,0
tx102290,107.46,13,1209.0,0,1.84,0,-0.1114418906609575,0
tx104415,56.57,11,1920.0,1,8.67,0,-0.11144674454848857,0
tx101729,18.89,2,1608.0,2,7.21,0,-0.11153189841806382,0
tx104812,48.36,18,1983.0,0,2.42,0,-0.11158246557016233,0
tx101639,21.42,23,1781.0,1,0.65,0,-0.11158959621626896,0
tx102304,38.44,20,1982.0,0,1.54,0,-0.11162238305315497,0
tx104228,25.97,21,474.0,3,5.39,0,-0.11170911617736795,0
tx104051,15.12,1,639.0,2,1.69,0,-0.1117340819075936,0
tx100346,16.57,21,576.0,3,2.34,0,-0.1118350438939349,0
tx103124,41.78,4,1844.0,1,0.15,0,-0.11191140116566634,0
tx102254,30.17,2,264.0,0,2.35,0,-0.11191270026782574,0
tx102495,38.96,21,709.0,3,1.31,0,-0.11193628422978197,0
tx103911,20.55,10,1799.0,1,16.57,0,-0.11197764116252662,0
tx100561,15.68,22,98.0,1,6.86,0,-0.11199604561868398,0
tx103438,49.48,9,1742.0,3,4.35,0,-0.11200593927864572,0
tx104842,102.79,19,741.0,1,2.35,0,-0.11201191588128773,0
tx103691,9.91,20,1924.0,1,1.57,0,-0.11207440831971305,0
tx104843,23.02,3,240.0,0,1.89,0,-0.11211953902946648,0
tx103574,95.7,16,1338.0,2,0.58,0,-0.11212074798096155,0
tx104344,63.42,20,848.0,1,14.07,0,-0.11213455439270359,0
tx100691,35.72,10,1302.0,0,17.7,0,-0.11225203698841285,0
tx100284,35.51,6,72.0,0,0.97,0,-0.11227010401264204,0
tx103893,12.53,1,325.0,1,3.04,0,-0.1123038702247302,0
tx104453,81.99,20,568.0,0,6.97,0,-0.1123634834372797,0
tx104455,56.48,21,1859.0,0,3.67,0,-0.11240277498971551,0
tx101013,26.25,18,1985.0,0,7.68,0,-0.11243644834151051,0
tx104725,21.79,10,467.0,2,21.21,0,-0.11243687852134249,0
tx102286,103.15,16,1448.0,1,0.32,0,-0.11246395614584376,0
tx102164,35.29,11,818.0,0,20.71,0,-0.1125020778846057,0
tx101718,92.69,7,1009.0,0,0.9,0,-0.11250279918663958,0
tx100480,35.99,22,1862.0,0,0.51,0,-0.11252872019538479,0
tx104238,58.75,2,1514.0,1,7.36,0,-0.11259161916221361,0
tx100026,18.28,15,1803.0,3,7.95,0,-0.1126212797439568,0
tx102295,28.32,2,333.0,0,0.38,0,-0.11263301938194653,0
tx104517,22.79,1,1727.0,1,5.78,0,-0.11267212815478328,0
tx102625,67.73,23,638.0,1,2.68,0,-0.11269317168787901,0
tx100978,26.14,21,1663.0,1,14.21,0,-0.11273704683561969,0
tx103371,53.74,8,32.0,1,11.22,0,-0.11284262277341084,0
tx102405,7.73,5,353.0,0,5.59,0,-0.1128892744024752,0
tx103211,87.48,10,1753.0,0,2.34,0,-0.11297299261135307,0
tx102971,28.92,3,236.0,0,1.57,0,-0.11301537062739847,0
tx101685,17.82,1,726.0,0,3.99,0,-0.11304779012578509,0
tx100714,23.61,18,1821.0,3,4.36,0,-0.11309211276546172,0
tx102807,75.12,15,1710.0,2,1.39,0,-0.11311876170995444,0
tx102260,39.69,20,1756.0,1,12.82,0,-0.11312288271139614,0
tx102042,11.82,2,1446.0,2,1.26,0,-0.1131643116270365,0
tx103776,24.03,9,1921.0,1,12.99,0,-0.11318031116200922,0
tx100492,3.36,13,96.0,0,9.46,0,-0.1132261893501103,0
tx102819,10.64,2,674.0,0,0.94,0,-0.11324675435447379,0
tx100567,45.02,22,1204.0,1,12.48,0,-0.11329727087429492,0
tx100589,28.59,0,1467.0,1,3.7,0,-0.11332623934947561,0
tx102645,34.39,3,151.0,1,0.44,0,-0.11335558217181929,0
tx103989,38.02,21,170.0,0,7.31,0,-0.11335815117000425,0
tx101800,38.37,5,100.0,2,0.3,0,-0.11342008145693888,0
tx101898,23.1,8,54.0,3,4.17,0,-0.11342079942738331,0
tx104264,82.22,11,1142.0,3,1.36,0,-0.11352390571272725,0
tx103423,15.37,6,305.0,3,1.35,0,-0.113540767144856,0
tx101267,88.71,9,1645.0,0,5.6,0,-0.1135411526335629,0
tx100445,26.0,21,78.0,0,3.62,0,-0.1135448427425198,0
tx102275,9.63,20,249.0,2,7.31,0,-0.11356800890085966,0
tx102467,50.46,20,1970.0,1,2.87,0,-0.11366514940766576,0
tx102553,43.61,22,1844.0,1,0.16,0,-0.11377195866555084,0
tx100097,34.53,9,1954.0,2,5.48,0,-0.11388343348813618,0
tx103942,33.56,22,1955.0,1,1.61,0,-0.11396376823447985,0
tx100257,29.46,3,1849.0,1,0.95,0,-0.11405121751044167,0
tx103229,58.7,1,1134.0,1,4.18,0,-0.11405412975734208,0
tx104694,21.69,21,37.0,1,1.53,0,-0.11406044330892545,0
tx100202,85.76,6,1023.0,0,4.08,0,-0.11411926173145809,0
tx103449,21.74,20,1995.0,0,0.96,0,-0.11413660240879686,0
tx102837,11.76,13,1929.0,0,9.42,0,-0.11414790914150519,0
tx101119,19.86,21,1909.0,0,0.16,0,-0.11417651035258142,0
tx102690,10.42,9,1826.0,0,9.09,0,-0.11421435078105063,0
tx102489,88.11,18,1589.0,1,0.77,0,-0.1142383132888955,0
tx100994,16.41,17,1232.0,1,18.59,0,-0.11425593727128075,0
tx102283,8.76,3,285.0,1,0.39,0,-0.11433973142265869,0
tx102001,44.34,20,1860.0,0,7.04,0,-0.11434321522044916,0
tx103728,28.38,4,553.0,3,0.78,0,-0.1143488144541196,0
tx104732,38.28,23,946.0,2,0.47,0,-0.11444934307865301,0
tx103056,26.53,21,1815.0,0,9.03,0,-0.114460492594047,0
tx103962,27.07,23,182.0,1,2.89,0,-0.11463612207482926,0
tx102665,13.72,22,151.0,1,8.23,0,-0.11465799744219674,0
tx103266,33.3,12,1118.0,2,20.24,0,-0.1146694136789757,0
tx104709,22.33,21,1440.0,1,15.74,0,-0.11467167660926325,0
tx102621,21.46,21,304.0,2,11.67,0,-0.11472957306605752,0
tx103382,48.63,3,1615.0,2,5.22,0,-0.11475691268816474,0
tx103830,25.87,11,68.0,2,15.26,0,-0.11475868893424823,0
tx103751,13.01,18,38.0,2,3.72,0,-0.11481308373319732,0
tx100235,53.34,4,375.0,2,0.02,0,-0.11492554947946271,0
tx102084,67.92,4,1066.0,2,2.13,0,-0.11500435494952388,0
tx101306,19.15,3,781.0,0,9.36,0,-0.11503115833575256,0
tx104601,12.46,19,1580.0,3,4.3,0,-0.11505585583392192,0
tx103610,28.05,10,1979.0,0,7.8,0,-0.11508283261561819,0
tx104865,43.4,21,136.0,0,0.25,0,-0.1151534203552142,0
tx104853,30.54,21,1451.0,3,3.63,0,-0.11528635484927602,0
tx102020,6.94,14,412.0,1,17.33,0,-0.1153176734007822,0
tx104265,67.69,13,1675.0,2,8.18,0,-0.11531915257505088,0
tx104857,44.19,20,1400.0,3,1.1,0,-0.11545023179376479,0
tx104273,28.49,9,917.0,0,19.15,0,-0.1155738966531622,0
tx103327,11.6,17,1930.0,2,4.48,0,-0.11559948049165797,0
tx100003,72.47,8,488.0,3,3.47,0,-0.11562749005254813,0
tx103158,68.19,19,1775.0,0,6.13,0,-0.11566392132861864,0
tx104230,35.76,4,1905.0,1,0.51,0,-0.11567052699384855,0
tx102140,23.93,16,1401.0,3,13.19,0,-0.11567853770493902,0
tx104384,84.55,16,1622.0,0,0.2,0,-0.11571097473425263,0
tx103383,23.64,5,153.0,0,0.38,0,-0.11578495494960539,0
tx100702,56.79,15,1936.0,1,8.52,0,-0.1158111931224754,0
tx102692,23.31,21,1786.0,2,5.9,0,-0.11583017354073005,0
tx102174,25.68,14,1058.0,0,19.35,0,-0.11584799894821557,0
tx101835,13.3,18,416.0,3,1.09,0,-0.11590130239381125,0
tx103398,87.44,19,471.0,0,6.08,0,-0.11593903489171187,0
tx103846,16.25,13,1919.0,2,9.95,0,-0.11594828156865128,0
tx103358,44.3,2,1689.0,1,0.73,0,-0.11595775761661514,0
tx104466,5.06,8,36.0,1,1.31,0,-0.11603856484117553,0
tx100108,55.9,8,795.0,3,0.03,0,-0.1160781504037624,0
tx102949,21.85,1,622.0,2,3.07,0,-0.11615774508935128,0
tx100875,24.85,11,1826.0,3,4.58,0,-0.11620431696491096,0
tx103129,8.81,11,1647.0,3,2.49,0,-0.11624137295904502,0
tx101794,22.7,3,1105.0,0,9.16,0,-0.11624564333620463,0
tx101544,24.79,2,1306.0,1,12.41,0,-0.1162465031182714,0
tx100071,14.62,10,1426.0,1,18.92,0,-0.11628371895228923,0
tx104132,20.56,18,172.0,0,13.31,0,-0.11629180141937784,0
tx102809,69.88,4,982.0,0,2.49,0,-0.11635012996133631,0
tx104019,69.42,22,1091.0,0,2.53,0,-0.11640532145462285,0
tx103684,95.61,16,1155.0,2,4.11,0,-0.11642473214387028,0
tx100340,9.96,3,939.0,0,1.12,0,-0.11654178881269583,0
tx104895,13.91,23,435.0,1,6.86,0,-0.11666136268184563,0
tx100958,29.06,3,1764.0,1,7.99,0,-0.11667392245906244,0
tx104854,19.37,2,1746.0,1,0.56,0,-0.11671979642951713,0
tx101675,51.28,18,848.0,3,8.65,0,-0.11672145480569562,0
tx100940,28.43,11,51.0,3,6.71,0,-0.11681238410089628,0
tx100865,51.08,19,1284.0,3,1.71,0,-0.11682247054574252,0
tx102681,27.18,4,1480.0,0,10.86,0,-0.11689533935396751,0
tx103396,5.16,20,1607.0,2,0.57,0,-0.11690975456160768,0
tx100008,12.62,7,1837.0,0,1.24,0,-0.11693435326053375,0
tx103063,71.57,13,629.0,3,7.68,0,-0.11705008417475937,0
tx100811,9.04,22,239.0,1,5.02,0,-0.11705772898986083,0
tx104242,7.45,10,1927.0,0,2.53,0,-0.11707815237717284,0
tx103944,30.16,1,1045.0,0,1.31,0,-0.11711214491801109,0
tx100498,29.21,8,1700.0,3,6.45,0,-0.11712088019259742,0
tx103835,55.42,13,1217.0,0,16.95,0,-0.1171212158429275,0
tx102120,56.11,21,1879.0,1,2.69,0,-0.11716014273367797,0
tx100350,32.57,19,182.0,0,12.66,0,-0.11724106109740157,0
tx104660,19.67,2,401.0,2,2.75,0,-0.117282029285522,0
tx101662,93.85,13,179.0,1,10.25,0,-0.11738718882329441,0
tx103038,11.61,20,926.0,3,2.79,0,-0.11740950578680476,0
tx102480,13.91,19,62.0,0,3.34,0,-0.11748872692553963,0
tx102953,56.24,12,1962.0,0,1.86,0,-0.11751018036795474,0
tx103649,87.93,9,216.0,0,4.77,0,-0.11752297358740332,0
tx102576,38.1,21,52.0,1,5.32,0,-0.11756544151758985,0
tx103879,11.44,8,56.0,0,1.88,0,-0.11757738820099045,0
tx100190,43.6,15,367.0,1,19.19,0,-0.1175820214232598,0
tx100519,96.82,16,990.0,2,4.43,0,-0.11760380267796344,0
tx101636,46.64,22,219.0,0,4.77,0,-0.1176067616216922,0
tx101201,25.61,21,95.0,0,3.86,0,-0.11766199387268417,0
tx102243,24.94,20,801.0,3,0.07,0,-0.11775212771718085,0
tx102713,73.9,10,1827.0,0,2.68,0,-0.1177532281003042,0
tx101300,35.21,0,1249.0,1,1.76,0,-0.11776037054966504,0
tx100740,23.25,0,1317.0,1,4.08,0,-0.11782778228257068,0
tx102134,59.21,10,1657.0,0,12.51,0,-0.11785535768113903,0
tx103193,16.28,15,641.0,0,18.33,0,-0.1179101540112582,0
tx101019,29.48,22,1921.0,1,1.8,0,-0.11794598625940766,0
tx100950,22.3,0,1239.0,1,2.87,0,-0.11803020275864562,0
tx103949,43.32,15,1989.0,2,3.48,0,-0.11805688518124108,0
tx104355,53.64,13,1341.0,3,10.31,0,-0.11807955179094043,0
tx104383,40.86,21,51.0,1,3.89,0,-0.11810555810543849,0
tx104705,31.14,0,1036.0,1,1.59,0,-0.11814606598191552,0
tx100131,32.43,22,182.0,2,2.8,0,-0.1181599278028459,0
tx103555,26.66,15,1776.0,3,8.0,0,-0.11816648979166566,0
tx102362,7.78,18,692.0,3,1.42,0,-0.11820843620333232,0
tx102249,5.77,9,1955.0,1,1.5,0,-0.11823653892269625,0
tx104058,11.29,23,798.0,1,0.61,0,-0.11826879992355072,0
tx100380,24.74,21,1119.0,3,2.79,0,-0.11835719013918089,0
tx100354,25.86,3,1790.0,1,0.48,0,-0.1184174742566953,0
tx100159,18.4,21,50.0,1,2.78,0,-0.11853321825028051,0
tx101543,70.47,21,1631.0,1,2.54,0,-0.11854374320983846,0
tx102281,44.05,5,132.0,0,2.24,0,-0.11855503265928846,0
tx101400,18.65,20,1281.0,1,14.83,0,-0.11857011960838043,0
tx101340,35.62,15,99.0,3,4.57,0,-0.11858280470935922,0
tx103055,81.94,7,519.0,0,0.25,0,-0.11859312438386133,0
tx102533,17.86,23,820.0,0,0.18,0,-0.11867972254998582,0
tx103173,21.27,2,403.0,2,0.7,0,-0.11869350485936131,0
tx104687,10.41,10,1778.0,0,10.01,0,-0.1187117699361736,0
tx102946,8.1,19,138.0,0,4.04,0,-0.11883838651556378,0
tx102743,74.09,22,763.0,1,1.79,0,-0.11884289969571721,0
tx101298,80.18,17,259.0,1,10.96,0,-0.11890942096968188,0
tx100277,27.07,7,191.0,3,1.91,0,-0.1189638452422902,0
tx102560,9.5,22,382.0,0,3.46,0,-0.11901459818287824,0
tx104470,25.23,22,1899.0,1,4.79,0,-0.11902745219405542,0
tx101977,48.67,2,611.0,1,9.97,0,-0.11903732395418742,0
tx102898,42.27,17,1968.0,0,6.71,0,-0.11905108973060091,0
tx100396,32.71,8,204.0,3,8.1,0,-0.11908364971519664,0
tx103165,12.88,5,1210.0,0,10.6,0,-0.11913605657086129,0
tx104465,6.1,18,1825.0,0,0.77,0,-0.11916535458956745,0
tx102766,66.49,12,1681.0,1,11.49,0,-0.11917566992171574,0
tx101230,12.35,2,962.0,0,2.12,0,-0.1191849201849779,0
tx101927,81.51,16,1675.0,0,0.34,0,-0.11921646773936695,0
tx101220,40.22,10,1989.0,0,5.81,0,-0.11921987905442627,0
tx104594,56.24,19,1030.0,3,2.59,0,-0.11922291683110636,0
tx104478,24.84,20,146.0,1,14.03,0,-0.11923437762415756,0
tx100459,34.87,20,1280.0,3,0.53,0,-0.11924896586739081,0
tx104514,21.12,21,1676.0,0,10.21,0,-0.11925523357495771,0
tx101067,47.83,8,1985.0,1,0.46,0,-0.11936495195631075,0
tx103159,68.27,20,1353.0,2,3.99,0,-0.11955328129504028,0
tx102460,59.97,19,162.0,2,7.13,0,-0.11958817295322016,0
tx100562,70.54,20,952.0,2,4.32,0,-0.11964498082310066,0
tx101394,12.18,21,1267.0,1,11.7,0,-0.11964868644802146,0
tx100694,34.1,8,80.0,0,8.26,0,-0.1196824585744683,0
tx100374,13.84,22,895.0,2,0.53,0,-0.11977592251793107,0
tx104541,7.91,5,1551.0,0,3.11,0,-0.11985838069201249,0
tx104005,40.44,3,1802.0,1,2.45,0,-0.11985946135439352,0
tx104484,20.35,12,1692.0,3,0.18,0,-0.11995764924936586,0
tx104902,60.84,16,441.0,1,17.53,0,-0.12002776054165326,0
tx102968,94.42,9,1031.0,0,7.4,0,-0.12004612690334765,0
tx104525,35.19,7,61.0,0,2.73,0,-0.1200648693132042,0
tx101891,47.28,18,30.0,0,2.55,0,-0.12007885166532134,0
tx102892,11.37,20,250.0,2,0.79,0,-0.12008004597320665,0
tx101169,24.59,8,1939.0,2,1.43,0,-0.12013305938877894,0
tx100634,29.39,20,1598.0,0,11.81,0,-0.12015510064398188,0
tx102019,10.86,8,132.0,0,0.3,0,-0.12015953982462257,0
tx100449,28.56,21,674.0,0,12.81,0,-0.12016083460419863,0
tx102931,20.1,17,1854.0,0,11.7,0,-0.12017145401604223,0
tx100748,32.42,1,738.0,2,3.56,0,-0.12021796327267376,0
tx100972,18.04,21,121.0,1,9.88,0,-0.12021822919642267,0
tx101353,39.77,16,1307.0,0,16.63,0,-0.1202597254904163,0
tx104723,93.3,18,857.0,0,3.47,0,-0.12026324369119257,0
tx101518,9.8,15,1982.0,0,3.32,0,-0.12027090373844707,0
tx102232,44.93,8,115.0,0,9.8,0,-0.12027955241676663,0
tx103905,20.63,13,1997.0,0,0.07,0,-0.12029448231258805,0
tx102677,16.89,21,1947.0,1,2.89,0,-0.12033235346879512,0
tx104543,98.43,14,356.0,2,5.6,0,-0.12036909031644216,0
tx101574,42.35,19,1572.0,3,1.63,0,-0.12043037799518158,0
tx102434,27.14,21,1942.0,1,6.47,0,-0.12045780745805024,0
tx103162,34.31,20,30.0,1,0.91,0,-0.12047408346416433,0
tx103399,14.45,4,1389.0,1,12.8,0,-0.12047772679277763,0
tx101326,9.06,19,741.0,2,12.57,0,-0.12052437725820708,0
tx100023,102.68,16,1419.0,1,2.0,0,-0.1205419710777188,0
tx101398,10.92,20,100.0,1,0.75,0,-0.12056491957327153,0
tx100769,50.56,23,1500.0,0,2.95,0,-0.12063011979961391,0
tx102240,48.06,17,1979.0,0,5.22,0,-0.1206320954717659,0
tx100576,86.73,14,1643.0,0,4.8,0,-0.12063608383824237,0
tx102886,72.64,5,1022.0,0,3.84,0,-0.12065292139339928,0
tx103618,39.84,12,1823.0,2,10.99,0,-0.12071394132166602,0
tx101434,6.42,12,51.0,0,3.5,0,-0.1207183812477669,0
tx102859,59.16,12,1060.0,1,18.98,0,-0.12074352823652629,0
tx103203,33.77,15,658.0,0,18.35,0,-0.12080339076068736,0
tx100454,13.88,3,162.0,1,3.26,0,-0.12081121729837552,0
tx100552,61.43,16,1926.0,1,0.4,0,-0.12082928275111293,0
tx102476,19.29,17,1987.0,0,0.09,0,-0.12086013173453258,0
tx104885,72.8,21,415.0,1,0.5,0,-0.12095810097281617,0
tx104059,37.26,22,239.0,2,2.93,0,-0.1210076508972352,0
tx103625,17.88,21,262.0,2,0.6,0,-0.12101056250578729,0
tx104914,6.29,20,377.0,0,6.99,0,-0.1211179730732947,0
tx101419,34.51,11,587.0,1,22.38,0,-0.12119018699258544,0
tx101229,19.73,8,1911.0,1,10.64,0,-0.12130420408398335,0
tx104820,72.38,20,418.0,1,10.03,0,-0.12133554248915063,0
tx103279,31.07,21,1799.0,0,7.43,0,-0.12138402729741532,0
tx104163,32.19,19,1643.0,1,15.46,0,-0.12138526142875744,0
tx104330,45.27,23,1663.0,1,2.33,0,-0.12139110173532863,0
tx102957,36.37,18,58.0,2,0.39,0,-0.12157225030211427,0
tx101721,33.78,12,1965.0,2,4.76,0,-0.12162658035006874,0
tx103272,11.6,19,1257.0,3,4.32,0,-0.12174232574359611,0
tx104948,43.36,13,217.0,3,9.41,0,-0.12177126266411131,0
tx102470,12.6,22,340.0,0,0.43,0,-0.12180836982222953,0
tx101958,42.62,1,743.0,1,0.48,0,-0.12181081519381914,0
tx102927,22.37,20,1852.0,2,2.2,0,-0.12181573865156525,0
tx104657,17.11,21,78.0,1,4.49,0,-0.12182999160504582,0
tx104977,40.4,1,369.0,1,3.98,0,-0.12185448434433799,0
tx103526,7.93,7,1840.0,1,4.26,0,-0.12187090188439909,0
tx101091,90.6,12,91.0,1,4.41,0,-0.12188114850878629,0
tx102440,53.45,18,242.0,1,14.38,0,-0.12190847552917033,0
tx103010,24.8,23,459.0,0,0.72,0,-0.12203729851870981,0
tx104138,31.11,10,1998.0,0,3.82,0,-0.1220618150899308,0
tx101819,60.92,3,1309.0,1,0.43,0,-0.12209688006381109,0
tx103769,45.99,5,85.0,1,5.5,0,-0.1221646788001089,0
tx104305,27.8,18,205.0,0,13.21,0,-0.12223310971030599,0
tx103706,35.5,20,806.0,0,14.12,0,-0.12224242307336819,0
tx101631,21.73,17,49.0,2,9.93,0,-0.12224982386221356,0
tx101266,16.66,4,618.0,0,9.3,0,-0.12225252057394259,0
tx101413,77.46,16,1848.0,1,1.44,0,-0.12230606988050846,0
tx100460,85.1,13,1513.0,0,8.65,0,-0.1224220565059218,0
tx102145,31.64,13,833.0,3,14.66,0,-0.12245346781665073,0
tx104716,11.94,19,208.0,2,8.29,0,-0.12245666808161243,0
tx104130,46.98,3,1052.0,0,4.42,0,-0.1225299092231304,0
tx100729,29.59,3,1387.0,0,0.9,0,-0.12253356561396972,0
tx100021,70.4,9,1806.0,0,1.7,0,-0.12268120913548403,0
tx100751,95.11,17,742.0,0,3.02,0,-0.1227015045561089,0
tx100977,18.47,21,1690.0,2,1.23,0,-0.1227199069152401,0
tx100437,22.52,1,1523.0,1,0.4,0,-0.12274195963429962,0
tx104173,46.47,21,1883.0,1,1.01,0,-0.12289806017219285,0
tx100931,30.58,6,1390.0,3,1.05,0,-0.12291728863347712,0
tx102251,14.14,20,1412.0,1,13.41,0,-0.12293239813282786,0
tx101461,48.77,8,190.0,3,2.16,0,-0.12295287410951483,0
tx101233,19.4,2,284.0,1,2.39,0,-0.12297601021449489,0
tx102917,67.69,16,142.0,2,9.46,0,-0.12301234684964102,0
tx100531,55.6,3,1116.0,2,1.85,0,-0.12306138637563169,0
tx103729,34.37,11,615.0,0,17.64,0,-0.12316159915892039,0
tx101115,75.94,18,1650.0,0,1.23,0,-0.12317647668219611,0
tx103357,21.1,9,1972.0,1,7.87,0,-0.12327699726732949,0
tx103842,41.38,17,38.0,0,4.84,0,-0.1232822158859736,0
tx100216,61.57,18,526.0,0,12.71,0,-0.1232829460571534,0
tx102245,9.49,19,110.0,1,2.32,0,-0.123326565927184,0
tx101391,34.14,23,355.0,1,0.18,0,-0.12334867155135015,0
tx102616,26.14,21,126.0,0,2.17,0,-0.12337677729516822,0
tx102770,16.49,9,557.0,2,17.92,0,-0.1234249484817318,0
tx100134,20.68,21,1268.0,1,13.27,0,-0.12350879764185418,0
tx101511,23.27,22,339.0,2,6.78,0,-0.1235516602453623,0
tx100925,66.24,12,1563.0,2,9.77,0,-0.1235980421307104,0
tx103546,37.27,10,1857.0,2,10.47,0,-0.12362774644172808,0
tx102547,77.11,19,215.0,1,6.14,0,-0.12364055456953521,0
tx101642,42.21,6,934.0,3,4.88,0,-0.1236703684175664,0
tx101552,42.0,8,38.0,0,3.21,0,-0.1237874827924677,0
tx103736,18.97,3,384.0,0,1.37,0,-0.12379532128850779,0
tx101033,9.83,7,1048.0,1,13.5,0,-0.12380261216792249,0
tx104975,16.04,3,391.0,2,1.79,0,-0.12384380934001998,0
tx102419,79.01,15,1492.0,2,3.73,0,-0.12386584248829069,0
tx101593,71.4,19,1564.0,0,7.17,0,-0.12386860079540835,0
tx104876,57.54,8,1863.0,0,1.65,0,-0.12392081972268876,0
tx102411,36.57,11,1980.0,0,0.34,0,-0.12394692375994343,0
tx102171,4.81,13,1651.0,1,12.33,0,-0.123953777630746,0
tx101708,22.21,6,1791.0,0,0.69,0,-0.12395745880463904,0
tx103564,5.21,21,1678.0,1,2.69,0,-0.12396099567302704,0
tx104146,25.97,20,199.0,0,10.25,0,-0.12397362455622946,0
tx104257,10.44,21,169.0,1,5.52,0,-0.124048370168447,0
tx104763,38.09,14,1786.0,3,5.76,0,-0.1240924927062198,0
tx102854,39.13,2,548.0,0,2.33,0,-0.1241030148595757,0
tx102327,18.49,13,1967.0,2,1.9,0,-0.12410540877643111,0
tx104320,45.54,20,234.0,0,9.55,0,-0.12411027714940881,0
tx104482,38.08,7,1958.0,1,0.95,0,-0.12412470024922123,0
tx102984,26.3,21,1776.0,2,2.32,0,-0.12416408692065617,0
tx103862,30.91,11,148.0,0,15.09,0,-0.12416851871310419,0
tx103946,49.56,14,1919.0,0,6.14,0,-0.12418275572306287,0
tx102032,43.29,15,1950.0,2,3.85,0,-0.12418508018223934,0
tx102225,97.84,10,325.0,2,2.22,0,-0.12419402568187549,0
tx100254,4.77,20,793.0,0,7.68,0,-0.12425791995964769,0
tx101112,67.87,15,123.0,2,6.25,0,-0.12430338309274858,0
tx101519,36.08,20,1196.0,3,5.41,0,-0.12437880291411585,0
tx100133,37.29,21,63.0,1,1.87,0,-0.12441258690958379,0
tx103645,44.51,14,1788.0,1,14.36,0,-0.12444158632977353,0
tx104802,93.01,11,510.0,2,8.7,0,-0.12452755692209067,0
tx100827,35.82,2,774.0,2,0.69,0,-0.12458212104853394,0
tx101199,14.56,11,742.0,0,17.56,0,-0.12460133866856321,0
tx104416,19.96,4,1870.0,1,6.11,0,-0.12466591179817144,0
tx104302,25.67,22,573.0,0,10.08,0,-0.12468640209115422,0
tx100674,10.16,11,1193.0,1,17.39,0,-0.1247949440424263,0
tx100006,78.78,21,1028.0,1,3.57,0,-0.12482680641313115,0
tx100234,12.45,8,76.0,2,0.2,0,-0.12484919619425638,0
tx103941,14.92,7,1955.0,1,2.12,0,-0.1248742706904295,0
tx103627,47.47,22,1230.0,2,5.96,0,-0.12488203662173852,0
tx104303,67.9,5,775.0,1,0.06,0,-0.12496570497442078,0
tx100422,27.97,3,784.0,0,7.05,0,-0.1250033333068834,0
tx104345,30.55,11,1394.0,3,12.66,0,-0.12509079137057338,0
tx103467,16.5,1,495.0,1,3.19,0,-0.12509913812520485,0
tx103863,61.87,16,220.0,2,10.86,0,-0.12510408340987345,0
tx103885,85.3,8,360.0,2,4.43,0,-0.12511540146418287,0
tx101142,12.58,21,1759.0,0,2.32,0,-0.12512041657603573,0
tx102909,15.65,3,1543.0,2,5.11,0,-0.1251516845904967,0
tx100452,17.81,20,1892.0,1,0.19,0,-0.12515718862805514,0
tx100934,10.75,17,1878.0,0,0.37,0,-0.1251591311748742,0
tx101711,13.08,18,1947.0,0,1.68,0,-0.12524194248294812,0
tx102066,39.11,11,231.0,0,15.28,0,-0.12526250874684897,0
tx102739,51.01,17,869.0,0,15.29,0,-0.12527963983426538,0
tx101443,39.54,19,1813.0,1,11.91,0,-0.1253542511257097,0
tx100345,43.55,3,1198.0,0,1.69,0,-0.125362766593187,0
tx101928,57.95,21,596.0,2,6.28,0,-0.1254166736178124,0
tx100631,34.64,20,1459.0,3,1.66,0,-0.1254946343277371,0
tx101933,18.07,16,774.0,3,12.19,0,-0.12557551231330488,0
tx103111,61.15,17,207.0,2,9.69,0,-0.1256131146750893,0
tx104596,14.44,23,991.0,0,4.6,0,-0.12562991160989173,0
tx103202,21.9,21,321.0,2,8.8,0,-0.12565317697409928,0
tx102804,16.97,5,1591.0,0,0.2,0,-0.12567051212278946,0
tx102024,34.42,8,223.0,3,6.81,0,-0.12567537090051895,0
tx102511,27.32,21,1941.0,1,5.22,0,-0.12567787832010946,0
tx100863,17.0,18,69.0,0,1.29,0,-0.12574311274172428,0
tx104918,35.29,8,1900.0,2,4.55,0,-0.12575132077928336,0
tx103186,38.07,14,1796.0,3,1.72,0,-0.12578224502013535,0
tx104439,56.8,13,432.0,3,8.31,0,-0.1259022999254506,0
tx102299,5.95,11,1838.0,2,1.05,0,-0.1259685651468112,0
tx101379,62.65,19,141.0,1,0.37,0,-0.12599557448817866,0
tx102873,29.81,13,1502.0,0,16.23,0,-0.12607042708527577,0
tx101634,38.76,20,163.0,2,9.82,0,-0.1261159089518742,0
tx102954,25.6,9,343.0,0,16.45,0,-0.126117146716125,0
tx100058,28.4,19,83.0,2,6.58,0,-0.12617036604322063,0
tx104515,26.65,3,319.0,2,4.86,0,-0.12620087432744703,0
tx102439,62.4,11,1290.0,0,13.67,0,-0.12626348563268286,0
tx103046,20.99,11,1914.0,0,9.97,0,-0.12629333242438012,0
tx101587,39.84,17,1463.0,2,14.89,0,-0.12630848733905703,0
tx104101,28.22,20,1945.0,0,1.16,0,-0.1263122414579088,0
tx101372,17.86,8,65.0,0,4.18,0,-0.1264462735212616,0
tx102536,72.88,17,1172.0,0,11.53,0,-0.126458913424979,0
tx100726,15.55,21,961.0,0,10.47,0,-0.12647518115651002,0
tx101015,32.33,23,799.0,0,6.22,0,-0.12649443793509313,0
tx102729,38.13,19,346.0,2,14.53,0,-0.12654467896635463,0
tx103104,28.82,10,1933.0,2,0.91,0,-0.12669560437778826,0
tx100771,16.47,16,1699.0,3,2.73,0,-0.1267392312560059,0
tx100786,12.77,11,362.0,3,0.22,0,-0.12676094756367595,0
tx101456,41.69,20,52.0,1,4.63,0,-0.12678033721869897,0
tx104584,26.08,11,111.0,0,12.31,0,-0.1267903759142976,0
tx100132,82.93,12,1348.0,0,9.86,0,-0.1267959752593545,0
tx103216,28.46,23,1509.0,0,0.4,0,-0.12679721405612537,0
tx103306,11.84,18,1324.0,3,2.26,0,-0.1269386045848439,0
tx103815,56.8,14,1080.0,3,0.32,0,-0.12695319060449461,0
tx102146,91.6,13,1778.0,1,3.46,0,-0.12698533819975427,0
tx101296,74.2,16,1798.0,1,6.55,0,-0.1270293218131353,0
tx100592,38.21,15,1658.0,3,0.52,0,-0.12703840404025563,0
tx101122,27.48,8,299.0,0,13.9,0,-0.12705954041564876,0
tx103881,8.26,21,795.0,2,1.4,0,-0.12706298979696123,0
tx100351,34.22,2,1279.0,2,5.14,0,-0.12707139847320048,0
tx100165,67.25,20,1482.0,1,8.41,0,-0.12709124933292093,0
tx102375,50.39,23,666.0,1,1.73,0,-0.12709518720776408,0
tx104997,52.58,18,1856.0,1,9.84,0,-0.12712702976057827,0
tx100886,38.71,18,93.0,0,6.91,0,-0.12713522013896233,0
tx104391,44.11,16,1193.0,3,10.45,0,-0.1272293746959265,0
tx101897,35.31,4,309.0,0,3.64,0,-0.12729730320060123,0
tx102277,8.82,15,1260.0,0,13.59,0,-0.12731424721033768,0
tx103064,34.95,20,627.0,3,1.8,0,-0.12739176816105896,0
tx100795,38.91,4,1720.0,1,0.07,0,-0.1274272040562075,0
tx102684,68.65,13,1848.0,0,1.53,0,-0.12743311780752936,0
tx104558,15.12,3,1080.0,0,1.23,0,-0.12756422446764415,0
tx104221,38.99,8,1865.0,1,10.4,0,-0.1275665952966007,0
tx101776,22.34,19,1990.0,1,5.25,0,-0.12770338928446118,0
tx102747,10.64,15,1587.0,3,4.81,0,-0.127717233860133,0
tx104600,16.24,2,710.0,2,3.61,0,-0.12772372835227064,0
tx102966,71.0,8,1579.0,2,3.24,0,-0.12783387006952251,0
tx104192,19.89,19,881.0,3,0.55,0,-0.12786693640704871,0
tx104673,28.11,8,1060.0,0,16.25,0,-0.12792569553601313,0
tx104024,7.63,20,1553.0,2,5.76,0,-0.1279330488713214,0
tx101992,14.36,11,731.0,1,19.64,0,-0.12798279076904384,0
tx100753,22.84,10,1678.0,3,4.64,0,-0.12801308756421026,0
tx104030,45.72,2,283.0,1,3.58,0,-0.12803836008148078,0
tx103170,41.53,10,1872.0,2,0.19,0,-0.12809902032414017,0
tx102267,9.54,6,1135.0,2,8.53,0,-0.12818543035436442,0
tx103832,18.09,21,1247.0,0,9.8,0,-0.12821446202953324,0
tx100581,30.35,20,1754.0,2,0.16,0,-0.12823316010522579,0
tx100211,49.12,12,1916.0,0,4.83,0,-0.12823940192101074,0
tx101506,34.28,23,503.0,0,3.77,0,-0.12826331552313336,0
tx103675,33.85,10,259.0,3,8.79,0,-0.12827652382373533,0
tx102944,19.37,21,220.0,0,4.43,0,-0.12827752160688383,0
tx103976,15.23,15,313.0,3,1.42,0,-0.12831078000322005,0
tx101348,31.63,22,1678.0,0,0.45,0,-0.12832661212425378,0
tx103998,28.93,4,424.0,2,0.16,0,-0.12833758748911522,0
tx103067,51.09,23,868.0,1,2.94,0,-0.1284279524023058,0
tx103874,38.27,3,368.0,1,9.49,0,-0.12843205343296732,0
tx103109,70.56,4,928.0,1,2.18,0,-0.12848258995571488,0
tx101376,29.62,3,1542.0,2,3.97,0,-0.12848279355230796,0
tx104441,36.92,19,1516.0,3,5.11,0,-0.12851587798934316,0
tx101000,96.55,10,877.0,0,3.74,0,-0.12863647924705668,0
tx103588,33.69,21,176.0,0,2.97,0,-0.12867098088760615,0
tx102663,12.84,16,48.0,0,5.1,0,-0.12867829705032457,0
tx101860,34.43,12,1996.0,0,1.83,0,-0.12872208387906575,0
tx100832,49.8,20,1778.0,0,5.0,0,-0.12876677208788173,0
tx103629,22.57,1,1208.0,1,0.43,0,-0.12879502771269385,0
tx104041,27.54,3,384.0,0,2.49,0,-0.12880200461875374,0
tx100077,53.62,5,1544.0,0,0.64,0,-0.12881059526151867,0
tx104519,88.33,9,542.0,0,7.26,0,-0.12882281635269927,0
tx100457,19.1,22,1640.0,0,2.91,0,-0.12885253080060138,0
tx102752,69.68,8,218.0,2,1.38,0,-0.128856677569804,0
tx101149,40.06,19,1943.0,0,4.29,0,-0.12886473473254828,0
tx103330,14.22,20,320.0,2,7.05,0,-0.12886698922905332,0
tx100151,15.98,8,66.0,2,0.28,0,-0.12887145447381138,0
tx100176,14.45,4,1516.0,2,0.53,0,-0.12890661913464962,0
tx103719,52.44,18,1827.0,2,3.21,0,-0.12890733156699713,0
tx104778,14.74,1,877.0,1,3.46,0,-0.12898257600392454,0
tx104459,22.04,9,803.0,1,19.72,0,-0.12901654187455963,0
tx100828,83.14,18,520.0,0,5.75,0,-0.12904834101819124,0
tx101705,7.34,8,764.0,0,0.01,0,-0.12905206109229922,0
tx101539,20.98,3,434.0,2,1.97,0,-0.12907172699798464,0
tx101426,6.68,10,1365.0,3,1.66,0,-0.12907184570012725,0
tx103011,44.75,8,1861.0,2,2.12,0,-0.12908335162588663,0
tx102577,42.42,20,53.0,1,3.21,0,-0.12911200865820655,0
tx102394,26.94,19,1823.0,0,10.11,0,-0.12913871838425833,0
tx101942,16.26,14,79.0,0,9.58,0,-0.1291736811467855,0
tx104072,53.57,21,1587.0,1,9.77,0,-0.12919338772176336,0
tx102213,36.16,15,1779.0,3,3.38,0,-0.12921128977475388,0
tx104393,91.08,10,214.0,1,5.72,0,-0.12922884207642127,0
tx101967,19.29,17,46.0,0,1.5,0,-0.12925780438634898,0
tx101362,10.7,5,362.0,2,4.66,0,-0.12926329525567565,0
tx103372,13.51,12,1620.0,2,13.0,0,-0.12927393256110553,0
tx101290,25.95,16,1852.0,0,11.55,0,-0.1293286597460213,0
tx101335,25.27,17,1798.0,0,11.71,0,-0.12937327869805326,0
tx101851,37.37,1,1470.0,1,3.99,0,-0.12939205207028287,0
tx101221,90.45,15,799.0,2,3.22,0,-0.1294135509358036,0
tx101237,62.56,12,152.0,2,10.23,0,-0.12944342292264926,0
tx103987,56.98,13,1197.0,3,6.94,0,-0.12946068746984413,0
tx102123,29.22,21,277.0,2,5.94,0,-0.12947655923402424,0
tx102100,89.89,17,707.0,0,1.03,0,-0.12948130091294785,0
tx103506,62.13,5,963.0,2,3.99,0,-0.12951990917397194,0
tx103988,42.01,14,1920.0,2,1.23,0,-0.12952822991772966,0
tx102558,16.79,3,836.0,2,0.45,0,-0.12955756861163653,0
tx100178,35.08,13,1951.0,2,2.15,0,-0.12956367217791637,0
tx101375,18.73,5,218.0,1,7.67,0,-0.12957062481476134,0
tx103016,20.41,20,1111.0,0,11.66,0,-0.12957861149610567,0
tx104964,14.45,12,1213.0,1,18.34,0,-0.12960450193315776,0
tx101680,31.82,20,122.0,2,7.14,0,-0.12962336168753025,0
tx102200,79.21,16,339.0,2,0.46,0,-0.1296608483707603,0
tx103199,28.01,1,1485.0,1,4.55,0,-0.12971864048294562,0
tx103693,29.45,21,1670.0,2,0.89,0,-0.12974132925707405,0
tx100243,22.45,23,800.0,0,5.45,0,-0.12976039427711672,0
tx104937,22.91,5,314.0,0,0.26,0,-0.1297683738173508,0
tx101050,77.1,20,601.0,0,4.98,0,-0.129808691017056,0
tx101448,41.92,23,529.0,1,3.78,0,-0.12984451611446046,0
tx104794,18.75,21,1684.0,1,9.51,0,-0.12985435167476095,0
tx103908,80.51,13,1300.0,2,9.14,0,-0.12985635276589041,0
tx102950,43.62,21,280.0,0,5.95,0,-0.12991517360913063,0
tx100514,24.51,3,1304.0,0,1.95,0,-0.1299204337890218,0
tx100227,5.38,21,1322.0,0,1.32,0,-0.12993834743121446,0
tx100635,26.54,23,617.0,0,1.7,0,-0.1299407083239592,0
tx102929,9.24,18,139.0,0,2.17,0,-0.12996207115367608,0
tx101451,34.0,13,1436.0,0,16.28,0,-0.12999854169374353,0
tx101255,26.26,9,1518.0,3,9.12,0,-0.13000566944739333,0
tx102583,41.97,22,1146.0,1,10.46,0,-0.13001267986521414,0
tx103973,37.94,18,748.0,1,17.41,0,-0.13010688034234413,0
tx101700,48.1,15,1318.0,3,0.0,0,-0.13010734062616341,0
tx103889,35.2,12,1930.0,0,7.04,0,-0.1301611985167071,0
tx101084,26.3,5,222.0,0,2.93,0,-0.13019948482993204,0
tx100521,42.87,18,1223.0,3,6.85,0,-0.1302114383611585,0
tx101271,20.8,11,167.0,0,13.54,0,-0.13027352992250002,0
tx103901,55.41,20,137.0,1,7.74,0,-0.13030708831760668,0
tx104224,31.45,10,1157.0,3,11.81,0,-0.13031817400493373,0
tx101901,23.54,19,1789.0,1,12.44,0,-0.13037892696942893,0
tx100044,90.24,18,972.0,1,1.38,0,-0.13041125075715382,0
tx101978,29.75,18,227.0,0,11.49,0,-0.13045063968517268,0
tx102872,97.15,15,1048.0,1,2.11,0,-0.13046267546933998,0
tx100030,25.47,17,1408.0,0,15.08,0,-0.1305295841341843,0
tx101088,16.86,9,212.0,3,2.38,0,-0.13058775836034953,0
tx104208,74.97,15,130.0,1,0.38,0,-0.13059459528380074,0
tx104889,38.73,22,762.0,0,9.12,0,-0.13060315570133596,0
tx100856,13.15,14,51.0,0,6.45,0,-0.1306248185208913,0
tx103336,31.1,1,513.0,1,2.36,0,-0.13063507067577573,0
tx103770,16.44,9,438.0,3,0.02,0,-0.13063605394273403,0
tx101210,12.9,21,509.0,2,6.22,0,-0.13066039236462668,0
tx103219,12.02,10,278.0,0,12.47,0,-0.13068382795579736,0
tx101062,14.92,23,621.0,1,3.21,0,-0.1306932459069134,0
tx104210,43.85,22,1757.0,1,1.22,0,-0.13073660087458377,0
tx103705,53.55,2,1027.0,1,4.3,0,-0.13074489377000498,0
tx103577,18.34,23,915.0,1,0.68,0,-0.13080334141734573,0
tx104626,60.28,3,634.0,1,1.32,0,-0.13081690888535297,0
tx104677,17.64,20,258.0,2,0.37,0,-0.13081730327500352,0
tx100348,48.97,12,1971.0,1,6.06,0,-0.13081773536901936,0
tx103160,87.75,12,1238.0,2,5.57,0,-0.1309073020676208,0
tx104650,25.24,3,1068.0,0,4.99,0,-0.13093597767145898,0
tx101586,9.07,6,852.0,0,5.41,0,-0.13095048415526722,0
tx102893,71.04,14,152.0,0,0.51,0,-0.13095124422869198,0
tx101323,38.67,14,221.0,3,2.81,0,-0.1309915137993536,0
tx101294,44.01,21,331.0,2,0.04,0,-0.13099180734096094,0
tx102210,14.83,2,387.0,1,2.32,0,-0.1310667497822478,0
tx104597,31.35,8,1908.0,1,8.57,0,-0.13113443550430232,0
tx103366,43.38,2,319.0,1,5.44,0,-0.13116837609445775,0
tx101982,10.13,17,900.0,3,3.91,0,-0.13117945047088986,0
tx104269,16.31,18,57.0,1,0.42,0,-0.13122774417389177,0
tx100923,29.47,23,1536.0,0,2.88,0,-0.13126072820380913,0
tx100859,37.9,20,1830.0,0,5.13,0,-0.13126632519315617,0
tx103866,12.21,17,1243.0,3,2.97,0,-0.1312838447150141,0
tx101538,39.07,9,1896.0,2,3.47,0,-0.13130806690841884,0
tx104032,47.3,21,278.0,1,9.94,0,-0.13136166539130922,0
tx100815,36.75,15,1825.0,0,11.13,0,-0.13145378311549677,0
tx101454,12.44,13,478.0,3,7.8,0,-0.13146178424398258,0
tx102785,51.87,8,432.0,3,3.72,0,-0.13146548636195515,0
tx103793,30.17,4,1044.0,0,0.11,0,-0.13147587086005186,0
tx100195,77.29,9,1246.0,2,7.99,0,-0.13147731928658996,0
tx102329,87.25,9,619.0,0,7.06,0,-0.1315073457981586,0
tx101790,12.21,5,1591.0,2,2.47,0,-0.13151039223691907,0
tx102195,67.38,17,1610.0,1,9.94,0,-0.13151052013971204,0
tx100655,19.11,21,171.0,1,7.99,0,-0.1315603839694114,0
tx104739,17.89,8,95.0,2,8.02,0,-0.13156553707433016,0
tx103434,17.39,20,1901.0,1,4.05,0,-0.13157278942813777,0
tx100605,40.15,23,1562.0,1,2.23,0,-0.13164881317917837,0
tx100523,56.13,19,723.0,0,12.2,0,-0.13169628647105514,0
tx104159,39.26,7,1861.0,1,7.16,0,-0.1317365641156515,0
tx104150,34.68,23,636.0,1,7.54,0,-0.1317418365909765,0
tx100273,31.18,8,1430.0,3,7.74,0,-0.13176629354091685,0
tx102714,19.42,9,1523.0,3,0.38,0,-0.1317791224629462,0
tx103547,79.34,10,1661.0,0,2.69,0,-0.13182461214366564,0
tx101005,101.38,16,561.0,1,2.24,0,-0.13183062107361948,0
tx103183,19.43,21,366.0,2,0.41,0,-0.13183147962297398,0
tx104091,69.72,19,644.0,0,9.53,0,-0.13186841499819357,0
tx102206,28.56,18,1753.0,2,10.28,0,-0.13190372731401373,0
tx104180,28.65,20,958.0,3,1.63,0,-0.1319069308328264,0
tx104147,10.59,16,1645.0,0,10.31,0,-0.1319154537793002,0
tx104704,42.53,22,400.0,0,5.55,0,-0.1319449579093508,0
tx102492,34.41,21,1898.0,1,1.62,0,-0.13199281721249617,0
tx103802,45.36,21,537.0,2,9.18,0,-0.13204454581899372,0
tx101752,31.67,12,37.0,0,0.69,0,-0.132096802622927,0
tx101384,32.82,21,1708.0,2,3.19,0,-0.13218480623211531,0
tx102848,31.2,21,117.0,1,0.81,0,-0.13228349233475617,0
tx104911,30.96,8,35.0,2,3.34,0,-0.1322939530950183,0
tx103871,36.5,11,161.0,3,6.59,0,-0.13233271897217985,0
tx102198,15.19,8,144.0,0,7.48,0,-0.13235913890909917,0
tx103978,24.17,6,1908.0,1,3.55,0,-0.1324137081794875,0
tx101302,96.23,10,648.0,0,2.8,0,-0.13243975254421347,0
tx104231,31.87,7,98.0,1,0.26,0,-0.13245732322062026,0
tx101760,8.1,18,1873.0,1,1.41,0,-0.13249693389292666,0
tx103637,31.29,4,1805.0,1,4.92,0,-0.1325258471980471,0
tx100232,20.55,14,193.0,3,5.75,0,-0.13254359485278794,0
tx101346,58.78,16,322.0,0,12.57,0,-0.1325548961497608,0
tx101724,9.15,9,1602.0,1,12.26,0,-0.13257426454014726,0
tx104836,17.3,19,1906.0,0,5.42,0,-0.13258362836095972,0
tx101342,13.26,9,113.0,0,7.41,0,-0.1326628295893837,0
tx102285,77.8,16,1726.0,1,0.63,0,-0.1327116226170369,0
tx103634,55.02,9,1403.0,3,2.89,0,-0.13272863657834416,0
tx102637,49.2,5,378.0,0,1.57,0,-0.1327536461025231,0
tx102471,13.71,2,1470.0,1,0.83,0,-0.1328003794396279,0
tx100018,44.82,19,881.0,3,2.1,0,-0.13285727542891002,0
tx102706,11.12,21,640.0,2,2.61,0,-0.13292885381736502,0
tx100013,10.26,12,775.0,0,14.91,0,-0.1329945429838552,0
tx102788,30.63,16,2000.0,0,1.82,0,-0.13301209863860786,0
tx103658,13.63,17,1914.0,0,1.9,0,-0.13303737971579876,0
tx101999,21.56,10,42.0,0,0.92,0,-0.13306617619730027,0
tx104168,67.48,17,1223.0,2,0.2,0,-0.13312870909860192,0
tx101623,31.86,19,274.0,2,11.81,0,-0.13317633842905757,0
tx103820,53.05,8,833.0,3,2.19,0,-0.13318438569887797,0
tx103611,31.17,22,247.0,1,1.24,0,-0.13319228823676926,0
tx101418,16.61,15,38.0,2,2.66,0,-0.13324023602663587,0
tx100735,16.42,16,1587.0,3,5.37,0,-0.13330047594295963,0
tx102899,13.08,20,272.0,0,6.7,0,-0.13332484449854054,0
tx100763,18.34,3,721.0,0,1.98,0,-0.13338977907302546,0
tx101236,39.67,11,47.0,0,6.13,0,-0.133501187833511,0
tx100513,47.47,10,1462.0,2,13.29,0,-0.13351306972233973,0
tx103271,38.33,19,1973.0,1,3.59,0,-0.13354042598035742,0
tx103761,87.46,8,634.0,0,1.64,0,-0.13355085395040883,0
tx104866,88.14,19,582.0,1,4.22,0,-0.13360068813657433,0
tx103745,36.19,7,807.0,3,5.05,0,-0.13362206130594872,0
tx101670,26.51,17,977.0,1,17.46,0,-0.13362611877148334,0
tx103826,17.19,15,39.0,0,3.07,0,-0.1336513013876678,0
tx101523,35.28,10,1937.0,0,1.44,0,-0.13366140161967877,0
tx104961,16.86,21,1417.0,0,7.62,0,-0.13369218288779094,0
tx102351,28.71,18,1949.0,0,0.33,0,-0.1336996214886137,0
tx102135,75.01,18,317.0,1,7.23,0,-0.1337017942418372,0
tx104534,8.95,3,685.0,1,1.18,0,-0.13372542285564165,0
tx101415,13.28,11,1841.0,2,7.38,0,-0.1337390480710312,0
tx102486,40.09,11,306.0,3,8.05,0,-0.13377186817884335,0
tx101996,16.29,14,1851.0,0,10.06,0,-0.13380605383127542,0
tx103626,25.89,19,74.0,1,0.21,0,-0.13380754984920235,0
tx103184,39.0,23,983.0,1,0.49,0,-0.1338329371831542,0
tx103448,35.18,8,1713.0,0,10.18,0,-0.1338618887737354,0
tx103041,44.67,17,82.0,0,0.52,0,-0.1338887210432373,0
tx100120,12.08,20,261.0,0,0.6,0,-0.13389257304256297,0
tx103128,50.38,21,395.0,2,1.8,0,-0.13391001098310862,0
tx100017,38.56,4,1704.0,1,7.3,0,-0.13394892539322534,0
tx103663,37.53,12,134.0,0,11.72,0,-0.13395841919371454,0
tx100987,23.81,12,349.0,0,15.88,0,-0.13395896136252883,0
tx101435,16.56,4,1330.0,0,0.85,0,-0.13397105355589234,0
tx103430,65.95,17,230.0,2,2.8,0,-0.13399155420568448,0
tx104929,49.58,5,1425.0,0,3.19,0,-0.13400381789985072,0
tx102132,15.12,4,1408.0,0,3.42,0,-0.134007524113116,0
tx104810,83.43,15,1390.0,0,4.39,0,-0.13403801811292465,0
tx104845,44.85,15,40.0,0,3.21,0,-0.1340400249736141,0
tx103844,39.2,6,452.0,2,11.04,0,-0.13408817448873872,0
tx102518,22.4,8,231.0,0,10.5,0,-0.1340916475157375,0
tx103417,42.98,7,1875.0,1,6.36,0,-0.1341004300826596,0
tx100249,79.99,20,738.0,1,1.93,0,-0.13415093176439707,0
tx100494,63.36,17,1803.0,0,0.99,0,-0.13418503695360506,0
tx100618,16.86,21,1706.0,1,7.41,0,-0.13419300362012565,0
tx103363,18.36,3,1081.0,2,2.94,0,-0.13422065368266356,0
tx103935,16.83,11,1668.0,2,11.44,0,-0.13426784263904762,0
tx104588,21.2,23,1071.0,0,3.26,0,-0.1342956711422919,0
tx102800,9.46,9,602.0,0,11.63,0,-0.1343090578123355,0
tx100644,42.34,15,1912.0,0,0.23,0,-0.13435532771708575,0
tx104652,8.07,19,337.0,0,0.53,0,-0.13435613497426846,0
tx103850,47.33,19,130.0,0,1.92,0,-0.13435729066276642,0
tx101828,39.71,21,732.0,0,10.1,0,-0.13436353639568488,0
tx100554,23.07,20,1725.0,2,3.58,0,-0.1344358226776563,0
tx102672,23.28,9,895.0,2,17.09,0,-0.1344503332961977,0
tx102528,31.07,21,370.0,1,11.75,0,-0.1344764227675262,0
tx103120,99.15,16,477.0,1,3.91,0,-0.13449295652328752,0
tx101252,57.46,7,992.0,1,12.12,0,-0.13449953858746322,0
tx102344,21.3,19,951.0,3,6.12,0,-0.1345651016233635,0
tx103994,29.42,14,35.0,2,0.66,0,-0.13463743371017373,0
tx104735,27.98,18,660.0,3,7.68,0,-0.1346758233279109,0
tx103377,24.24,7,582.0,0,11.35,0,-0.13476074283258255,0
tx100255,26.24,6,1760.0,0,4.4,0,-0.1347623488281005,0
tx104954,20.87,19,1949.0,1,5.32,0,-0.1348444045743778,0
tx102400,24.73,20,99.0,1,0.25,0,-0.13487199741354094,0
tx104467,82.71,14,1545.0,0,0.57,0,-0.13489729886890345,0
tx100372,49.6,8,1769.0,2,3.09,0,-0.13489773566902868,0
tx101771,9.64,3,1209.0,1,2.4,0,-0.13491812278262078,0
tx104530,54.88,13,744.0,1,17.39,0,-0.13493263752801798,0
tx104984,38.69,17,802.0,0,15.18,0,-0.1349998019132268,0
tx104349,76.42,19,308.0,1,2.86,0,-0.13501234726767553,0
tx103006,9.02,21,1388.0,0,3.03,0,-0.13502061765791634,0
tx104081,39.16,23,1371.0,1,2.75,0,-0.1350792254640119,0
tx102028,29.3,21,182.0,1,9.55,0,-0.13513746903960272,0
tx104133,24.39,16,754.0,1,18.99,0,-0.13517261643739664,0
tx103137,76.62,8,550.0,0,0.03,0,-0.1352370798044789,0
tx101173,24.64,23,1000.0,0,2.52,0,-0.13523950068658647,0
tx102786,26.89,9,1831.0,0,8.21,0,-0.13526268262833402,0
tx104052,29.65,12,1598.0,3,0.24,0,-0.13528372475689504,0
tx100443,94.99,13,746.0,0,4.86,0,-0.13531469855021822,0
tx102958,64.84,8,94.0,1,1.77,0,-0.13531660147002128,0
tx103300,66.5,8,465.0,0,0.26,0,-0.13532368571471304,0
tx103964,41.69,8,1095.0,3,1.07,0,-0.13536798706524972,0
tx104841,17.02,21,641.0,2,7.51,0,-0.13542903309611182,0
tx101401,37.15,5,363.0,0,4.17,0,-0.13543242908570785,0
tx102653,45.58,10,62.0,0,0.48,0,-0.135458534768035,0
tx101943,29.21,23,579.0,1,5.99,0,-0.13546615209203017,0
tx104053,23.37,23,877.0,1,6.8,0,-0.13553317442265078,0
tx104179,16.45,19,149.0,0,1.02,0,-0.1355499363377466,0
tx104102,19.99,17,70.0,0,1.34,0,-0.13555587134741465,0
tx103024,65.37,8,274.0,0,4.71,0,-0.13555690395345676,0
tx103378,46.08,21,1699.0,0,4.59,0,-0.13559995255305501,0
tx103540,46.3,7,1267.0,0,10.36,0,-0.13560734600652113,0
tx100481,54.05,12,347.0,3,3.65,0,-0.13564295886593175,0
tx101658,51.0,14,453.0,3,1.4,0,-0.13567413972440873,0
tx100295,33.33,3,418.0,1,7.91,0,-0.1356891010207612,0
tx101614,35.19,20,1150.0,1,13.17,0,-0.13570823819914968,0
tx100447,20.09,19,118.0,0,2.78,0,-0.13572383053620035,0
tx101009,55.52,11,322.0,3,5.09,0,-0.13572434733671157,0
tx103818,60.33,14,486.0,2,13.27,0,-0.13572521891073547,0
tx100116,31.21,17,394.0,0,14.05,0,-0.13576424162392514,0
tx103486,63.78,21,993.0,0,2.6,0,-0.1357923258891085,0
tx101108,47.14,18,1784.0,2,0.53,0,-0.13580164186240373,0
tx102326,28.8,8,448.0,3,0.43,0,-0.1358266653887179,0
tx104038,10.17,20,1606.0,0,2.81,0,-0.1358350726373439,0
tx101408,66.85,20,1060.0,1,8.86,0,-0.13586060893351615,0
tx104479,15.93,18,1269.0,1,14.99,0,-0.13588995215714977,0
tx104527,40.47,20,339.0,2,10.48,0,-0.1358980948950143,0
tx103454,25.99,3,889.0,0,1.64,0,-0.13592291121788902,0
tx103069,36.87,20,1580.0,1,12.43,0,-0.13593793353968725,0
tx100685,75.81,15,864.0,2,1.15,0,-0.13597515395724374,0
tx104108,15.91,15,48.0,0,2.47,0,-0.13602100074514228,0
tx100659,20.28,23,1440.0,1,3.67,0,-0.13607658011059204,0
tx103734,47.92,2,1234.0,1,2.94,0,-0.13608575493795017,0
tx100391,37.83,8,1416.0,2,13.34,0,-0.13609790743279793,0
tx104695,12.89,10,80.0,0,5.75,0,-0.13615498647975272,0
tx100020,27.06,19,1676.0,1,12.63,0,-0.1362114727631628,0
tx102614,32.56,6,259.0,2,0.59,0,-0.1362156324432019,0
tx103694,64.64,8,824.0,0,10.07,0,-0.13622348150306807,0
tx104040,17.55,23,1097.0,1,3.51,0,-0.13622554088165806,0
tx103567,67.92,13,1849.0,1,3.68,0,-0.1362424743664743,0
tx104256,18.17,10,1569.0,3,0.84,0,-0.1362883717513504,0
tx100669,66.18,18,623.0,0,10.26,0,-0.13629422708477718,0
tx102324,7.04,7,601.0,0,4.63,0,-0.13633168423000175,0
tx103018,56.33,5,826.0,0,1.78,0,-0.1363807038482212,0
tx102702,37.68,9,385.0,2,15.6,0,-0.13643532237139572,0
tx103518,15.88,22,879.0,0,0.55,0,-0.13644354303263057,0
tx101425,13.57,17,111.0,0,2.2,0,-0.1364527282128491,0
tx102843,17.95,21,182.0,1,0.3,0,-0.13646413494849485,0
tx101172,16.37,10,166.0,0,10.78,0,-0.13652288373815064,0
tx104400,43.96,10,1959.0,1,5.0,0,-0.13653188308140252,0
tx100746,41.46,22,250.0,1,3.63,0,-0.13657122966187935,0
tx103899,26.01,7,1776.0,0,4.36,0,-0.1365770409405725,0
tx103936,30.18,4,926.0,0,7.15,0,-0.1365880327790533,0
tx102321,33.89,18,145.0,0,0.05,0,-0.13659937554585821,0
tx101731,30.99,20,151.0,0,1.76,0,-0.13661039734273012,0
tx100011,17.96,14,1420.0,0,15.78,0,-0.13662974141463863,0
tx104371,25.7,11,256.0,3,3.3,0,-0.13665251866639705,0
tx104512,41.65,18,92.0,0,2.53,0,-0.13665362334400621,0
tx100512,31.91,15,377.0,3,0.8,0,-0.1366957466753585,0
tx103720,26.9,23,1444.0,1,1.1,0,-0.13671501133653186,0
tx103548,29.05,20,184.0,2,0.85,0,-0.13671831223373093,0
tx104855,19.08,13,418.0,3,0.28,0,-0.13675705012683953,0
tx103508,11.48,5,1294.0,0,0.92,0,-0.1367610144479156,0
tx101590,41.58,2,1043.0,1,0.51,0,-0.1368420268076943,0
tx102264,42.32,15,1892.0,2,1.35,0,-0.13686030238501112,0
tx100138,29.33,15,1742.0,0,12.12,0,-0.13688309774198576,0
tx103025,15.49,20,274.0,2,4.93,0,-0.13689971869513573,0
tx100444,10.32,20,1518.0,2,3.64,0,-0.1369274389548007,0
tx102217,38.93,11,1907.0,1,9.84,0,-0.1369809061137222,0
tx102189,24.79,19,926.0,3,1.23,0,-0.1369846878550282,0
tx101607,22.5,11,46.0,0,1.15,0,-0.13710156232247084,0
tx103594,23.99,20,1323.0,1,12.81,0,-0.1371140314635526,0
tx100407,21.18,13,1980.0,0,1.58,0,-0.1371154093801118,0
tx100796,34.17,14,31.0,0,1.09,0,-0.13712720410643292,0
tx104996,25.13,9,1787.0,1,11.65,0,-0.1371524104478511,0
tx101856,16.05,9,1965.0,1,3.28,0,-0.1371530774032952,0
tx101480,64.29,16,97.0,1,1.31,0,-0.1371614143764608,0
tx101227,27.65,21,97.0,1,2.91,0,-0.13716949068559797,0
tx101487,74.14,10,316.0,0,7.72,0,-0.13717296469029533,0
tx102122,11.92,17,391.0,1,13.27,0,-0.13718469700713393,0
tx102270,37.88,8,1301.0,3,0.45,0,-0.1371929732930698,0
tx101962,13.12,13,1621.0,2,12.12,0,-0.13724704702645774,0
tx103265,25.61,20,76.0,1,1.87,0,-0.13736516489578843,0
tx101311,22.04,8,342.0,3,4.43,0,-0.13743217714970707,0
tx102568,13.55,5,426.0,0,1.11,0,-0.1374718666420831,0
tx100401,51.27,19,629.0,2,10.38,0,-0.1375073728780543,0
tx101012,28.98,18,723.0,3,6.95,0,-0.1375625569418119,0
tx100742,81.36,16,1140.0,0,0.04,0,-0.13766569316896038,0
tx104430,18.69,6,1652.0,2,3.0,0,-0.13777993603658373,0
tx101183,40.26,4,889.0,0,4.69,0,-0.13779573593625377,0
tx101761,31.77,4,1389.0,0,3.22,0,-0.1378244148988425,0
tx104511,90.21,12,909.0,0,3.17,0,-0.13782543135555075,0
tx102468,14.76,12,487.0,3,2.42,0,-0.1379052072133891,0
tx103442,70.72,15,395.0,2,5.6,0,-0.13794227730371234,0
tx101409,7.83,8,1622.0,0,4.41,0,-0.1379434970770696,0
tx101524,30.65,9,293.0,0,13.0,0,-0.1379843536876058,0
tx101025,53.99,20,319.0,2,4.44,0,-0.1379845651472923,0
tx103401,48.16,19,197.0,1,11.14,0,-0.13799150032812535,0
tx100993,30.21,16,194.0,0,12.91,0,-0.1379979445303156,0
tx100687,60.06,13,37.0,1,3.89,0,-0.13802259424981017,0
tx101492,17.05,8,526.0,0,12.37,0,-0.13808249016988972,0
tx103591,49.12,8,253.0,0,0.11,0,-0.13811623248914034,0
tx103132,52.56,9,1051.0,3,2.78,0,-0.138131518685991,0
tx103189,24.52,17,1902.0,2,1.96,0,-0.13813743538498174,0
tx100357,37.38,16,656.0,1,17.57,0,-0.13819093006742383,0
tx104859,37.31,4,927.0,0,0.88,0,-0.13820993224956857,0
tx100910,7.76,9,1841.0,1,3.77,0,-0.13823021378566452,0
tx104991,23.72,10,1989.0,1,4.49,0,-0.13826711854422002,0
tx102745,31.43,11,1664.0,3,2.13,0,-0.13828176075268694,0
tx103640,7.45,20,1317.0,0,0.81,0,-0.13833514046845724,0
tx101822,81.0,12,1690.0,1,1.41,0,-0.13835045441799404,0
tx102808,11.72,17,189.0,2,0.56,0,-0.1384096259314755,0
tx101553,14.78,11,45.0,2,1.76,0,-0.13844474743152796,0
tx104893,29.88,19,1028.0,3,1.32,0,-0.13845480559647905,0
tx100873,17.53,11,1517.0,0,14.4,0,-0.13846552538068396,0
tx102442,69.83,20,1308.0,1,3.76,0,-0.1384730847067967,0
tx100779,25.02,20,287.0,1,12.07,0,-0.13849348997787952,0
tx103512,7.65,15,147.0,0,5.19,0,-0.13853097486585253,0
tx103185,45.79,15,1975.0,1,0.78,0,-0.13858158068886872,0
tx100942,24.43,16,1833.0,2,7.73,0,-0.13858447735306945,0
tx104152,32.93,3,422.0,1,0.54,0,-0.13859509031415873,0
tx102323,35.16,9,1055.0,0,16.02,0,-0.1386158607425097,0
tx104412,64.04,19,831.0,2,4.9,0,-0.13862947921405488,0
tx100000,20.6,23,1038.0,1,3.23,0,-0.1386299807562193,0
tx103152,37.48,8,115.0,0,2.15,0,-0.1386641515849098,0
tx104073,17.59,6,168.0,1,0.77,0,-0.13867870501023255,0
tx100619,13.55,13,1871.0,2,5.29,0,-0.13870516782133635,0
tx100715,21.39,17,424.0,3,3.92,0,-0.13871485362075253,0
tx102620,13.1,21,1172.0,2,0.99,0,-0.1387243881623066,0
tx104312,50.31,20,280.0,0,4.67,0,-0.13877311811123216,0
tx103821,40.69,17,614.0,0,13.54,0,-0.13880480509294318,0
tx102666,15.04,21,682.0,2,5.79,0,-0.1388554710460665,0
tx100416,10.63,8,178.0,1,7.58,0,-0.13889916265437674,0
tx102803,9.82,6,1269.0,0,2.07,0,-0.13893620988282918,0
tx103921,29.1,5,656.0,1,13.36,0,-0.1389661008784518,0
tx104945,11.33,20,1361.0,2,0.74,0,-0.13897221977219343,0
tx101315,15.03,21,1394.0,1,9.67,0,-0.1389784991529972,0
tx101742,32.18,18,564.0,1,16.67,0,-0.13898410707296305,0
tx104976,22.6,18,1980.0,1,2.35,0,-0.13899766070116176,0
tx100384,11.73,8,310.0,0,7.45,0,-0.13901157592569013,0
tx103852,24.67,22,181.0,1,4.13,0,-0.13902221568822226,0
tx102867,54.93,12,75.0,0,3.88,0,-0.13903201335957577,0
tx100435,30.33,22,889.0,2,3.66,0,-0.1391444603717104,0
tx101040,35.91,10,37.0,1,8.25,0,-0.13916625041897657,0
tx100681,24.47,9,1728.0,0,11.09,0,-0.13920329367931916,0
tx104325,15.05,8,1244.0,3,1.4,0,-0.13923434510993427,0
tx101530,70.33,17,436.0,2,1.99,0,-0.13926420241185045,0
tx103076,62.79,18,197.0,1,0.54,0,-0.13927514418176123,0
tx100568,9.83,12,1023.0,0,12.85,0,-0.13929373082035618,0
tx100654,30.55,15,1979.0,0,3.23,0,-0.13930452079544392,0
tx102461,16.09,9,341.0,3,2.1,0,-0.13933627841820756,0
tx101528,14.59,21,1309.0,2,1.73,0,-0.13935891675489437,0
tx104756,75.89,10,1240.0,2,0.63,0,-0.13936796029437648,0
tx103708,5.76,20,673.0,0,1.82,0,-0.13940237103002812,0
tx102266,19.25,20,457.0,2,7.69,0,-0.13943348059414373,0
tx104462,8.41,18,1285.0,2,8.6,0,-0.13943383851213004,0
tx101810,84.24,15,1484.0,1,5.35,0,-0.13945493609710946,0
tx100782,33.02,7,1829.0,1,6.29,0,-0.13957476145150666,0
tx104409,56.34,16,1820.0,0,6.45,0,-0.13958002052753532,0
tx102010,17.45,12,1615.0,2,12.21,0,-0.13960273040191962,0
tx100762,48.69,5,596.0,2,5.63,0,-0.1396172633677264,0
tx102222,39.38,19,1806.0,0,6.48,0,-0.1396498484876591,0
tx102527,34.92,20,874.0,1,13.44,0,-0.13966720902855734,0
tx103981,64.62,16,201.0,0,0.86,0,-0.1396780501244803,0
tx102940,17.37,10,53.0,0,3.83,0,-0.1397049493246071,0
tx102531,68.08,20,1196.0,0,3.45,0,-0.13970702219262016,0
tx101865,11.56,8,165.0,0,2.97,0,-0.13970936009551954,0
tx101570,47.78,19,174.0,2,3.28,0,-0.1397173409374579,0
tx104144,26.59,11,1971.0,0,4.19,0,-0.13975236311604167,0
tx100912,58.32,19,1808.0,1,3.89,0,-0.13978112750713684,0
tx104065,18.79,17,1992.0,1,2.26,0,-0.13979493513301972,0
tx104403,11.46,21,1150.0,1,8.59,0,-0.13980379573724883,0
tx102360,36.74,17,1872.0,1,10.73,0,-0.1398293120661494,0
tx101984,77.93,11,521.0,2,7.34,0,-0.13984612154624665,0
tx104043,24.42,19,517.0,1,15.6,0,-0.13985675620026505,0
tx102404,26.83,12,1921.0,1,9.01,0,-0.1398662355011715,0
tx102490,17.59,9,66.0,0,2.74,0,-0.13989520544335216,0
tx100511,10.73,21,913.0,0,0.56,0,-0.13990055337148155,0
tx100615,14.44,20,314.0,1,10.17,0,-0.13995135611935072,0
tx101929,10.82,13,1844.0,2,2.96,0,-0.13997078929626366,0
tx102026,31.26,21,124.0,1,4.32,0,-0.14000205949378008,0
tx104093,50.7,8,1509.0,0,10.75,0,-0.14002468521075084,0
tx100218,22.29,15,1842.0,1,11.58,0,-0.14002597527303684,0
tx102776,19.69,20,196.0,0,1.68,0,-0.14006445541015616,0
tx103554,47.01,20,914.0,1,11.77,0,-0.14006981790249418,0
tx103123,72.8,10,1268.0,0,9.17,0,-0.14007015534792638,0
tx100220,60.44,10,1637.0,2,4.02,0,-0.1400743432048141,0
tx100034,43.7,2,688.0,1,5.46,0,-0.1401088169725453,0
tx101219,64.69,16,1705.0,0,0.52,0,-0.14013803714000794,0
tx102453,11.55,13,1912.0,0,1.95,0,-0.14017097830527098,0
tx103963,28.32,8,466.0,3,6.29,0,-0.14017175224972278,0
tx103715,7.49,5,852.0,1,2.96,0,-0.14018115203301995,0
tx101484,43.42,19,191.0,2,0.74,0,-0.14019786566793613,0
tx100835,64.97,12,193.0,2,1.46,0,-0.14020417015739994,0
tx102061,59.47,18,1337.0,1,12.81,0,-0.14022986389029785,0
tx104727,36.6,4,908.0,2,7.28,0,-0.14023710453181543,0
tx104457,25.04,2,1560.0,1,2.37,0,-0.1402650099500377,0
tx100189,15.83,11,187.0,2,11.8,0,-0.14026779956405233,0
tx104587,46.42,18,605.0,1,14.68,0,-0.1402960860742818,0
tx104008,18.06,15,1660.0,0,12.17,0,-0.14030159841979917,0
tx102199,41.56,15,1868.0,2,0.33,0,-0.1403096862603851,0
tx101297,10.11,16,126.0,2,2.8,0,-0.14036093345160328,0
tx102089,28.41,15,1976.0,0,1.23,0,-0.14039266826471253,0
tx104454,19.21,9,1498.0,3,2.45,0,-0.14041556805778727,0
tx100976,28.86,13,1956.0,0,0.77,0,-0.14044200821445518,0
tx104610,57.44,20,469.0,2,2.17,0,-0.1404503755728887,0
tx100009,28.99,14,238.0,2,13.69,0,-0.14050662296495098,0
tx102203,56.85,21,604.0,1,8.03,0,-0.1405211294523689,0
tx103823,63.39,21,1302.0,1,2.81,0,-0.14052254711225926,0
tx102759,23.5,21,419.0,2,1.04,0,-0.14052359993791996,0
tx104928,30.39,21,132.0,1,5.13,0,-0.1405395963618934,0
tx102900,18.99,21,1690.0,0,3.44,0,-0.1405782510325952,0
tx100716,9.36,21,1035.0,0,3.87,0,-0.14059135641490694,0
tx101842,58.66,6,569.0,2,3.21,0,-0.14059740222393968,0
tx104824,84.05,16,643.0,0,0.75,0,-0.14060055336413224,0
tx100467,54.33,21,309.0,1,5.92,0,-0.14060332428465722,0
tx100878,19.65,8,1240.0,3,5.07,0,-0.14064882052518762,0
tx101584,30.51,7,217.0,0,1.55,0,-0.14066089113764646,0
tx104127,23.25,19,1759.0,2,0.72,0,-0.140663607399992,0
tx103519,20.61,6,1638.0,2,2.46,0,-0.14067360044697697,0
tx103385,48.22,21,624.0,2,1.37,0,-0.1406957307020374,0
tx102499,44.95,12,585.0,3,0.3,0,-0.14071346564057763,0
tx100928,23.13,15,1302.0,0,15.36,0,-0.14075942723138568,0
tx101269,9.99,15,1392.0,2,12.33,0,-0.14076739722611115,0
tx102072,22.55,17,74.0,1,9.8,0,-0.140768862379049,0
tx100039,75.65,16,1491.0,1,10.33,0,-0.14080733683246477,0
tx104819,50.49,21,1161.0,2,1.87,0,-0.1408657519566459,0
tx102925,18.18,2,887.0,1,5.89,0,-0.14088775205504878,0
tx103774,16.02,22,1157.0,0,2.8,0,-0.14089784594605453,0
tx102600,7.2,9,1757.0,1,6.67,0,-0.14090193665606981,0
tx103509,34.26,19,1938.0,1,4.31,0,-0.14093605696670458,0
tx100426,10.33,8,368.0,0,0.74,0,-0.14094739288833175,0
tx103825,27.29,7,135.0,1,0.15,0,-0.14096046663864054,0
tx100479,19.74,16,59.0,0,3.56,0,-0.14104337608229295,0
tx101785,17.52,9,1878.0,0,5.65,0,-0.14105798879952308,0
tx100544,31.32,17,745.0,0,14.03,0,-0.14105810672410773,0
tx103411,47.53,6,312.0,2,2.32,0,-0.1411118893092736,0
tx101042,42.54,3,1321.0,1,0.62,0,-0.14112738079792092,0
tx102764,23.16,16,322.0,3,4.14,0,-0.14116879585732456,0
tx100400,17.33,12,1925.0,0,5.19,0,-0.14120219457245614,0
tx100094,24.5,14,1949.0,0,0.65,0,-0.14121794110432423,0
tx100534,65.34,19,682.0,0,7.6,0,-0.14122156462656876,0
tx104335,11.37,17,167.0,0,5.38,0,-0.14128877595271178,0
tx101947,15.31,19,1852.0,1,0.39,0,-0.1412897903181516,0
tx102014,12.27,6,1388.0,2,2.35,0,-0.141315270706519,0
tx104840,10.39,9,135.0,0,2.95,0,-0.1413192672130426,0
tx104808,24.67,12,1949.0,1,0.14,0,-0.14132615180195673,0
tx103246,20.7,12,1845.0,0,8.18,0,-0.14135785634133174,0
tx104565,45.98,10,1828.0,0,1.25,0,-0.14136362539613062,0
tx102624,18.13,22,494.0,1,0.04,0,-0.14137778675972423,0
tx104969,15.71,17,216.0,0,7.67,0,-0.1413937146361146,0
tx101743,39.17,4,1737.0,1,2.64,0,-0.1414418325336449,0
tx103699,17.57,11,346.0,3,2.97,0,-0.1414751070241077,0
tx100469,15.53,20,233.0,1,7.29,0,-0.14150044947797363,0
tx101102,25.88,3,1036.0,1,0.11,0,-0.14151739606830432,0
tx103255,24.59,4,821.0,0,6.14,0,-0.14159417275750996,0
tx102716,13.01,21,595.0,0,7.37,0,-0.14169659818217262,0
tx103316,88.29,10,568.0,0,4.16,0,-0.14170670809290398,0
tx100731,64.37,20,550.0,0,4.19,0,-0.14171441486568132,0
tx102852,26.11,23,944.0,1,2.21,0,-0.1417150472674521,0
tx100968,87.03,10,1173.0,0,2.78,0,-0.14172560897759934,0
tx102761,18.97,21,1359.0,2,0.33,0,-0.14175921510295408,0
tx101469,72.0,8,1187.0,0,0.2,0,-0.14177919093996305,0
tx102154,16.14,15,1124.0,3,0.52,0,-0.14179077880713503,0
tx101796,17.46,15,1304.0,3,7.12,0,-0.1417946109052794,0
tx104129,54.59,8,127.0,2,2.07,0,-0.14179472092952666,0
tx104048,20.62,10,376.0,0,13.95,0,-0.14180361831520605,0
tx100560,6.53,17,1815.0,1,4.13,0,-0.1418418917714911,0
tx102211,27.68,22,283.0,1,2.37,0,-0.14187371949798955,0
tx104477,60.03,21,401.0,1,1.29,0,-0.14188336962872622,0
tx100515,65.51,20,739.0,0,3.5,0,-0.1419103644938266,0
tx101491,58.19,4,628.0,1,0.78,0,-0.1419523868657674,0
tx101155,24.77,16,1435.0,1,16.59,0,-0.14195957596051,0
tx102475,13.72,22,915.0,1,6.9,0,-0.1419726535668439,0
tx104520,11.06,21,1450.0,0,2.94,0,-0.1419830063474704,0
tx101899,21.14,9,1921.0,1,0.48,0,-0.14199009076846897,0
tx101703,49.46,15,100.0,0,0.8,0,-0.14199333812072407,0
tx104137,7.02,17,669.0,0,9.5,0,-0.14207492079238093,0
tx102043,30.19,7,1754.0,0,3.46,0,-0.142083052349323,0
tx100274,38.43,20,450.0,2,8.62,0,-0.14215717285015828,0
tx104364,15.72,14,484.0,3,5.24,0,-0.14217562405436718,0
tx101397,11.32,21,1359.0,0,1.35,0,-0.14217922355200002,0
tx101076,71.7,8,1542.0,0,1.39,0,-0.14222674329354007,0
tx102895,11.49,9,86.0,1,1.03,0,-0.1422643517690479,0
tx103151,23.95,5,421.0,2,1.2,0,-0.1422733442421351,0
tx100180,90.35,13,693.0,0,1.5,0,-0.14234080534588767,0
tx101293,19.86,21,1643.0,0,1.21,0,-0.14238486109446613,0
tx100952,13.89,10,1932.0,1,4.28,0,-0.14241511929527184,0
tx103322,53.27,20,1486.0,1,10.48,0,-0.1424358990135453,0
tx103095,15.41,20,1578.0,2,1.8,0,-0.14245952852140087,0
tx103308,34.7,11,1557.0,0,13.64,0,-0.1425122652408229,0
tx103980,22.38,12,1931.0,0,1.48,0,-0.14252370138053122,0
tx100032,11.92,3,1040.0,1,1.94,0,-0.14252393873035712,0
tx104926,36.13,9,656.0,3,9.23,0,-0.14252649571345505,0
tx100651,25.04,4,864.0,0,1.13,0,-0.14258587221843255,0
tx100777,78.46,9,1624.0,1,1.38,0,-0.14260359310669968,0
tx104707,36.26,21,1752.0,0,1.79,0,-0.14260572454242604,0
tx103342,14.15,18,1763.0,1,8.8,0,-0.1426227965831856,0
tx100970,58.29,20,804.0,1,10.2,0,-0.14262617941085182,0
tx104953,50.26,18,160.0,2,4.55,0,-0.1426486665865015,0
tx102080,47.88,13,433.0,3,2.07,0,-0.1426700861881211,0
tx103984,18.55,2,1330.0,1,2.74,0,-0.1426714022428855,0
tx100661,43.76,20,1324.0,1,11.12,0,-0.1426770117840624,0
tx101829,8.46,11,181.0,1,10.5,0,-0.14273962500476378,0
tx104438,53.97,11,234.0,0,10.21,0,-0.14279101726649918,0
tx101769,8.22,14,1690.0,0,6.17,0,-0.14280123473773598,0
tx102088,19.46,20,245.0,0,2.57,0,-0.14281217432576726,0
tx102874,24.6,15,1595.0,0,13.44,0,-0.14283602380555332,0
tx101244,23.08,17,1996.0,1,2.05,0,-0.14284036825944224,0
tx103463,15.62,2,666.0,1,3.14,0,-0.14284383228384923,0
tx104148,41.15,13,60.0,0,2.71,0,-0.1429212040976438,0
tx102529,41.86,3,454.0,1,1.72,0,-0.14292502387984818,0
tx103813,20.87,20,1252.0,1,10.99,0,-0.14296664963885874,0
tx100866,36.85,14,1169.0,2,15.58,0,-0.14297787252885719,0
tx102567,24.71,13,104.0,2,8.51,0,-0.1430135453483123,0
tx102272,9.6,7,456.0,2,0.98,0,-0.1430486119266539,0
tx100500,47.54,10,1808.0,0,0.91,0,-0.14309143181330658,0
tx103283,48.02,13,1787.0,2,0.39,0,-0.14310599399995882,0
tx104698,22.71,13,1875.0,2,5.26,0,-0.14311622226428122,0
tx103386,74.67,10,313.0,0,1.01,0,-0.14314675839636354,0
tx101313,72.51,14,1077.0,0,10.52,0,-0.143173073911332,0
tx102580,29.41,22,1166.0,0,5.82,0,-0.14319330984338724,0
tx101483,36.53,4,844.0,2,1.17,0,-0.14326155223762682,0
tx101557,16.2,12,39.0,1,5.58,0,-0.1433030606250621,0
tx104606,36.16,21,457.0,2,1.58,0,-0.14333212875154722,0
tx103249,16.25,16,1439.0,3,2.13,0,-0.14335004602989193,0
tx101995,43.93,17,117.0,2,1.11,0,-0.14337524132794893,0
tx103923,54.98,11,1681.0,2,0.91,0,-0.1433827425429538,0
tx104880,35.01,16,1924.0,0,5.13,0,-0.14339982413885383,0
tx103005,66.96,8,1451.0,0,0.46,0,-0.14340675243261564,0
tx101848,25.99,19,1319.0,1,13.63,0,-0.14343436809378624,0
tx100663,18.97,3,557.0,1,0.93,0,-0.1434890652877654,0
tx100207,37.53,15,1928.0,0,3.49,0,-0.1435188000770109,0
tx102257,45.62,16,1129.0,3,5.03,0,-0.14352905424571605,0
tx101200,65.0,9,1485.0,2,3.06,0,-0.1435314423204213,0
tx101625,39.72,13,1900.0,0,5.85,0,-0.14353901035392436,0
tx101046,13.99,15,1478.0,3,2.69,0,-0.14354540600448057,0
tx103393,61.1,7,858.0,2,2.24,0,-0.14355378851633604,0
tx100376,41.57,12,81.0,0,4.51,0,-0.14357713670222,0
tx102904,22.1,12,1844.0,0,7.82,0,-0.1435897771479287,0
tx104199,30.18,5,1480.0,0,3.28,0,-0.14359221945423822,0
tx103091,53.47,6,988.0,0,5.66,0,-0.14371607948139548,0
tx103568,17.0,13,625.0,3,6.12,0,-0.1437236379247489,0
tx100219,36.74,17,1282.0,0,13.02,0,-0.14378928065162694,0
tx102006,89.56,9,1320.0,1,0.77,0,-0.1438573721396234,0
tx103895,89.37,8,1051.0,1,1.5,0,-0.14388015216415267,0
tx100591,10.59,13,1733.0,0,7.48,0,-0.1439021691096713,0
tx102109,62.62,14,1775.0,0,3.82,0,-0.14392592166595009,0
tx102175,22.87,15,1967.0,0,4.07,0,-0.1439599603707803,0
tx101262,14.34,18,322.0,0,8.59,0,-0.14397233529987769,0
tx101192,28.37,16,1724.0,2,10.82,0,-0.14400283804093483,0
tx100162,30.61,17,1985.0,1,1.27,0,-0.14404744953188625,0
tx100871,25.12,8,1182.0,3,5.86,0,-0.1440606514763046,0
tx101168,27.37,5,433.0,2,4.34,0,-0.14412915681207583,0
tx100853,14.67,7,1006.0,2,10.32,0,-0.14413740577669099,0
tx104823,22.49,16,1448.0,1,16.31,0,-0.14415288470230392,0
tx101787,18.96,9,1942.0,1,1.67,0,-0.1441746907238119,0
tx101820,16.1,15,1443.0,3,4.71,0,-0.14418220044842428,0
tx103054,10.52,10,1875.0,1,0.93,0,-0.14423557946500465,0
tx103407,33.49,21,151.0,1,4.13,0,-0.14428679652113285,0
tx101597,38.32,20,1616.0,2,0.99,0,-0.14428833370853839,0
tx101246,17.28,11,460.0,3,6.53,0,-0.14430600618121853,0
tx100817,9.59,18,302.0,0,2.13,0,-0.1443126727026609,0
tx103365,18.8,12,1350.0,1,16.36,0,-0.144339379631935,0
tx103904,28.89,18,1090.0,2,12.8,0,-0.14441106790035335,0
tx103679,15.88,11,118.0,0,0.54,0,-0.14443864239757048,0
tx102060,34.38,19,147.0,1,0.13,0,-0.14444146528644652,0
tx101156,75.35,8,498.0,0,3.47,0,-0.14444186846629203,0
tx101132,90.8,11,1159.0,1,0.14,0,-0.1444724801575844,0
tx104920,22.77,21,1313.0,2,0.37,0,-0.14448364440924566,0
tx100693,14.07,16,1903.0,0,2.97,0,-0.14451007445472086,0
tx101841,7.39,18,689.0,0,7.76,0,-0.1445246853081268,0
tx103462,17.45,12,1854.0,1,9.69,0,-0.1445520037664249,0
tx101986,72.22,12,1626.0,0,2.45,0,-0.1445576861697228,0
tx102359,8.86,12,109.0,1,1.41,0,-0.14460050234834182,0
tx102305,15.63,10,1740.0,0,8.55,0,-0.1446493248611485,0
tx102458,53.55,13,1746.0,2,4.63,0,-0.14465460604470565,0
tx102301,44.75,10,683.0,2,15.24,0,-0.14465473683789198,0
tx101676,43.28,21,1772.0,1,0.59,0,-0.14467073007718223,0
tx100924,13.67,5,693.0,0,1.2,0,-0.1446728362481604,0
tx103817,27.45,12,434.0,3,1.15,0,-0.14471314014078673,0
tx101649,9.61,7,1040.0,0,3.4,0,-0.14472841278755438,0
tx102935,19.12,18,156.0,2,2.47,0,-0.14474585269917822,0
tx104817,10.68,14,255.0,0,7.67,0,-0.14474607275964774,0
tx100283,15.28,15,1748.0,0,9.89,0,-0.14475239000174883,0
tx103521,18.1,17,1051.0,3,2.56,0,-0.14482719440902514,0
tx101739,66.36,15,1724.0,0,3.26,0,-0.14486063284600498,0
tx102483,20.39,21,1287.0,2,1.11,0,-0.14486686212500643,0
tx100370,29.07,14,1334.0,0,14.75,0,-0.14490117991721785,0
tx102424,69.55,15,831.0,2,1.5,0,-0.14490186881009642,0
tx104389,62.62,17,289.0,2,1.91,0,-0.14491992877743737,0
tx102432,37.71,10,449.0,1,17.24,0,-0.1449402020045596,0
tx104605,29.17,11,1118.0,3,8.76,0,-0.14494129393126404,0
tx102540,27.37,20,909.0,2,10.13,0,-0.14494597936760256,0
tx102578,52.76,20,1040.0,2,0.92,0,-0.14495959477728715,0
tx101792,70.92,8,1461.0,0,5.58,0,-0.14499589308147193,0
tx104711,30.03,5,460.0,2,4.58,0,-0.14501247520436333,0
tx100713,24.01,4,1015.0,0,1.47,0,-0.14503160209300026,0
tx103460,56.89,11,1714.0,2,3.98,0,-0.14503385107132755,0
tx103317,71.74,11,1142.0,1,12.54,0,-0.14507267171807836,0
tx101139,49.24,7,444.0,0,0.49,0,-0.1451107453811573,0
tx104850,24.6,21,1277.0,2,1.55,0,-0.14513939639254725,0
tx100960,11.56,20,694.0,2,4.11,0,-0.14514531757027227,0
tx101529,32.62,13,61.0,0,3.09,0,-0.1451896188231287,0
tx101741,18.7,11,1167.0,3,0.33,0,-0.14519627092725446,0
tx102960,70.94,8,799.0,2,2.51,0,-0.1452305512611724,0
tx102167,18.01,8,1515.0,1,13.67,0,-0.14523541498102988,0
tx102865,40.84,12,1252.0,2,14.53,0,-0.145257225798968,0
tx102661,25.71,15,1957.0,0,3.2,0,-0.14526125826706554,0
tx100236,22.89,22,1667.0,1,2.84,0,-0.14526324167552812,0
tx104088,36.41,9,73.0,2,1.64,0,-0.14526568115687094,0
tx101560,23.63,21,612.0,2,0.58,0,-0.14527446111204617,0
tx103395,29.66,18,853.0,3,1.91,0,-0.14533195508969476,0
tx104188,48.98,6,1743.0,1,4.37,0,-0.1453359518165302,0
tx103086,61.32,9,216.0,0,2.62,0,-0.14533770749423525,0
tx100611,4.74,9,832.0,0,0.26,0,-0.14535042657015318,0
tx100723,24.75,20,269.0,0,0.35,0,-0.1454230386758451,0
tx101906,65.74,16,860.0,2,8.79,0,-0.14542469249757728,0
tx102615,37.99,21,366.0,0,0.87,0,-0.14549388858841683,0
tx103424,24.99,11,1873.0,2,0.93,0,-0.1454976250598669,0
tx103814,61.21,17,674.0,0,10.71,0,-0.14551262470730703,0
tx102575,16.62,17,1881.0,0,1.0,0,-0.145517565701703,0
tx104614,25.15,22,864.0,1,8.94,0,-0.1455289300023384,0
tx102994,17.71,16,1988.0,1,2.27,0,-0.1455481142898763,0
tx101940,47.22,16,1848.0,0,1.25,0,-0.1455852971333606,0
tx100451,92.48,9,541.0,1,0.83,0,-0.1456082349956882,0
tx103013,32.1,17,1098.0,3,5.21,0,-0.14561057777397424,0
tx104377,28.29,19,1577.0,0,10.21,0,-0.14563769791735193,0
tx102771,21.81,18,591.0,2,12.32,0,-0.14566504501296512,0
tx101563,49.44,8,266.0,0,6.45,0,-0.14567541426122627,0
tx102608,75.37,19,475.0,1,3.37,0,-0.14568838916958893,0
tx100766,14.28,14,113.0,0,0.82,0,-0.14569550496736527,0
tx101424,49.84,14,35.0,1,1.98,0,-0.14570139559391143,0
tx103131,20.37,3,1453.0,1,5.51,0,-0.14571891361166056,0
tx102938,32.76,21,1100.0,0,8.3,0,-0.14574544962278468,0
tx103297,11.87,19,1625.0,0,0.23,0,-0.14575679162567268,0
tx104548,26.26,21,1414.0,2,0.6,0,-0.1457628527241161,0
tx101629,29.8,22,1182.0,0,1.76,0,-0.1457735937364527,0
tx100406,15.82,5,1697.0,1,3.49,0,-0.14579710001186208,0
tx104897,27.16,18,1275.0,1,14.72,0,-0.1458604376755937,0
tx102780,50.39,20,1431.0,2,4.73,0,-0.1458892357394151,0
tx102817,12.29,18,122.0,1,5.98,0,-0.1459055615907467,0
tx102833,16.63,21,945.0,0,6.75,0,-0.14593620933558948,0
tx103712,29.09,10,493.0,0,14.43,0,-0.14595910552538094,0
tx101617,13.18,14,1923.0,1,0.43,0,-0.14598131896879546,0
tx103084,10.75,17,772.0,2,10.78,0,-0.14601640026767748,0
tx103419,42.46,21,1742.0,1,5.48,0,-0.1460313703453534,0
tx101039,8.46,12,1814.0,1,5.39,0,-0.14603918376735836,0
tx100089,18.42,12,1756.0,0,9.82,0,-0.14603955023954174,0
tx100954,21.76,21,1700.0,0,2.09,0,-0.14605380760868625,0
tx102756,69.46,15,1649.0,1,0.8,0,-0.1461279313778352,0
tx100484,11.73,7,1727.0,1,3.03,0,-0.14612905228898132,0
tx103517,50.22,21,1306.0,0,0.26,0,-0.1461576690561378,0
tx101621,32.89,7,1664.0,2,1.1,0,-0.146161412046657,0
tx103756,59.39,8,329.0,2,5.47,0,-0.14623670470738898,0
tx102361,11.44,10,1306.0,1,12.97,0,-0.14632226249162772,0
tx102734,33.32,14,77.0,0,0.82,0,-0.14640527671354875,0
tx100098,49.65,10,31.0,1,2.38,0,-0.14644385180497121,0
tx102742,19.31,16,43.0,1,3.47,0,-0.1464588789646326,0
tx103465,28.44,9,811.0,0,15.31,0,-0.1464667878233632,0
tx100228,23.97,21,917.0,0,8.1,0,-0.1464745849429323,0
tx102964,33.63,11,81.0,0,1.31,0,-0.14649237350446254,0
tx103656,43.98,10,201.0,0,10.36,0,-0.14649650988044632,0
tx103590,67.73,18,1244.0,0,0.79,0,-0.1465861474379968,0
tx102733,10.35,19,568.0,0,0.23,0,-0.1465994865221213,0
tx100501,9.67,17,1247.0,2,8.69,0,-0.1466151245445257,0
tx103741,41.69,15,1138.0,3,1.33,0,-0.1466286719633394,0
tx100005,16.95,8,96.0,1,5.49,0,-0.1466902549766756,0
tx102821,22.27,21,157.0,1,4.2,0,-0.14669194685463144,0
tx101292,42.69,18,1442.0,2,10.97,0,-0.1466968703198459,0
tx100984,87.01,17,758.0,1,2.66,0,-0.14670319809686833,0
tx102187,18.99,21,606.0,2,3.21,0,-0.14671582770548092,0
tx100682,38.96,22,926.0,1,0.07,0,-0.1467275946693985,0
tx101211,14.18,9,561.0,0,11.73,0,-0.14674681275486245,0
tx101893,20.36,20,483.0,2,0.24,0,-0.14677830300036748,0
tx100914,23.46,21,157.0,1,2.83,0,-0.14679613107380646,0
tx100518,30.08,13,1975.0,1,4.97,0,-0.14680514000805478,0
tx102961,12.8,22,507.0,1,3.2,0,-0.14681164282197495,0
tx103234,14.65,21,599.0,0,0.28,0,-0.14682161653331288,0
tx103035,17.82,20,464.0,2,2.31,0,-0.14682743585402275,0
tx104011,13.9,12,1160.0,2,13.25,0,-0.1468877563358696,0
tx103812,28.88,19,178.0,0,2.71,0,-0.14688911633861074,0
tx101153,19.64,9,1729.0,2,0.35,0,-0.14691580299909357,0
tx103731,15.01,5,1026.0,2,4.74,0,-0.1469321535592999,0
tx103569,26.92,17,239.0,0,9.66,0,-0.1469356333657192,0
tx102853,16.23,15,1853.0,0,7.31,0,-0.1469446534672455,0
tx101151,56.61,20,1494.0,0,3.08,0,-0.14700037680111688,0
tx104327,36.06,9,1010.0,0,14.83,0,-0.14700665021751524,0
tx103080,47.12,20,1359.0,2,0.27,0,-0.14714389089609858,0
tx103831,24.18,22,1126.0,0,1.13,0,-0.14715265378332226,0
tx101903,19.82,14,271.0,2,12.18,0,-0.14715623793386223,0
tx103966,37.18,5,1243.0,2,5.5,0,-0.14717653293138816,0
tx101707,30.81,16,474.0,3,5.73,0,-0.14721185290386296,0
tx104999,16.62,10,1667.0,0,9.88,0,-0.14723887960184828,0
tx102839,27.89,12,850.0,0,15.52,0,-0.1472440856855251,0
tx100667,45.33,22,1168.0,1,0.66,0,-0.1472560965412818,0
tx104083,59.44,15,1477.0,1,12.31,0,-0.1472637792670835,0
tx102366,84.04,12,399.0,1,0.1,0,-0.14734879857766414,0
tx102646,57.15,19,954.0,2,6.86,0,-0.14737815671350385,0
tx101613,58.77,19,956.0,0,8.46,0,-0.14738040884734632,0
tx104405,18.03,20,663.0,0,9.32,0,-0.14740641547886113,0
tx103860,72.54,18,1479.0,1,1.48,0,-0.1474835445852466,0
tx102224,63.4,8,577.0,1,10.48,0,-0.14748779799304906,0
tx102149,31.36,19,646.0,0,11.1,0,-0.1475138070198243,0
tx102071,9.92,21,1324.0,1,1.11,0,-0.14753332193212176,0
tx100737,62.09,12,486.0,0,10.63,0,-0.14754623147185303,0
tx103725,50.54,14,1579.0,0,10.86,0,-0.14760873919040435,0
tx100732,28.84,18,323.0,2,10.5,0,-0.14762550564587618,0
tx101576,28.52,9,1947.0,1,1.36,0,-0.14775215591642732,0
tx100943,40.64,18,343.0,0,10.21,0,-0.14776933333525444,0
tx104906,42.73,13,1126.0,3,6.16,0,-0.14779610662209913,0
tx100813,27.0,21,1124.0,2,0.63,0,-0.14787829972063926,0
tx104760,37.59,17,1819.0,1,9.85,0,-0.14793401700216974,0
tx102472,30.06,20,253.0,0,3.02,0,-0.14794817529626003,0
tx101465,21.7,19,132.0,1,0.63,0,-0.14796800750135447,0
tx101209,19.76,18,147.0,0,2.3,0,-0.14797048198855522,0
tx104536,37.57,13,1882.0,0,1.05,0,-0.1479896813860922,0
tx103898,37.21,21,1236.0,0,6.66,0,-0.14799548188563266,0
tx100164,16.1,13,1969.0,1,1.79,0,-0.14804077014270045,0
tx101179,19.18,5,1118.0,0,1.55,0,-0.14805025549821949,0
tx104395,8.5,7,949.0,2,4.43,0,-0.14808798761477582,0
tx103466,13.11,20,1140.0,2,5.63,0,-0.14810557596327195,0
tx101936,13.39,14,1750.0,2,0.35,0,-0.1481243453142217,0
tx104373,18.92,3,782.0,1,2.36,0,-0.1481249919605353,0
tx101073,15.93,15,52.0,1,4.92,0,-0.148135805419291,0
tx100462,40.69,17,1918.0,1,4.42,0,-0.14814754122485413,0
tx104714,47.36,17,1576.0,2,8.89,0,-0.14815460379964812,0
tx104171,34.5,16,1159.0,3,0.43,0,-0.14818051921791792,0
tx101844,27.85,21,1819.0,1,1.21,0,-0.14818840854529325,0
tx103587,6.2,13,1442.0,0,9.04,0,-0.14819110826081466,0
tx103154,39.21,20,869.0,2,8.74,0,-0.14819772752281107,0
tx104549,22.07,5,687.0,2,4.71,0,-0.14823896076189663,0
tx102806,29.61,12,454.0,3,2.36,0,-0.14826534503144329,0
tx101291,71.31,13,149.0,1,0.88,0,-0.1482673457589891,0
tx104316,25.42,16,181.0,0,11.01,0,-0.14828152048447385,0
tx104686,58.74,10,1700.0,0,4.31,0,-0.14831181037529373,0
tx102459,48.79,9,65.0,1,4.92,0,-0.14832220710366262,0
tx101924,45.03,13,1852.0,0,3.82,0,-0.14834782348185138,0
tx100602,25.69,15,598.0,3,2.22,0,-0.14836207729232537,0
tx103012,5.36,18,1346.0,2,1.78,0,-0.1483725022404469,0
tx104537,48.18,10,997.0,0,12.87,0,-0.14838776128282805,0
tx102505,49.73,11,1899.0,1,4.24,0,-0.14842557521829203,0
tx103292,21.84,17,1660.0,0,9.98,0,-0.14845647384767396,0
tx101347,58.85,19,352.0,0,1.43,0,-0.14845845471778712,0
tx102097,21.62,21,616.0,2,1.64,0,-0.1484607659173428,0
tx100930,50.14,18,1833.0,1,2.19,0,-0.1484733406981129,0
tx101145,14.17,17,1285.0,2,10.95,0,-0.14847810892157337,0
tx101176,20.21,8,1807.0,0,1.84,0,-0.14849226271912075,0
tx101868,14.66,10,1822.0,0,4.95,0,-0.1484948672855364,0
tx104338,5.76,14,288.0,0,2.68,0,-0.1484969269363502,0
tx102070,16.37,11,1933.0,1,6.44,0,-0.14849824948748908,0
tx104784,32.52,8,1814.0,0,1.69,0,-0.14850216270810906,0
tx100365,63.8,17,1763.0,1,3.36,0,-0.14854623771951053,0
tx104185,12.29,20,366.0,1,7.47,0,-0.14855075977322102,0
tx100266,89.11,11,925.0,1,6.82,0,-0.14856361428081089,0
tx101632,41.7,10,1807.0,2,2.02,0,-0.14861860288656636,0
tx102106,19.2,16,90.0,0,3.0,0,-0.14862709724703982,0
tx103273,10.38,19,617.0,2,3.29,0,-0.14867961921621858,0
tx101226,52.25,19,1818.0,1,2.66,0,-0.148687351906572,0
tx104007,22.54,21,1311.0,2,2.09,0,-0.1486984797225666,0
tx104593,78.52,8,624.0,0,1.49,0,-0.14880141660249185,0
tx101645,31.25,10,1796.0,2,0.52,0,-0.1488124183059626,0
tx102678,33.07,17,1074.0,3,2.17,0,-0.1488370894196735,0
tx100240,30.59,17,1877.0,2,2.66,0,-0.14884194968976233,0
tx100414,12.31,17,1532.0,2,0.06,0,-0.14884498351354158,0
tx101807,16.46,11,1863.0,2,3.33,0,-0.14890236739549662,0
tx102474,35.01,3,1182.0,1,5.38,0,-0.14892676586157128,0
tx103511,14.36,21,841.0,1,8.54,0,-0.1489425963162762,0
tx103332,79.63,11,1551.0,1,0.67,0,-0.1489451066898368,0
tx103427,11.94,15,1818.0,0,0.58,0,-0.14894933173454905,0
tx103795,62.04,19,1288.0,0,0.93,0,-0.14899120789100107,0
tx103198,54.9,18,1720.0,0,2.37,0,-0.14900298528274664,0
tx100121,38.35,21,691.0,2,1.59,0,-0.14904239037280836,0
tx101744,13.25,20,885.0,2,1.0,0,-0.14905119072065165,0
tx101745,41.03,19,1776.0,0,1.15,0,-0.1490567516077752,0
tx104220,40.56,13,535.0,3,4.87,0,-0.149078477574476,0
tx103188,13.25,11,1930.0,1,2.71,0,-0.14908901254920837,0
tx103806,25.84,15,1768.0,2,8.71,0,-0.14910642926442907,0
tx104703,14.68,19,1275.0,2,0.22,0,-0.14911636517527815,0
tx102259,65.68,9,773.0,0,9.33,0,-0.14912605202489887,0
tx102915,23.91,20,365.0,0,6.65,0,-0.14914450930596423,0
tx100318,29.71,14,1505.0,3,0.47,0,-0.14914829157903947,0
tx101900,21.33,17,297.0,0,10.26,0,-0.14915380751452645,0
tx102428,26.36,22,908.0,0,2.1,0,-0.14917441983643182,0
tx103238,39.9,18,1695.0,0,7.16,0,-0.1492274560788031,0
tx102079,49.18,21,956.0,0,0.23,0,-0.1492365998798485,0
tx100510,27.04,19,191.0,0,1.48,0,-0.14931828034873396,0
tx103520,6.93,11,318.0,2,6.7,0,-0.14932849504995038,0
tx100403,17.49,20,1312.0,0,6.57,0,-0.14933157492417848,0
tx101846,22.8,19,1684.0,2,1.49,0,-0.14933825560604252,0
tx100197,31.98,9,1054.0,0,14.32,0,-0.14936018853063243,0
tx104957,28.32,21,1631.0,1,0.03,0,-0.1493675373080265,0
tx104263,27.96,13,1984.0,1,2.83,0,-0.14937628526039126,0
tx103672,24.76,15,1586.0,2,12.68,0,-0.1493764483377792,0
tx101239,90.21,10,465.0,1,2.83,0,-0.14939761676345664,0
tx100322,15.98,7,1441.0,0,6.42,0,-0.14944527553930703,0
tx100472,36.62,14,73.0,2,2.47,0,-0.14947310778183837,0
tx103605,18.56,21,1672.0,1,0.4,0,-0.14947897214854128,0
tx102824,26.75,18,1934.0,1,1.54,0,-0.14950794451808108,0
tx102588,16.73,15,428.0,0,12.28,0,-0.14953734200061342,0
tx104271,21.69,6,1570.0,0,2.8,0,-0.14957401163935935,0
tx104526,33.5,18,1232.0,0,12.01,0,-0.14959254132926736,0
tx100359,20.4,15,1168.0,3,5.85,0,-0.1496043848526793,0
tx104486,46.51,20,374.0,0,4.7,0,-0.14961984661346922,0
tx101795,28.99,8,1809.0,0,2.4,0,-0.14963594702481797,0
tx103938,37.33,14,772.0,1,17.05,0,-0.1496492423201657,0
tx103614,28.98,15,1422.0,3,1.05,0,-0.14969944661525952,0
tx102738,14.44,15,458.0,0,11.88,0,-0.1497119842230466,0
tx100606,39.75,16,101.0,0,2.9,0,-0.14971489640125119,0
tx102500,41.63,20,844.0,2,7.94,0,-0.14976239741847208,0
tx102725,14.03,21,445.0,1,0.56,0,-0.14977067368495228,0
tx102186,28.96,14,1222.0,0,13.21,0,-0.1497773685424736,0
tx103223,16.82,19,276.0,0,1.36,0,-0.14980651919211874,0
tx100292,54.59,13,102.0,1,7.97,0,-0.14980728108882424,0
tx102346,54.46,10,262.0,2,7.34,0,-0.14982816166773355,0
tx104781,22.29,10,107.0,0,1.22,0,-0.14985098448416212,0
tx102696,30.91,21,1312.0,1,9.35,0,-0.14986760415129596,0
tx101022,26.9,8,117.0,2,1.74,0,-0.14989572709579718,0
tx100759,23.99,8,1738.0,2,2.41,0,-0.14992100387304147,0
tx103816,38.38,16,101.0,0,2.42,0,-0.14992454724740845,0
tx101588,30.3,21,1322.0,2,1.79,0,-0.14995780786923268,0
tx103217,36.59,15,1968.0,1,3.95,0,-0.1499988065584547,0
tx104236,29.73,10,1746.0,0,8.56,0,-0.15004210335057,0
tx104851,21.79,15,923.0,3,6.06,0,-0.15006998090563056,0
tx100998,84.47,16,1026.0,1,4.8,0,-0.15007122771472137,0
tx103616,14.5,19,1696.0,0,0.74,0,-0.1500730548877468,0
tx101873,17.64,13,1675.0,1,11.66,0,-0.15010543197955462,0
tx102208,11.83,8,1810.0,1,4.65,0,-0.15010825233246905,0
tx104070,52.68,8,1804.0,1,2.97,0,-0.15012956826301227,0
tx101682,57.25,20,1250.0,0,1.26,0,-0.15016148210519953,0
tx100627,11.7,18,1657.0,0,4.22,0,-0.1501987310585901,0
tx103575,8.58,9,388.0,2,0.13,0,-0.1502965971448766,0
tx103381,15.43,6,1301.0,0,1.84,0,-0.15032116911059784,0
tx102609,23.63,12,1131.0,0,14.19,0,-0.15033488393235506,0
tx101955,16.89,16,56.0,1,2.9,0,-0.15034668520858857,0
tx104797,21.08,9,118.0,0,4.51,0,-0.15042150031877466,0
tx102882,76.92,9,629.0,0,6.62,0,-0.1504278496104951,0
tx103685,68.11,10,1226.0,0,0.21,0,-0.15046013092127608,0
tx103490,33.96,12,1881.0,1,9.14,0,-0.15049473134284247,0
tx101525,53.39,17,1828.0,1,0.69,0,-0.1504952513722897,0
tx102816,29.55,7,1787.0,1,3.04,0,-0.15052822575930885,0
tx104009,9.75,11,210.0,2,2.03,0,-0.15054640420442061,0
tx101410,30.81,11,1956.0,1,6.42,0,-0.15054894154257376,0
tx104181,87.94,11,1414.0,1,1.44,0,-0.15055200997578544,0
tx104469,11.67,13,265.0,2,8.17,0,-0.15055413864322592,0
tx101806,33.31,11,1887.0,0,0.76,0,-0.15058061315716692,0
tx103126,48.14,21,1268.0,0,0.87,0,-0.1506071069727027,0
tx101535,18.83,5,1109.0,1,0.23,0,-0.15062727105699664,0
tx103240,27.82,21,1391.0,1,8.81,0,-0.1506393635683007,0
tx101913,17.41,19,423.0,0,9.0,0,-0.15064183520709507,0
tx103226,20.55,11,1201.0,1,16.31,0,-0.1506438413228111,0
tx100343,18.9,15,1848.0,0,0.3,0,-0.15064620945952145,0
tx104033,11.67,9,141.0,1,0.23,0,-0.1506511833156544,0
tx103296,23.38,10,1889.0,0,3.15,0,-0.1506901726897052,0
tx104396,21.09,15,1523.0,0,12.91,0,-0.15074640213456414,0
tx102284,40.52,14,1316.0,3,5.74,0,-0.15079456931802226,0
tx104912,15.45,10,717.0,3,4.21,0,-0.15079709452149637,0
tx102056,25.52,17,1284.0,0,11.78,0,-0.15081227342857273,0
tx102124,35.39,19,133.0,1,7.8,0,-0.15083026775431918,0
tx102298,30.99,7,1635.0,0,3.73,0,-0.15086660431509785,0
tx101646,40.19,18,1297.0,0,10.99,0,-0.15087024395626492,0
tx102604,28.69,11,158.0,0,9.66,0,-0.15087446927195824,0
tx101060,28.43,10,1862.0,0,5.85,0,-0.15088588376687934,0
tx101322,25.22,10,33.0,1,2.17,0,-0.15092857509250435,0
tx103631,35.8,12,1745.0,2,7.4,0,-0.150972898747746,0
tx102415,54.15,20,1382.0,0,4.5,0,-0.1509954806149289,0
tx101737,40.13,15,105.0,0,2.4,0,-0.15100985700962244,0
tx103662,60.73,10,240.0,0,3.69,0,-0.15102349612333155,0
tx104240,12.21,18,509.0,0,0.1,0,-0.15105462590438784,0
tx103924,28.46,20,402.0,2,1.09,0,-0.1510700010334326,0
tx102789,59.15,21,782.0,1,1.63,0,-0.15108812360831075,0
tx104838,24.52,16,409.0,0,13.38,0,-0.15115208758740795,0
tx104423,41.21,13,61.0,1,5.46,0,-0.15117948834965728,0
tx100122,92.62,12,1129.0,1,1.33,0,-0.15119918225104173,0
tx104974,39.89,15,1958.0,1,2.07,0,-0.1512412068909802,0
tx101433,17.69,14,1311.0,3,4.69,0,-0.15129292491597857,0
tx104690,40.77,17,152.0,2,0.65,0,-0.15129662178983255,0
tx101545,33.94,19,577.0,1,12.77,0,-0.15130844736925564,0
tx102092,50.63,5,435.0,1,3.74,0,-0.15132185374615376,0
tx102309,22.64,21,771.0,2,1.48,0,-0.15141012220065875,0
tx102328,24.11,3,938.0,1,3.51,0,-0.1514304543890373,0
tx100040,69.25,16,790.0,2,3.45,0,-0.15143547321884926,0
tx103592,24.16,9,1710.0,2,5.35,0,-0.1514457458884375,0
tx104863,52.65,17,1865.0,1,3.2,0,-0.1514677046202817,0
tx103446,24.89,16,814.0,3,1.14,0,-0.1514872072283115,0
tx104950,33.84,9,479.0,1,16.42,0,-0.15149919949529173,0
tx101107,18.44,20,523.0,2,1.84,0,-0.15150454983888417,0
tx103922,18.73,17,311.0,0,9.3,0,-0.15158968858046123,0
tx104136,35.53,17,1929.0,1,3.51,0,-0.15159343801890846,0
tx104746,29.9,18,92.0,1,5.49,0,-0.1516045267636879,0
tx103800,50.05,20,545.0,2,1.75,0,-0.15163119381632623,0
tx102530,59.43,14,119.0,1,0.89,0,-0.1516536359415877,0
tx104202,37.17,5,862.0,2,2.02,0,-0.15172207052284126,0
tx100397,22.11,10,703.0,0,14.38,0,-0.15173716885815347,0
tx103380,36.85,20,1220.0,2,0.2,0,-0.1517428483800486,0
tx100327,21.63,9,495.0,0,12.0,0,-0.15175349185333736,0
tx100621,53.5,10,62.0,1,4.87,0,-0.1517614225428437,0
tx104306,57.05,18,1607.0,0,4.7,0,-0.1518130624561524,0
tx101371,33.07,4,533.0,1,0.24,0,-0.15181734718439116,0
tx101687,54.46,16,1364.0,1,12.91,0,-0.15183631713870366,0
tx104164,19.39,7,651.0,2,8.08,0,-0.15183813624349835,0
tx102509,57.68,17,1272.0,0,9.77,0,-0.15190194983488597,0
tx101476,22.72,19,1441.0,0,10.76,0,-0.1519085167354034,0
tx103282,18.95,10,751.0,3,5.03,0,-0.15192352236743972,0
tx100325,23.4,12,1882.0,0,0.56,0,-0.15194226442957137,0
tx103464,24.17,11,123.0,0,6.74,0,-0.15196734160004371,0
tx104603,29.92,13,1831.0,2,4.71,0,-0.1519906145069863,0
tx104869,17.19,13,1773.0,2,6.01,0,-0.15200735443773467,0
tx104387,14.84,6,1064.0,0,1.91,0,-0.15201745460579935,0
tx102196,71.19,19,646.0,1,1.8,0,-0.15206414985037736,0
tx103531,50.75,17,1755.0,0,0.34,0,-0.15209979987825278,0
tx100880,43.11,13,1621.0,1,11.57,0,-0.1521086541615128,0
tx103477,21.11,20,353.0,0,0.19,0,-0.15213509437474426,0
tx100399,47.23,10,149.0,0,6.77,0,-0.1521548749076979,0
tx103206,58.93,11,1704.0,0,4.58,0,-0.15221826088807677,0
tx101240,28.32,21,205.0,1,3.08,0,-0.15229489100356663,0
tx100104,22.76,19,1784.0,0,0.25,0,-0.15229973769533456,0
tx100697,21.64,8,187.0,2,6.08,0,-0.15231823966828467,0
tx102126,37.97,4,379.0,1,5.19,0,-0.15234134208429445,0
tx103320,9.01,16,1269.0,0,8.89,0,-0.15234410644440793,0
tx103754,46.96,21,667.0,0,1.38,0,-0.1523456269497031,0
tx101987,24.26,8,1675.0,2,1.14,0,-0.15234816598933643,0
tx101126,18.22,16,818.0,0,13.79,0,-0.15235059527015027,0
tx104360,33.32,19,1684.0,2,4.12,0,-0.15238039175431983,0
tx103985,45.72,16,1789.0,2,2.1,0,-0.15238198005110282,0
tx103248,39.17,8,242.0,0,4.32,0,-0.1524033903251249,0
tx101575,40.99,18,229.0,1,0.04,0,-0.15242878509729818,0
tx100728,29.07,17,1131.0,0,11.66,0,-0.1524300571628614,0
tx101068,52.53,19,712.0,1,11.05,0,-0.1524798522894617,0
tx102481,15.7,18,1718.0,0,5.35,0,-0.15248290933370512,0
tx100573,19.16,8,515.0,0,9.8,0,-0.15249569331952212,0
tx101336,24.1,17,328.0,0,10.55,0,-0.15250311192743438,0
tx104112,29.29,10,623.0,3,4.72,0,-0.15250602736150848,0
tx101726,21.2,13,758.0,3,3.5,0,-0.152520209773726,0
tx103496,41.5,9,1240.0,3,2.49,0,-0.15256449135477396,0
tx101556,28.42,15,1866.0,2,3.78,0,-0.1525811665292247,0
tx100545,28.97,16,1860.0,2,2.21,0,-0.15262256917215639,0
tx104986,29.77,6,266.0,1,0.83,0,-0.15267238658201815,0
tx101092,61.23,19,488.0,0,3.91,0,-0.1526834601460365,0
tx102793,41.89,18,246.0,2,3.96,0,-0.15271323040032608,0
tx101778,10.42,9,1602.0,2,4.15,0,-0.15271944478047034,0
tx100649,54.7,20,913.0,0,5.0,0,-0.15272127969339983,0
tx101577,15.35,18,1744.0,0,0.84,0,-0.15273239537737954,0
tx100979,70.38,17,1483.0,1,1.15,0,-0.1527548939130292,0
tx102795,33.39,11,1865.0,0,6.23,0,-0.1527715182183616,0
tx104524,26.75,10,1239.0,3,5.21,0,-0.15278331633266679,0
tx104113,20.56,11,1245.0,3,1.96,0,-0.15278466178749162,0
tx104066,16.21,11,1681.0,0,9.04,0,-0.1527917157886992,0
tx101018,81.67,12,384.0,1,0.13,0,-0.15279430272100758,0
tx103416,31.55,11,629.0,3,2.02,0,-0.15282564356233452,0
tx104196,15.15,9,1792.0,1,7.48,0,-0.15283468111299625,0
tx102116,21.08,21,1317.0,0,0.05,0,-0.15284081724237292,0
tx104629,26.27,8,1788.0,1,0.16,0,-0.1528504649708351,0
tx100997,55.16,21,1402.0,1,4.47,0,-0.15288705372726524,0
tx100967,26.3,16,185.0,2,9.95,0,-0.15292037050325957,0
tx101319,51.24,5,881.0,1,3.72,0,-0.152975829418195,0
tx100367,37.93,17,1587.0,2,9.94,0,-0.15297613458044235,0
tx104096,35.92,22,352.0,1,5.04,0,-0.1529973137678588,0
tx100045,11.51,17,1351.0,2,9.4,0,-0.15302690428626742,0
tx102840,64.11,9,1193.0,2,5.04,0,-0.15304184576579116,0
tx104553,62.22,14,386.0,2,3.7,0,-0.15304860135918102,0
tx104428,68.7,13,797.0,2,2.54,0,-0.1530675293958884,0
tx101071,21.88,19,492.0,0,9.88,0,-0.1530703305663968,0
tx102090,35.38,21,830.0,0,0.01,0,-0.15308965705613242,0
tx103900,9.19,20,693.0,1,0.52,0,-0.1531105670385508,0
tx100085,63.85,8,1488.0,1,7.32,0,-0.15314585116792856,0
tx100778,6.89,7,1169.0,1,2.11,0,-0.15317099030470455,0
tx103746,38.73,21,523.0,0,0.87,0,-0.15319895267183592,0
tx100874,59.31,19,1326.0,0,2.4,0,-0.15324802131989462,0
tx104785,51.77,19,220.0,1,2.46,0,-0.15325484394841593,0
tx100192,62.94,10,1255.0,0,0.18,0,-0.15328784058578265,0
tx100708,37.74,21,1573.0,0,3.36,0,-0.15330306364154744,0
tx100157,20.65,22,851.0,1,0.69,0,-0.1533289516382701,0
tx103275,8.9,7,1355.0,1,0.88,0,-0.15339092578694824,0
tx100638,33.36,12,667.0,3,7.33,0,-0.15340731613205894,0
tx102049,16.99,19,469.0,2,1.69,0,-0.1534387135863151,0
tx104988,45.77,20,1359.0,2,3.44,0,-0.1534459127373966,0
tx103008,73.04,17,1382.0,1,0.92,0,-0.15351780167994772,0
tx100298,20.03,11,686.0,3,4.28,0,-0.15352794261859293,0
tx100466,62.79,9,188.0,1,1.11,0,-0.15353033073130817,0
tx100413,41.99,20,1615.0,0,4.05,0,-0.15354908552947738,0
tx104278,69.08,13,560.0,2,1.73,0,-0.15355655331181012,0
tx101908,7.74,18,1101.0,2,5.97,0,-0.15356491869320626,0
tx100364,47.99,19,917.0,2,0.05,0,-0.15359160859491217,0
tx104662,32.33,21,1013.0,2,3.31,0,-0.15361149407003927,0
tx101714,47.61,19,406.0,2,4.49,0,-0.15361164444792857,0
tx104398,53.4,13,1220.0,1,13.38,0,-0.15361257894178632,0
tx100992,45.73,13,1903.0,1,3.93,0,-0.15361717331803815,0
tx103097,69.82,9,1566.0,1,0.68,0,-0.15361964291187447,0
tx104226,12.29,14,167.0,2,1.59,0,-0.15365846302692576,0
tx102703,26.0,8,673.0,2,11.53,0,-0.1536694079711458,0
tx102906,30.77,14,1870.0,0,0.84,0,-0.1536799235350328,0
tx102454,30.52,17,248.0,1,11.95,0,-0.15369998099226212,0
tx102036,74.57,17,1232.0,1,0.89,0,-0.15370162964650497,0
tx101499,41.73,19,263.0,1,9.6,0,-0.15372148280308823,0
tx100496,25.74,22,461.0,1,1.17,0,-0.15373832319920816,0
tx102385,34.02,6,1382.0,2,4.28,0,-0.1537547382534809,0
tx101254,23.73,20,1101.0,0,7.9,0,-0.1537610960070115,0
tx100749,65.25,7,815.0,1,3.36,0,-0.15376280776698925,0
tx103075,51.67,21,711.0,1,0.16,0,-0.15377876663761758,0
tx100028,20.3,19,1353.0,1,11.3,0,-0.1538036222762889,0
tx102044,54.18,9,281.0,0,6.54,0,-0.15380512127614465,0
tx104012,10.1,14,1608.0,2,6.39,0,-0.15381025716259034,0
tx103809,33.45,15,1959.0,1,1.66,0,-0.15382769797656243,0
tx104580,48.99,19,233.0,1,0.88,0,-0.15383378238391832,0
tx102113,49.84,7,1321.0,0,0.89,0,-0.15383774044738285,0
tx102920,23.58,21,892.0,2,2.25,0,-0.15384995637820165,0
tx101403,13.92,19,910.0,0,9.21,0,-0.15388308542709672,0
tx103498,12.86,7,1645.0,1,1.9,0,-0.1539364188394089,0
tx102263,25.48,12,787.0,3,1.75,0,-0.1539437972463008,0
tx102861,51.57,8,628.0,2,0.26,0,-0.15394427204687822,0
tx102021,70.07,11,366.0,0,4.06,0,-0.153975731636724,0
tx102102,16.19,8,248.0,1,0.13,0,-0.15400077830470488,0
tx101361,17.39,18,1213.0,2,9.96,0,-0.15407388810397443,0
tx104120,14.85,14,772.0,1,14.88,0,-0.15407758507723807,0
tx102642,18.19,9,1882.0,1,5.31,0,-0.15411277388940375,0
tx102393,18.38,10,364.0,0,10.59,0,-0.1543019369359233,0
tx103000,42.05,21,1560.0,0,2.6,0,-0.15432116562328935,0
tx103760,42.14,16,84.0,1,4.46,0,-0.15432884203340208,0
tx104069,28.14,19,1572.0,0,8.12,0,-0.15436520291777045,0
tx103600,39.48,15,1730.0,1,11.11,0,-0.1543679423462973,0
tx101325,37.95,15,780.0,1,15.84,0,-0.1544087298571471,0
tx101609,25.42,21,270.0,1,3.9,0,-0.15444137154057724,0
tx100525,60.51,17,301.0,0,1.53,0,-0.15447697367355068,0
tx100124,62.87,14,865.0,2,1.23,0,-0.1544943702885868,0
tx102350,43.46,7,1558.0,2,3.53,0,-0.15450499528708478,0
tx100622,21.93,8,195.0,0,2.53,0,-0.1545484380350119,0
tx103230,38.47,10,499.0,0,11.63,0,-0.15457704674620548,0
tx103822,17.39,20,1653.0,1,0.49,0,-0.15458414441412738,0
tx102799,17.26,12,1798.0,2,2.44,0,-0.15458485325698307,0
tx100781,62.65,18,1483.0,0,2.22,0,-0.15459976175633316,0
tx102456,63.27,17,727.0,0,9.03,0,-0.15460899152583796,0
tx103339,43.09,21,488.0,1,7.04,0,-0.15460905731037805,0
tx104433,80.26,13,907.0,0,5.96,0,-0.1546165338214196,0
tx100090,18.11,20,365.0,0,1.51,0,-0.15462120603363688,0
tx102013,13.61,16,245.0,2,2.19,0,-0.15464035855634728,0
tx104020,35.04,13,1063.0,3,6.57,0,-0.15464216801544156,0
tx104822,31.51,17,1945.0,1,2.69,0,-0.15465218091816757,0
tx103459,19.72,15,161.0,0,0.28,0,-0.15465750937385936,0
tx101330,37.4,18,1643.0,2,0.63,0,-0.15468257294008153,0
tx104992,51.79,14,1769.0,0,3.85,0,-0.1547166139253246,0
tx104839,19.7,17,232.0,2,1.47,0,-0.15473902106820003,0
tx104617,18.27,6,716.0,0,3.39,0,-0.15475983677276223,0
tx102707,41.51,9,148.0,0,1.07,0,-0.15477591858696643,0
tx100857,20.24,19,1831.0,1,0.7,0,-0.1547810395979337,0
tx104798,18.72,12,127.0,0,1.28,0,-0.1547838506283441,0
tx103237,31.18,15,1372.0,2,12.81,0,-0.15478932932213785,0
tx103239,30.11,10,649.0,2,13.9,0,-0.15481373613231436,0
tx102482,67.36,10,756.0,0,0.53,0,-0.15483371436901577,0
tx100721,32.78,7,1007.0,2,9.33,0,-0.15484795869314844,0
tx103026,55.51,11,1528.0,2,6.02,0,-0.15485886013149525,0
tx103295,15.18,11,51.0,1,3.01,0,-0.15490142926450728,0
tx104790,34.44,12,1916.0,1,0.84,0,-0.1549385997743578,0
tx104461,26.07,4,344.0,1,4.09,0,-0.15495473703375717,0
tx103408,19.91,17,394.0,2,10.16,0,-0.15497199461906513,0
tx101554,19.5,20,378.0,0,1.59,0,-0.15501602148965243,0
tx102781,73.48,15,375.0,1,5.41,0,-0.1550176743468007,0
tx103364,18.72,21,331.0,1,4.95,0,-0.15506825586686607,0
tx100698,13.92,9,258.0,2,0.87,0,-0.15508678778789015,0
tx102338,41.68,5,370.0,1,3.17,0,-0.1550895912514909,0
tx102144,7.39,20,1171.0,1,5.67,0,-0.15514886307780063,0
tx101428,26.35,8,250.0,0,5.63,0,-0.15516874301991118,0
tx103641,40.84,6,670.0,0,4.34,0,-0.15519147017526863,0
tx103318,50.43,7,1423.0,0,3.99,0,-0.15521129252857957,0
tx100784,45.25,19,1685.0,0,2.23,0,-0.1552125533845205,0
tx103523,56.55,17,1388.0,2,6.42,0,-0.15523386556746221,0
tx103773,64.47,18,1166.0,1,8.66,0,-0.15528013583681732,0
tx102863,22.96,13,1318.0,0,12.58,0,-0.15528718367915456,0
tx101551,43.71,10,1842.0,1,0.78,0,-0.15532155606325998,0
tx100727,28.28,6,963.0,2,0.64,0,-0.15533548132807562,0
tx100478,17.22,10,1690.0,0,0.27,0,-0.15534866186678892,0
tx100776,55.45,18,1562.0,1,9.02,0,-0.1553544205452737,0
tx103370,13.11,9,1296.0,1,12.01,0,-0.15537169212764756,0
tx101889,12.39,18,1545.0,2,4.73,0,-0.15537287552830698,0
tx101659,38.65,18,1694.0,0,6.29,0,-0.15537654576573923,0
tx102078,15.43,4,926.0,1,2.1,0,-0.1553766940032827,0
tx100145,51.7,21,1117.0,1,7.21,0,-0.15539860374499986,0
tx100250,22.33,21,411.0,0,2.98,0,-0.1554005139483205,0
tx103103,20.06,14,123.0,0,1.11,0,-0.15542314296091092,0
tx101446,23.85,18,183.0,0,3.28,0,-0.1554438950611271,0
tx101603,10.77,10,283.0,0,1.95,0,-0.15547159754164058,0
tx104331,37.22,16,1889.0,1,0.3,0,-0.15555265138480084,0
tx103707,30.53,20,1638.0,0,1.06,0,-0.15555704042180157,0
tx100301,23.47,19,1697.0,0,0.05,0,-0.15556267853978706,0
tx100160,25.34,13,718.0,3,4.52,0,-0.15569291651984668,0
tx100215,15.48,10,299.0,2,9.05,0,-0.1557073234713227,0
tx101540,20.61,17,1835.0,0,0.61,0,-0.15582845325615996,0
tx102451,22.02,17,517.0,0,10.86,0,-0.1558384756741275,0
tx101765,58.24,15,1389.0,2,6.4,0,-0.15585090125471623,0
tx102168,18.33,21,1289.0,1,0.09,0,-0.155855977986885,0
tx103690,14.35,4,1231.0,1,2.36,0,-0.15585781884629824,0
tx100937,18.48,20,284.0,1,3.5,0,-0.1558592970737291,0
tx103001,32.97,20,1789.0,1,4.59,0,-0.15586975044265283,0
tx103623,23.61,20,501.0,0,6.96,0,-0.1559140838834307,0
tx101916,19.76,6,1075.0,2,3.32,0,-0.1559145821100439,0
tx100275,50.57,19,1262.0,2,2.42,0,-0.15592003360973694,0
tx100503,34.1,10,1324.0,3,2.07,0,-0.15594698663613882,0
tx104340,13.42,13,1689.0,2,0.95,0,-0.15595515819003236,0
tx101116,19.15,21,413.0,1,0.39,0,-0.15595540230539767,0
tx101464,26.91,7,182.0,1,5.07,0,-0.15598510613906252,0
tx101049,26.66,12,1850.0,0,1.41,0,-0.15600567189959536,0
tx104418,23.86,20,165.0,1,4.79,0,-0.1560117749152104,0
tx102426,58.99,8,844.0,0,1.0,0,-0.1560160365400901,0
tx101051,10.38,14,1675.0,0,4.68,0,-0.15603544029367178,0
tx101256,23.85,22,1522.0,1,2.5,0,-0.156050903831852,0
tx102597,39.97,14,1077.0,0,12.56,0,-0.15605437169725023,0
tx101583,28.98,8,739.0,0,11.15,0,-0.1560895695163066,0
tx103389,48.45,4,706.0,1,2.01,0,-0.15609570364813824,0
tx103002,31.34,5,704.0,1,8.65,0,-0.15612292954759693,0
tx101763,9.9,19,1241.0,0,1.2,0,-0.15617076583173384,0
tx103603,20.63,17,101.0,1,1.36,0,-0.15620104547086416,0
tx101187,44.75,8,284.0,2,0.82,0,-0.15629262412146322,0
tx103783,70.8,18,1234.0,1,1.94,0,-0.15630068648233075,0
tx103444,18.75,8,545.0,0,0.0,0,-0.15636374120774288,0
tx102237,34.99,10,1662.0,0,0.04,0,-0.1563919489339642,0
tx103478,32.11,15,1348.0,3,4.2,0,-0.1564087743507105,0
tx104475,25.36,8,1577.0,2,0.25,0,-0.1564817283499939,0
tx101580,23.99,19,136.0,1,2.55,0,-0.15648960681099028,0
tx102523,30.28,20,495.0,0,0.13,0,-0.1564920576072507,0
tx102559,9.11,14,318.0,0,1.87,0,-0.15649906199316627,0
tx103912,12.19,15,1868.0,1,4.4,0,-0.15650889081654135,0
tx100892,13.26,10,702.0,1,14.92,0,-0.15654199700749744,0
tx100572,28.32,19,1856.0,1,1.97,0,-0.15659154362780614,0
tx100955,27.7,14,1708.0,0,9.86,0,-0.1566867595258723,0
tx104761,29.47,4,1181.0,1,0.67,0,-0.1567069889316478,0
tx104582,15.75,10,1704.0,0,6.89,0,-0.15673256590694,0
tx101431,8.45,12,1570.0,2,1.69,0,-0.1567569874165784,0
tx102082,5.92,17,1016.0,0,3.22,0,-0.15680704634556353,0
tx102016,16.79,13,1805.0,2,2.47,0,-0.15683184053069643,0
tx100285,61.55,19,869.0,1,7.83,0,-0.15685802514102548,0
tx104611,25.33,9,334.0,2,11.07,0,-0.1569232833475166,0
tx100662,34.95,9,131.0,2,2.09,0,-0.1569765557589039,0
tx101099,61.21,10,759.0,2,0.23,0,-0.15702246185319763,0
tx104940,23.68,15,1438.0,1,14.5,0,-0.15702466265094556,0
tx102045,12.95,16,1689.0,2,2.81,0,-0.15703092817017456,0
tx104884,18.93,19,1534.0,2,0.81,0,-0.15703916481747277,0
tx102594,22.81,21,306.0,1,1.44,0,-0.15704228250907237,0
tx104099,18.35,15,1770.0,2,5.57,0,-0.15704953178696757,0
tx102216,47.43,15,1645.0,0,0.03,0,-0.1571159983284205,0
tx100181,40.73,9,337.0,1,12.58,0,-0.15717042525832475,0
tx102268,22.98,6,751.0,2,6.11,0,-0.1572195789894516,0
tx104628,32.0,21,742.0,0,0.67,0,-0.1573270049818553,0
tx104934,21.41,7,1414.0,2,1.65,0,-0.15733697879137654,0
tx103298,45.66,21,1137.0,0,4.3,0,-0.1573417353471146,0
tx101775,5.54,14,1406.0,1,10.28,0,-0.1573496148764662,0
tx103201,18.48,12,74.0,1,4.39,0,-0.15738917649109552,0
tx101216,35.92,14,1914.0,1,1.08,0,-0.1574020261490367,0
tx103314,7.18,16,1127.0,2,0.28,0,-0.15741479023711447,0
tx100490,56.89,8,1383.0,0,0.85,0,-0.1574338927241219,0
tx102520,67.63,15,1375.0,0,1.24,0,-0.15743648042812386,0
tx103628,21.52,20,351.0,0,3.81,0,-0.15744070542716343,0
tx101915,29.37,14,1420.0,3,1.82,0,-0.1574459571281665,0
tx103231,23.6,21,1472.0,1,7.53,0,-0.1574617821669413,0
tx103343,40.72,21,310.0,1,1.66,0,-0.15747019729626777,0
tx103058,52.18,19,376.0,1,0.22,0,-0.1574734907418358,0
tx104381,18.7,13,1357.0,2,11.59,0,-0.1574756740519732,0
tx100578,59.72,18,317.0,1,6.31,0,-0.15751516242786584,0
tx102487,22.33,7,1466.0,2,3.91,0,-0.15753335607452829,0
tx100068,32.53,7,487.0,1,10.05,0,-0.15755060314759756,0
tx101228,37.98,21,732.0,0,4.36,0,-0.15756879546241298,0
tx104448,43.6,8,1674.0,0,3.03,0,-0.15758578045531252,0
tx102183,28.41,4,1553.0,1,1.91,0,-0.15762948313175845,0
tx100574,13.94,8,1022.0,0,8.35,0,-0.15763755887206876,0
tx102339,18.55,17,196.0,1,8.5,0,-0.15766158233474126,0
tx100477,83.59,10,462.0,1,3.65,0,-0.15767464309830292,0
tx103732,48.57,10,202.0,0,5.9,0,-0.15772942077523955,0
tx101673,25.28,16,1932.0,1,4.04,0,-0.15773184167040455,0
tx104119,26.79,8,1473.0,2,0.17,0,-0.15773495967886442,0
tx104429,16.34,20,1484.0,0,5.72,0,-0.15774329675086612,0
tx102648,70.89,13,349.0,1,0.04,0,-0.15775112447815998,0
tx104907,21.59,15,1230.0,0,12.1,0,-0.15776564489271167,0
tx102127,42.11,11,569.0,0,11.92,0,-0.157777411054777,0
tx102008,50.39,21,1526.0,1,4.64,0,-0.15778768387368491,0
tx104198,42.72,12,1853.0,1,0.29,0,-0.15782626876098088,0
tx100315,28.05,9,171.0,2,0.51,0,-0.15783871525528193,0
tx101494,26.73,20,663.0,2,4.86,0,-0.1578442613830625,0
tx100911,36.53,7,324.0,1,0.13,0,-0.1578466000485202,0
tx101257,22.76,13,122.0,0,2.02,0,-0.15788628459833554,0
tx100204,43.48,21,1101.0,0,3.13,0,-0.15794622480318044,0
tx104793,24.96,22,1358.0,1,2.95,0,-0.1579462428084032,0
tx101937,16.3,20,819.0,0,5.84,0,-0.15796795646712414,0
tx100507,35.41,12,1842.0,0,4.42,0,-0.15796798235970222,0
tx102988,7.22,11,1231.0,2,6.84,0,-0.15798168045030525,0
tx104114,22.99,18,384.0,0,8.58,0,-0.15800575309191128,0
tx101961,21.02,21,1658.0,1,1.74,0,-0.1580614447939257,0
tx101284,32.4,9,1686.0,1,10.17,0,-0.15808111724789609,0
tx101490,31.54,7,243.0,1,2.17,0,-0.1580908520286532,0
tx104162,67.5,15,620.0,0,7.97,0,-0.15809522237412554,0
tx104318,18.2,17,1094.0,1,12.45,0,-0.1581350419499548,0
tx102812,15.88,17,276.0,1,9.85,0,-0.15813931041272872,0
tx102769,30.7,14,1924.0,1,2.73,0,-0.15817217547891388,0
tx102813,55.16,14,1583.0,0,0.12,0,-0.15820157527410972,0
tx104684,59.66,18,1358.0,1,0.09,0,-0.15821483156222743,0
tx103686,9.86,19,1157.0,0,1.27,0,-0.15822021172115075,0
tx103836,6.62,19,954.0,1,2.97,0,-0.15822874508842621,0
tx102349,15.97,7,782.0,2,6.14,0,-0.15823574725005934,0
tx101786,19.4,7,1018.0,0,4.57,0,-0.15825586542402847,0
tx102427,58.48,11,470.0,1,12.24,0,-0.15826071409411446,0
tx100536,39.31,20,959.0,2,0.23,0,-0.15826253169392523,0
tx100739,77.02,16,1331.0,1,2.74,0,-0.1582812302099808,0
tx102389,47.76,20,1247.0,0,5.05,0,-0.1582910568650736,0
tx104815,10.9,18,1233.0,1,9.66,0,-0.15833154032786173,0
tx101773,15.42,18,233.0,1,0.97,0,-0.1583512376111142,0
tx101167,7.34,10,534.0,0,0.33,0,-0.15836425585259434,0
tx102063,50.56,16,345.0,0,9.59,0,-0.15836430293027576,0
tx101309,51.35,18,1442.0,2,2.94,0,-0.15842091351470133,0
tx100371,11.57,15,340.0,2,1.22,0,-0.15844926395100556,0
tx102841,48.05,17,1255.0,0,10.3,0,-0.15846125517726817,0
tx103354,31.34,17,154.0,0,1.64,0,-0.15848580010010915,0
tx102455,62.75,8,942.0,0,1.88,0,-0.1585018278443847,0
tx104471,10.47,14,350.0,0,4.92,0,-0.15850656761941184,0
tx102151,28.85,21,1413.0,0,0.42,0,-0.15850663385783287,0
tx104488,76.35,15,698.0,0,6.11,0,-0.158518173085327,0
tx104295,27.23,21,704.0,0,0.46,0,-0.1585310466386623,0
tx104529,25.62,12,1464.0,0,11.35,0,-0.158541130902894,0
tx101474,8.04,18,951.0,0,3.35,0,-0.15854280502238083,0
tx102091,11.53,12,211.0,0,2.76,0,-0.15856734824501406,0
tx100768,30.71,16,1746.0,0,7.95,0,-0.15861775606109402,0
tx102416,19.18,13,1049.0,0,12.23,0,-0.15864061172740712,0
tx102636,19.63,8,1612.0,0,0.57,0,-0.15864794686439848,0
tx101402,49.66,19,252.0,1,3.37,0,-0.15866648540180833,0
tx104505,54.84,11,1350.0,2,0.2,0,-0.15866724008180594,0
tx102942,7.72,9,994.0,1,0.01,0,-0.15866956511006008,0
tx102265,39.74,16,177.0,0,0.87,0,-0.1586906296841799,0
tx104508,51.73,12,82.0,1,3.32,0,-0.158694681071394,0
tx100504,5.09,16,991.0,2,6.7,0,-0.15870005876047721,0
tx102907,16.82,8,631.0,0,0.13,0,-0.15871192063597206,0
tx101370,14.83,6,1362.0,1,0.74,0,-0.15872474233082473,0
tx104015,39.64,12,1865.0,1,0.26,0,-0.15873596582663413,0
tx102983,45.64,9,150.0,2,3.21,0,-0.15875627271537507,0
tx101890,20.3,16,1168.0,2,11.85,0,-0.15875794275125127,0
tx100191,12.35,12,286.0,2,0.58,0,-0.15875856925093101,0
tx102727,34.23,21,607.0,0,3.6,0,-0.15877957584053393,0
tx103224,31.84,8,263.0,2,2.22,0,-0.15878941514994083,0
tx103990,30.67,19,988.0,1,11.84,0,-0.15881619965253224,0
tx102878,58.99,18,1328.0,0,0.65,0,-0.1588582576940512,0
tx100110,34.94,20,1444.0,2,4.9,0,-0.158860771982697,0
tx104833,51.41,19,318.0,1,0.31,0,-0.15886362801159082,0
tx103748,14.0,16,387.0,2,8.46,0,-0.15889202065236757,0
tx100765,17.24,11,860.0,1,14.98,0,-0.15901343254699657,0
tx104879,4.54,14,556.0,2,3.16,0,-0.15902790507484343,0
tx101825,49.13,20,790.0,0,4.57,0,-0.15903503623409299,0
tx104213,43.23,13,218.0,2,6.25,0,-0.1590540506253103,0
tx104207,22.6,7,387.0,0,3.25,0,-0.15905818309302738,0
tx102818,55.55,17,323.0,0,0.48,0,-0.1591122975064725,0
tx104887,47.78,18,1168.0,0,9.44,0,-0.15911541145886493,0
tx103400,37.54,18,369.0,2,1.0,0,-0.15911730985264866,0
tx101131,57.5,13,1405.0,2,0.93,0,-0.15912838994460188,0
tx100054,30.23,18,290.0,2,1.72,0,-0.15913219603158635,0
tx102330,36.38,9,195.0,0,4.69,0,-0.15915569721971107,0
tx103135,61.91,16,630.0,0,0.01,0,-0.15916467890641883,0
tx100233,15.9,21,625.0,1,0.32,0,-0.15917461500970437,0
tx100686,16.21,18,482.0,0,7.9,0,-0.15917828168691017,0
tx104417,17.96,21,1594.0,1,2.02,0,-0.15920222791136523,0
tx103789,50.29,12,246.0,0,0.48,0,-0.15921378985609996,0
tx104451,53.54,9,261.0,0,1.94,0,-0.1592401811281452,0
tx100903,28.73,14,337.0,1,14.11,0,-0.15925428704185085,0
tx104348,16.35,12,339.0,1,11.88,0,-0.15926486624856878,0
tx102534,20.84,11,1780.0,2,2.96,0,-0.1592865043043336,0
tx101638,28.27,10,1279.0,1,13.87,0,-0.15929167827772284,0
tx102077,43.44,14,133.0,2,1.72,0,-0.15931684473891095,0
tx104679,18.92,13,1804.0,2,3.4,0,-0.1593338994899246,0
tx104586,34.88,12,1823.0,0,4.98,0,-0.15938367882943333,0
tx103601,27.68,15,156.0,2,0.96,0,-0.15943736859317087,0
tx101861,70.71,11,308.0,1,1.09,0,-0.1594723787270304,0
tx100261,18.61,19,269.0,1,3.12,0,-0.15949110435620112,0
tx100845,46.98,18,382.0,0,5.51,0,-0.1594981610474348,0
tx103088,9.93,8,862.0,2,1.61,0,-0.15950533389287025,0
tx102963,25.88,21,751.0,0,5.02,0,-0.15952810533622513,0
tx103270,34.79,6,286.0,1,2.73,0,-0.1595453053246797,0
tx100173,28.7,21,1144.0,0,0.37,0,-0.15955951007732339,0
tx104122,26.52,17,1001.0,1,13.25,0,-0.15956056768569182,0
tx101343,51.42,18,637.0,0,8.42,0,-0.1595886099793224,0
tx104386,13.6,16,1804.0,0,3.57,0,-0.15958938433189773,0
tx102869,31.71,11,1032.0,2,13.94,0,-0.1595950286916204,0
tx104408,51.06,9,1724.0,1,5.11,0,-0.15962418900294217,0
tx101616,31.21,13,1914.0,1,3.57,0,-0.15968943230038907,0
tx104678,20.8,10,1708.0,2,3.98,0,-0.15970085040968307,0
tx101373,36.39,15,1057.0,1,14.52,0,-0.15971015280651618,0
tx101406,32.1,10,1702.0,2,0.73,0,-0.1597221036935858,0
tx103122,29.93,19,1662.0,1,7.25,0,-0.15973510008698705,0
tx101983,29.25,12,1904.0,1,4.99,0,-0.15973659652305539,0
tx104748,14.63,16,1700.0,2,2.95,0,-0.15975831161396786,0
tx101702,19.09,9,100.0,1,5.07,0,-0.1597643820619209,0
tx103598,53.54,19,273.0,1,1.96,0,-0.15976465868886924,0
tx103172,27.43,8,364.0,0,0.42,0,-0.15976510045713072,0
tx102307,12.02,18,1503.0,1,9.1,0,-0.15982461743797227,0
tx101304,20.45,16,205.0,2,0.9,0,-0.15983287393220302,0
tx103413,13.97,8,1719.0,1,5.08,0,-0.1598463998058992,0
tx100919,44.08,18,1591.0,1,9.88,0,-0.15986004452821717,0
tx101754,32.35,9,1007.0,0,11.94,0,-0.15986445211340838,0
tx103379,22.66,17,1708.0,2,1.21,0,-0.15986831093038506,0
tx104266,64.74,12,1313.0,0,0.54,0,-0.1598733404583899,0
tx102246,29.27,15,1923.0,1,3.0,0,-0.15988958500812211,0
tx102650,29.45,6,978.0,2,1.58,0,-0.15993840909976625,0
tx100271,31.77,19,411.0,2,4.93,0,-0.15993998719726854,0
tx101935,71.13,14,614.0,0,7.34,0,-0.15996288414550724,0
tx102050,22.51,6,989.0,0,2.37,0,-0.1599693268025127,0
tx101276,34.34,20,242.0,1,3.13,0,-0.15997049187264334,0
tx102314,17.92,17,562.0,1,12.2,0,-0.15997898276636807,0
tx100840,19.29,21,1424.0,0,3.49,0,-0.15998331877854005,0
tx102571,46.89,21,427.0,1,3.39,0,-0.16001703196675215,0
tx101605,44.64,20,292.0,1,5.44,0,-0.1600294617990769,0
tx102779,21.39,4,1228.0,1,4.05,0,-0.16008641680907132,0
tx104329,44.05,20,498.0,0,4.94,0,-0.16010381653800448,0
tx104341,38.61,21,1218.0,0,3.89,0,-0.16010494407640086,0
tx102939,76.67,12,800.0,0,3.38,0,-0.1601200216689933,0
tx102943,65.76,9,1252.0,0,2.92,0,-0.16012632202300597,0
tx104751,30.94,9,1114.0,2,12.41,0,-0.16014308156872575,0
tx102103,63.99,16,267.0,1,2.37,0,-0.16015263814604946,0
tx100096,80.29,8,1142.0,1,2.21,0,-0.1601627129031684,0
tx101455,12.5,16,522.0,1,11.6,0,-0.1601751946057542,0
tx100265,32.03,8,1702.0,0,3.76,0,-0.16017634339570141,0
tx102308,15.36,13,810.0,2,11.52,0,-0.1602106164405116,0
tx100538,35.68,19,450.0,2,3.91,0,-0.16022638408638468,0
tx100319,13.44,15,450.0,0,10.53,0,-0.16023459668431844,0
tx102158,35.99,19,1446.0,0,7.89,0,-0.1602846007077106,0
tx101536,9.74,17,996.0,2,0.69,0,-0.1602892643195578,0
tx102617,31.64,16,72.0,1,3.17,0,-0.16031183047357128,0
tx102244,41.58,19,1035.0,1,11.04,0,-0.1603440007749906,0
tx100743,21.65,17,1064.0,1,12.87,0,-0.16034883993108745,0
tx101507,61.5,13,143.0,1,2.88,0,-0.16035295575375702,0
tx102591,15.33,6,395.0,1,3.37,0,-0.1603622579205244,0
tx101381,26.99,14,1044.0,3,5.81,0,-0.16036599291704112,0
tx100050,81.07,11,320.0,1,2.03,0,-0.16039505135475085,0
tx100252,41.34,13,191.0,2,1.57,0,-0.16043655610471147,0
tx103071,29.3,21,1123.0,0,0.41,0,-0.1604509274095789,0
tx104442,61.05,13,1342.0,2,2.07,0,-0.16045132492041242,0
tx102535,26.14,6,746.0,2,3.19,0,-0.16046309176829032,0
tx103624,22.69,19,1730.0,1,0.19,0,-0.1604767306858541,0
tx104237,14.92,10,662.0,0,10.79,0,-0.16049139296404252,0
tx103561,70.65,15,1466.0,1,1.52,0,-0.16051341552872073,0
tx103541,16.8,19,1530.0,1,8.72,0,-0.16051797580214955,0
tx101594,19.52,20,468.0,1,7.74,0,-0.16056094554956307,0
tx103735,34.71,21,415.0,1,0.63,0,-0.16056798613811624,0
tx102093,37.75,10,69.0,1,2.65,0,-0.16057685361232,0
tx104935,20.17,20,1377.0,0,0.15,0,-0.16059493191501129,0
tx102220,12.57,15,1869.0,1,1.72,0,-0.16063993848119534,0
tx101516,15.64,10,1818.0,1,6.79,0,-0.16065521892024226,0
tx100528,24.51,21,856.0,0,0.22,0,-0.16068939594883358,0
tx102003,47.48,20,1126.0,0,0.28,0,-0.1607109788635202,0
tx104654,72.79,14,624.0,1,0.11,0,-0.16071747750653848,0
tx101081,25.86,21,547.0,1,0.07,0,-0.16073732341004676,0
tx100774,24.31,20,1114.0,2,2.83,0,-0.16073883412625395,0
tx102129,18.47,12,332.0,2,9.79,0,-0.1607502832126239,0
tx101730,47.13,19,1400.0,1,9.42,0,-0.1607507271510496,0
tx103847,31.0,21,353.0,1,5.39,0,-0.16079375239094434,0
tx100163,25.88,8,444.0,0,7.83,0,-0.1608214516003144,0
tx103384,34.18,4,547.0,1,3.97,0,-0.16082623807392304,0
tx100736,54.26,16,121.0,1,2.89,0,-0.16082815669830874,0
tx102675,21.65,14,1752.0,2,0.53,0,-0.1608326276173691,0
tx103532,62.9,15,273.0,1,0.61,0,-0.16083475261470082,0
tx101756,11.66,8,1181.0,2,0.31,0,-0.16085187462441936,0
tx103892,39.35,19,1480.0,2,0.86,0,-0.1608581933452134,0
tx102921,27.92,17,176.0,1,0.03,0,-0.16086988482176023,0
tx101514,44.3,10,1358.0,0,9.97,0,-0.16089829609544026,0
tx103513,22.19,20,1087.0,2,2.7,0,-0.16092689107016828,0
tx103888,32.95,20,806.0,0,7.16,0,-0.16094963355138908,0
tx100764,27.14,12,1660.0,0,8.59,0,-0.16095482754422807,0
tx104293,11.64,19,745.0,0,0.9,0,-0.1609775492154213,0
tx104045,19.6,12,232.0,2,2.62,0,-0.16098904984461404,0
tx102289,13.41,18,1482.0,2,2.86,0,-0.16099219728255243,0
tx101038,83.39,10,1015.0,1,3.26,0,-0.1610024637441524,0
tx104664,15.56,21,585.0,1,1.2,0,-0.16100518482110898,0
tx102452,52.27,19,1619.0,1,5.3,0,-0.1610372103081268,0
tx101299,17.14,15,1791.0,0,0.48,0,-0.16108917905545977,0
tx103346,50.03,16,234.0,0,1.26,0,-0.16111983587662676,0
tx103070,11.7,16,331.0,0,6.69,0,-0.16114087000717114,0
tx100541,60.76,16,322.0,0,4.11,0,-0.16117564935747652,0
tx104521,25.58,18,1598.0,2,1.09,0,-0.16119610091147935,0
tx101833,42.62,16,162.0,0,3.52,0,-0.16121225833368208,0
tx102834,19.02,18,1594.0,2,2.89,0,-0.16121393683799323,0
tx103141,75.3,11,810.0,0,1.61,0,-0.1612173310431672,0
tx102541,14.01,20,872.0,0,1.1,0,-0.16122600108345808,0
tx104968,44.58,19,1738.0,1,4.03,0,-0.16122876091346106,0
tx102279,73.79,11,1237.0,0,3.02,0,-0.16124518052318348,0
tx102881,17.05,13,1823.0,0,1.95,0,-0.16126807204825022,0
tx103596,50.79,9,472.0,2,0.41,0,-0.16127130571661324,0
tx101695,41.89,7,1177.0,0,0.62,0,-0.1612815411814832,0
tx101261,18.92,14,1908.0,1,1.62,0,-0.16129723555239256,0
tx101774,26.72,8,1705.0,0,3.92,0,-0.16131090175873408,0
tx101692,40.35,21,1054.0,0,3.96,0,-0.1613251281197972,0
tx100988,30.41,19,936.0,2,0.11,0,-0.16139590667076814,0
tx104572,53.91,9,1474.0,0,0.38,0,-0.16145445272560432,0
tx103441,24.56,8,1587.0,2,0.72,0,-0.1614672134856756,0
tx100213,29.33,21,1347.0,0,4.73,0,-0.16152165029794807,0
tx103780,30.7,12,152.0,2,0.73,0,-0.16159344789781532,0
tx103967,41.84,5,556.0,1,4.25,0,-0.16160495573452272,0
tx101994,15.77,9,770.0,2,0.03,0,-0.16163996711413142,0
tx101888,23.93,13,1857.0,0,1.72,0,-0.16164897278773416,0
tx104186,55.39,12,1693.0,1,0.32,0,-0.16168566782213434,0
tx101671,14.48,18,405.0,0,0.62,0,-0.16170571407893997,0
tx100948,8.64,18,423.0,1,2.12,0,-0.16172465332011027,0
tx103134,56.53,13,326.0,2,0.84,0,-0.16172650014865747,0
tx104971,22.7,19,1747.0,0,4.44,0,-0.1617292278982198,0
tx101669,50.25,8,682.0,2,6.82,0,-0.16173116476701066,0
tx104542,52.19,11,1574.0,1,8.72,0,-0.16173363576894012,0
tx100706,31.96,8,738.0,0,9.95,0,-0.16179880619378995,0
tx101069,29.1,9,1854.0,1,1.4,0,-0.1618352413281754,0
tx101390,12.5,17,1477.0,2,2.05,0,-0.16184213434610462,0
tx101282,25.2,20,872.0,1,9.6,0,-0.16189151051832495,0
tx103027,38.01,9,1736.0,0,4.13,0,-0.16189237308650645,0
tx103897,15.61,14,1629.0,2,0.43,0,-0.1619169194729656,0
tx100601,26.76,4,968.0,1,3.49,0,-0.16195817692485154,0
tx102601,51.77,9,1282.0,2,0.29,0,-0.16196777487395703,0
tx100953,59.69,9,454.0,0,3.61,0,-0.16205834883289555,0
tx101512,46.98,9,1569.0,2,5.27,0,-0.16207180093584767,0
tx101880,78.33,15,649.0,0,3.16,0,-0.16207850577972266,0
tx100294,25.18,20,1703.0,1,1.62,0,-0.1620860272276139,0
tx100495,12.67,8,1166.0,0,6.17,0,-0.16212130987021167,0
tx104728,50.83,9,527.0,0,0.14,0,-0.1621904580651372,0
tx104497,36.67,13,283.0,2,8.1,0,-0.16223309338584635,0
tx104239,31.64,22,958.0,1,3.8,0,-0.16223382415442317,0
tx102717,25.54,12,291.0,0,8.14,0,-0.16223927388899695,0
tx104852,24.4,7,545.0,2,4.56,0,-0.16226527274683977,0
tx102831,33.15,10,177.0,0,0.91,0,-0.1622713899469559,0
tx100465,20.8,14,1833.0,0,2.29,0,-0.162324110153638,0
tx104909,19.95,10,1771.0,0,3.53,0,-0.16235377141777968,0
tx102125,40.22,10,1652.0,2,3.7,0,-0.162372102298863,0
tx104625,27.98,12,140.0,0,4.85,0,-0.1624459842817031,0
tx100091,58.18,8,278.0,1,3.38,0,-0.16244807752635104,0
tx104336,30.49,16,1896.0,1,3.99,0,-0.16246946980557175,0
tx104166,46.62,19,469.0,0,4.48,0,-0.16249407104411562,0
tx100431,70.6,12,460.0,1,8.75,0,-0.1624986301000912,0
tx104913,53.12,18,1040.0,0,0.07,0,-0.16249871706633873,0
tx102005,58.14,17,634.0,2,4.63,0,-0.16250626426808118,0
tx104090,39.2,10,161.0,2,1.92,0,-0.16251890723427048,0
tx103604,13.38,8,1296.0,0,6.9,0,-0.1625214552263502,0
tx101204,55.9,12,1338.0,1,10.91,0,-0.16254224893566094,0
tx100700,24.63,4,609.0,1,1.54,0,-0.162581780005911,0
tx102501,22.78,12,1021.0,0,12.31,0,-0.16261442358841494,0
tx100317,16.75,12,186.0,1,9.34,0,-0.16262165142966323,0
tx104463,16.78,8,541.0,0,6.82,0,-0.16263383970710793,0
tx100203,42.14,6,1612.0,1,2.49,0,-0.16263959093030084,0
tx100182,31.72,16,166.0,2,5.21,0,-0.16272102879761474,0
tx101895,15.72,10,235.0,2,1.45,0,-0.16280830594476098,0
tx102229,17.99,20,576.0,1,8.12,0,-0.1628153749375305,0
tx103799,25.55,10,1484.0,0,10.01,0,-0.1628398341237225,0
tx103094,7.05,14,967.0,2,0.29,0,-0.16287157711684008,0
tx102619,7.36,15,790.0,2,4.06,0,-0.16289120340650692,0
tx101622,58.65,14,373.0,0,5.26,0,-0.16292183638667584,0
tx101032,28.68,11,771.0,2,12.73,0,-0.1629476103680541,0
tx102477,22.48,21,1180.0,0,0.31,0,-0.1629496147105518,0
tx103007,61.9,13,780.0,2,1.55,0,-0.16295671973560655,0
tx101548,18.74,10,151.0,1,8.98,0,-0.1629619361147267,0
tx101782,38.03,10,1876.0,1,2.04,0,-0.1629765213801322,0
tx104097,37.23,8,1449.0,0,0.09,0,-0.16297731023924528,0
tx100341,42.66,5,669.0,1,5.12,0,-0.16300632343398708,0
tx100861,31.95,21,1417.0,0,1.55,0,-0.16303241447414607,0
tx102683,31.62,15,656.0,2,11.38,0,-0.16303944111969187,0
tx101549,25.11,15,86.0,1,4.71,0,-0.16306154331707834,0
tx102214,17.04,7,1134.0,0,2.72,0,-0.1631282085018324,0
tx100973,6.76,9,728.0,1,9.17,0,-0.16314759157835457,0
tx103697,13.85,11,1865.0,1,2.35,0,-0.16317719948093495,0
tx102238,77.28,13,356.0,1,1.2,0,-0.16317857642850597,0
tx101867,24.2,14,110.0,1,7.9,0,-0.16319887067643246,0
tx100222,32.76,6,1484.0,1,0.21,0,-0.16320868493848972,0
tx101561,35.1,12,1896.0,1,1.63,0,-0.16322644230375866,0
tx104550,19.11,16,926.0,2,11.9,0,-0.16322797347198575,0
tx102705,28.13,18,431.0,0,7.82,0,-0.16323236223262666,0
tx104473,32.99,21,1496.0,0,2.67,0,-0.16324417722326623,0
tx102348,34.18,21,1320.0,0,3.69,0,-0.16324837327341335,0
tx104055,15.39,20,591.0,0,3.72,0,-0.16325118767410168,0
tx101308,59.24,16,1554.0,1,0.01,0,-0.16327534055129161,0
tx100150,30.47,8,1591.0,0,0.44,0,-0.16328833514953528,0
tx104189,34.79,15,283.0,0,7.84,0,-0.16331703750750515,0
tx104404,37.33,15,316.0,0,9.1,0,-0.1633192372677577,0
tx102514,16.42,10,522.0,1,12.53,0,-0.16336081440453515,0
tx104175,28.36,15,123.0,1,8.74,0,-0.1633727816393074,0
tx103208,24.74,5,1226.0,1,1.02,0,-0.16339304721370962,0
tx102698,44.38,19,1072.0,2,1.29,0,-0.16340245817526122,0
tx103062,44.44,9,258.0,2,4.51,0,-0.1634069446325228,0
tx104368,46.77,9,304.0,2,6.68,0,-0.16341381386205472,0
tx104142,25.95,10,1841.0,1,5.53,0,-0.16341603378566155,0
tx101946,40.64,18,1644.0,0,4.45,0,-0.16342632590822742,0
tx103130,35.96,14,146.0,0,4.73,0,-0.1634490452309058,0
tx104877,20.13,19,1698.0,1,5.35,0,-0.16348531365265823,0
tx101706,29.28,13,479.0,2,10.87,0,-0.16355186219949464,0
tx103651,29.01,17,1886.0,1,3.57,0,-0.16355436593791328,0
tx103225,28.0,9,238.0,2,6.32,0,-0.163614665884932,0
tx100259,23.41,12,195.0,0,0.38,0,-0.16363107535173566,0
tx102148,10.39,11,161.0,1,1.9,0,-0.16365137666242197,0
tx104499,11.41,8,675.0,1,0.09,0,-0.16365656811800927,0
tx103676,29.16,14,1797.0,1,8.22,0,-0.16366222243235057,0
tx103668,17.89,16,366.0,0,8.34,0,-0.163662362356917,0
tx100901,25.36,20,1661.0,1,1.29,0,-0.16371354386603754,0
tx100179,72.71,11,900.0,0,2.6,0,-0.16372450691019308,0
tx101083,46.7,10,1282.0,2,0.08,0,-0.16375845362078018,0
tx103431,15.9,20,1061.0,0,0.6,0,-0.16379536350949314,0
tx103150,16.85,21,1052.0,1,0.37,0,-0.163879687416421,0
tx104056,15.49,21,1413.0,1,5.03,0,-0.16388388905067303,0
tx100332,27.95,20,1608.0,1,0.31,0,-0.16389098379703432,0
tx102494,20.36,21,1392.0,1,0.43,0,-0.1638974617340742,0
tx103415,24.95,14,260.0,0,0.03,0,-0.1638986531637338,0
tx102838,31.66,8,1112.0,0,9.5,0,-0.1639271135528016,0
tx102554,19.17,10,200.0,2,2.82,0,-0.1639312504432734,0
tx104057,38.6,17,1771.0,0,2.67,0,-0.16393341619577367,0
tx102105,15.6,18,1235.0,2,0.56,0,-0.16397907225039937,0
tx103940,61.57,10,1282.0,0,2.05,0,-0.16398362173970982,0
tx100623,17.31,9,1233.0,0,9.55,0,-0.16398425426386304,0
tx103530,44.27,9,332.0,1,10.71,0,-0.16398579060610513,0
tx102336,17.66,12,1761.0,0,0.56,0,-0.16399779161892664,0
tx103991,18.74,8,932.0,1,11.22,0,-0.16403345166780908,0
tx101377,4.64,18,704.0,1,0.84,0,-0.1640571213524652,0
tx102073,9.86,19,863.0,1,0.93,0,-0.16408197845180583,0
tx101440,11.21,8,753.0,2,4.77,0,-0.1640988391098503,0
tx100983,38.14,20,468.0,0,3.74,0,-0.16411486970691458,0
tx102398,46.5,11,1724.0,0,4.91,0,-0.164217214677228,0
tx104987,31.86,14,133.0,0,3.08,0,-0.16422370355751065,0
tx102473,37.66,18,481.0,1,11.23,0,-0.16424359243600317,0
tx104640,33.46,12,1776.0,0,5.63,0,-0.16424518382639197,0
tx102069,24.1,7,1018.0,0,5.33,0,-0.16426365385524516,0
tx104061,28.18,13,508.0,1,14.67,0,-0.16426438714621472,0
tx101011,13.64,16,332.0,0,0.45,0,-0.16427503272724903,0
tx104771,20.62,17,1789.0,0,1.17,0,-0.16427550756958936,0
tx100362,34.75,10,335.0,0,8.98,0,-0.16428441424495965,0
tx103907,26.29,19,1722.0,0,1.87,0,-0.1643256046678015,0
tx100671,17.52,12,1281.0,2,10.5,0,-0.16433582347241316,0
tx103602,35.7,19,243.0,1,3.64,0,-0.16435184352490445,0
tx100429,7.12,15,1428.0,0,4.56,0,-0.16435368951994822,0
tx104697,80.29,12,671.0,0,1.67,0,-0.16440874924753696,0
tx102542,49.29,9,155.0,1,1.0,0,-0.1644522681880355,0
tx100787,48.59,20,1001.0,0,4.2,0,-0.16445897487891115,0
tx104720,17.03,14,400.0,0,0.01,0,-0.1644818993343058,0
tx101052,9.49,9,585.0,0,3.23,0,-0.1644852979910424,0
tx104187,26.76,11,169.0,2,5.85,0,-0.16450676788055174,0
tx102613,50.63,21,1181.0,1,2.25,0,-0.1645089344242066,0
tx102903,20.7,10,1623.0,2,1.43,0,-0.1645114623391587,0
tx102319,30.14,12,323.0,1,12.79,0,-0.16465317605385688,0
tx104947,38.52,9,1693.0,0,3.5,0,-0.16470423413999974,0
tx101753,56.75,17,340.0,0,1.93,0,-0.16473938249055065,0
tx104413,17.68,15,387.0,0,8.4,0,-0.16476179441791988,0
tx100555,72.71,14,645.0,0,5.31,0,-0.1647924019055239,0
tx100029,18.77,16,272.0,2,2.65,0,-0.16479678762384814,0
tx102851,9.37,19,874.0,1,1.73,0,-0.16482573377855847,0
tx101186,24.9,19,1702.0,0,4.0,0,-0.16484709937456976,0
tx103681,23.42,9,102.0,1,1.45,0,-0.16484979960597362,0
tx100430,58.96,14,346.0,0,1.57,0,-0.16486537721404654,0
tx104249,52.69,15,790.0,2,8.22,0,-0.16489753394244638,0
tx102221,70.92,11,990.0,0,1.8,0,-0.1648991113926324,0
tx103349,16.05,14,1813.0,0,2.39,0,-0.16495934115329902,0
tx103785,29.97,20,684.0,0,5.25,0,-0.16496254059926296,0
tx101272,28.09,18,424.0,2,3.39,0,-0.16497191233699676,0
tx104591,34.77,19,1724.0,1,0.52,0,-0.16498329302915415,0
tx101925,23.74,8,320.0,2,1.04,0,-0.16499802473873315,0
tx104116,72.09,16,505.0,1,3.72,0,-0.16502112492893872,0
tx100392,20.08,8,666.0,2,8.89,0,-0.16504059913989128,0
tx100242,18.93,18,232.0,1,5.43,0,-0.16504312359433787,0
tx103970,48.87,15,1012.0,0,10.52,0,-0.16505099608484336,0
tx103034,41.38,14,1256.0,2,10.75,0,-0.16505944679262963,0
tx100320,9.31,17,889.0,0,1.63,0,-0.16507682032263127,0
tx100440,9.4,11,1251.0,2,6.46,0,-0.16514047358472422,0
tx104915,10.12,10,1514.0,0,3.05,0,-0.16515326597898278,0
tx104844,17.0,19,1581.0,0,3.31,0,-0.16515646591196204,0
tx102363,36.93,16,263.0,2,1.14,0,-0.1651672941578739,0
tx103775,16.9,17,1532.0,0,7.2,0,-0.16518410365061265,0
tx101558,38.88,21,1320.0,1,0.77,0,-0.16518505046347876,0
tx103670,47.56,14,1291.0,2,9.66,0,-0.16522531725408107,0
tx101520,19.94,8,220.0,1,4.11,0,-0.16523228219220687,0
tx104110,25.28,12,180.0,2,3.87,0,-0.1652482961912604,0
tx101591,34.28,6,435.0,1,1.12,0,-0.16527258582839555,0
tx100719,13.19,20,1183.0,1,0.38,0,-0.1652885457163365,0
tx102064,42.32,17,1544.0,1,10.69,0,-0.16529417779740646,0
tx103617,56.23,20,884.0,1,5.11,0,-0.1653176681396149,0
tx102586,13.95,15,963.0,1,11.83,0,-0.165339264034416,0
tx101447,51.08,16,369.0,2,1.25,0,-0.16535643384205467,0
tx100041,46.51,8,1421.0,0,0.39,0,-0.16536693547633752,0
tx101677,68.73,8,1442.0,1,1.33,0,-0.16541816348270805,0
tx102951,32.34,12,1556.0,2,9.38,0,-0.1654684190377827,0
tx103723,17.38,10,209.0,2,3.39,0,-0.16553387147338355,0
tx101202,8.03,15,1116.0,2,3.47,0,-0.16555114861357334,0
tx100155,29.66,21,1045.0,0,2.48,0,-0.1655551406851054,0
tx101041,39.91,18,1541.0,0,7.1,0,-0.16557867010707278,0
tx103557,34.02,19,1583.0,0,6.05,0,-0.1655952898783074,0
tx101249,61.73,11,1431.0,1,0.09,0,-0.16562098556743804,0
tx103545,65.11,13,1348.0,0,3.98,0,-0.1656400417471352,0
tx100711,29.2,10,1665.0,2,2.93,0,-0.16564526523273887,0
tx103843,37.75,9,699.0,0,10.64,0,-0.16564850552162103,0
tx100883,31.15,14,352.0,0,9.85,0,-0.16565581140699198,0
tx102139,47.45,20,982.0,0,1.26,0,-0.16566010328679898,0
tx102871,12.86,20,762.0,1,0.88,0,-0.1656605347394644,0
tx102607,41.46,14,302.0,2,0.1,0,-0.165661510667799,0
tx100688,74.19,12,1171.0,1,0.45,0,-0.16566406114348942,0
tx104301,54.15,15,339.0,2,2.69,0,-0.1656667395676628,0
tx103661,11.34,16,1690.0,1,6.17,0,-0.1657077557099037,0
tx103445,27.43,18,1750.0,1,7.05,0,-0.1657128273324629,0
tx101968,45.34,9,1321.0,2,0.19,0,-0.16576125753891235,0
tx100007,44.57,21,698.0,1,5.76,0,-0.1657680399037363,0
tx103659,27.23,8,1591.0,2,3.07,0,-0.16578513116580434,0
tx100073,35.79,20,1099.0,0,0.07,0,-0.1657868610331294,0
tx104825,36.79,17,999.0,1,12.52,0,-0.1657926521210648,0
tx101429,12.71,7,1181.0,1,0.42,0,-0.16582301472116812,0
tx102884,39.16,18,1326.0,0,8.78,0,-0.16583225619000352,0
tx103581,43.65,6,1103.0,1,4.27,0,-0.16588693035328916,0
tx103175,6.45,8,1419.0,1,2.09,0,-0.16588729296843147,0
tx102110,35.83,21,849.0,0,2.59,0,-0.16589226606091745,0
tx104942,36.22,21,511.0,1,0.81,0,-0.1658962792153802,0
tx101345,40.47,18,1302.0,2,0.76,0,-0.16590356703435116,0
tx103710,19.15,16,288.0,2,4.93,0,-0.1659136664287325,0
tx103369,21.03,19,1449.0,0,7.39,0,-0.16592625744534933,0
tx100140,15.84,20,1161.0,0,2.87,0,-0.16593176839738483,0
tx104878,39.13,12,238.0,2,1.64,0,-0.1659587425884816,0
tx104328,26.71,20,801.0,1,9.32,0,-0.16596025816590865,0
tx102860,17.25,14,1700.0,2,3.29,0,-0.16597456517385345,0
tx102797,41.83,17,374.0,0,0.25,0,-0.16598100183981424,0
tx101110,45.17,12,1278.0,0,9.85,0,-0.16599128923391465,0
tx103174,21.55,14,749.0,1,14.28,0,-0.16599637572398473,0
tx103749,11.78,18,1015.0,0,0.37,0,-0.16602808176981626,0
tx100309,34.51,17,429.0,2,0.36,0,-0.16605759238018736,0
tx104806,53.29,20,834.0,1,1.24,0,-0.16605965608157353,0
tx103181,29.02,17,1006.0,2,10.01,0,-0.16611298285033793,0
tx104758,42.24,20,623.0,0,2.85,0,-0.1661885307858501,0
tx100969,10.44,18,1028.0,0,4.62,0,-0.16621894586196911,0
tx102897,38.49,19,1612.0,0,1.6,0,-0.16623087062069125,0
tx104509,43.76,15,132.0,1,6.14,0,-0.16623715270219797,0
tx102695,9.17,16,480.0,0,2.83,0,-0.16624403704938479,0
tx101562,11.74,7,1314.0,1,1.67,0,-0.16625915139334252,0
tx102172,12.75,17,1004.0,2,6.47,0,-0.16626469347031964,0
tx103337,18.55,20,419.0,1,5.57,0,-0.166269273072508,0
tx102564,39.99,18,828.0,2,7.81,0,-0.16631179947197772,0
tx103440,21.71,14,220.0,0,0.28,0,-0.16635412974510988,0
tx104190,28.9,21,1056.0,0,2.61,0,-0.1663724642405397,0
tx100214,6.25,12,709.0,0,1.16,0,-0.16637456442897014,0
tx100665,64.85,15,1374.0,1,5.79,0,-0.16639355489851887,0
tx102231,10.89,15,425.0,0,2.0,0,-0.16642471454784946,0
tx100238,57.25,12,822.0,2,5.47,0,-0.1665917407361326,0
tx102662,8.98,11,871.0,2,0.75,0,-0.16660285001204128,0
tx102827,37.22,15,114.0,1,3.52,0,-0.16661884843309216,0
tx102223,38.41,11,242.0,0,1.15,0,-0.16665227552765993,0
tx104567,66.46,13,738.0,0,0.92,0,-0.16668155408393087,0
tx100427,34.54,17,129.0,1,1.3,0,-0.166688254002612,0
tx100223,9.49,8,1085.0,1,0.65,0,-0.1667179940076775,0
tx102418,57.95,12,164.0,1,1.32,0,-0.1667378416764187,0
tx103113,12.16,17,460.0,0,2.22,0,-0.166758837515589,0
tx101592,27.68,17,1875.0,1,3.34,0,-0.16676936977287482,0
tx102626,41.26,15,1412.0,2,9.87,0,-0.16678652994671161,0
tx102515,20.89,21,1290.0,1,5.49,0,-0.1668028629882483,0
tx102128,10.56,19,1152.0,1,3.37,0,-0.16684811821247064,0
tx100112,24.38,13,800.0,2,11.52,0,-0.16685184080772392,0
tx102685,9.46,12,442.0,0,2.58,0,-0.1668826887912992,0
tx104569,59.1,10,1583.0,1,1.43,0,-0.16688698209409042,0
tx104809,9.86,16,315.0,1,5.27,0,-0.16688780155168031,0
tx104204,61.83,18,479.0,1,3.5,0,-0.16690281227718873,0
tx103527,53.66,9,300.0,1,7.61,0,-0.16692393735242145,0
tx103765,49.92,9,1593.0,0,2.28,0,-0.1669822248258429,0
tx103405,34.74,9,279.0,0,4.78,0,-0.1669920296954165,0
tx103877,31.73,18,547.0,2,0.86,0,-0.16700136795430215,0
tx101917,34.55,8,979.0,2,8.2,0,-0.16700309817829978,0
tx100839,10.58,9,1105.0,0,2.8,0,-0.1670041566605837,0
tx101243,19.95,10,1094.0,2,9.5,0,-0.16701800275816625,0
tx101816,46.22,11,254.0,0,4.76,0,-0.1670210496027113,0
tx101699,13.65,9,1321.0,2,7.23,0,-0.16702254612540024,0
tx104510,14.92,15,325.0,0,5.98,0,-0.16705384325302464,0
tx102381,21.07,14,235.0,2,1.8,0,-0.16707263189173416,0
tx104071,25.95,8,1713.0,1,6.71,0,-0.1670874721664491,0
tx102137,13.69,19,1060.0,1,0.02,0,-0.16711596042840426,0
tx101665,28.3,8,1631.0,0,1.88,0,-0.1671261133075459,0
tx101757,38.73,10,1678.0,0,2.08,0,-0.16712963690239047,0
tx103087,12.61,11,1634.0,0,1.77,0,-0.16713589380469362,0
tx104184,21.27,17,510.0,2,9.32,0,-0.16718182298251372,0
tx101882,61.18,9,1158.0,0,3.69,0,-0.1671899100253868,0
tx102635,7.28,9,1483.0,1,1.54,0,-0.16719254509267756,0
tx102959,7.8,14,1393.0,0,5.13,0,-0.1672024612719727,0
tx102433,16.42,19,374.0,1,1.8,0,-0.1672172225661417,0
tx101086,48.91,13,133.0,1,1.11,0,-0.16726652136658793,0
tx102022,37.75,20,1517.0,0,0.77,0,-0.1672893199405645,0
tx103355,33.18,17,1874.0,1,1.73,0,-0.16729504906290998,0
tx101312,70.31,14,782.0,0,2.5,0,-0.16735090254629276,0
tx103503,12.2,16,918.0,2,0.16,0,-0.16738565076486506,0
tx100100,24.06,11,154.0,2,2.86,0,-0.16739828892860426,0
tx102009,12.73,15,480.0,0,7.93,0,-0.16740276699352308,0
tx100117,31.71,19,1638.0,0,1.83,0,-0.16741428617732595,0
tx104262,28.9,19,1412.0,2,3.48,0,-0.16744278695512232,0
tx104744,23.53,8,193.0,1,6.53,0,-0.16744286617068777,0
tx101094,35.9,8,1324.0,0,7.81,0,-0.1674957425643212,0
tx101777,54.45,9,1534.0,0,3.44,0,-0.16752587057825186,0
tx103928,21.53,20,1554.0,0,3.96,0,-0.16753525322494245,0
tx102679,59.68,18,1021.0,1,7.59,0,-0.1675393773989538,0
tx104500,57.88,11,1146.0,2,1.16,0,-0.16754885805424585,0
tx100170,32.52,15,256.0,0,0.55,0,-0.1675515124225505,0
tx104427,17.09,17,669.0,0,8.6,0,-0.1675650302418683,0
tx100342,8.35,13,1314.0,2,5.46,0,-0.1675719997648451,0
tx100410,11.47,18,719.0,0,5.55,0,-0.16758432826661385,0
tx101912,48.69,10,281.0,0,2.78,0,-0.16759365655741987,0
tx103451,41.71,11,1632.0,1,9.39,0,-0.16760081888146988,0
tx104583,13.57,14,1672.0,0,1.44,0,-0.16761842530340548,0
tx100626,40.42,19,1393.0,0,0.4,0,-0.16762191723177416,0
tx101224,59.16,9,1246.0,0,3.52,0,-0.16765784467381595,0
tx100838,49.46,12,502.0,0,9.58,0,-0.1676934828907809,0
tx102352,35.72,16,125.0,1,7.15,0,-0.1677033044346598,0
tx101779,50.12,8,1116.0,2,2.71,0,-0.16772520574948818,0
tx104195,42.07,15,1862.0,1,2.85,0,-0.16775629718373258,0
tx102823,52.59,9,197.0,1,1.23,0,-0.1677987079310812,0
tx100805,15.27,16,637.0,1,12.21,0,-0.16780457426965106,0
tx100520,20.38,9,970.0,0,9.58,0,-0.16782222102291072,0
tx101979,64.49,12,849.0,1,0.15,0,-0.16782708521609796,0
tx104933,37.03,18,1496.0,2,1.08,0,-0.1678460944681815,0
tx101217,13.89,19,394.0,1,4.6,0,-0.16792568138669434,0
tx102413,30.21,20,851.0,0,0.33,0,-0.16792598230234845,0
tx102880,16.75,20,949.0,0,2.44,0,-0.1679559152190508,0
tx104734,24.36,9,263.0,0,1.34,0,-0.1679600735536692,0
tx101595,31.67,17,1668.0,1,8.28,0,-0.16797389722853606,0
tx101074,46.22,12,1747.0,1,0.13,0,-0.16799861810263628,0
tx101466,25.54,11,1743.0,0,0.43,0,-0.16801367034809328,0
tx104350,22.97,18,585.0,0,0.01,0,-0.16803641203729985,0
tx104759,39.49,18,706.0,2,0.89,0,-0.16804566515973546,0
tx100057,27.28,19,690.0,2,2.15,0,-0.1680464688535937,0
tx104612,48.12,12,1268.0,0,8.86,0,-0.16805858342395158,0
tx104375,30.09,21,1343.0,1,5.51,0,-0.16806830240972537,0
tx104464,36.08,15,110.0,1,3.52,0,-0.16810374405903594,0
tx100148,32.62,19,710.0,1,10.46,0,-0.16812149845999685,0
tx104560,49.47,11,427.0,0,8.39,0,-0.16812323602970475,0
tx102204,34.31,20,833.0,0,5.82,0,-0.1681338451427461,0
tx103961,20.49,21,636.0,1,0.93,0,-0.16813515660591194,0
tx100580,62.54,14,871.0,0,6.23,0,-0.16814632837361798,0
tx103952,48.56,12,388.0,0,7.29,0,-0.16814738382094607,0
tx100553,46.0,20,426.0,1,3.27,0,-0.16816386478149992,0
tx101550,17.04,8,714.0,0,0.76,0,-0.16817684048099302,0
tx101948,21.59,10,1562.0,2,6.76,0,-0.16818037290717258,0
tx101667,39.94,9,1141.0,1,11.92,0,-0.16819643729695644,0
tx100959,13.56,17,455.0,0,0.97,0,-0.168197926771316,0
tx102407,15.29,17,206.0,1,5.6,0,-0.1682053696801452,0
tx103798,38.26,6,1562.0,1,4.27,0,-0.16821143514324172,0
tx103913,12.77,15,1222.0,2,7.19,0,-0.1682309821601381,0
tx103882,55.87,16,612.0,0,8.31,0,-0.16825758248548478,0
tx104342,11.92,16,372.0,1,7.95,0,-0.16833918560329225,0
tx102890,16.01,13,324.0,0,0.57,0,-0.16834376774075877,0
tx101542,39.54,20,337.0,1,0.75,0,-0.1683516845171686,0
tx104900,12.35,15,441.0,0,6.66,0,-0.168354767082109,0
tx101710,37.33,18,1821.0,1,1.68,0,-0.16836416670981885,0
tx101399,17.82,8,469.0,2,2.16,0,-0.1683796858497284,0
tx104105,8.31,17,479.0,1,0.95,0,-0.16840090479853093,0
tx104547,37.96,19,529.0,0,1.52,0,-0.16841824011373707,0
tx100603,73.77,14,776.0,1,4.18,0,-0.16842647225523194,0
tx103887,49.18,13,1548.0,0,7.01,0,-0.1684504052897754,0
tx101579,32.49,11,365.0,0,0.01,0,-0.16848219916711576,0
tx102765,45.71,21,1138.0,1,5.43,0,-0.168494344498969,0
tx101555,63.5,11,1245.0,0,5.23,0,-0.16850912794917933,0
tx104719,27.32,13,1718.0,1,9.03,0,-0.1686079492630766,0
tx103233,62.58,11,1132.0,1,8.0,0,-0.1686232767034897,0
tx102941,34.79,11,234.0,0,4.42,0,-0.16863846296921026,0
tx104378,35.37,19,736.0,2,1.58,0,-0.16864485334967316,0
tx100807,10.76,17,1403.0,0,3.91,0,-0.16866004112248822,0
tx104182,46.32,13,134.0,1,1.41,0,-0.16868537496028752,0
tx104485,9.28,12,1043.0,0,5.48,0,-0.1686916822107597,0
tx103344,18.45,6,848.0,1,2.24,0,-0.16870083332822183,0
tx101656,43.83,21,586.0,1,2.75,0,-0.16871525693940104,0
tx104353,42.23,10,317.0,1,10.51,0,-0.16872870369619114,0
tx101214,25.14,16,195.0,0,0.83,0,-0.16874359485695034,0
tx101884,58.92,19,674.0,1,2.23,0,-0.16878807802649987,0
tx102409,21.44,18,1359.0,2,0.56,0,-0.16881145023936522,0
tx102190,23.57,12,99.0,1,3.63,0,-0.1688717114327805,0
tx100361,44.67,8,1279.0,0,6.15,0,-0.16887747065436837,0
tx101598,58.15,16,1213.0,0,0.42,0,-0.16888491752727303,0
tx102496,26.21,7,1043.0,2,3.29,0,-0.1689002912964352,0
tx101963,24.76,21,1328.0,1,0.79,0,-0.1689150371397818,0
tx102269,69.37,13,1502.0,1,2.74,0,-0.1689152739276502,0
tx101043,62.37,15,1229.0,1,7.3,0,-0.16893058948648504,0
tx102048,16.53,17,1590.0,0,5.13,0,-0.16894862861130006,0
tx104754,28.65,11,1401.0,2,9.65,0,-0.1689523102974571,0
tx103429,28.5,21,482.0,1,1.91,0,-0.16904191205098895,0
tx100791,12.95,20,873.0,1,2.58,0,-0.16905016488598557,0
tx101174,18.82,18,687.0,2,1.15,0,-0.1690749080754651,0
tx102566,22.58,20,1143.0,1,7.58,0,-0.16907897907642971,0
tx103191,18.25,17,368.0,0,5.52,0,-0.16909755519696673,0
tx104332,48.32,17,1441.0,2,2.77,0,-0.16910468320585403,0
tx101799,36.4,10,1695.0,0,3.41,0,-0.16914593202225597,0
tx101004,16.41,14,1599.0,2,6.36,0,-0.16915676998680368,0
tx103972,15.39,18,516.0,0,1.19,0,-0.16917053542446858,0
tx104363,21.41,21,753.0,1,0.77,0,-0.1691759528292176,0
tx104290,65.54,17,746.0,1,1.6,0,-0.16919962008201256,0
tx100049,39.25,14,1724.0,0,1.23,0,-0.16921943627250502,0
tx100060,19.7,10,1088.0,2,8.69,0,-0.16922702331178524,0
tx103472,58.3,10,587.0,0,6.49,0,-0.1692502567180446,0
tx100135,20.26,20,724.0,0,3.29,0,-0.1692927010055575,0
tx103666,20.99,11,659.0,1,14.15,0,-0.169321978714724,0
tx100590,25.3,14,153.0,0,2.82,0,-0.16933694837309543,0
tx103242,50.67,15,1562.0,0,6.18,0,-0.1693459499665575,0
tx101567,42.81,13,417.0,2,0.1,0,-0.1693712891341711,0
tx104590,20.84,21,1342.0,1,1.72,0,-0.1693779388862584,0
tx103402,28.96,14,1795.0,0,1.67,0,-0.16940758902342984,0
tx104314,20.91,21,1354.0,1,2.2,0,-0.1694136589091616,0
tx102294,34.64,14,1838.0,1,0.78,0,-0.16942315388298634,0
tx100106,39.21,8,1372.0,0,0.31,0,-0.16942444104849202,0
tx103209,55.42,12,432.0,0,0.46,0,-0.16943499475636414,0
tx104118,5.79,16,491.0,1,2.13,0,-0.16944932054363826,0
tx100042,38.8,9,531.0,2,7.83,0,-0.16948039050741281,0
tx100692,12.4,13,969.0,2,9.28,0,-0.16948269504805308,0
tx102956,20.11,18,1760.0,1,0.92,0,-0.16949456707475063,0
tx100336,57.97,17,497.0,0,3.23,0,-0.16950047540112395,0
tx102334,10.55,18,533.0,1,2.76,0,-0.16951008565767928,0
tx103501,65.41,12,416.0,1,0.91,0,-0.1695350611934328,0
tx103205,25.29,15,1638.0,1,10.1,0,-0.1695427934659503,0
tx100463,27.19,21,441.0,1,2.63,0,-0.1695572365982243,0
tx101321,60.43,16,1114.0,1,9.39,0,-0.16956134879948648,0
tx100126,31.68,10,1614.0,0,6.81,0,-0.1695770904468598,0
tx101285,20.78,20,1284.0,0,2.76,0,-0.16960114428017625,0
tx100683,24.05,9,862.0,1,12.95,0,-0.16960269891761032,0
tx100267,39.49,21,1461.0,1,3.24,0,-0.16960333215665457,0
tx103855,15.23,11,138.0,1,1.14,0,-0.1696109483656611,0
tx101339,50.0,17,279.0,1,0.39,0,-0.16963230867399204,0
tx100917,47.72,19,814.0,0,2.35,0,-0.16963348954432578,0
tx101393,12.81,16,1741.0,1,0.46,0,-0.16965946604790821,0
tx100563,40.36,19,306.0,1,5.07,0,-0.16966654224835853,0
tx101804,15.51,14,389.0,0,7.3,0,-0.16966748160905698,0
tx100152,32.82,20,579.0,0,2.48,0,-0.1696687040787478,0
tx104425,12.23,16,1486.0,2,4.48,0,-0.16969305815717478,0
tx100316,23.43,14,1650.0,2,5.76,0,-0.16978323371448129,0
tx103015,16.01,12,185.0,1,0.45,0,-0.1698087531456291,0
tx104094,20.52,21,598.0,1,5.06,0,-0.16981195124376325,0
tx100241,9.37,15,763.0,1,9.55,0,-0.16981465645484334,0
tx103726,32.59,17,934.0,1,11.88,0,-0.1698330354392132,0
tx103884,33.44,15,172.0,1,7.58,0,-0.16984530890286265,0
tx102017,44.01,10,1336.0,0,0.08,0,-0.1698917655109135,0
tx100535,16.21,18,1225.0,2,1.85,0,-0.16989834515574043,0
tx103552,29.06,12,1528.0,2,0.06,0,-0.169901134838717,0
tx103228,35.8,17,512.0,2,7.85,0,-0.16990679821206528,0
tx104276,37.12,19,779.0,2,3.02,0,-0.16992413278312263,0
tx101919,28.44,21,1558.0,1,3.07,0,-0.1699474748354885,0
tx102708,28.72,19,1240.0,0,0.26,0,-0.16995755793624956,0
tx104604,19.27,15,1581.0,0,7.67,0,-0.16997369602999501,0
tx101355,51.04,18,1470.0,0,1.33,0,-0.17000368912644864,0
tx100043,48.23,20,1504.0,1,2.15,0,-0.17000513780422566,0
tx102068,25.75,19,435.0,0,1.04,0,-0.1700236000648513,0
tx102406,20.79,9,478.0,0,7.71,0,-0.1700342506783964,0
tx101457,20.64,20,1254.0,0,2.92,0,-0.17003598725241492,0
tx102612,19.87,20,1295.0,1,0.73,0,-0.1700486187611422,0
tx104993,45.29,10,798.0,2,8.82,0,-0.1700548470192998,0
tx101129,47.98,17,1596.0,0,1.99,0,-0.17011472881371426,0
tx100263,34.39,14,1864.0,1,3.87,0,-0.17011485375509855,0
tx101467,12.08,19,648.0,1,5.52,0,-0.17013287618693923,0
tx100456,43.08,17,622.0,2,0.37,0,-0.17015146755988414,0
tx104436,8.79,15,1146.0,0,5.05,0,-0.1701695956598484,0
tx102732,27.95,10,297.0,2,1.15,0,-0.17018785286181404,0
tx100288,13.33,19,1352.0,0,1.6,0,-0.17021858667241918,0
tx104084,50.98,15,362.0,0,3.19,0,-0.17024729495338098,0
tx102227,27.72,9,122.0,1,4.51,0,-0.17026631946811632,0
tx100637,17.12,12,1680.0,0,4.3,0,-0.170271804143927,0
tx104289,12.77,13,182.0,1,0.65,0,-0.17027485635626416,0
tx100258,48.53,11,796.0,2,7.71,0,-0.17037519853177396,0
tx101907,32.14,10,1619.0,2,2.7,0,-0.1703764086116787,0
tx103576,25.64,6,1563.0,1,1.77,0,-0.17039909405914527,0
tx104149,43.35,9,174.0,1,5.86,0,-0.1704023859747968,0
tx101082,27.11,20,751.0,0,2.13,0,-0.17042801325306078,0
tx103376,19.84,16,1423.0,0,9.68,0,-0.17043244372221805,0
tx104160,35.59,20,1286.0,0,0.94,0,-0.17043781843051542,0
tx103550,23.45,18,377.0,1,0.1,0,-0.1704688643825895,0
tx103757,43.99,16,1535.0,0,0.03,0,-0.17048505762018878,0
tx104925,28.16,18,1699.0,1,6.57,0,-0.17049054441420614,0
tx102356,20.29,14,1618.0,0,7.27,0,-0.17049323307187642,0
tx100858,15.76,17,512.0,0,0.49,0,-0.17052276797334026,0
tx104535,19.28,8,981.0,0,6.21,0,-0.17053243857280936,0
tx100717,20.25,12,312.0,0,0.64,0,-0.17054396916465692,0
tx100065,30.06,20,1070.0,0,0.35,0,-0.17055837857098993,0
tx103312,22.44,20,1325.0,0,1.38,0,-0.17057861851762834,0
tx100378,56.11,13,922.0,0,0.13,0,-0.1706005871894128,0
tx103107,27.07,19,1232.0,1,8.83,0,-0.17060463583237306,0
tx100076,45.65,8,709.0,0,1.01,0,-0.1706091370770399,0
tx102689,41.72,15,447.0,0,9.2,0,-0.170629905751283,0
tx100775,61.25,13,624.0,0,0.69,0,-0.17065192311121752,0
tx103180,26.74,15,1448.0,2,0.01,0,-0.17067551386992524,0
tx103613,41.18,11,1406.0,2,0.13,0,-0.17068033488527307,0
tx102965,27.58,21,1228.0,1,0.98,0,-0.17070256550669183,0
tx102443,30.71,18,722.0,0,0.08,0,-0.17071911651048083,0
tx102990,11.55,10,245.0,1,3.97,0,-0.17071914109455227,0
tx102556,26.06,20,1305.0,0,1.23,0,-0.17074007673463298,0
tx103582,49.15,9,1320.0,0,6.43,0,-0.17075086000433448,0
tx100423,18.62,12,455.0,0,9.06,0,-0.1707570636885466,0
tx104426,51.58,20,1135.0,1,1.67,0,-0.17078255378118484,0
tx101170,35.66,8,1688.0,1,4.97,0,-0.17080946997968222,0
tx100113,16.24,17,408.0,0,1.33,0,-0.1708181842326753,0
tx101054,25.13,20,932.0,0,0.34,0,-0.1708190598753726,0
tx100075,36.29,8,439.0,0,1.72,0,-0.17082345631910623,0
tx102589,7.99,12,405.0,1,5.46,0,-0.17082619790814685,0
tx100588,14.2,17,1715.0,1,2.86,0,-0.17083965129074702,0
tx102815,32.41,19,729.0,2,4.89,0,-0.17086111518541408,0
tx101097,30.62,20,1605.0,1,1.99,0,-0.17086668976318947,0
tx104258,14.7,16,566.0,2,0.28,0,-0.1708684688736936,0
tx101437,23.8,19,290.0,1,2.17,0,-0.1708698364168474,0
tx103022,28.58,18,239.0,1,2.82,0,-0.17087644143022218,0
tx101182,38.17,15,354.0,0,0.18,0,-0.1708968689279159,0
tx100333,43.8,12,1492.0,2,0.73,0,-0.17091363369326817,0
tx101664,10.94,11,407.0,0,3.26,0,-0.17091663744702384,0
tx100502,16.29,8,1497.0,0,2.26,0,-0.17093034615576375,0
tx104310,20.42,13,1662.0,2,2.53,0,-0.17095056027468014,0
tx101604,37.0,11,213.0,1,8.58,0,-0.17095235110710788,0
tx101709,72.33,11,1188.0,1,4.19,0,-0.170980185057663,0
tx100253,36.52,17,1557.0,1,10.41,0,-0.17099189824371114,0
tx104498,35.46,14,244.0,0,0.67,0,-0.17099354853944337,0
tx104252,13.72,13,1822.0,1,2.27,0,-0.1710013110571017,0
tx102768,41.76,19,846.0,2,4.17,0,-0.17104295387837287,0
tx103261,21.45,19,1444.0,0,0.14,0,-0.17104935059767024,0
tx103286,25.86,17,1511.0,2,6.11,0,-0.1710855993586124,0
tx102928,18.41,9,191.0,1,1.08,0,-0.1710906928364161,0
tx103678,18.27,12,1016.0,1,12.23,0,-0.17110125384799685,0
tx101421,44.74,18,430.0,0,2.25,0,-0.17110857619337472,0
tx104225,12.58,9,1667.0,1,3.51,0,-0.1711302831468552,0
tx101118,18.17,16,893.0,2,10.01,0,-0.17113732876129173,0
tx103482,34.54,8,1590.0,0,1.54,0,-0.17114940867588052,0
tx102711,12.43,12,1157.0,0,0.15,0,-0.17116573463320128,0
tx103299,15.75,16,444.0,2,2.0,0,-0.17117572334904674,0
tx101758,38.18,19,1569.0,0,3.58,0,-0.17118463664685107,0
tx102332,24.64,19,1526.0,0,0.13,0,-0.17119671588669994,0
tx101952,18.83,18,928.0,2,6.26,0,-0.17124104713838018,0
tx103368,60.23,15,1227.0,0,3.19,0,-0.17124208671187297,0
tx102163,22.91,11,1859.0,1,2.78,0,-0.17129320403957699,0
tx101720,19.76,12,1450.0,0,8.93,0,-0.1713302494291964,0
tx102038,10.34,17,460.0,1,4.86,0,-0.17134984481969495,0
tx103657,24.02,15,1817.0,1,0.25,0,-0.17135458985938562,0
tx104323,21.34,12,1618.0,0,0.2,0,-0.1713692980971821,0
tx101944,20.7,18,1185.0,2,1.01,0,-0.1713728195278849,0
tx100710,34.95,16,872.0,0,10.82,0,-0.17139468665827107,0
tx103334,36.66,21,602.0,1,4.38,0,-0.17140343374389233,0
tx101473,49.14,8,997.0,0,4.7,0,-0.1714034747938893,0
tx101481,16.25,20,1394.0,1,3.61,0,-0.17142278728828186,0
tx104571,37.74,13,1748.0,0,2.98,0,-0.17145265702096496,0
tx103558,53.59,17,416.0,0,2.22,0,-0.17146166998364631,0
tx100869,11.77,18,482.0,1,0.84,0,-0.17147411680719282,0
tx103808,18.3,9,388.0,2,1.06,0,-0.17159157702269173,0
tx101993,25.75,18,1450.0,2,4.81,0,-0.1715997996298279,0
tx102794,69.76,11,506.0,1,2.06,0,-0.17163254340303885,0
tx103995,25.31,17,847.0,1,11.2,0,-0.17163480641040124,0
tx101449,13.13,19,1045.0,0,1.86,0,-0.17164154560563816,0
tx101356,27.93,16,386.0,2,0.61,0,-0.17164195154181527,0
tx101974,30.56,9,1781.0,1,1.87,0,-0.17165216675232714,0
tx104523,17.43,10,1624.0,0,4.66,0,-0.17165235573420773,0
tx100130,10.57,18,730.0,1,0.59,0,-0.17166660534982497,0
tx103412,41.17,19,1451.0,0,2.34,0,-0.17167012505745066,0
tx104916,45.91,9,1736.0,1,3.57,0,-0.1716758199130271,0
tx101332,39.17,17,617.0,2,0.37,0,-0.17169493171992845,0
tx100061,34.82,17,1759.0,0,1.61,0,-0.17174315856876493,0
tx103351,20.0,11,519.0,2,9.46,0,-0.17176399912733947,0
tx103073,30.23,10,1719.0,1,0.24,0,-0.17181296453443046,0
tx100642,46.99,9,1368.0,2,4.08,0,-0.1718158909929024,0
tx103584,68.63,9,880.0,1,1.75,0,-0.17184178079157486,0
tx100278,14.47,14,1570.0,2,2.21,0,-0.17184261287340685,0
tx101827,31.09,13,1751.0,0,4.79,0,-0.17184264264801447,0
tx103468,36.27,14,228.0,1,8.26,0,-0.17184865048922465,0
tx100474,46.32,13,296.0,2,3.14,0,-0.1718520542346419,0
tx103579,9.81,16,663.0,1,0.19,0,-0.17186144117981594,0
tx103595,23.45,8,1365.0,2,5.69,0,-0.17186286436257975,0
tx103156,44.02,19,1463.0,0,3.38,0,-0.17191236631709528,0
tx104443,30.31,12,1560.0,2,0.13,0,-0.17192784362819563,0
tx100129,35.24,15,808.0,0,10.81,0,-0.1719284174781412,0
tx102561,39.39,6,1211.0,1,1.96,0,-0.17193645078822284,0
tx103397,18.19,19,633.0,0,0.95,0,-0.17197402379591292,0
tx103767,39.28,13,1721.0,0,2.32,0,-0.17198667859345684,0
tx104431,60.1,14,859.0,0,0.93,0,-0.17199900267816626,0
tx102970,24.12,19,1597.0,0,2.6,0,-0.17206531928770857,0
tx100675,13.33,12,146.0,1,1.74,0,-0.17212056497815664,0
tx103293,29.78,11,556.0,0,10.19,0,-0.17213065836920982,0
tx103665,25.59,19,746.0,0,0.26,0,-0.17214095647503752,0
tx101640,32.8,20,784.0,0,2.61,0,-0.17214179900528997,0
tx101324,43.17,16,331.0,0,5.58,0,-0.17214711271900934,0
tx102450,25.47,9,1568.0,0,7.12,0,-0.17215147455922852,0
tx102655,20.24,11,476.0,1,11.9,0,-0.17215476798587953,0
tx103167,34.14,17,358.0,0,5.64,0,-0.17216292012057094,0
tx102712,26.36,8,401.0,2,3.18,0,-0.17217565223641584,0
tx103254,43.82,11,382.0,2,7.35,0,-0.17217762330785158,0
tx103654,14.37,10,990.0,0,0.2,0,-0.17221091889763324,0
tx102297,16.36,8,1011.0,0,5.75,0,-0.17221144629687757,0
tx104151,29.94,17,1725.0,1,0.21,0,-0.17222479088297554,0
tx102096,37.7,10,1598.0,0,0.82,0,-0.17225114594461738,0
tx103502,22.99,18,706.0,0,7.99,0,-0.1722613865664926,0
tx100037,29.03,20,1207.0,0,2.23,0,-0.17227638941210932,0
tx101287,13.88,15,485.0,1,10.47,0,-0.1722832748311816,0
tx104814,26.94,12,1529.0,0,7.66,0,-0.17231393875861567,0
tx100628,40.09,20,1275.0,1,5.28,0,-0.1723548804947287,0
tx101422,66.8,16,811.0,1,1.3,0,-0.17238415124280315,0
tx100527,26.14,18,1543.0,1,8.74,0,-0.1724026371495574,0
tx103092,21.09,18,1622.0,0,2.88,0,-0.172407393542104,0
tx103599,15.73,20,722.0,1,1.89,0,-0.17240837670703663,0
tx102437,46.92,16,1069.0,0,9.39,0,-0.17241771997940525,0
tx100158,27.08,13,1749.0,0,1.11,0,-0.17242605455966364,0
tx102039,30.81,13,558.0,0,9.86,0,-0.17244751752341392,0
tx100339,17.19,11,299.0,1,0.09,0,-0.17247394357415496,0
tx101098,43.92,8,986.0,0,5.5,0,-0.1725059206176483,0
tx103655,31.67,12,623.0,2,0.04,0,-0.17251667475081361,0
tx101057,56.5,16,1017.0,2,4.14,0,-0.17252269341450677,0
tx102885,13.52,7,917.0,1,1.47,0,-0.17256957732760353,0
tx101207,34.49,21,1473.0,1,1.69,0,-0.1725737394058896,0
tx101883,12.77,9,497.0,0,4.27,0,-0.17260350064817287,0
tx104216,33.47,17,1541.0,2,0.44,0,-0.17260999001889665,0
tx104050,43.07,11,1323.0,2,0.08,0,-0.17261037799854478,0
tx104420,47.77,8,1127.0,0,4.37,0,-0.17264881036144492,0
tx100395,32.08,20,1227.0,0,1.34,0,-0.17265585297982766,0
tx101238,24.21,19,521.0,0,0.74,0,-0.17266360808465864,0
tx100048,41.6,19,1507.0,0,2.05,0,-0.17268406718690205,0
tx101965,18.69,17,1538.0,0,0.12,0,-0.1726886163837788,0
tx104862,28.39,8,796.0,2,0.27,0,-0.17270273308269485,0
tx103164,23.66,16,1487.0,0,9.81,0,-0.1727211791874914,0
tx101849,19.21,9,471.0,0,0.6,0,-0.1727289907728048,0
tx101231,20.65,17,362.0,1,9.06,0,-0.17274610224566483,0
tx101684,14.32,19,560.0,1,1.48,0,-0.17276642841594997,0
tx100981,21.81,13,1771.0,0,4.08,0,-0.17279443542099232,0
tx104966,24.94,14,252.0,0,5.89,0,-0.17281018853158792,0
tx101264,25.94,6,796.0,1,3.04,0,-0.1728378276831125,0
tx101501,25.65,18,1794.0,1,3.31,0,-0.17285290530975017,0
tx101014,13.46,19,980.0,0,2.44,0,-0.1728682394490229,0
tx104370,18.44,18,514.0,1,8.09,0,-0.17289004311048467,0
tx100491,11.23,9,964.0,2,5.13,0,-0.17291269943069565,0
tx101738,45.93,20,518.0,1,2.76,0,-0.17293479888504149,0
tx104235,17.71,8,1673.0,1,4.07,0,-0.17293550644352235,0
tx103359,26.82,20,448.0,1,1.26,0,-0.17294439826941216,0
tx102582,19.81,8,574.0,0,3.74,0,-0.17295033555961742,0
tx103452,10.13,9,853.0,1,0.27,0,-0.17296470572240047,0
tx102590,9.99,8,1033.0,1,2.39,0,-0.17298051442333212,0
tx103781,22.38,15,1296.0,2,9.39,0,-0.17301919575153574,0
tx102423,26.58,10,552.0,2,9.33,0,-0.17302254234911335,0
tx100630,18.56,19,1447.0,0,1.3,0,-0.1730531266889639,0
tx104200,11.47,9,1429.0,0,2.77,0,-0.17306983455772773,0
tx102160,6.43,12,529.0,1,0.69,0,-0.1731027131411057,0
tx100680,13.96,8,1174.0,0,1.41,0,-0.17311480803364782,0
tx100471,22.68,17,1648.0,0,4.43,0,-0.17311500946528707,0
tx104813,23.79,20,1218.0,0,2.93,0,-0.17312593629104978,0
tx104434,45.33,12,1041.0,0,9.04,0,-0.173129624887508,0
tx104304,27.9,20,735.0,1,7.24,0,-0.17313304888778175,0
tx102581,61.77,15,635.0,0,3.24,0,-0.17314213563106606,0
tx102715,29.08,6,1234.0,1,1.77,0,-0.17319333516961877,0
tx102669,28.24,10,1784.0,1,1.05,0,-0.17320906242967166,0
tx100640,40.24,18,1316.0,1,9.39,0,-0.17321462074538457,0
tx104421,17.28,17,414.0,0,0.86,0,-0.17322402358370576,0
tx104766,16.57,13,363.0,0,1.12,0,-0.17322654371431628,0
tx103163,35.19,9,294.0,1,0.03,0,-0.1732729545254436,0
tx102660,16.55,8,594.0,2,4.63,0,-0.17327518628239746,0
tx103982,56.23,15,1358.0,0,4.49,0,-0.1732893866612083,0
tx100829,20.3,21,825.0,1,2.78,0,-0.17329231040182347,0
tx100205,33.24,12,136.0,1,1.02,0,-0.17329279955688354,0
tx104010,26.35,11,1599.0,0,0.19,0,-0.17330600476988567,0
tx104023,22.05,8,1462.0,0,6.28,0,-0.17330706336989404,0
tx102055,10.32,10,720.0,1,9.22,0,-0.1733227308815427,0
tx104307,33.65,13,310.0,0,0.44,0,-0.17332597021756896,0
tx102911,35.64,19,1647.0,1,2.6,0,-0.1733326080152709,0
tx102977,19.31,14,1464.0,0,8.91,0,-0.173359471978405,0
tx101383,26.0,18,368.0,1,9.07,0,-0.17335957142546732,0
tx103870,29.35,11,534.0,2,9.38,0,-0.1733655719587971,0
tx103031,24.72,17,1255.0,2,6.03,0,-0.1733712298279778,0
tx104717,30.11,13,646.0,1,12.87,0,-0.17339047525726625,0
tx102235,13.21,9,1483.0,0,2.99,0,-0.17339338489924466,0
tx100539,31.2,14,120.0,1,3.5,0,-0.1734103803906395,0
tx104076,46.9,15,1589.0,0,5.62,0,-0.17348471804250115,0
tx101113,50.04,11,1762.0,1,2.93,0,-0.17351121204884407,0
tx100137,38.32,18,1592.0,1,0.23,0,-0.1735139549747619,0
tx104564,20.07,17,1284.0,2,0.82,0,-0.17353018478908522,0
tx103304,11.1,17,679.0,1,0.26,0,-0.17353863967299205,0
tx101364,18.32,8,1198.0,2,1.17,0,-0.17354959723747743,0
tx100356,36.68,20,1569.0,1,1.09,0,-0.17355668607008795,0
tx102421,37.94,14,429.0,0,8.33,0,-0.1735575875289464,0
tx104740,23.27,20,884.0,0,4.33,0,-0.17356072923434968,0
tx104411,30.63,21,801.0,1,3.54,0,-0.17356156609258494,0
tx101137,14.94,8,874.0,2,2.18,0,-0.17359220495198707,0
tx102986,19.53,12,452.0,2,7.39,0,-0.17362487663593995,0
tx104444,66.81,10,1180.0,1,1.69,0,-0.17364475108239558,0
tx100078,23.98,16,1846.0,1,2.35,0,-0.17372226715446898,0
tx101855,60.45,14,960.0,0,3.28,0,-0.17374840425750893,0
tx101171,14.09,10,1497.0,0,1.04,0,-0.1737574218029811,0
tx103589,37.59,17,1506.0,2,1.64,0,-0.17376141377025067,0
tx104545,36.96,17,1672.0,0,1.94,0,-0.17376196360041074,0
tx102136,50.37,19,565.0,1,6.13,0,-0.17378255481622112,0
tx100915,27.31,8,574.0,1,10.31,0,-0.1737840028524988,0
tx104718,22.59,7,1449.0,1,5.55,0,-0.17379967878204333,0
tx100063,14.73,15,1453.0,0,7.54,0,-0.17380427048000774,0
tx103986,23.09,10,414.0,0,0.02,0,-0.17381642379778978,0
tx104811,25.63,11,1235.0,2,9.68,0,-0.17382619050064757,0
tx104219,19.1,14,1111.0,2,9.37,0,-0.17385519229829371,0
tx104422,27.34,19,356.0,1,0.63,0,-0.17386499947871759,0
tx102948,24.55,16,1336.0,2,8.36,0,-0.1738704043668774,0
tx101504,31.95,19,1673.0,1,3.18,0,-0.17387166063166948,0
tx102891,16.2,17,956.0,0,6.44,0,-0.17390527599798888,0
tx104796,20.73,17,841.0,2,0.22,0,-0.1739058861290489,0
tx100486,34.44,9,144.0,1,1.45,0,-0.17393475352515303,0
tx101333,10.71,11,1472.0,0,3.69,0,-0.17394611861497755,0
tx100995,21.4,21,1178.0,1,2.1,0,-0.17395260026215142,0
tx101911,35.43,8,675.0,0,5.3,0,-0.17398019364819417,0
tx100900,39.08,10,1560.0,2,1.67,0,-0.1739912992947779,0
tx103951,46.02,16,421.0,0,6.0,0,-0.1740132082648423,0
tx103894,11.36,11,1219.0,2,1.17,0,-0.1740227012744171,0
tx101206,51.92,14,1250.0,1,10.13,0,-0.17405381543480264,0
tx100530,19.97,16,186.0,1,1.53,0,-0.17406093616172058,0
tx100323,33.8,9,1768.0,1,1.21,0,-0.17409678254262123,0
tx102975,30.0,19,489.0,1,9.12,0,-0.17410788091239482,0
tx103932,22.71,7,397.0,1,4.66,0,-0.17414982014463803,0
tx100308,30.92,13,1725.0,0,4.02,0,-0.1741516062219824,0
tx104292,37.12,17,1643.0,0,2.83,0,-0.17418191462750304,0
tx101191,31.27,12,263.0,1,9.74,0,-0.17418286769608615,0
tx103333,40.58,12,482.0,2,0.29,0,-0.17418482276146058,0
tx101279,42.91,9,757.0,0,7.56,0,-0.17418675821116736,0
tx103099,29.5,11,1352.0,0,9.62,0,-0.17423536036784742,0
tx104872,34.58,16,1636.0,0,6.1,0,-0.17427092292494595,0
tx101442,48.83,8,463.0,1,6.95,0,-0.17427697989513607,0
tx102169,25.03,6,744.0,1,4.02,0,-0.17428136337398936,0
tx101439,50.52,8,1183.0,0,4.26,0,-0.17429961464850113,0
tx101971,29.02,16,493.0,2,0.54,0,-0.17431515540884168,0
tx102316,57.84,17,1129.0,0,3.5,0,-0.17432654678818332,0
tx102850,12.42,15,1269.0,2,5.62,0,-0.1743380334478305,0
tx103939,20.1,10,1575.0,0,0.64,0,-0.17434089557256516,0
tx104963,43.34,19,423.0,1,5.84,0,-0.17435255102103142,0
tx104787,20.32,7,1365.0,1,1.39,0,-0.17436044353294194,0
tx101123,29.87,11,1458.0,1,11.28,0,-0.1743958370833985,0
tx102555,28.18,21,860.0,1,5.46,0,-0.17440193022676043,0
tx103743,59.93,10,1497.0,1,4.1,0,-0.17441603277439482,0
tx102751,42.71,12,1789.0,1,1.27,0,-0.17443732710159232,0
tx100754,15.47,10,1435.0,2,5.11,0,-0.1744389502242361,0
tx103977,56.19,12,507.0,1,9.71,0,-0.1744789143199535,0
tx102000,17.48,17,291.0,1,0.68,0,-0.17450393724458596,0
tx104770,26.92,10,1521.0,2,5.0,0,-0.17454010770685013,0
tx103914,8.21,10,429.0,1,2.21,0,-0.1745701249453333,0
tx100280,33.58,8,244.0,1,3.51,0,-0.17458236296340357,0
tx103586,15.55,19,1136.0,0,1.72,0,-0.17460928558319094,0
tx102969,8.24,15,1254.0,0,3.02,0,-0.17466381881045623,0
tx103571,24.73,16,429.0,2,0.93,0,-0.17467454562696116,0
tx102395,11.15,10,982.0,0,4.27,0,-0.17470572886562935,0
tx104001,41.78,16,236.0,1,0.68,0,-0.17471612792571334,0
tx100724,12.41,17,652.0,0,2.17,0,-0.1747229407282873,0
tx102108,32.7,16,234.0,1,0.31,0,-0.17472606595037826,0
tx101020,42.71,17,451.0,0,0.72,0,-0.17475151210695616,0
tx100597,37.87,19,1204.0,0,1.15,0,-0.17476580101654604,0
tx103638,12.98,19,929.0,1,6.09,0,-0.17478047186401813,0
tx104308,37.12,9,145.0,1,3.28,0,-0.1747937282116066,0
tx100161,34.92,8,993.0,0,0.45,0,-0.1747974352507098,0
tx103341,53.33,12,1365.0,0,1.26,0,-0.17480992936016537,0
tx102390,60.3,9,1419.0,1,1.48,0,-0.17481021872804203,0
tx101854,57.26,14,1528.0,1,6.28,0,-0.17482148624972443,0
tx103457,34.51,8,556.0,0,2.85,0,-0.1748832335677497,0
tx102757,17.79,18,885.0,2,1.65,0,-0.17488995503281463,0
tx102107,34.32,10,272.0,0,2.27,0,-0.17491006731043462,0
tx103142,40.91,18,1680.0,1,4.09,0,-0.17492491858601505,0
tx104277,18.79,20,687.0,1,2.21,0,-0.1749250075065571,0
tx101007,27.6,11,1676.0,0,5.16,0,-0.17494725367763542,0
tx100441,39.41,12,428.0,1,10.87,0,-0.17495135846324933,0
tx102447,36.17,13,1693.0,0,3.68,0,-0.17495520231096956,0
tx104742,19.55,8,691.0,1,9.26,0,-0.1749999468911202,0
tx104616,24.55,17,1515.0,2,2.31,0,-0.17500237871387953,0
tx103957,25.99,21,1160.0,1,5.83,0,-0.17504092608849647,0
tx102161,40.75,14,299.0,0,1.37,0,-0.1750430841802217,0
tx103753,15.62,11,943.0,2,0.17,0,-0.17504388414565358,0
tx102384,68.49,16,721.0,1,5.35,0,-0.17506822360115015,0
tx102638,15.38,10,1349.0,0,6.55,0,-0.1750841568317434,0
tx100855,27.31,15,1086.0,2,0.03,0,-0.17509778985517788,0
tx100167,13.04,11,179.0,1,1.63,0,-0.17512700530316183,0
tx102772,47.54,17,828.0,2,5.25,0,-0.1751470517251948,0
tx103635,31.83,20,1136.0,0,2.49,0,-0.17519868685975215,0
tx100916,13.81,9,295.0,1,4.89,0,-0.17522796252757689,0
tx102170,53.13,16,876.0,0,7.81,0,-0.17525920860281768,0
tx101712,52.55,18,1542.0,1,5.01,0,-0.17526864965779848,0
tx103759,65.34,13,1202.0,1,6.3,0,-0.17528304674977352,0
tx102991,37.29,21,1081.0,1,3.56,0,-0.175286417011484,0
tx102905,44.89,18,1178.0,0,5.72,0,-0.1752886468537863,0
tx102858,37.83,15,1719.0,0,2.57,0,-0.17532634353561205,0
tx103435,32.27,19,994.0,0,7.01,0,-0.17536828463813464,0
tx104764,49.59,12,1567.0,0,3.86,0,-0.17537755134649557,0
tx100647,40.02,17,1147.0,0,0.05,0,-0.1753913581806567,0
tx103499,36.46,17,1771.0,1,5.9,0,-0.17540133147686182,0
tx104002,17.01,8,919.0,0,3.03,0,-0.17542417478988187,0
tx100438,32.98,20,766.0,1,0.35,0,-0.17550610038172637,0
tx104860,33.71,20,999.0,0,0.96,0,-0.17551741682721694,0
tx104074,33.36,17,688.0,2,0.23,0,-0.17553776260719417,0
tx100412,34.02,16,976.0,2,10.13,0,-0.17554748297209405,0
tx100476,47.0,8,954.0,0,1.61,0,-0.1755526841683766,0
tx101788,31.55,14,135.0,1,2.57,0,-0.17555695698870705,0
tx103704,28.42,17,277.0,1,7.43,0,-0.17556547943022827,0
tx104731,31.21,13,1703.0,0,3.7,0,-0.17556718413762,0
tx104296,29.22,19,1263.0,1,6.99,0,-0.17558120404815974,0
tx100841,42.5,18,785.0,0,0.7,0,-0.1756016583797399,0
tx104981,23.45,8,276.0,1,1.13,0,-0.17561233128013864,0
tx100196,6.03,12,1458.0,1,4.08,0,-0.1756631433378562,0
tx101716,42.42,17,1092.0,2,0.84,0,-0.17566348519265812,0
tx102726,7.58,10,1135.0,1,1.7,0,-0.1756885073039956,0
tx101253,28.93,16,1701.0,0,0.46,0,-0.17568938154321873,0
tx101585,36.49,17,478.0,2,3.01,0,-0.17572884098144625,0
tx100297,34.49,8,1221.0,1,9.88,0,-0.17578330607968728,0
tx104155,52.75,19,671.0,1,1.57,0,-0.1757835647785732,0
tx101423,37.63,8,649.0,2,2.64,0,-0.17581250964772172,0
tx100169,22.49,18,279.0,1,4.95,0,-0.17584036562977573,0
tx104636,27.36,20,824.0,1,6.54,0,-0.175845233845824,0
tx100244,21.4,20,1443.0,1,5.29,0,-0.1758770748347278,0
tx103639,36.23,11,325.0,2,6.62,0,-0.17587871564752133,0
tx101509,35.69,17,223.0,1,2.17,0,-0.17590188704366244,0
tx100487,45.27,14,158.0,1,2.9,0,-0.1759126829828655,0
tx103487,15.01,13,630.0,2,0.54,0,-0.17592814941542634,0
tx101715,37.23,9,509.0,2,1.04,0,-0.17594897371656776,0
tx100788,24.47,9,893.0,0,8.71,0,-0.1759497867295134,0
tx103066,20.02,16,1554.0,2,0.95,0,-0.175957176871758,0
tx100586,10.56,12,1212.0,1,0.15,0,-0.17597964581968184,0
tx103700,36.08,20,948.0,0,2.05,0,-0.17599040664983367,0
tx100024,56.59,16,1300.0,0,1.9,0,-0.1759944187380706,0
tx102081,20.47,8,306.0,1,2.7,0,-0.1760014318445679,0
tx100957,54.47,8,1339.0,1,5.72,0,-0.17600167553403928,0
tx100690,42.37,13,1567.0,1,9.49,0,-0.17600906611316885,0
tx100956,14.75,12,722.0,0,8.11,0,-0.17604280174897202,0
tx104042,22.75,18,1571.0,0,0.79,0,-0.17604675426460403,0
tx103480,16.67,11,1813.0,1,1.77,0,-0.1760543583067336,0
tx104111,37.01,17,1614.0,0,1.33,0,-0.17605590485345396,0
tx100974,51.37,15,1706.0,1,1.79,0,-0.17606093868746375,0
tx104351,45.96,10,1271.0,2,2.63,0,-0.1760621853862035,0
tx103213,40.29,12,1477.0,0,0.07,0,-0.1760814417644454,0
tx101359,26.51,8,1642.0,1,0.78,0,-0.17608888038173454,0
tx104026,19.78,17,1768.0,1,3.49,0,-0.17609264663304625,0
tx102728,59.12,16,1313.0,1,0.41,0,-0.1760966476596007,0
tx103630,43.17,13,319.0,0,1.69,0,-0.17611452641264164,0
tx101195,56.32,16,1177.0,0,0.58,0,-0.176133316772924,0
tx101496,17.15,15,241.0,1,3.96,0,-0.17614277218830543,0
tx104046,25.7,12,300.0,0,4.16,0,-0.17615552982085708,0
tx101749,10.11,10,928.0,1,0.25,0,-0.17616832130018828,0
tx104100,15.73,15,604.0,2,0.68,0,-0.17624054851344578,0
tx103082,23.25,8,932.0,0,6.54,0,-0.17624489967132295,0
tx102718,21.65,12,679.0,2,9.8,0,-0.1762560515828555,0
tx103048,19.55,20,981.0,1,3.84,0,-0.1762740702742921,0
tx102670,19.38,9,427.0,0,4.33,0,-0.17627787708506448,0
tx101002,18.05,20,898.0,1,4.4,0,-0.17628795168470096,0
tx103470,22.9,15,189.0,1,0.93,0,-0.17631658939319633,0
tx101910,14.67,10,1329.0,2,3.64,0,-0.17632440581207592,0
tx101121,37.41,9,796.0,2,0.29,0,-0.17633214663948749,0
tx104282,15.75,15,236.0,1,4.84,0,-0.1763567517740548,0
tx104143,10.89,14,632.0,0,1.39,0,-0.17637182378258215,0
tx102847,19.12,17,1578.0,0,1.56,0,-0.17638442593611653,0
tx100921,28.14,8,1266.0,0,0.43,0,-0.17644026819330794,0
tx102181,31.56,8,655.0,0,1.35,0,-0.17644657714976303,0
tx104167,38.56,13,1542.0,2,5.99,0,-0.1764521705463158,0
tx100608,11.65,17,1007.0,1,7.53,0,-0.17645470417787362,0
tx102027,37.01,13,350.0,2,0.57,0,-0.1764563651769071,0
tx104067,46.71,20,955.0,1,2.29,0,-0.17646273316364108,0
tx100761,54.58,14,1382.0,1,8.95,0,-0.1764783770033687,0
tx101862,18.97,11,1535.0,0,0.23,0,-0.17648354296157182,0
tx100946,14.16,17,726.0,0,0.79,0,-0.17648570088104581,0
tx101458,27.63,14,1597.0,1,10.09,0,-0.1764965349562207,0
tx104260,22.93,8,1073.0,0,5.42,0,-0.1765053473990943,0
tx104995,33.19,20,839.0,1,0.22,0,-0.17650857419178928,0
tx103232,35.85,8,668.0,0,5.88,0,-0.17650933009000563,0
tx100949,17.44,16,1798.0,1,4.58,0,-0.1765186451992522,0
tx103542,12.4,10,865.0,2,1.61,0,-0.17653930928677863,0
tx104827,40.71,8,919.0,2,3.96,0,-0.17656062519404725,0
tx103953,34.59,12,152.0,1,0.92,0,-0.17659644231781285,0
tx104211,24.84,16,1395.0,1,10.93,0,-0.17659673541047027,0
tx102513,17.37,17,1663.0,1,1.36,0,-0.17660900501072668,0
tx101452,29.12,19,1048.0,1,8.11,0,-0.17661240984362253,0
tx104315,42.52,15,1591.0,0,5.95,0,-0.17661833072870603,0
tx104552,19.91,9,1563.0,0,1.5,0,-0.17663716524114342,0
tx103999,36.65,18,876.0,0,0.15,0,-0.1766814287740494,0
tx102740,18.24,18,1479.0,0,0.62,0,-0.1767171749360345,0
tx104757,22.4,12,510.0,0,8.51,0,-0.17673747705829007,0
tx104298,14.92,11,1413.0,2,5.78,0,-0.17674035502591612,0
tx103335,34.02,13,429.0,2,0.44,0,-0.17676282615751082,0
tx104183,35.94,13,1289.0,2,0.05,0,-0.17679562977383262,0
tx103669,15.72,15,785.0,2,0.77,0,-0.17682151916019412,0
tx101547,24.32,18,504.0,0,4.86,0,-0.1768517349046702,0
tx101852,42.47,10,1733.0,1,2.11,0,-0.1768916407335433,0
tx102288,40.1,17,562.0,2,1.32,0,-0.17689541953729582,0
tx104036,58.93,10,1401.0,1,1.6,0,-0.17689637384910212,0
tx100650,26.07,18,1480.0,0,6.36,0,-0.17692376440929725,0
tx102368,44.47,11,394.0,2,1.09,0,-0.17692407663206972,0
tx101515,47.04,17,1696.0,1,2.03,0,-0.17693551038753713,0
tx103436,28.06,9,171.0,1,6.24,0,-0.1769752312219337,0
tx104539,28.8,11,1060.0,1,12.67,0,-0.17697748634417476,0
tx104598,17.41,17,647.0,2,1.65,0,-0.17698189730006758,0
tx104871,60.77,12,1384.0,1,2.41,0,-0.17700194799095298,0
tx100533,32.84,8,672.0,0,5.72,0,-0.1770199080736407,0
tx103824,8.82,16,1413.0,1,6.33,0,-0.1770252635291094,0
tx100208,47.71,10,654.0,2,4.89,0,-0.17703495159247218,0
tx101951,29.37,19,713.0,0,2.76,0,-0.17705687642785062,0
tx104317,23.85,13,1686.0,0,3.88,0,-0.17709630561079637,0
tx100398,14.46,15,323.0,1,6.9,0,-0.17710127416202553,0
tx101283,35.79,21,842.0,1,3.11,0,-0.17716338238378504,0
tx102377,59.41,10,783.0,1,7.8,0,-0.17716511634254134,0
tx101843,46.83,8,1224.0,0,1.37,0,-0.17717760728381687,0
tx100596,18.4,9,1116.0,2,1.04,0,-0.17719429366320694,0
tx102252,51.68,8,1521.0,1,3.67,0,-0.17721315272411292,0
tx100908,29.35,9,813.0,1,10.76,0,-0.17721356739251282,0
tx101934,29.17,13,1599.0,2,1.74,0,-0.17723322987295326,0
tx103804,16.47,10,243.0,1,3.1,0,-0.17726442015778238,0
tx100982,31.83,8,992.0,0,0.88,0,-0.17727728220763778,0
tx104356,57.82,12,413.0,1,0.3,0,-0.17728736170570297,0
tx104693,46.7,12,766.0,2,0.52,0,-0.1772977740494624,0
tx102291,53.84,11,405.0,0,3.85,0,-0.17730136550757242,0
tx103837,31.24,16,295.0,0,3.76,0,-0.17730246356536045,0
tx103362,36.12,14,1790.0,1,0.71,0,-0.17733088631740773,0
tx100882,21.57,15,1722.0,0,4.46,0,-0.17734085546258294,0
tx103535,31.71,7,1273.0,1,4.1,0,-0.17735530833621865,0
tx103683,35.01,19,1282.0,0,1.2,0,-0.1773788293414204,0
tx102271,26.73,12,368.0,2,1.59,0,-0.17740006406145742,0
tx103534,39.63,19,868.0,0,1.63,0,-0.17740081626392135,0
tx102258,24.17,8,1505.0,0,2.0,0,-0.17742693541537152,0
tx104502,7.77,16,1119.0,1,1.12,0,-0.17742972671658058,0
tx101125,49.02,15,1424.0,0,5.43,0,-0.17746601702813652,0
tx103632,17.5,12,1156.0,0,0.07,0,-0.17747044618627172,0
tx102544,22.61,15,1582.0,2,4.77,0,-0.1774723116255611,0
tx101701,35.49,7,580.0,1,2.06,0,-0.177498284240924,0
tx101572,20.03,10,1587.0,0,3.78,0,-0.17750209547402862,0
tx103039,17.96,18,699.0,0,5.22,0,-0.17750942994239927,0
tx101150,27.95,17,378.0,0,1.5,0,-0.17751973865680093,0
tx103762,39.16,11,758.0,2,0.12,0,-0.1775767655449153,0
tx102700,20.05,18,503.0,0,1.99,0,-0.17757939983514143,0
tx100862,45.12,11,331.0,0,1.5,0,-0.17758311042514885,0
tx100645,27.52,17,1206.0,2,1.05,0,-0.1775973921475857,0
tx104494,12.22,16,1620.0,1,3.64,0,-0.1776452383743729,0
tx101198,39.21,12,493.0,2,0.93,0,-0.17765523887809703,0
tx103356,23.83,19,1210.0,0,5.78,0,-0.17766271237530912,0
tx103689,25.46,15,1765.0,0,3.01,0,-0.17767294416594998,0
tx103215,14.42,14,1762.0,1,3.97,0,-0.1776820845144873,0
tx104780,56.74,10,865.0,0,1.91,0,-0.1776831604114436,0
tx102773,24.24,20,468.0,1,3.65,0,-0.1776837480997192,0
tx101985,20.45,8,987.0,1,8.37,0,-0.17768642947305469,0
tx101489,38.9,15,761.0,0,9.75,0,-0.17768930510811298,0
tx104280,36.48,8,1269.0,2,2.13,0,-0.17772640089151676,0
tx102668,34.76,11,1369.0,2,7.26,0,-0.17774898616964152,0
tx104294,9.62,17,701.0,1,3.93,0,-0.17775801033265054,0
tx104313,10.05,13,956.0,0,4.08,0,-0.17779499490965833,0
tx100584,17.34,19,497.0,1,2.29,0,-0.17780999984243628,0
tx100470,30.48,11,692.0,1,12.4,0,-0.17781639596888388,0
tx101463,40.32,10,1612.0,1,0.2,0,-0.17782115029290485,0
tx103456,44.49,18,899.0,0,4.71,0,-0.17782712673757184,0
tx104031,31.26,19,1005.0,1,8.9,0,-0.17783333150389868,0
tx101650,26.04,8,416.0,1,0.17,0,-0.17785723059994474,0
tx104712,26.56,16,1816.0,1,0.57,0,-0.17788825715264733,0
tx103311,10.0,9,1472.0,1,3.21,0,-0.17789290047412654,0
tx104407,40.59,16,1276.0,2,6.18,0,-0.1779180887522131,0
tx101686,23.19,19,1599.0,1,3.87,0,-0.17793750555042342,0
tx103361,44.94,18,1127.0,0,1.95,0,-0.17799656886186788,0
tx103805,35.24,17,425.0,0,4.56,0,-0.17800519795629288,0
tx102722,19.07,17,558.0,0,5.7,0,-0.17801694697359333,0
tx104998,38.56,17,276.0,1,1.27,0,-0.17804009069856452,0
tx103925,20.14,15,1434.0,1,10.63,0,-0.1780549947196136,0
tx103750,39.72,13,410.0,2,4.71,0,-0.17806337315656368,0
tx100893,15.89,18,455.0,1,1.43,0,-0.17808797203591836,0
tx102647,19.3,16,1545.0,2,2.36,0,-0.17809833454167745,0
tx103747,47.78,11,1429.0,2,2.96,0,-0.17811298931847908,0
tx101578,39.17,19,876.0,0,3.02,0,-0.1781145815415816,0
tx103636,48.3,9,1426.0,0,2.89,0,-0.17811671279156882,0
tx102034,45.87,19,1109.0,1,6.48,0,-0.1781284739329148,0
tx100804,43.37,9,1538.0,0,1.65,0,-0.1781356850157229,0
tx103268,49.61,9,538.0,1,8.45,0,-0.17814280015518819,0
tx102173,35.67,21,1034.0,1,3.19,0,-0.17814304172514717,0
tx100448,34.66,8,1259.0,2,1.26,0,-0.17814344076618455,0
tx100206,36.39,10,685.0,0,9.29,0,-0.17814876761675424,0
tx103420,22.59,11,1487.0,2,0.59,0,-0.17815822163921002,0
tx104568,18.04,8,1424.0,0,1.63,0,-0.1781772916156672,0
tx102932,17.3,19,1529.0,1,0.97,0,-0.1781828706614797,0
tx100198,15.25,8,1600.0,1,1.3,0,-0.17819258365004215,0
tx104647,25.96,12,1809.0,1,2.29,0,-0.17823209514694316,0
tx100141,62.75,11,831.0,1,2.12,0,-0.17827265159164246,0
tx102142,30.41,20,1447.0,1,5.01,0,-0.1782811900414361,0
tx101938,12.24,8,1477.0,1,1.74,0,-0.17829838576913165,0
tx103235,24.87,15,1567.0,2,0.64,0,-0.17831250417076588,0
tx103875,40.08,18,1287.0,0,2.37,0,-0.17833565066094637,0
tx101813,17.94,19,1495.0,1,1.02,0,-0.17834116478467305,0
tx101104,19.43,10,234.0,1,5.12,0,-0.17835131211948285,0
tx100352,23.93,19,768.0,0,1.39,0,-0.17835324283699655,0
tx101059,23.48,18,740.0,2,3.64,0,-0.17841145513837403,0
tx103553,14.72,10,584.0,0,0.74,0,-0.1784481543480428,0
tx104197,46.27,15,472.0,0,4.68,0,-0.17845652643085996,0
tx101100,13.19,10,658.0,0,0.6,0,-0.1784599884828157,0
tx101808,39.01,12,435.0,2,1.13,0,-0.178461023544498,0
tx101498,25.43,8,1510.0,1,0.16,0,-0.17848269590512794,0
tx101651,17.52,17,1405.0,0,5.84,0,-0.17848447869936546,0
tx103302,22.99,19,749.0,0,2.1,0,-0.17849731415955006,0
tx103014,22.59,15,1782.0,1,0.52,0,-0.17851568488233843,0
tx101365,14.34,13,825.0,2,0.79,0,-0.17851736735739782,0
tx101225,44.56,16,900.0,2,0.33,0,-0.178527097811357,0
tx100031,39.47,20,1417.0,1,2.13,0,-0.17853179628634297,0
tx100879,22.19,8,1457.0,0,1.27,0,-0.1785781598799427,0
tx101006,28.28,13,1640.0,0,4.45,0,-0.17861349473744875,0
tx102629,22.31,10,220.0,1,6.84,0,-0.17862076155026108,0
tx104309,22.98,21,1103.0,1,4.44,0,-0.17863855613651042,0
tx104832,35.42,8,1161.0,1,9.45,0,-0.17863924691873578,0
tx103325,11.6,11,319.0,1,2.53,0,-0.1786442134235044,0
tx103969,11.08,15,1060.0,0,4.81,0,-0.1786503100103234,0
tx103473,30.26,20,1396.0,1,3.43,0,-0.1786613601153142,0
tx100251,19.61,13,1789.0,1,1.5,0,-0.17867861438211752,0
tx104117,15.27,15,713.0,2,7.4,0,-0.17867999360979975,0
tx103787,28.42,13,1622.0,0,0.6,0,-0.17873377874460145,0
tx101288,33.22,16,524.0,0,7.61,0,-0.17874285450672195,0
tx101194,35.47,19,1453.0,0,3.59,0,-0.17874568628172294,0
tx100088,49.78,17,831.0,0,2.22,0,-0.17876543199687073,0
tx102744,48.39,9,962.0,2,1.49,0,-0.17878742209001075,0
tx103258,22.99,7,895.0,1,5.03,0,-0.17880348925680184,0
tx102392,28.74,19,922.0,0,5.06,0,-0.17885600758377374,0
tx101193,29.65,9,1635.0,1,6.72,0,-0.17889335908982212,0
tx102719,50.59,11,564.0,0,0.72,0,-0.17889479122801194,0
tx100081,12.2,15,1580.0,1,6.9,0,-0.1788980125638024,0
tx102937,28.53,17,1281.0,2,4.17,0,-0.17891559944063318,0
tx102484,38.79,9,1415.0,0,6.25,0,-0.1789325729545565,0
tx102845,20.56,20,815.0,1,2.7,0,-0.17894557827399465,0
tx103147,37.2,13,1101.0,0,7.69,0,-0.17894586778397525,0
tx101674,16.27,9,681.0,2,5.59,0,-0.17896595090263728,0
tx103281,10.26,9,761.0,1,1.3,0,-0.17898827079020252,0
tx101941,21.9,9,383.0,0,4.11,0,-0.1789999747834105,0
tx100757,17.83,19,499.0,1,5.59,0,-0.1790111052377168,0
tx104615,24.79,15,235.0,1,0.9,0,-0.179055104659178,0
tx104134,13.48,18,557.0,1,4.66,0,-0.17913179868917867,0
tx103204,30.2,8,872.0,2,2.91,0,-0.17915806911098026,0
tx102371,19.86,19,1521.0,1,4.98,0,-0.17917357640726433,0
tx101396,20.42,12,624.0,0,0.16,0,-0.17917909306546875,0
tx103212,13.76,9,1069.0,2,3.01,0,-0.17918684185012168,0
tx103374,63.24,14,1114.0,1,4.0,0,-0.17924179207698698,0
tx100850,21.2,19,1475.0,0,1.45,0,-0.17925039817791344,0
tx103475,34.46,15,205.0,1,6.04,0,-0.17925332600728883,0
tx102054,30.91,17,1083.0,0,0.09,0,-0.17926627522855537,0
tx101693,28.67,19,858.0,1,7.94,0,-0.17927339119925056,0
tx103853,23.95,18,553.0,1,0.15,0,-0.17928011261947535,0
tx104949,33.2,18,1584.0,0,1.59,0,-0.17928088864363695,0
tx104241,20.4,9,556.0,0,0.76,0,-0.17929817647108753,0
tx103096,22.31,13,235.0,1,0.39,0,-0.1792986784980915,0
tx102634,24.65,19,694.0,0,2.34,0,-0.17931079675718314,0
tx104829,22.69,10,1307.0,2,0.72,0,-0.17933181508662505,0
tx100035,21.08,10,213.0,1,1.13,0,-0.17933609714707932,0
tx101048,26.98,18,874.0,2,2.5,0,-0.1793430903826569,0
tx100898,18.59,12,798.0,0,7.5,0,-0.17937753232603293,0
tx104034,49.22,12,914.0,2,2.45,0,-0.17942752606673518,0
tx103829,48.34,12,936.0,2,0.91,0,-0.17943108247016093,0
tx104980,43.45,10,1341.0,0,0.67,0,-0.17944933327976192,0
tx102131,30.77,12,829.0,0,9.43,0,-0.17947535771623657,0
tx103060,36.37,17,1209.0,2,4.98,0,-0.17948967839712332,0
tx102701,17.42,18,1173.0,0,0.59,0,-0.1795532495726267,0
tx100812,23.41,13,1795.0,1,5.17,0,-0.17962825743720479,0
tx104003,31.09,8,1123.0,0,4.65,0,-0.1796440078424164,0
tx101747,26.35,13,174.0,1,0.81,0,-0.17965239848144393,0
tx100012,60.01,10,742.0,1,0.33,0,-0.17965984135976737,0
tx100896,29.46,10,1274.0,2,6.65,0,-0.17976214988562367,0
tx102306,12.22,17,1334.0,1,0.49,0,-0.17981223795741924,0
tx101735,53.93,17,1547.0,1,1.86,0,-0.17983129592459318,0
tx102133,43.78,15,603.0,2,4.09,0,-0.1798409890237913,0
tx100310,35.6,19,573.0,1,0.72,0,-0.1798854450749242,0
tx103794,25.55,14,1564.0,2,0.99,0,-0.17991053558228343,0
tx101624,42.59,16,474.0,0,0.88,0,-0.17993058443116994,0
tx100826,38.41,14,867.0,0,0.01,0,-0.17995954205897935,0
tx100237,25.86,14,351.0,0,5.02,0,-0.17997173508841025,0
tx104903,28.72,14,223.0,1,0.83,0,-0.17999898663485725,0
tx103101,29.72,19,1117.0,0,1.81,0,-0.1800244145046455,0
tx103997,17.88,18,1503.0,0,3.98,0,-0.18003576941820676,0
tx100612,28.17,15,1407.0,2,0.54,0,-0.1800474531758593,0
tx104555,36.95,15,708.0,2,0.27,0,-0.18006126650866977,0
tx100052,23.53,10,578.0,2,0.44,0,-0.18007304984971917,0
tx101876,32.82,14,393.0,2,2.43,0,-0.1800775728711314,0
tx104578,21.11,19,769.0,1,0.32,0,-0.1800797541647005,0
tx102041,32.32,19,489.0,1,1.24,0,-0.1800798946322067,0
tx104501,25.62,8,937.0,0,1.18,0,-0.18008547992494894,0
tx103572,24.62,13,319.0,0,4.22,0,-0.18009550126295543,0
tx104104,52.81,13,495.0,1,8.42,0,-0.18010379532558696,0
tx101831,25.02,11,1719.0,1,0.38,0,-0.1801080087800428,0
tx104272,21.84,10,226.0,1,6.52,0,-0.18012463027604636,0
tx104643,54.66,15,1052.0,0,4.05,0,-0.18014817589705673,0
tx104983,53.77,14,1394.0,0,3.4,0,-0.18018023260171895,0
tx102673,31.4,18,1032.0,2,5.15,0,-0.18019487947422225,0
tx100909,21.21,19,873.0,0,4.66,0,-0.1802073189118779,0
tx102545,32.42,19,1258.0,0,2.05,0,-0.18020738296313932,0
tx104883,49.07,17,1581.0,1,3.46,0,-0.18022466858724828,0
tx103287,33.02,14,362.0,0,1.32,0,-0.18023369570311154,0
tx102790,12.5,13,1617.0,1,5.9,0,-0.18026293020817108,0
tx103721,29.72,12,159.0,1,5.43,0,-0.1802840054093206,0
tx101497,25.66,13,317.0,0,2.78,0,-0.18028829504147376,0
tx103155,57.14,18,988.0,1,2.5,0,-0.18029529547710066,0
tx100895,31.56,9,544.0,0,5.19,0,-0.18031169840855404,0
tx103971,28.32,9,388.0,0,1.63,0,-0.18031427132180539,0
tx101957,40.16,12,1777.0,1,2.76,0,-0.18033189939728195,0
tx101991,36.2,17,652.0,2,1.84,0,-0.18034233187363596,0
tx102792,36.92,10,924.0,0,7.94,0,-0.18047844173578148,0
tx101719,33.69,8,1208.0,0,5.48,0,-0.180495503465066,0
tx102111,8.73,16,1447.0,1,2.4,0,-0.18050350303948237,0
tx100087,36.29,18,983.0,2,3.49,0,-0.18052210836166172,0
tx104490,34.37,19,1375.0,0,1.81,0,-0.18054655445773488,0
tx103090,37.53,12,1100.0,2,0.22,0,-0.1805629806169599,0
tx100442,30.8,12,1558.0,2,4.03,0,-0.18056829249929696,0
tx101430,34.69,19,1109.0,0,2.71,0,-0.18057121367071716,0
tx102924,30.74,12,809.0,0,9.65,0,-0.18057595679452576,0
tx104402,40.96,17,1457.0,1,0.09,0,-0.1805923393957563,0
tx103777,19.75,13,382.0,1,7.98,0,-0.18060590543313937,0
tx100177,54.71,14,685.0,0,1.08,0,-0.18061518074662464,0
tx102887,49.79,11,1539.0,1,6.86,0,-0.18062416840103784,0
tx103023,25.73,13,478.0,2,1.25,0,-0.18062627561057631,0
tx104962,23.61,18,530.0,1,7.92,0,-0.18064608633799611,0
tx102762,32.18,14,385.0,0,1.08,0,-0.18065951244090817,0
tx102086,33.33,14,356.0,0,1.23,0,-0.18070441791439573,0
tx104870,24.06,8,1033.0,2,2.07,0,-0.18070784202073537,0
tx100393,26.71,9,1162.0,2,0.42,0,-0.18074592861177052,0
tx103118,57.24,13,1480.0,1,1.17,0,-0.18075633162436433,0
tx100941,11.88,13,1500.0,0,1.39,0,-0.18078147220203145,0
tx102737,35.52,12,1415.0,2,6.67,0,-0.18083530852675056,0
tx103166,20.79,9,1308.0,0,5.76,0,-0.18084151156994072,0
tx102401,21.15,9,519.0,2,2.92,0,-0.18084758873929913,0
tx101152,15.43,12,437.0,0,2.71,0,-0.1808685534643315,0
tx101061,13.11,17,1051.0,0,2.45,0,-0.18089607603563723,0
tx104039,35.97,11,769.0,2,7.68,0,-0.1808983246350765,0
tx101275,41.8,19,1228.0,1,1.63,0,-0.18090267593101045,0
tx102592,27.27,12,1777.0,1,1.23,0,-0.18090570446509974,0
tx103974,19.58,13,1553.0,2,3.29,0,-0.18091606344238453,0
tx100526,18.65,19,808.0,1,1.47,0,-0.18094788376830717,0
tx102143,13.54,15,1241.0,2,3.65,0,-0.18099752791691165,0
tx104446,36.07,8,993.0,0,3.87,0,-0.18100200304620712,0
tx101120,41.84,13,249.0,1,3.77,0,-0.18100488301726048,0
tx104021,33.02,12,1713.0,1,6.91,0,-0.1810197298017993,0
tx102774,53.95,14,1428.0,0,3.21,0,-0.18104014739882518,0
tx100722,36.67,10,1508.0,0,0.7,0,-0.18104744454429833,0
tx103394,37.16,13,471.0,2,5.17,0,-0.181052398797445,0
tx101450,9.39,10,1237.0,1,5.14,0,-0.18106185985551349,0
tx102219,16.11,12,1264.0,1,8.32,0,-0.18106471785890188,0
tx100587,34.95,9,1407.0,2,3.57,0,-0.1810702906356425,0
tx101178,41.49,14,1455.0,2,5.71,0,-0.18107067025406454,0
tx100209,38.02,18,1428.0,0,4.4,0,-0.18111078811139236,0
tx101823,24.52,16,1166.0,2,6.62,0,-0.1811346384630136,0
tx102998,38.81,17,578.0,0,1.51,0,-0.1812483612022061,0
tx104299,37.15,20,1119.0,1,2.6,0,-0.1812696302563347,0
tx103950,33.82,19,1511.0,0,4.39,0,-0.18127228551925706,0
tx100876,46.69,15,1537.0,0,1.19,0,-0.18128797960832027,0
tx102688,25.3,19,1563.0,1,1.47,0,-0.18131149054429585,0
tx103426,31.21,14,1800.0,1,4.15,0,-0.18132566590798882,0
tx101385,43.37,15,452.0,0,1.54,0,-0.18134316888858187,0
tx101626,21.2,15,1701.0,0,3.09,0,-0.18134900176783025,0
tx100745,19.05,9,1602.0,1,0.8,0,-0.18139293878780555,0
tx102178,27.65,9,1436.0,0,6.54,0,-0.1813965085151289,0
tx103500,11.1,14,1425.0,0,2.47,0,-0.1813995689884788,0
tx100385,11.7,13,885.0,1,0.07,0,-0.18141408865964886,0
tx103593,51.68,13,1006.0,1,9.06,0,-0.18141487905154852,0
tx100136,15.7,12,1670.0,1,2.47,0,-0.18142767964513223,0
tx103392,23.67,8,320.0,1,2.32,0,-0.1814392512912223,0
tx103105,33.76,16,1778.0,1,0.65,0,-0.18145122988430307,0
tx103116,31.97,18,1546.0,0,0.93,0,-0.1814653590921062,0
tx102562,30.28,8,1386.0,1,7.59,0,-0.181473169786522,0
tx103340,34.97,19,1011.0,0,0.87,0,-0.18148484752413802,0
tx100387,25.08,18,1479.0,1,0.21,0,-0.18148489144348112,0
tx103771,16.12,14,1594.0,0,2.53,0,-0.18148847308492783,0
tx103280,17.97,10,895.0,2,5.36,0,-0.18149861353304575,0
tx102656,27.11,13,944.0,0,9.21,0,-0.18156744469532093,0
tx100337,24.92,11,1144.0,0,0.05,0,-0.1816060012848158,0
tx104222,47.91,13,1656.0,1,1.18,0,-0.181661778140571,0
tx103176,28.3,15,381.0,0,3.97,0,-0.1816958077146229,0
tx104483,17.82,12,1740.0,1,3.6,0,-0.18170236889943353,0
tx104563,29.27,17,1729.0,1,1.75,0,-0.1817143216826575,0
tx102524,32.53,10,401.0,1,10.22,0,-0.18171999160845098,0
tx101602,53.58,12,674.0,1,9.25,0,-0.18175438523352366,0
tx104248,27.52,13,786.0,2,0.24,0,-0.18175635808213525,0
tx101866,16.5,12,722.0,2,0.88,0,-0.1817895112882385,0
tx100276,29.56,17,1135.0,2,1.56,0,-0.18179506693017716,0
tx102318,33.85,9,887.0,2,0.84,0,-0.18182525709584713,0
tx103244,27.9,17,505.0,1,9.4,0,-0.18185348361699977,0
tx101114,36.41,19,1081.0,0,3.18,0,-0.18187566912118291,0
tx100964,28.84,18,611.0,0,1.93,0,-0.18189235955091976,0
tx103660,17.96,17,1195.0,0,5.53,0,-0.181895728531764,0
tx100353,25.76,15,616.0,2,1.4,0,-0.18196224287996698,0
tx103947,26.76,19,1402.0,0,1.8,0,-0.18199420692551505,0
tx100564,28.48,16,1661.0,0,2.59,0,-0.1820633843509733,0
tx102378,19.96,12,1175.0,0,7.05,0,-0.1820683258003734,0
tx101783,42.45,10,1412.0,0,2.64,0,-0.18207542390593018,0
tx100139,35.57,16,1450.0,0,0.1,0,-0.18207745368347156,0
tx100174,25.26,18,715.0,0,0.58,0,-0.1820885866187275,0
tx104286,48.69,14,1664.0,1,1.7,0,-0.18208925219188915,0
tx103437,23.93,8,1234.0,0,0.95,0,-0.18210187354308693,0
tx103252,47.76,15,778.0,0,0.69,0,-0.1821095353578452,0
tx100053,21.31,16,1403.0,2,1.49,0,-0.18215515263503224,0
tx104178,27.03,13,792.0,1,11.05,0,-0.18218609824777027,0
tx101663,14.63,15,634.0,1,9.25,0,-0.18218940868997946,0
tx104741,32.16,20,1084.0,1,1.78,0,-0.18219286309264104,0
tx100245,31.01,14,1139.0,0,7.67,0,-0.18223525161134896,0
tx100756,47.63,13,1094.0,0,5.38,0,-0.18224054473661955,0
tx102364,31.25,18,954.0,2,3.99,0,-0.18225951791951023,0
tx100338,25.7,13,1258.0,2,7.0,0,-0.18227459229018794,0
tx100870,30.95,14,785.0,2,7.66,0,-0.18228340987615854,0
tx100558,30.42,18,1060.0,0,0.43,0,-0.18228940334458932,0
tx104668,31.71,15,1402.0,2,0.73,0,-0.18231118695051418,0
tx101606,50.29,9,729.0,1,0.19,0,-0.1823285835336803,0
tx101870,22.91,11,643.0,0,8.11,0,-0.1823333630447928,0
tx103267,30.31,14,1273.0,0,0.01,0,-0.1823387542202175,0
tx100296,24.22,14,317.0,1,8.12,0,-0.1823535086844601,0
tx103786,41.87,16,447.0,0,1.88,0,-0.18235647541550903,0
tx101420,30.23,14,351.0,1,8.12,0,-0.1823718662681994,0
tx104357,49.54,14,909.0,0,0.37,0,-0.1824191579067378,0
tx104599,51.91,15,1582.0,1,3.14,0,-0.18242052770852352,0
tx100147,44.12,16,948.0,2,6.68,0,-0.18244436108454798,0
tx101966,25.75,13,1616.0,0,4.85,0,-0.1824596948139086,0
tx100643,52.28,11,782.0,0,4.83,0,-0.1824669887712415,0
tx102383,38.39,13,547.0,0,0.61,0,-0.18246904150473964,0
tx103992,18.13,12,646.0,2,1.02,0,-0.1824866573713967,0
tx101815,17.45,8,1551.0,1,1.16,0,-0.1825137730222236,0
tx104324,23.14,10,401.0,2,3.99,0,-0.18253066951754815,0
tx104637,61.24,10,1053.0,1,2.28,0,-0.18253248359464108,0
tx104121,27.92,16,553.0,2,1.74,0,-0.18254870589592292,0
tx100741,44.59,13,493.0,0,4.89,0,-0.18259523906798608,0
tx103543,33.18,8,1054.0,0,4.37,0,-0.18262570190060134,0
tx104804,20.75,18,1252.0,0,2.39,0,-0.18263543000235555,0
tx102448,39.37,9,773.0,0,1.53,0,-0.18264630576990204,0
tx102778,38.96,15,1483.0,2,2.63,0,-0.18265125435418922,0
tx104755,22.41,19,969.0,0,3.0,0,-0.18267665982379122,0
tx104618,59.01,13,1020.0,1,6.53,0,-0.18268822084458058,0
tx102051,22.45,17,1672.0,1,3.42,0,-0.18269697067824664,0
tx103250,46.75,16,820.0,2,5.02,0,-0.182711067260939,0
tx102735,22.58,12,751.0,0,0.17,0,-0.1827258288337374,0
tx102226,52.3,18,634.0,1,2.18,0,-0.1827495899852813,0
tx100210,37.46,15,1180.0,2,5.58,0,-0.1827516535160238,0
tx101736,22.99,11,1269.0,2,0.36,0,-0.1827961955193665,0
tx104016,22.58,15,674.0,0,0.07,0,-0.18279655005547313,0
tx101329,48.15,13,1262.0,0,0.49,0,-0.18280016112164127,0
tx102510,30.17,11,1078.0,0,0.07,0,-0.18285237177841468,0
tx102387,14.37,13,387.0,1,0.35,0,-0.1828930870911739,0
tx101500,21.06,10,852.0,2,0.61,0,-0.18289614882978222,0
tx104406,29.66,18,1507.0,0,4.33,0,-0.18293933209202423,0
tx102876,27.18,17,1467.0,0,0.52,0,-0.1829917738467669,0
tx100799,34.33,12,619.0,2,5.86,0,-0.18301764033655904,0
tx100860,23.48,15,280.0,1,0.43,0,-0.1830226574778046,0
tx104649,48.81,16,626.0,0,1.59,0,-0.18303241888122923,0
tx104063,23.17,9,1120.0,2,4.28,0,-0.18305538509375574,0
tx102011,28.89,8,1322.0,0,2.14,0,-0.18305550782805835,0
tx100905,13.93,17,1561.0,1,1.68,0,-0.18305598677918744,0
tx101920,12.8,10,696.0,0,1.51,0,-0.18306798268271807,0
tx103906,23.12,17,698.0,2,2.22,0,-0.18307624656187044,0
tx102565,17.59,12,1578.0,1,0.27,0,-0.18309632242129426,0
tx103819,17.17,9,1204.0,0,1.59,0,-0.18310134765484298,0
tx101568,35.89,12,500.0,0,0.76,0,-0.18310451183682058,0
tx102618,33.81,19,1184.0,0,3.77,0,-0.18313819841870155,0
tx100808,39.36,18,1314.0,1,6.91,0,-0.18314156037444568,0
tx104347,26.41,15,483.0,0,0.32,0,-0.18320073999311032,0
tx104107,35.31,17,1562.0,0,2.04,0,-0.18320932026046993,0
tx100366,41.24,13,798.0,2,6.36,0,-0.18321338902513962,0
tx103044,39.67,11,646.0,2,7.11,0,-0.18324933773272956,0
tx100583,24.79,18,1271.0,1,7.17,0,-0.183252554165363,0
tx103140,42.78,16,1119.0,2,2.1,0,-0.18326680002590534,0
tx101615,24.27,16,1520.0,2,3.0,0,-0.18328732790285973,0
tx100872,44.1,8,453.0,1,1.47,0,-0.18329012221748153,0
tx101809,16.36,11,275.0,1,2.16,0,-0.18334245204522553,0
tx101307,21.98,10,217.0,1,4.18,0,-0.183345605063865,0
tx104437,35.24,13,558.0,2,2.09,0,-0.18337365168522324,0
tx102602,37.86,10,580.0,0,0.75,0,-0.18338053967657936,0
tx100473,39.62,19,804.0,1,1.47,0,-0.18338055327108416,0
tx102369,18.25,13,411.0,0,1.69,0,-0.18341307386215544,0
tx101688,33.83,10,462.0,0,1.15,0,-0.18342160482458492,0
tx102497,55.72,12,1364.0,1,1.44,0,-0.18343330756979598,0
tx100099,24.89,9,474.0,0,1.4,0,-0.1834538216686844,0
tx104715,47.45,12,543.0,1,9.1,0,-0.18346097159843683,0
tx100149,37.67,14,470.0,0,0.68,0,-0.18348099637869486,0
tx103886,16.63,9,868.0,2,3.64,0,-0.18349763584619294,0
tx104559,19.95,9,572.0,0,2.39,0,-0.1835241136431764,0
tx102165,27.43,9,655.0,0,0.83,0,-0.1835261516023049,0
tx104361,26.91,15,1484.0,1,10.25,0,-0.18353204094970443,0
tx103259,43.76,19,802.0,1,4.06,0,-0.18353476735548502,0
tx102156,20.48,10,1466.0,0,1.48,0,-0.18355065998540548,0
tx103425,55.34,12,1438.0,1,5.95,0,-0.18358389142366588,0
tx102130,21.24,17,903.0,2,1.78,0,-0.18358752408992668,0
tx102365,23.47,13,977.0,0,8.43,0,-0.1836292331532548,0
tx100303,45.46,10,608.0,0,2.9,0,-0.1836628310757648,0
tx101959,19.1,17,1209.0,0,5.31,0,-0.18366722460825058,0
tx101203,29.14,12,1753.0,1,1.58,0,-0.18367851717831102,0
tx102179,49.94,11,384.0,1,0.22,0,-0.18367974451809332,0
tx101696,43.02,11,636.0,2,3.84,0,-0.18370672083989903,0
tx101589,53.56,10,1312.0,1,0.7,0,-0.18371280414787877,0
tx102829,23.71,13,495.0,2,3.38,0,-0.18371570606090237,0
tx100678,18.44,17,522.0,1,6.97,0,-0.18373225099124008,0
tx104680,14.85,12,561.0,0,3.64,0,-0.1837343996551411,0
tx103043,42.09,14,293.0,1,0.34,0,-0.18375733023046947,0
tx101360,47.67,18,1410.0,1,2.51,0,-0.18376987944349316,0
tx103021,21.98,16,342.0,0,2.93,0,-0.18379676963373348,0
tx102995,18.91,12,420.0,0,2.43,0,-0.18383636443282303,0
tx103284,35.89,17,279.0,1,3.59,0,-0.18384013835877355,0
tx101627,36.56,15,579.0,0,0.43,0,-0.18384857710547708,0
tx103956,29.61,16,841.0,2,0.33,0,-0.1838633678569878,0
tx104079,36.3,19,509.0,1,3.29,0,-0.18386962098087245,0
tx102153,21.58,11,1614.0,0,4.07,0,-0.18390068337810417,0
tx100379,15.72,14,558.0,1,0.14,0,-0.18391268124850751,0
tx100299,15.04,8,1439.0,1,5.15,0,-0.18393672143813128,0
tx102147,39.76,16,1624.0,1,0.28,0,-0.18398114028105272,0
tx102691,46.19,11,1251.0,0,0.51,0,-0.18399015310968725,0
tx101190,16.59,10,467.0,0,2.04,0,-0.18403754545255946,0
tx102397,43.74,12,254.0,1,3.14,0,-0.18404000036415175,0
tx102914,27.09,15,671.0,2,6.66,0,-0.1840741568567209,0
tx101871,51.23,15,1404.0,1,6.87,0,-0.18408021013159276,0
tx103763,24.45,11,1595.0,0,1.56,0,-0.18410375214105662,0
tx100368,21.92,10,1557.0,0,3.55,0,-0.1841143712279461,0
tx102894,34.99,9,720.0,2,5.81,0,-0.1841201330513994,0
tx103068,15.32,8,929.0,1,5.85,0,-0.18414425433398823,0
tx102228,54.04,8,1241.0,1,3.47,0,-0.1841849804889833,0
tx102888,16.13,16,538.0,0,2.58,0,-0.18418974725088066,0
tx104275,47.56,17,994.0,0,1.75,0,-0.18421695939567106,0
tx103644,56.73,11,865.0,1,7.1,0,-0.1842428931807601,0
tx102753,49.78,14,1240.0,0,2.77,0,-0.18433043054498716,0
tx102980,9.86,11,1012.0,1,1.14,0,-0.18434326805305806,0
tx100790,52.02,13,1188.0,0,3.56,0,-0.18436957846820617,0
tx102889,44.1,16,864.0,2,2.26,0,-0.18437004145411384,0
tx102978,43.79,8,671.0,1,7.04,0,-0.18437873589099968,0
tx100080,24.83,13,392.0,0,0.74,0,-0.18438833747792488,0
tx101652,17.85,11,1332.0,2,2.56,0,-0.1843944946306375,0
tx100550,20.32,8,1570.0,1,1.57,0,-0.18444572946700122,0
tx102059,21.63,12,1087.0,2,0.53,0,-0.18445445536149008,0
tx102347,12.71,15,985.0,0,4.98,0,-0.18446078361587903,0
tx100419,13.12,18,689.0,1,4.26,0,-0.18448277293029125,0
tx100824,32.61,19,1417.0,1,0.83,0,-0.18454795219390963,0
tx100300,43.86,16,988.0,1,9.55,0,-0.1845500976248124,0
tx101969,46.87,8,941.0,1,6.58,0,-0.18456170346079165,0
tx100394,44.7,17,1013.0,0,1.2,0,-0.18456898970763852,0
tx103948,36.94,18,1219.0,0,2.76,0,-0.18457154660472896,0
tx100047,14.59,14,549.0,1,0.18,0,-0.18457995096164087,0
tx103711,36.17,10,295.0,1,6.72,0,-0.18458440029984569,0
tx102750,22.9,18,824.0,0,1.87,0,-0.1845901151625408,0
tx102353,24.45,19,1487.0,1,1.46,0,-0.1845915745786763,0
tx101331,39.01,8,1509.0,1,0.9,0,-0.18459866057439833,0
tx103965,22.12,15,1604.0,1,7.46,0,-0.18460850490847452,0
tx102643,54.43,16,705.0,1,8.25,0,-0.18460999047157106,0
tx101075,26.95,18,666.0,0,4.34,0,-0.18461668572276452,0
tx102188,12.07,15,729.0,0,3.04,0,-0.18462090630242683,0
tx102704,11.89,14,1047.0,0,3.74,0,-0.18463593067593242,0
tx102866,34.82,13,505.0,2,3.35,0,-0.18466682670748302,0
tx103828,43.75,14,845.0,1,9.64,0,-0.18466742387176627,0
tx100834,15.99,15,1662.0,1,3.06,0,-0.18468847506846225,0
tx100709,18.25,16,541.0,1,8.67,0,-0.18470213696026128,0
tx100405,30.77,19,503.0,1,4.94,0,-0.18470969013568073,0
tx101566,21.88,9,1061.0,1,0.03,0,-0.18474968635820377,0
tx100677,17.8,14,424.0,0,2.5,0,-0.18475373289891667,0
tx100432,20.7,11,548.0,1,10.19,0,-0.18477315413725265,0
tx102197,47.07,9,995.0,1,8.03,0,-0.18478722803686548,0
tx103085,11.86,11,1062.0,0,2.3,0,-0.18479309416827522,0
tx102844,19.04,9,1253.0,0,1.77,0,-0.18479822419972947,0
tx100086,43.91,8,879.0,1,0.99,0,-0.18480710718019588,0
tx101260,40.66,11,486.0,0,0.75,0,-0.18482064752681726,0
tx104544,19.2,16,440.0,0,2.2,0,-0.18482315397164734,0
tx100408,41.04,12,538.0,0,0.74,0,-0.18485364279730004,0
tx104362,58.64,15,700.0,1,5.85,0,-0.18487331030146098,0
tx103959,36.67,12,519.0,0,0.79,0,-0.18492019400598753,0
tx103727,23.2,12,1233.0,2,0.48,0,-0.184934446191531,0
tx101894,22.65,18,1458.0,1,0.41,0,-0.18493582881867643,0
tx103247,26.14,15,1142.0,2,4.92,0,-0.18496963957148166,0
tx101875,23.88,19,1072.0,1,0.37,0,-0.18498401904067846,0
tx102933,18.5,9,1135.0,0,1.63,0,-0.18498510287976516,0
tx102399,15.13,12,1606.0,1,1.42,0,-0.18499252481788137,0
tx103277,30.43,13,757.0,2,0.84,0,-0.1850083603272979,0
tx101241,27.34,18,1231.0,0,2.76,0,-0.18501431404314528,0
tx102446,40.85,17,835.0,0,1.6,0,-0.18501605762142004,0
tx102649,31.0,19,1028.0,1,0.51,0,-0.18503215453671423,0
tx101161,19.71,16,456.0,0,2.3,0,-0.18507690511426206,0
tx100783,24.33,15,1626.0,0,3.06,0,-0.18507745413659354,0
tx103633,21.11,15,411.0,1,8.29,0,-0.18512360697412383,0
tx103854,34.92,14,1564.0,0,5.27,0,-0.1851253390524999,0
tx103409,11.34,12,521.0,1,3.84,0,-0.1851254178042624,0
tx100961,21.83,14,568.0,2,2.5,0,-0.1851326592939646,0
tx103958,29.55,13,874.0,0,7.63,0,-0.1851396616636794,0
tx100673,10.28,16,1229.0,1,1.05,0,-0.18519528041832245,0
tx104124,47.52,18,841.0,1,0.81,0,-0.18520870653450172,0
tx101767,27.72,18,853.0,0,1.42,0,-0.18525046274580842,0
tx100183,23.88,11,1082.0,2,0.55,0,-0.1852531174308366,0
tx102836,19.52,12,894.0,2,5.97,0,-0.1852703742999643,0
tx100051,19.71,14,1469.0,2,3.32,0,-0.18527060906076653,0
tx102138,11.96,13,1201.0,0,1.59,0,-0.18528279722606805,0
tx102176,19.76,19,816.0,1,4.02,0,-0.18532492059379507,0
tx100146,32.18,10,1275.0,2,3.65,0,-0.1853257028279518,0
tx102517,16.14,16,848.0,1,8.88,0,-0.18533029657684513,0
tx100221,26.77,14,1545.0,1,8.52,0,-0.18533240310368942,0
tx101798,25.54,15,505.0,0,6.42,0,-0.18533434330182308,0
tx100633,38.07,15,1345.0,0,5.47,0,-0.1853440730071988,0
tx104334,19.36,12,1279.0,0,0.65,0,-0.18538910771839978,0
tx100066,24.32,11,435.0,0,6.45,0,-0.18539444143011918,0
tx103443,38.02,11,583.0,2,2.27,0,-0.1854063210737793,0
tx103606,42.94,16,1050.0,0,0.37,0,-0.18543610199806154,0
tx100747,19.97,17,1540.0,1,0.46,0,-0.1854406000298952,0
tx100488,51.91,12,1510.0,1,1.23,0,-0.18546855887884933,0
tx103652,35.14,16,328.0,1,0.21,0,-0.18547750556250864,0
tx101242,17.8,11,1683.0,1,3.44,0,-0.18548557200178406,0
tx104910,31.65,10,273.0,1,5.44,0,-0.18549461966604835,0
tx100411,26.47,9,796.0,0,1.22,0,-0.18550788103153143,0
tx100231,57.64,12,950.0,1,1.39,0,-0.1855099525351931,0
tx100755,10.44,14,645.0,1,5.79,0,-0.18553712271583922,0
tx104602,18.2,10,754.0,2,2.54,0,-0.1855675334777861,0
tx104194,17.86,17,489.0,1,6.4,0,-0.18558084243137946,0
tx103811,33.37,10,880.0,2,6.83,0,-0.1855829417992858,0
tx101066,19.24,8,1344.0,1,6.42,0,-0.1856013772470465,0
tx103869,16.57,14,1417.0,1,8.37,0,-0.1856014198215129,0
tx100369,20.69,18,1079.0,0,4.34,0,-0.18561677822779044,0
tx100906,19.8,9,1167.0,0,2.05,0,-0.18562220795279366,0
tx101338,14.16,11,1363.0,1,7.41,0,-0.18562962328043037,0
tx103857,33.43,13,1054.0,0,7.53,0,-0.18562998457270008,0
tx103264,42.68,16,1684.0,1,2.13,0,-0.1856348722787502,0
tx101070,40.09,17,1297.0,0,3.62,0,-0.18563662301680117,0
tx102192,24.65,14,660.0,2,0.95,0,-0.18565269898387715,0
tx100118,17.71,10,984.0,0,4.62,0,-0.18569988338928678,0
tx102282,14.97,11,1027.0,1,8.42,0,-0.18571840149062252,0
tx100595,24.08,15,1422.0,2,4.39,0,-0.18573908077386053,0
tx103471,31.21,9,858.0,0,1.06,0,-0.18575506660483032,0
tx104792,56.72,12,973.0,1,6.38,0,-0.1857589500516612,0
tx104460,26.22,19,1370.0,1,2.15,0,-0.185762182143491,0
tx104209,13.54,18,1091.0,1,1.43,0,-0.1857656998108143,0
tx102218,21.81,17,575.0,0,1.05,0,-0.18578713464233515,0
tx103133,33.45,11,1714.0,1,0.67,0,-0.18581739783021578,0
tx100331,25.26,18,521.0,1,6.68,0,-0.18582165869681533,0
tx103428,28.77,15,1165.0,2,2.3,0,-0.18584416073427756,0
tx104397,36.27,20,882.0,1,4.49,0,-0.18592161844117905,0
tx104577,16.11,8,897.0,1,1.54,0,-0.18593043582858382,0
tx102896,42.39,19,982.0,1,2.32,0,-0.18595300099785655,0
tx102805,36.75,18,1390.0,1,0.62,0,-0.18595972454110798,0
tx104737,20.27,17,1403.0,0,1.47,0,-0.18596645945154677,0
tx103257,17.28,11,442.0,0,4.09,0,-0.1859991863629521,0
tx104035,27.15,10,263.0,1,1.75,0,-0.1860067834273092,0
tx103643,19.72,11,744.0,2,1.17,0,-0.1860340670385221,0
tx104049,23.46,13,1756.0,1,4.51,0,-0.18605898578303065,0
tx102462,22.71,14,560.0,2,2.59,0,-0.18606169054158794,0
tx103053,22.5,8,1437.0,1,0.35,0,-0.186090798001591,0
tx103790,20.53,19,784.0,1,3.04,0,-0.18609487043493794,0
tx101165,26.76,17,916.0,2,2.2,0,-0.18611643623849505,0
tx101334,30.69,17,1352.0,0,0.72,0,-0.18614018323528453,0
tx103563,13.36,14,968.0,2,3.36,0,-0.18616934499916066,0
tx104905,36.69,16,591.0,2,3.64,0,-0.1862228926296402,0
tx103145,27.42,19,595.0,1,5.87,0,-0.18622436531768877,0
tx103110,50.03,15,1529.0,1,0.5,0,-0.18623896101901893,0
tx104574,15.0,13,582.0,0,2.9,0,-0.18624196155226969,0
tx101388,16.32,11,506.0,1,0.21,0,-0.18631438862050764,0
tx102340,32.7,14,454.0,1,9.84,0,-0.18634605423125722,0
tx103491,34.82,16,1606.0,0,3.56,0,-0.1863837676907661,0
tx102117,30.53,12,435.0,0,3.54,0,-0.18639774344707544,0
tx103481,11.04,10,871.0,1,0.8,0,-0.18642749985106766,0
tx102721,46.52,10,598.0,1,7.82,0,-0.18643421573827273,0
tx102791,19.4,17,1153.0,0,1.63,0,-0.18643719163063416,0
tx101887,56.08,10,462.0,1,2.16,0,-0.1864423871875201,0
tx100639,15.99,10,869.0,0,1.6,0,-0.18644795525504,0
tx103996,15.55,11,866.0,1,8.36,0,-0.18646415053764948,0
tx101305,12.43,16,1171.0,0,3.36,0,-0.18653257692046687,0
tx100582,26.8,16,1075.0,1,10.26,0,-0.1865367287255747,0
tx101976,27.91,10,977.0,2,4.63,0,-0.18654351950641462,0
tx100079,26.93,18,1371.0,1,6.77,0,-0.1865573248976124,0
tx101351,43.23,13,887.0,2,1.76,0,-0.18665084737729448,0
tx104765,42.05,16,868.0,2,1.69,0,-0.18666742681096687,0
tx104774,22.66,13,878.0,0,0.12,0,-0.18667654545032175,0
tx102644,31.78,10,903.0,2,6.72,0,-0.1867196124680322,0
tx102030,12.35,11,728.0,1,8.3,0,-0.1867305457185559,0
tx100482,16.59,9,400.0,1,2.61,0,-0.18677103165497771,0
tx101922,22.95,14,573.0,2,3.72,0,-0.18679147427132609,0
tx103647,28.86,16,543.0,0,0.61,0,-0.1868249883525986,0
tx104028,32.55,12,1367.0,0,5.4,0,-0.18685216010952554,0
tx103495,22.63,15,828.0,1,9.96,0,-0.1868527487263365,0
tx100985,19.08,16,1517.0,1,0.16,0,-0.1868581642791005,0
tx104979,38.84,9,970.0,0,1.59,0,-0.18686531512727755,0
tx104468,35.96,8,497.0,1,2.82,0,-0.18688602232685342,0
tx100517,12.58,16,1142.0,0,3.8,0,-0.18689497520050297,0
tx104595,34.61,16,1549.0,0,0.34,0,-0.18691889414022783,0
tx101764,14.78,9,1505.0,1,1.87,0,-0.18694978057915657,0
tx101101,36.64,17,1615.0,1,3.33,0,-0.1869608349686656,0
tx104480,13.02,12,1067.0,0,2.21,0,-0.186961007765645,0
tx103195,17.53,18,1151.0,1,0.78,0,-0.18697307101291433,0
tx102262,47.19,15,1211.0,0,2.66,0,-0.18698467023298704,0
tx104085,13.91,15,683.0,0,2.8,0,-0.18699240143848284,0
tx104556,35.41,17,1482.0,0,2.13,0,-0.18700696598241828,0
tx101666,30.22,14,1182.0,1,9.76,0,-0.18700781169864028,0
tx101027,31.84,15,1253.0,2,1.44,0,-0.18703594059000672,0
tx102930,32.11,14,1054.0,1,10.28,0,-0.18704711464332452,0
tx100103,16.82,11,1095.0,0,5.96,0,-0.18705072876843676,0
tx101834,24.22,13,1755.0,1,3.9,0,-0.18708855336799718,0
tx103089,39.07,13,1006.0,0,0.4,0,-0.18709124561033214,0
tx102255,30.74,8,1523.0,1,4.83,0,-0.18709896525882824,0
tx101136,30.04,13,665.0,0,7.39,0,-0.1871098064260862,0
tx101939,23.24,8,528.0,1,0.92,0,-0.1871269241265175,0
tx104004,36.55,17,481.0,1,0.41,0,-0.18715000792442849,0
tx104297,13.85,12,705.0,1,0.17,0,-0.187175301782818,0
tx103622,17.22,18,668.0,1,4.71,0,-0.18719200566592992,0
tx101644,42.57,10,328.0,1,0.77,0,-0.18719943235884506,0
tx101770,34.24,18,1209.0,0,2.28,0,-0.18722076206377175,0
tx101541,21.47,17,1322.0,1,7.54,0,-0.18727303685835522,0
tx102215,13.28,12,1234.0,1,7.15,0,-0.1873142175842228,0
tx100660,41.49,18,1399.0,1,2.55,0,-0.1873184586432864,0
tx102671,40.17,15,1535.0,0,1.66,0,-0.1873394082889187,0
tx103077,34.85,15,1400.0,2,2.53,0,-0.18733952043455776,0
tx104818,23.65,8,553.0,1,6.93,0,-0.18736439674065647,0
tx102610,19.54,11,1658.0,1,1.69,0,-0.18739247073993553,0
tx100199,36.14,11,1752.0,1,3.4,0,-0.18741980377323897,0
tx102820,50.22,9,719.0,1,7.18,0,-0.18742859814055401,0
tx103009,40.13,15,1108.0,0,0.88,0,-0.18743302155535507,0
tx104399,35.49,12,1481.0,0,0.46,0,-0.18744347544843803,0
tx100699,25.07,11,1125.0,2,4.95,0,-0.18747385322855348,0
tx104229,36.12,9,1281.0,0,2.98,0,-0.18747655572622313,0
tx100926,43.66,13,330.0,1,5.3,0,-0.18749315152342338,0
tx104777,45.54,11,580.0,0,3.16,0,-0.18753009353768002,0
tx103609,28.88,14,265.0,1,5.18,0,-0.18753751169283417,0
tx101950,12.99,15,1595.0,1,2.03,0,-0.18756304404217394,0
tx101218,19.7,11,700.0,2,3.26,0,-0.18756731215132333,0
tx100186,15.96,9,1337.0,1,6.81,0,-0.18759057726813094,0
tx104414,46.79,16,1146.0,0,2.95,0,-0.1876376084785326,0
tx100111,20.95,12,1204.0,0,6.22,0,-0.18764522326060518,0
tx102083,24.49,14,290.0,1,0.56,0,-0.1876708611960246,0
tx103114,39.96,15,962.0,0,5.2,0,-0.18767680156702105,0
tx102015,15.15,11,722.0,1,0.07,0,-0.18768631927156976,0
tx100287,24.83,12,1661.0,1,1.15,0,-0.1876973998417718,0
tx101904,29.26,15,711.0,2,2.12,0,-0.18771482607392892,0
tx102923,30.02,9,1309.0,1,7.55,0,-0.18773025491508233,0
tx101277,24.78,15,761.0,2,2.18,0,-0.18782307644870305,0
tx101847,30.65,13,1700.0,1,3.67,0,-0.18784055585274428,0
tx104917,19.04,9,1553.0,1,1.08,0,-0.18788168703298203,0
tx100770,35.39,12,1024.0,2,0.27,0,-0.18788911086142812,0
tx101432,12.96,14,826.0,0,3.13,0,-0.1878985701238195,0
tx103214,28.54,15,1412.0,0,6.56,0,-0.1879008922351743,0
tx101836,37.91,14,1298.0,2,2.23,0,-0.1879404565914795,0
tx103484,18.86,13,845.0,2,3.39,0,-0.18795447092297407,0
tx100712,34.19,12,1159.0,2,1.11,0,-0.18795552601978277,0
tx101095,27.7,8,652.0,1,0.45,0,-0.1879629368502444,0
tx104372,18.58,8,675.0,1,1.24,0,-0.1880231601077454,0
tx103833,29.39,8,1318.0,1,6.2,0,-0.18803133335883288,0
tx101001,37.68,14,510.0,0,2.34,0,-0.18803627346344176,0
tx104174,38.73,15,565.0,0,2.75,0,-0.18804375089583814,0
tx104901,23.42,9,908.0,0,5.75,0,-0.18807836932842287,0
tx102087,27.13,15,850.0,2,5.7,0,-0.18809242639151574,0
tx101805,23.91,9,1445.0,0,3.56,0,-0.18809302306620146,0
tx102315,13.24,12,882.0,0,2.98,0,-0.1880982409755157,0
tx100074,19.34,14,391.0,1,6.65,0,-0.18813004160362723,0
tx103194,23.08,9,1519.0,1,0.28,0,-0.18815011050681468,0
tx104528,45.22,18,1051.0,1,0.85,0,-0.18816437499519306,0
tx103458,25.62,17,1483.0,0,1.89,0,-0.1881945398399047,0
tx101247,47.34,14,316.0,1,3.94,0,-0.18820181830058907,0
tx101352,14.9,18,941.0,1,2.24,0,-0.1882253234011737,0
tx104086,15.02,16,985.0,0,1.09,0,-0.188242456554579,0
tx103797,20.06,14,843.0,2,1.48,0,-0.1883195389551407,0
tx101222,15.48,14,1060.0,0,1.24,0,-0.18832856209309684,0
tx104944,45.69,13,1322.0,0,1.94,0,-0.18836989238813584,0
tx101878,27.76,16,432.0,1,0.19,0,-0.18839954540843556,0
tx102320,21.48,15,1109.0,2,2.94,0,-0.18841900171104847,0
tx100679,15.18,8,1022.0,1,1.89,0,-0.18846501270913119,0
tx100932,22.71,13,1554.0,0,5.07,0,-0.1884698085868285,0
tx104773,16.11,17,1395.0,1,1.55,0,-0.1884712404876412,0
tx104701,44.64,17,1428.0,1,5.72,0,-0.1884759576092051,0
tx100913,34.09,11,1455.0,1,8.58,0,-0.1884922808587346,0
tx104708,39.57,13,522.0,1,8.77,0,-0.18849244254811726,0
tx104170,26.01,14,1262.0,2,1.53,0,-0.18849254982036512,0
tx100262,28.25,8,1453.0,1,0.54,0,-0.1885409932223625,0
tx104646,38.0,15,906.0,1,8.83,0,-0.18856006538990233,0
tx100607,41.94,12,969.0,0,5.35,0,-0.18857217106978952,0
tx102657,34.73,14,1453.0,2,3.44,0,-0.18859924027563213,0
tx103648,22.15,10,1283.0,0,1.93,0,-0.18860690246975487,0
tx102052,46.4,8,914.0,1,3.07,0,-0.18862008756971438,0
tx101047,10.97,15,693.0,1,4.31,0,-0.18862804245074283,0
tx102627,18.36,15,916.0,2,1.82,0,-0.18863996701134833,0
tx103051,32.17,8,1566.0,1,1.28,0,-0.18864655540872494,0
tx104193,32.95,8,1395.0,1,6.86,0,-0.18864922393900246,0
tx104227,39.25,16,1399.0,0,2.15,0,-0.18865184905495863,0
tx101818,32.97,15,1065.0,1,9.99,0,-0.18867019798692886,0
tx103841,37.33,19,976.0,1,1.96,0,-0.18867476710111453,0
tx103845,20.57,8,1495.0,1,1.77,0,-0.18867650362311955,0
tx103968,28.78,10,852.0,2,2.96,0,-0.18868402787204397,0
tx102422,36.32,14,512.0,0,1.98,0,-0.18869664496991795,0
tx104337,33.78,9,941.0,2,2.23,0,-0.18872971280067735,0
tx103510,27.84,11,625.0,0,0.49,0,-0.18873023810893547,0
tx104233,42.06,12,1041.0,0,5.48,0,-0.18873813316085847,0
tx103516,20.63,14,538.0,0,1.41,0,-0.18874504847724888,0
tx104246,13.33,11,700.0,0,4.07,0,-0.1887936539009228,0
tx104452,20.85,17,1434.0,0,3.81,0,-0.18880505958619032,0
tx102526,24.0,16,658.0,0,7.04,0,-0.18880951465551904,0
tx102201,16.61,13,405.0,1,0.93,0,-0.18883023228806195,0
tx103263,34.72,12,703.0,2,4.32,0,-0.18883212702846525,0
tx104607,24.4,9,332.0,1,5.72,0,-0.18884167205427493,0
tx104630,47.91,9,592.0,1,1.13,0,-0.18884401467639594,0
tx100918,47.22,11,1135.0,0,4.27,0,-0.1888511696766828,0
tx100485,24.31,12,459.0,0,2.99,0,-0.18895469526033754,0
tx103276,30.5,15,1441.0,0,5.08,0,-0.18899321132536173,0
tx100803,23.01,9,727.0,0,1.42,0,-0.18900301521530416,0
tx103722,44.99,18,800.0,1,3.69,0,-0.1890114570619552,0
tx103348,50.49,10,585.0,1,5.9,0,-0.18902304827630978,0
tx102230,26.64,16,988.0,2,1.2,0,-0.18906883054366025,0
tx104769,35.66,13,1136.0,2,2.98,0,-0.18907073880742747,0
tx100991,44.26,15,1191.0,0,4.08,0,-0.18909005516175786,0
tx101328,10.89,14,1095.0,1,1.11,0,-0.18909055632866406,0
tx101327,20.23,15,713.0,0,6.76,0,-0.18913177801472247,0
tx102801,30.68,15,1611.0,1,5.39,0,-0.1891603307894389,0
tx101527,10.61,15,952.0,1,2.47,0,-0.18916283984876575,0
tx101093,22.9,11,281.0,1,1.59,0,-0.18919140772757098,0
tx102993,14.76,10,587.0,1,0.39,0,-0.18919505397769337,0
tx104319,41.44,8,777.0,1,3.19,0,-0.18919866563599158,0
tx100144,15.95,15,864.0,1,7.53,0,-0.1892004765020715,0
tx103807,28.07,10,279.0,1,4.0,0,-0.18921690634590016,0
tx100304,13.55,10,1510.0,1,2.3,0,-0.1892176659458516,0
tx102908,38.42,16,917.0,0,0.93,0,-0.18922316040642617,0
tx103878,33.28,16,1301.0,2,3.26,0,-0.18922450831458504,0
tx103338,28.71,8,1492.0,1,4.57,0,-0.1892310984566003,0
tx103849,29.07,11,1676.0,1,1.4,0,-0.18926116774745383,0
tx101157,38.32,13,926.0,1,8.6,0,-0.18927020550388468,0
tx103106,37.31,11,776.0,0,6.86,0,-0.1892956292853189,0
tx100349,22.62,9,1534.0,1,5.46,0,-0.18929847343882178,0
tx104562,30.49,14,1011.0,2,0.84,0,-0.18930681593615312,0
tx101479,31.61,17,1128.0,0,4.81,0,-0.1893176846978213,0
tx104789,20.66,15,1103.0,0,5.98,0,-0.18932211389752024,0
tx102538,21.02,8,1390.0,1,1.07,0,-0.18933000452431287,0
tx104736,30.9,11,1640.0,1,0.95,0,-0.18933099844433693,0
tx103880,25.77,17,651.0,0,3.59,0,-0.18948008116854115,0
tx103827,15.79,17,1452.0,1,4.56,0,-0.18950333899872035,0
tx103768,20.55,13,1022.0,2,3.8,0,-0.18954288300100902,0
tx103030,17.38,16,1535.0,1,0.23,0,-0.1895461444603942,0
tx104054,33.04,14,711.0,2,1.15,0,-0.18957695033106658,0
tx102303,19.94,14,1018.0,2,2.72,0,-0.18959647957660541,0
tx100143,36.33,15,1064.0,2,2.76,0,-0.1896293528495161,0
tx101181,37.25,17,1325.0,1,0.25,0,-0.18963493492900474,0
tx100069,34.75,12,1122.0,0,6.56,0,-0.1896378362022817,0
tx102367,32.22,16,552.0,0,2.69,0,-0.1896380537747232,0
tx102763,28.0,10,1620.0,1,2.19,0,-0.18965419440466624,0
tx101746,20.66,18,1267.0,1,3.74,0,-0.18968188415620613,0
tx101164,19.37,18,809.0,1,1.66,0,-0.1897119461568415,0
tx100668,30.15,8,1088.0,1,0.87,0,-0.1897156676937044,0
tx104506,34.54,18,633.0,1,6.64,0,-0.1897358861453699,0
tx100670,31.25,14,706.0,0,0.63,0,-0.18974681987702785,0
tx103065,40.61,16,403.0,1,6.61,0,-0.18975826592232276,0
tx104622,26.88,13,532.0,0,4.52,0,-0.18977034874104942,0
tx102493,45.35,15,343.0,1,2.02,0,-0.18978269389848124,0
tx104153,56.05,16,1029.0,1,4.7,0,-0.18979289945610406,0
tx104491,30.76,8,1153.0,1,6.84,0,-0.18983920422227513,0
tx101471,35.6,8,1564.0,1,3.28,0,-0.18989114112416428,0
tx102922,28.21,14,1613.0,1,6.41,0,-0.18989598598742324,0
tx103979,13.61,16,503.0,1,5.67,0,-0.18992748031171874,0
tx100701,42.24,14,575.0,0,2.48,0,-0.18998461365536895,0
tx104481,29.75,12,339.0,1,0.5,0,-0.19001379170619498,0
tx102811,16.43,12,484.0,1,0.57,0,-0.19002683295694395,0
tx100269,32.92,16,1454.0,0,5.61,0,-0.19005304547604884,0
tx104726,37.38,9,958.0,0,1.85,0,-0.19007894401569997,0
tx100175,16.17,12,848.0,0,2.31,0,-0.19011398495742649,0
tx104767,44.68,12,1120.0,0,1.87,0,-0.19013356886290672,0
tx101208,25.72,10,305.0,1,1.25,0,-0.19013827724734728,0
tx103560,23.0,11,1548.0,0,2.83,0,-0.1901406311903155,0
tx103243,26.49,14,1339.0,2,3.62,0,-0.1901670332907316,0
tx103200,19.74,18,678.0,1,2.45,0,-0.19018282694557326,0
tx102118,25.15,9,738.0,0,1.75,0,-0.1902037856940969,0
tx104864,16.51,14,1078.0,0,2.24,0,-0.19021800948054146,0
tx102512,31.41,13,1044.0,2,1.84,0,-0.19022761152754697,0
tx104449,47.69,11,1054.0,0,2.18,0,-0.19023430115005496,0
tx100344,33.01,9,1193.0,0,4.35,0,-0.19023484493697068,0
tx103533,29.24,16,605.0,0,5.69,0,-0.19023867057430155,0
tx101263,38.34,14,592.0,0,3.17,0,-0.19024895378186418,0
tx100260,22.8,13,336.0,1,0.25,0,-0.19025322818436013,0
tx103796,13.97,14,1161.0,1,7.11,0,-0.19028039874483904,0
tx101495,27.06,18,1328.0,1,6.33,0,-0.19033521429211075,0
tx104875,25.58,16,324.0,1,0.95,0,-0.1903364404691834,0
tx103497,31.2,16,364.0,1,0.61,0,-0.1903460328656706,0
tx101768,29.65,17,1031.0,0,1.2,0,-0.19041949898647714,0
tx104791,32.29,8,586.0,1,5.69,0,-0.19042167367162383,0
tx103528,9.67,13,1327.0,1,1.64,0,-0.1904432162002198,0
tx104243,21.76,9,1510.0,1,6.66,0,-0.1904937404868673,0
tx101728,54.41,10,1070.0,1,1.33,0,-0.19049795023238608,0
tx104201,10.63,13,1002.0,1,1.83,0,-0.1905035582096158,0
tx101016,17.4,10,433.0,1,0.92,0,-0.1905696559096478,0
tx101314,31.8,9,878.0,0,3.04,0,-0.19058286368277894,0
tx102693,27.03,12,1151.0,0,0.6,0,-0.19060250848547045,0
tx100569,38.49,18,667.0,1,3.64,0,-0.19061479840766904,0
tx102114,20.74,16,1325.0,0,5.58,0,-0.19061763158782086,0
tx103764,35.52,8,604.0,1,2.59,0,-0.19063274818486375,0
tx103221,38.89,15,1371.0,0,2.46,0,-0.19063482247013497,0
tx103373,20.11,11,906.0,2,3.1,0,-0.19070776525798644,0
tx101189,22.68,18,1478.0,1,1.9,0,-0.19076622030273382,0
tx101366,23.0,19,781.0,1,2.43,0,-0.19078055498494334,0
tx103432,53.9,11,871.0,1,6.11,0,-0.19080372927471467,0
tx104952,23.7,18,1295.0,1,1.33,0,-0.19080477032413862,0
tx101850,34.49,18,1286.0,1,2.71,0,-0.19083487681174727,0
tx100884,19.83,12,641.0,0,2.09,0,-0.19083934727676222,0
tx104234,55.43,16,742.0,1,1.01,0,-0.19086689152988479,0
tx103161,46.36,15,1180.0,1,7.21,0,-0.190925736034734,0
tx100335,30.67,17,1241.0,0,1.76,0,-0.19094033074712236,0
tx101117,23.76,13,1593.0,1,6.79,0,-0.19094633034252007,0
tx102410,20.63,13,373.0,1,0.55,0,-0.19096102141347315,0
tx104027,39.21,15,891.0,0,4.56,0,-0.1909695287027871,0
tx104834,48.94,17,683.0,1,2.52,0,-0.19101239994265995,0
tx101647,13.19,12,528.0,1,5.43,0,-0.1910271859883993,0
tx100286,51.01,14,548.0,1,4.37,0,-0.1910427236052239,0
tx103469,19.07,9,532.0,1,5.42,0,-0.19106069035673312,0
tx101417,24.18,11,817.0,1,10.06,0,-0.1910743688495521,0
tx101369,27.53,17,1144.0,0,2.5,0,-0.19110755661960876,0
tx104123,37.51,16,1181.0,0,4.84,0,-0.19111025459316594,0
tx103251,18.47,16,1410.0,0,2.02,0,-0.19111444807908684,0
tx100070,32.73,17,1409.0,0,3.56,0,-0.19111531088238698,0
tx100750,19.79,13,575.0,0,1.99,0,-0.19112816240511366,0
tx104103,30.94,12,882.0,2,4.26,0,-0.19113031292446303,0
tx101657,11.46,16,993.0,1,0.67,0,-0.19114902111333276,0
tx104639,23.52,17,1255.0,0,3.69,0,-0.1912002827666599,0
tx104557,41.41,13,479.0,1,0.24,0,-0.1912432141706188,0
tx104638,22.19,11,1378.0,0,5.08,0,-0.1912629070990835,0
tx102916,29.26,14,350.0,1,0.54,0,-0.19128382003826805,0
tx101896,35.3,13,639.0,0,1.43,0,-0.19128869090106337,0
tx102076,25.79,9,1012.0,0,2.55,0,-0.19130536884316762,0
tx101857,31.05,8,959.0,1,0.55,0,-0.19130886884647286,0
tx104135,17.66,10,738.0,0,3.67,0,-0.1913118385124178,0
tx102099,26.16,12,861.0,2,3.64,0,-0.19133078482593396,0
tx101053,34.11,18,624.0,1,1.35,0,-0.19133980747839485,0
tx102936,51.42,14,792.0,1,6.09,0,-0.1913445807216076,0
tx103059,29.21,14,1046.0,1,8.73,0,-0.19135210348297443,0
tx103485,22.93,19,1046.0,1,2.88,0,-0.19135329097577397,0
tx102596,36.97,16,1432.0,0,4.68,0,-0.19144425594957615,0
tx100894,38.23,15,825.0,0,3.99,0,-0.19150141944058907,0
tx102606,23.2,15,1274.0,0,0.49,0,-0.19151074150243425,0
tx104623,25.32,16,1052.0,1,9.26,0,-0.19154487335783743,0
tx101681,49.61,17,1032.0,1,1.11,0,-0.19155112883762948,0
tx102551,26.9,19,961.0,1,1.81,0,-0.19156565407975962,0
tx102796,38.17,11,1303.0,0,1.43,0,-0.1915710337480866,0
tx104025,39.29,18,863.0,1,1.23,0,-0.19159203559704624,0
tx103488,21.97,14,1054.0,0,6.66,0,-0.1916529858495129,0
tx103504,15.58,17,607.0,1,2.7,0,-0.19170540842875539,0
tx100890,46.59,13,1600.0,1,2.91,0,-0.1917202108899262,0
tx104367,23.42,10,1212.0,0,2.55,0,-0.19172461118984246,0
tx102640,31.41,15,815.0,0,5.81,0,-0.19174013739360368,0
tx104738,21.78,10,553.0,0,3.75,0,-0.1917551606700172,0
tx100128,49.7,17,1152.0,1,1.99,0,-0.1917656491442165,0
tx103453,25.18,10,1233.0,0,4.2,0,-0.19178591954809882,0
tx104835,21.91,16,490.0,0,2.84,0,-0.19178985997245362,0
tx104354,13.43,16,474.0,1,3.9,0,-0.19181590137723453,0
tx100386,18.93,15,623.0,0,3.8,0,-0.19182281660070966,0
tx104659,16.36,17,1303.0,1,3.77,0,-0.19191261894990586,0
tx101569,32.95,8,579.0,1,4.61,0,-0.19192322713898258,0
tx102723,26.43,16,559.0,0,1.99,0,-0.19193138877040533,0
tx102449,30.19,15,658.0,0,4.4,0,-0.1919459405962321,0
tx103177,24.39,13,866.0,0,0.33,0,-0.19202945859305237,0
tx104078,18.61,15,1038.0,0,4.52,0,-0.19203468539914703,0
tx103919,23.9,12,619.0,0,1.91,0,-0.19207074798703172,0
tx102035,37.27,12,882.0,0,0.76,0,-0.19210595195608382,0
tx101691,20.54,12,1225.0,0,1.41,0,-0.1921081607247892,0
tx103352,41.81,11,854.0,0,5.52,0,-0.19211616242444857,0
tx100389,21.74,9,377.0,1,2.12,0,-0.19212795964130558,0
tx100792,19.75,16,1017.0,0,5.82,0,-0.19213822934532926,0
tx104846,42.7,18,1059.0,1,5.51,0,-0.1921496268386077,0
tx102814,31.14,10,698.0,0,3.52,0,-0.1921738112378309,0
tx100172,40.33,12,675.0,0,3.05,0,-0.19218012276235286,0
tx102697,31.08,11,737.0,2,2.72,0,-0.192214797183142,0
tx104779,21.7,14,1238.0,0,5.45,0,-0.19221562026493821,0
tx100123,27.17,17,365.0,1,3.22,0,-0.19222543478580184,0
tx101725,32.44,18,1227.0,1,6.2,0,-0.19222853545345675,0
tx103782,29.0,9,1309.0,1,6.59,0,-0.19223605932058352,0
tx101909,21.67,11,1380.0,1,0.19,0,-0.19226530554137178,0
tx100505,34.27,15,357.0,1,0.95,0,-0.1923006588469362,0
tx101690,34.79,8,766.0,1,4.5,0,-0.19231273917142017,0
tx103945,34.18,13,429.0,1,7.6,0,-0.19232790736247257,0
tx100291,35.97,8,1024.0,1,1.0,0,-0.19232834635517448,0
tx101619,12.13,11,1432.0,1,1.7,0,-0.19236035857707784,0
tx102253,46.29,12,1569.0,1,3.24,0,-0.19239703102282518,0
tx100920,48.29,16,644.0,1,0.58,0,-0.1924099057403013,0
tx104633,17.58,11,1373.0,0,3.91,0,-0.19241096994202628,0
tx101280,24.93,17,396.0,1,1.04,0,-0.1924378948297374,0
tx102952,47.81,17,826.0,1,3.64,0,-0.19246340105640808,0
tx102910,47.02,18,1052.0,1,3.67,0,-0.1924863361247533,0
tx100797,29.25,14,930.0,2,3.95,0,-0.19248802207539872,0
tx103507,30.64,12,999.0,2,3.41,0,-0.19249173469885233,0
tx103674,38.2,13,1197.0,0,1.75,0,-0.19249457818918658,0
tx103713,16.05,13,571.0,1,0.5,0,-0.1925031889770683,0
tx103143,37.64,14,790.0,0,3.86,0,-0.19250528710828457,0
tx100524,17.98,17,536.0,1,2.75,0,-0.1925152674330355,0
tx104665,33.58,10,898.0,1,8.25,0,-0.19256038381305302,0
tx103621,23.35,15,766.0,0,1.48,0,-0.19260244837363133,0
tx101037,20.67,12,665.0,1,8.23,0,-0.19263746911137797,0
tx102955,28.88,18,625.0,1,3.6,0,-0.19269151184601419,0
tx102864,34.97,14,749.0,1,9.52,0,-0.19273294279393616,0
tx102504,53.61,16,1030.0,1,2.55,0,-0.19284505845693078,0
tx104801,21.98,14,879.0,0,0.33,0,-0.19285083351365812,0
tx101344,47.99,11,1553.0,1,2.49,0,-0.19285917719617146,0
tx101840,52.36,16,1103.0,1,1.26,0,-0.19289761488525692,0
tx100830,36.72,12,1155.0,0,4.67,0,-0.1929182225443834,0
tx101531,52.28,16,1051.0,1,1.88,0,-0.19295107135128153,0
tx100666,11.71,11,1370.0,1,3.04,0,-0.19295739731602873,0
tx103864,35.95,9,495.0,1,5.94,0,-0.1929831457606952,0
tx102435,22.35,8,632.0,1,1.96,0,-0.1930327578650043,0
tx102741,21.71,9,1552.0,1,3.39,0,-0.19306244852504262,0
tx101608,33.49,10,1227.0,0,2.26,0,-0.19309670881976548,0
tx102121,27.08,16,513.0,1,7.77,0,-0.1931010392963658,0
tx101533,22.8,15,1016.0,0,6.24,0,-0.19313039973300805,0
tx102386,34.68,14,645.0,0,3.94,0,-0.19316218776166327,0
tx101109,34.56,12,1014.0,0,0.68,0,-0.19316936818242214,0
tx104287,36.21,13,843.0,0,0.74,0,-0.19320609281926215,0
tx104311,42.42,17,1263.0,1,1.41,0,-0.1932132546210215,0
tx104288,24.31,9,1554.0,1,1.26,0,-0.19322349074381806,0
tx100114,30.18,16,795.0,0,1.25,0,-0.19324359633522875,0
tx101354,28.21,14,772.0,0,6.53,0,-0.19325306800094477,0
tx102075,12.33,13,648.0,1,0.68,0,-0.1932622173913095,0
tx102775,14.72,9,855.0,1,2.62,0,-0.193283820452,0
tx102767,37.98,18,1101.0,1,3.18,0,-0.19328906154580533,0
tx101838,14.72,11,685.0,1,0.41,0,-0.19329965225576934,0
tx104768,36.27,8,1412.0,1,1.37,0,-0.1933001048016687,0
tx102521,32.7,17,1600.0,1,2.82,0,-0.19341435223916165,0
tx100046,41.58,15,1598.0,1,1.75,0,-0.19346218824465394,0
tx101453,22.85,11,496.0,0,3.71,0,-0.19346742952488066,0
tx104532,43.13,9,1129.0,1,1.12,0,-0.19349502473728614,0
tx104450,20.59,15,658.0,0,3.76,0,-0.19349642657267802,0
tx100450,13.48,10,542.0,1,2.64,0,-0.19349712479479703,0
tx102532,36.46,17,1486.0,1,4.8,0,-0.19349988485585556,0
tx104800,12.2,14,1451.0,1,4.44,0,-0.19350634551395807,0
tx101475,21.75,8,839.0,1,2.24,0,-0.1936006326728526,0
tx104390,37.8,12,930.0,0,1.7,0,-0.1936039632086496,0
tx102115,25.38,16,1429.0,0,0.62,0,-0.1937081695232339,0
tx100022,24.12,11,772.0,0,0.92,0,-0.19376218418571228,0
tx100885,36.17,16,901.0,1,8.5,0,-0.1937666298385904,0
tx103290,37.97,10,1321.0,1,0.27,0,-0.19378593861538784,0
tx103093,29.97,8,1344.0,1,3.78,0,-0.19380098346146574,0
tx104908,32.07,9,466.0,1,5.27,0,-0.19380435100955318,0
tx101759,37.81,9,1549.0,1,1.63,0,-0.19386197907656627,0
tx101534,34.57,15,665.0,0,3.66,0,-0.19387551268032188,0
tx104115,35.66,16,1159.0,0,4.74,0,-0.19390337464387697,0
tx100409,47.06,13,1350.0,1,0.26,0,-0.19391517090106986,0
tx104283,30.12,14,1468.0,0,3.07,0,-0.19393537228978697,0
tx101341,17.85,11,1148.0,0,2.89,0,-0.19394152263504144,0
tx101923,27.66,18,1179.0,1,1.84,0,-0.19395637677624006,0
tx103718,26.93,9,782.0,1,0.44,0,-0.19398513968136671,0
tx104533,32.56,13,1396.0,0,1.35,0,-0.1939882707545313,0
tx103047,20.36,13,440.0,1,0.56,0,-0.19404295718611303,0
tx102736,40.09,17,1372.0,1,1.74,0,-0.19406044246585086,0
tx101837,14.79,14,1534.0,1,2.3,0,-0.19406835866693584,0
tx101661,43.87,17,1033.0,1,0.82,0,-0.1940693338661938,0
tx104576,24.85,17,450.0,1,4.47,0,-0.19409511362712317,0
tx104456,22.05,9,571.0,1,0.72,0,-0.19411759554644525,0
tx104321,18.71,9,667.0,1,4.79,0,-0.19416878242205898,0
tx103755,33.53,12,962.0,0,5.82,0,-0.19418196688809125,0
tx102444,19.43,16,1107.0,0,2.55,0,-0.19418859681272227,0
tx100844,19.18,16,716.0,0,2.22,0,-0.19430253649039214,0
tx102658,41.09,9,946.0,1,7.26,0,-0.19430856775784455,0
tx104014,29.22,12,665.0,0,3.73,0,-0.19434901654922238,0
tx102651,23.22,12,1112.0,0,1.57,0,-0.19441893846111546,0
tx104965,26.39,17,1493.0,1,2.34,0,-0.19443338469066362,0
tx102236,21.76,8,672.0,1,2.56,0,-0.19443469931268753,0
tx104620,20.64,15,726.0,0,1.92,0,-0.19446533971203495,0
tx101105,31.31,15,1316.0,0,1.29,0,-0.1944675588963085,0
tx101581,25.52,11,1390.0,0,3.97,0,-0.1945122278804869,0
tx103121,17.42,12,1557.0,1,1.55,0,-0.1945361087423998,0
tx100360,20.98,13,695.0,0,1.29,0,-0.19458712520062738,0
tx100119,43.51,12,599.0,1,7.06,0,-0.19460895977035442,0
tx102485,27.53,12,633.0,1,0.18,0,-0.1946506875971314,0
tx100819,22.29,12,620.0,1,0.25,0,-0.19465401947158206,0
tx103937,21.96,15,968.0,0,4.78,0,-0.19468018990234198,0
tx100446,33.17,16,1098.0,1,0.0,0,-0.1946802155642225,0
tx103851,18.13,17,1305.0,1,4.26,0,-0.1946881339558379,0
tx102828,20.02,15,648.0,1,7.42,0,-0.19470414329999808,0
tx100951,23.74,8,1357.0,1,1.99,0,-0.19473574099298185,0
tx102782,24.26,8,1042.0,1,4.7,0,-0.19475998003505235,0
tx101008,41.83,16,862.0,1,0.21,0,-0.19477299737771236,0
tx101044,29.18,8,677.0,1,2.03,0,-0.19477507096367547,0
tx102478,14.69,10,964.0,1,4.82,0,-0.19477522000528807,0
tx104722,28.61,13,605.0,1,8.16,0,-0.1947802460531725,0
tx104062,37.88,8,949.0,1,2.44,0,-0.19478108851517462,0
tx102724,27.85,8,1080.0,1,3.2,0,-0.1948006915860806,0
tx101445,46.11,10,757.0,1,6.85,0,-0.19483030363883752,0
tx104472,24.85,11,613.0,0,3.9,0,-0.19484991206202462,0
tx100225,15.26,10,551.0,1,1.44,0,-0.19486691291243807,0
tx101801,20.85,15,1077.0,0,2.33,0,-0.19487927365266783,0
tx102007,27.8,10,1130.0,1,0.21,0,-0.19492047863850465,0
tx102098,22.89,16,1493.0,0,2.07,0,-0.19493103959010616,0
tx101320,34.64,16,375.0,1,2.47,0,-0.1949557378503276,0
tx103139,26.74,15,374.0,1,4.04,0,-0.19501538629326992,0
tx104561,19.51,16,972.0,0,1.69,0,-0.19506026216723205,0
tx100212,46.13,11,909.0,1,7.06,0,-0.19512134872793757,0
tx104516,36.58,13,953.0,0,1.1,0,-0.19515122134095564,0
tx102463,35.38,14,1229.0,0,4.49,0,-0.19516226097851264,0
tx103028,37.55,11,974.0,0,2.68,0,-0.19519155842338348,0
tx102572,17.77,15,469.0,1,2.71,0,-0.19536301201101142,0
tx100652,29.21,13,1338.0,0,2.51,0,-0.19538847308456925,0
tx100010,19.66,13,428.0,1,3.16,0,-0.1954653547159489,0
tx104098,39.85,15,455.0,1,3.0,0,-0.1954791851524771,0
tx103117,34.42,14,965.0,0,4.82,0,-0.19548074301190593,0
tx102205,34.03,14,918.0,0,0.6,0,-0.19548183171406824,0
tx102783,27.71,13,1403.0,0,2.35,0,-0.1955066222989405,0
tx100888,21.9,15,1284.0,0,1.65,0,-0.19557071682471044,0
tx103455,18.51,9,1274.0,1,2.8,0,-0.1956038661103452,0
tx103803,13.19,13,1200.0,1,0.49,0,-0.19563861360675427,0
tx101444,32.39,14,1084.0,0,1.66,0,-0.19565348595813353,0
tx103197,18.14,17,1193.0,1,3.96,0,-0.19581295079871552,0
tx100990,35.65,15,609.0,1,0.39,0,-0.19581581794916636,0
tx102901,50.1,15,959.0,1,5.92,0,-0.195873434533065,0
tx104733,34.36,13,1284.0,0,1.93,0,-0.19590754320521198,0
tx103943,15.71,11,1053.0,1,6.76,0,-0.19594975536736253,0
tx103673,35.3,15,1430.0,0,2.35,0,-0.1959602999962914,0
tx103559,26.02,12,1224.0,0,3.72,0,-0.19597634284865723,0
tx102502,26.99,16,1542.0,1,6.21,0,-0.19604832031649938,0
tx102680,24.95,15,1349.0,0,3.12,0,-0.19605140278504762,0
tx100653,41.48,9,940.0,1,5.42,0,-0.19606957270630349,0
tx101853,41.9,11,1121.0,1,0.22,0,-0.19614164996175998,0
tx103522,16.45,10,1132.0,1,5.73,0,-0.19614388481523687,0
tx100935,13.55,11,843.0,1,0.56,0,-0.19619776679887174,0
tx101058,14.91,15,1421.0,1,5.08,0,-0.19629394811592105,0
tx101162,29.84,16,989.0,0,4.77,0,-0.1963022581053902,0
tx103742,22.97,11,1580.0,1,2.7,0,-0.1963600611498817,0
tx104177,22.86,14,811.0,0,5.89,0,-0.19636356800954818,0
tx101611,42.66,10,1451.0,1,3.62,0,-0.1963856479954455,0
tx101733,25.73,13,370.0,1,1.99,0,-0.1964564837356934,0
tx104886,31.51,15,1405.0,1,0.38,0,-0.19651696784111822,0
tx101859,15.24,11,1018.0,1,0.55,0,-0.19652653845197038,0
tx101748,28.24,9,930.0,1,0.29,0,-0.19652967035260033,0
tx102273,21.42,10,544.0,1,0.65,0,-0.19655091311556877,0
tx104445,43.02,9,772.0,1,2.32,0,-0.1965534885049206,0
tx101301,39.31,15,1544.0,1,1.04,0,-0.1965779711892992,0
tx101918,20.35,12,1395.0,1,6.24,0,-0.19658122058118666,0
tx102630,24.77,13,381.0,1,1.58,0,-0.19658294368028756,0
tx101367,29.53,16,1233.0,1,6.64,0,-0.19663940251700818,0
tx100902,36.59,11,1234.0,0,1.57,0,-0.1966566948925867,0
tx102934,24.6,12,352.0,1,2.76,0,-0.19670346043116088,0
tx101620,34.1,15,391.0,1,4.63,0,-0.19674055274536356,0
tx104990,44.0,15,989.0,1,6.41,0,-0.1967405799467215,0
tx101072,16.77,10,554.0,1,2.72,0,-0.19674315124410025,0
tx104374,29.82,14,1015.0,1,0.06,0,-0.19676166083380647,0
tx101175,40.38,10,1101.0,1,4.68,0,-0.19679174584853565,0
tx100334,27.05,8,1031.0,1,2.28,0,-0.19679262244450757,0
tx103169,22.31,13,1199.0,1,0.18,0,-0.19682233238587793,0
tx104856,26.77,14,1070.0,0,4.47,0,-0.1968228447489318,0
tx101817,15.06,13,687.0,1,0.78,0,-0.19685292447921743,0
tx101196,20.73,16,859.0,0,3.82,0,-0.19688029716074462,0
tx103859,46.8,14,1016.0,1,0.22,0,-0.196890219875959,0
tx101949,23.11,17,466.0,1,3.77,0,-0.1969120592294975,0
tx104394,31.86,15,457.0,1,3.54,0,-0.19692501333894014,0
tx101793,33.31,17,1328.0,1,0.53,0,-0.19694301711446877,0
tx100551,22.1,11,705.0,0,4.39,0,-0.19694382814454636,0
tx104214,14.48,16,1373.0,1,2.87,0,-0.19695721161903978,0
tx101885,23.91,15,1412.0,0,3.66,0,-0.1969614116714074,0
tx102256,32.13,8,1150.0,1,3.34,0,-0.19699471539729052,0
tx102539,36.8,18,1009.0,1,4.88,0,-0.19710673226080122,0
tx104077,40.48,11,1293.0,1,5.84,0,-0.19714909450523577,0
tx101869,28.92,17,553.0,1,2.1,0,-0.19715091912423377,0
tx101832,13.58,14,1077.0,1,1.7,0,-0.19717413992170102,0
tx101096,28.16,16,765.0,0,3.21,0,-0.19724849546890705,0
tx101386,24.93,15,1315.0,1,0.24,0,-0.1972752200407754,0
tx103514,27.98,16,1237.0,0,3.05,0,-0.19727859008411247,0
tx100823,14.09,14,1121.0,1,1.33,0,-0.19740995440714837,0
tx103873,14.37,11,1386.0,1,3.82,0,-0.19750661143118092,0
tx102065,32.37,17,1259.0,1,5.04,0,-0.19755316945905665,0
tx100064,27.31,15,444.0,1,4.83,0,-0.19755614974414426,0
tx103687,30.02,16,965.0,0,3.0,0,-0.1975572615232793,0
tx104892,19.46,9,1173.0,1,4.9,0,-0.19755938266727302,0
tx103421,19.26,16,1211.0,1,0.45,0,-0.1975784939826618,0
tx102987,37.61,14,1528.0,1,1.37,0,-0.19763939262966074,0
tx103524,46.59,13,1114.0,1,0.73,0,-0.1976500677693674,0
tx104642,34.45,12,567.0,1,0.56,0,-0.19767630417277016,0
tx104881,19.38,11,806.0,1,7.03,0,-0.19772551418530382,0
tx103612,47.21,14,1095.0,1,5.25,0,-0.19780187903854862,0
tx101839,44.19,13,1500.0,1,3.11,0,-0.19784308557114277,0
tx103218,24.98,11,1320.0,1,0.23,0,-0.1978935474394397,0
tx102488,38.54,10,1295.0,1,4.09,0,-0.1979036011603924,0
tx102598,36.54,16,1262.0,1,0.52,0,-0.19791142641941495,0
tx102191,13.23,12,922.0,1,2.88,0,-0.19794212912824688,0
tx102875,21.37,12,501.0,1,1.26,0,-0.19795407613724708,0
tx102479,48.14,10,901.0,1,2.01,0,-0.19804478825909283,0
tx101600,23.76,13,1117.0,0,3.55,0,-0.1980483050558572,0
tx102758,19.53,14,1510.0,1,1.86,0,-0.1981932645987453,0
tx101140,47.26,12,1329.0,1,2.71,0,-0.19822020725862333,0
tx103556,13.6,12,1254.0,1,2.61,0,-0.1982542251131768,0
tx101698,33.37,11,1579.0,1,4.07,0,-0.19826139111681312,0
tx100843,23.86,14,691.0,0,2.58,0,-0.19833342274664684,0
tx102631,24.08,16,685.0,0,3.42,0,-0.19836787143011364,0
tx101612,17.68,12,1002.0,1,6.4,0,-0.19838189204284762,0
tx100264,18.44,13,542.0,1,2.13,0,-0.19838242500987296,0
tx102855,16.58,14,1391.0,1,6.0,0,-0.19843510502796968,0
tx101618,13.84,12,811.0,1,3.27,0,-0.19849256962324585,0
tx103260,16.05,11,1082.0,1,5.39,0,-0.19854172590951247,0
tx103391,26.17,8,1235.0,1,2.35,0,-0.19854810140341134,0
tx104632,42.11,11,821.0,1,7.23,0,-0.1985718954780118,0
tx103020,21.44,16,1010.0,0,2.15,0,-0.19858210138328863,0
tx104816,31.41,17,1363.0,1,3.36,0,-0.1986503173097826,0
tx101513,23.42,9,662.0,1,1.04,0,-0.19869186787058002,0
tx100625,32.88,13,1590.0,1,1.68,0,-0.1986966156987816,0
tx100820,39.91,10,1184.0,1,5.63,0,-0.19876782260148712,0
tx100279,33.41,18,942.0,1,1.95,0,-0.19879832456489782,0
tx100936,31.42,14,1364.0,1,6.77,0,-0.1988081223980429,0
tx101902,36.78,14,873.0,0,2.12,0,-0.19883456226017798,0
tx104281,39.72,17,842.0,1,3.75,0,-0.1988438810768347,0
tx101750,36.15,17,802.0,1,5.28,0,-0.1988448526228302,0
tx104927,30.92,12,1432.0,1,0.45,0,-0.19889358210282065,0
tx100475,47.84,14,1066.0,1,1.03,0,-0.1989116078096449,0
tx100540,25.76,17,1358.0,1,2.68,0,-0.19894284956272978,0
tx104503,26.23,14,508.0,1,2.29,0,-0.19897958247227115,0
tx104762,21.68,14,916.0,0,3.39,0,-0.19900300722689523,0
tx102335,15.56,16,1039.0,1,1.16,0,-0.19901134485507221,0
tx103004,20.1,14,601.0,1,0.94,0,-0.19904768179506782,0
tx101078,22.33,15,462.0,1,3.55,0,-0.19908043547513093,0
tx103171,39.76,10,1126.0,1,1.38,0,-0.19908923587263178,0
tx101026,40.28,17,960.0,1,2.22,0,-0.19910717880712692,0
tx101964,33.99,10,512.0,1,2.59,0,-0.19913317391695,0
tx104592,22.33,17,607.0,1,3.67,0,-0.1991499178457573,0
tx100499,19.19,12,1037.0,1,6.19,0,-0.1991641772949863,0
tx103042,29.94,16,1273.0,1,0.69,0,-0.19931870826088688,0
tx104651,41.39,10,1127.0,1,2.9,0,-0.19934897467664597,0
tx102403,16.81,16,1201.0,1,2.04,0,-0.19937437761884003,0
tx100246,43.03,15,1246.0,1,1.6,0,-0.1994731224139396,0
tx100421,41.79,11,1469.0,1,3.02,0,-0.19948595045145034,0
tx100543,29.83,16,1559.0,1,2.55,0,-0.19948962797660952,0
tx100599,46.43,12,1075.0,1,2.41,0,-0.19951225949741325,0
tx101740,44.79,11,1067.0,1,1.12,0,-0.19960357926267586,0
tx104828,12.61,13,1416.0,1,2.47,0,-0.19965604980277268,0
tx101160,41.73,15,1267.0,1,2.59,0,-0.19966571568644687,0
tx102412,38.99,9,1127.0,1,2.42,0,-0.199782048608518,0
tx100963,47.6,14,1206.0,1,2.51,0,-0.19979960860639573,0
tx102842,18.16,15,1148.0,1,1.21,0,-0.19988167017428288,0
tx103045,47.17,16,884.0,1,4.66,0,-0.1999544814033592,0
tx101135,27.14,14,908.0,0,2.96,0,-0.1999563749679938,0
tx102408,24.44,9,1158.0,1,6.15,0,-0.20002256326841822,0
tx104432,34.61,9,1074.0,1,3.05,0,-0.200033828630524,0
tx102552,30.22,17,986.0,1,5.26,0,-0.20003872885329405,0
tx103323,26.01,16,1288.0,1,5.22,0,-0.20004050033493187,0
tx104874,27.3,10,1344.0,1,4.81,0,-0.20008220123069942,0
tx103801,45.78,13,770.0,1,3.28,0,-0.20014075367708245,0
tx104566,31.29,12,604.0,1,6.04,0,-0.2001985958233033,0
tx104619,27.4,16,1235.0,1,5.96,0,-0.20022495028423748,0
tx100532,19.67,14,673.0,1,1.01,0,-0.20023894810054632,0
tx103222,22.76,17,716.0,1,1.32,0,-0.2002462076157407,0
tx102667,37.31,10,611.0,1,1.65,0,-0.2003406234604158,0
tx103608,17.22,12,1129.0,1,5.35,0,-0.20035578142538024,0
tx100772,15.33,12,1139.0,1,1.56,0,-0.20042212032148243,0
tx104959,39.97,12,1259.0,1,0.93,0,-0.2004762647200915,0
tx101188,31.82,17,1298.0,1,3.45,0,-0.20051452206818737,0
tx101154,39.32,16,1167.0,1,1.03,0,-0.20057151156059477,0
tx104440,37.02,15,1174.0,1,1.46,0,-0.2005807744145563,0
tx101781,26.96,10,1436.0,1,1.29,0,-0.20066208092197496,0
tx101734,36.74,15,801.0,1,6.45,0,-0.2007182596147556,0
tx103157,18.39,14,575.0,1,3.78,0,-0.20072398240580136,0
tx100330,24.96,16,570.0,1,6.24,0,-0.20075358129006415,0
tx104670,30.53,16,1488.0,1,1.87,0,-0.20076117302991298,0
tx102373,31.2,14,603.0,1,1.74,0,-0.200815880779399,0
tx104366,34.14,15,914.0,1,0.21,0,-0.20084801117571638,0
tx102587,16.14,15,976.0,1,4.48,0,-0.2008610440703673,0
tx103688,16.02,14,736.0,1,4.79,0,-0.2008689319262124,0
tx101106,18.27,10,795.0,1,2.03,0,-0.2009167991243737,0
tx101505,32.14,10,864.0,1,0.58,0,-0.20097965636846526,0
tx102469,40.07,12,812.0,1,5.35,0,-0.20098051767428848,0
tx100585,34.95,14,496.0,1,3.56,0,-0.20116203442576835,0
tx103029,20.97,15,1293.0,1,2.03,0,-0.20116685931780576,0
tx104776,22.2,17,1169.0,1,3.25,0,-0.20117672025400624,0
tx101537,25.75,12,1426.0,1,0.75,0,-0.20117749192353296,0
tx100822,28.63,10,744.0,1,7.25,0,-0.20122044242645032,0
tx104326,27.33,13,1534.0,1,0.99,0,-0.20124946789452658,0
tx101826,37.71,12,1402.0,1,3.75,0,-0.2013776097407598,0
tx102162,18.76,16,773.0,1,2.06,0,-0.20138935872103642,0
tx101930,44.19,12,710.0,1,4.96,0,-0.20140686820651338,0
tx100802,35.05,17,1047.0,1,1.2,0,-0.20141127856969915,0
tx103737,25.32,9,1041.0,1,1.36,0,-0.20148363915953588,0
tx103390,34.86,10,1341.0,1,3.43,0,-0.2015250720932354,0
tx102057,26.83,10,1004.0,1,6.75,0,-0.20154487488652795,0
tx101077,28.33,14,470.0,1,3.95,0,-0.20155419039465022,0
tx101905,19.92,12,788.0,1,2.16,0,-0.20156327716194383,0
tx102180,23.1,11,1008.0,1,0.33,0,-0.20165964292961258,0
tx100455,23.65,17,867.0,1,2.75,0,-0.2017679834055433,0
tx104922,19.8,12,1047.0,1,4.31,0,-0.20177757168174698,0
tx103724,33.09,9,943.0,1,5.98,0,-0.2017801947071205,0
tx103321,27.45,10,1308.0,1,2.14,0,-0.20188977759781435,0
tx102343,35.81,16,780.0,1,6.72,0,-0.20202288855172706,0
tx100377,25.86,13,1499.0,1,0.94,0,-0.2020539935640986,0
tx100375,20.34,14,705.0,1,1.45,0,-0.20211814810834822,0
tx102879,37.01,14,621.0,1,2.29,0,-0.2022292809724776,0
tx104154,27.28,10,597.0,1,1.56,0,-0.2022939309796315,0
tx103017,23.86,12,813.0,1,0.54,0,-0.20231799765502856,0
tx102902,44.13,11,888.0,1,3.3,0,-0.20233886219608704,0
tx100302,21.01,16,1260.0,1,2.21,0,-0.20237313389200257,0
tx100825,33.36,9,825.0,1,1.81,0,-0.20237836180086893,0
tx100571,28.71,14,1255.0,1,4.73,0,-0.20241128857694018,0
tx103032,23.4,17,880.0,1,3.9,0,-0.20249801938790968,0
tx100015,38.2,12,776.0,1,1.85,0,-0.20253513813643687,0
tx102248,43.23,11,1038.0,1,4.71,0,-0.202537391222313,0
tx104699,21.14,14,640.0,1,2.63,0,-0.2025793804881525,0
tx104346,29.41,10,897.0,1,1.22,0,-0.2026566684361235,0
tx103778,41.81,15,926.0,1,2.62,0,-0.2026937712711152,0
tx104683,30.16,11,624.0,1,2.69,0,-0.20277378266770285,0
tx103714,30.56,16,700.0,1,1.61,0,-0.20293334763909943,0
tx100657,27.23,16,1215.0,1,1.4,0,-0.20302607476457968,0
tx102242,35.07,15,1149.0,1,0.94,0,-0.2030836988893578,0
tx103583,17.3,11,1244.0,1,4.81,0,-0.2030888625398033,0
tx100382,24.92,14,560.0,1,1.94,0,-0.20316665132494532,0
tx104970,20.64,16,955.0,1,5.69,0,-0.20326048835454452,0
tx103049,34.7,13,1250.0,1,0.79,0,-0.20329479467900918,0
tx101111,26.2,17,1014.0,1,2.45,0,-0.2033461709306556,0
tx100067,30.22,10,1026.0,1,4.96,0,-0.20340963442161436,0
tx103680,33.2,16,877.0,1,0.3,0,-0.20347136139827166,0
tx103954,25.46,15,1458.0,1,3.56,0,-0.20349576071024644,0
tx102947,32.41,11,541.0,1,2.34,0,-0.20357129162597387,0
tx104285,24.09,9,1230.0,1,3.15,0,-0.20358087010271725,0
tx101368,38.01,15,1086.0,1,3.11,0,-0.20367878821962426,0
tx100798,35.35,14,1293.0,1,1.74,0,-0.20370129658550912,0
tx100604,25.6,11,1249.0,1,0.81,0,-0.20383959755699887,0
tx101349,31.59,14,689.0,1,3.89,0,-0.20402063551082794,0
tx104274,24.26,16,1273.0,1,2.97,0,-0.20408863939129096,0
tx102431,22.88,11,1377.0,1,1.71,0,-0.20409541681109866,0
tx102522,33.87,12,771.0,1,1.3,0,-0.204172826116375,0
tx103931,18.66,13,700.0,1,3.8,0,-0.20427022882352425,0
tx100184,17.93,13,1180.0,1,5.67,0,-0.2043126719915498,0
tx104489,32.02,10,919.0,1,4.41,0,-0.20439236382052972,0
tx102382,33.5,11,1332.0,1,5.01,0,-0.20445647839843484,0
tx102159,30.94,15,1009.0,1,1.49,0,-0.20447383470003466,0
tx100489,38.56,13,1331.0,1,2.85,0,-0.20447629753718155,0
tx100453,26.86,15,1061.0,1,0.62,0,-0.20453921032815486,0
tx102579,30.04,14,719.0,1,2.84,0,-0.2046708350767052,0
tx100889,28.25,11,1398.0,1,1.61,0,-0.2047151478965451,0
tx104938,21.33,16,690.0,1,2.38,0,-0.20483343376676422,0
tx103838,31.15,11,1292.0,1,1.69,0,-0.20495072279935267,0
tx102402,23.95,15,1051.0,1,1.21,0,-0.20500368396739632,0
tx102372,33.41,10,1153.0,1,1.74,0,-0.20509914374850818,0
tx101596,32.08,13,660.0,1,2.76,0,-0.2052128712135885,0
tx103993,22.6,16,735.0,1,0.92,0,-0.20532741470210647,0
tx104140,37.89,13,1181.0,1,2.14,0,-0.20535334022825213,0
tx100656,34.51,12,932.0,1,5.36,0,-0.2054671843492336,0
tx102194,33.19,14,1037.0,1,0.48,0,-0.20550759765576398,0
tx102333,21.19,14,865.0,1,3.21,0,-0.20553625820320082,0
tx101055,28.39,16,1321.0,1,2.68,0,-0.20566253300319015,0
tx104749,27.05,12,868.0,1,5.67,0,-0.20590218237801816,0
tx101460,28.97,11,648.0,1,1.57,0,-0.20590779863502756,0
tx100373,22.29,15,754.0,1,3.29,0,-0.20596693352823764,0
tx100171,29.95,11,661.0,1,4.31,0,-0.205982882467657,0
tx100328,37.55,11,879.0,1,3.6,0,-0.20604088480669974,0
tx104805,33.75,15,1051.0,1,1.04,0,-0.2061291183670867,0
tx102546,33.84,15,1225.0,1,3.26,0,-0.20633471540042814,0
tx101079,28.48,14,750.0,1,3.17,0,-0.2063413096742086,0
tx103108,27.58,15,791.0,1,3.39,0,-0.20645636802008777,0
tx104172,24.72,12,1032.0,1,2.22,0,-0.20663079386325456,0
tx103227,22.27,12,1122.0,1,2.37,0,-0.2066574377074094,0
tx101035,23.02,16,1325.0,1,2.68,0,-0.2066683584018581,0
tx103562,36.33,14,1033.0,1,2.7,0,-0.2066734217857536,0
tx103253,32.38,11,1316.0,1,2.51,0,-0.20677962732260768,0
tx100084,27.05,11,1085.0,1,1.97,0,-0.20702219811805778,0
tx104401,22.85,11,671.0,1,2.85,0,-0.20713652288256806,0
tx102760,28.32,14,1041.0,1,3.34,0,-0.20716200155674114,0
tx102720,31.77,11,1191.0,1,2.29,0,-0.20735960732947284,0
tx101133,26.23,12,1033.0,1,3.98,0,-0.20737295063458844,0
tx100620,33.86,12,827.0,1,3.54,0,-0.20738880401788778,0
tx104522,23.55,11,829.0,1,2.97,0,-0.20748297566127716,0
tx104890,35.42,11,1036.0,1,1.79,0,-0.20777381116559596,0
tx101727,27.22,16,974.0,1,5.58,0,-0.2080269287950327,0
tx103848,27.0,13,921.0,1,2.09,0,-0.20819847204481806,0
tx104538,23.24,16,959.0,1,4.07,0,-0.20857579183894182,0
tx104653,35.55,13,983.0,1,2.08,0,-0.2086952098560642,0
tx102357,24.8,14,699.0,1,3.78,0,-0.2087135435222826,0
tx104291,23.18,13,812.0,1,4.14,0,-0.20888073139986174,0
tx102182,28.25,16,941.0,1,3.56,0,-0.20897077803913544,0
tx101177,26.43,11,1016.0,1,2.99,0,-0.20908654908715835,0
