transaction_id,item
1,cereal
1,cheese
1,soda
2,milk
2,coffee
2,cheese
2,yogurt
3,eggs
3,sugar
3,coffee
3,yogurt
4,tomato_sauce
4,apples
4,yogurt
5,chips
5,salsa
5,apples
5,yogurt
6,chicken
6,coffee
6,sugar
6,salsa
6,beer
7,rice
7,wipes
7,tomato_sauce
7,diapers
7,bread
7,parmesan
7,beer
8,wipes
8,beer
8,diapers
9,parmesan
9,pasta
9,tomato_sauce
9,butter
9,milk
9,eggs
9,chips
9,bread
9,cereal
9,apples
9,yogurt
10,tomato_sauce
10,eggs
10,milk
10,coffee
11,rice
11,chicken
11,butter
11,bread
11,apples
12,wipes
12,milk
12,chips
12,soda
12,salsa
12,beer
12,apples
13,milk
13,salsa
13,cereal
13,beer
13,yogurt
14,eggs
14,milk
15,rice
15,coffee
15,wipes
15,diapers
15,chips
15,eggs
15,soda
15,beer
16,chicken
16,beer
16,soda
17,parmesan
17,tomato_sauce
17,cereal
17,pasta
18,rice
18,chicken
18,coffee
18,pasta
18,butter
18,tomato_sauce
18,chips
18,salsa
18,apples
19,chicken
19,butter
19,chips
19,soda
19,bread
20,rice
20,chicken
20,butter
20,milk
20,soda
20,bread
20,apples
21,soda
22,rice
22,chicken
22,coffee
22,pasta
22,sugar
23,wipes
23,butter
24,tomato_sauce
24,milk
24,chips
24,salsa
24,parmesan
24,beer
25,chicken
25,apples
26,parmesan
26,tomato_sauce
26,milk
27,chicken
27,coffee
27,cheese
27,eggs
27,cereal
27,apples
28,salsa
28,chips
28,milk
28,beer
29,butter
29,milk
29,bananas
29,bread
29,cereal
29,apples
30,bananas
31,parmesan
31,rice
31,coffee
31,pasta
31,tomato_sauce
31,milk
31,sugar
31,cereal
32,chips
32,soda
32,yogurt
33,cheese
33,butter
33,eggs
33,salsa
33,bread
33,parmesan
33,beer
33,apples
33,yogurt
34,tomato_sauce
34,sugar
34,coffee
35,rice
35,butter
35,eggs
35,chips
35,salsa
35,bread
35,parmesan
36,cereal
36,bread
36,milk
36,sugar
37,rice
37,pasta
37,tomato_sauce
37,bananas
37,bread
37,apples
38,bananas
38,sugar
38,coffee
38,apples
39,rice
39,milk
39,bananas
39,eggs
39,soda
39,cereal
40,cereal
40,chicken
40,milk
41,butter
41,milk
41,bananas
41,soda
41,bread
41,cereal
41,apples
42,cereal
42,butter
42,bread
42,milk
43,soda
43,yogurt
44,cheese
45,cheese
45,milk
45,eggs
45,soda
45,cereal
46,beer
47,bananas
47,apples
48,chicken
48,coffee
48,butter
48,bananas
48,chips
48,eggs
49,eggs
49,beer
50,coffee
50,cheese
50,butter
50,milk
50,bananas
50,chips
50,beer
50,yogurt
51,coffee
51,milk
51,chips
51,eggs
51,soda
51,salsa
51,apples
51,yogurt
52,apples
52,chicken
52,cheese
52,yogurt
53,rice
53,chicken
53,coffee
53,chips
53,salsa
54,coffee
54,cheese
54,milk
54,bananas
54,chips
54,eggs
54,sugar
55,butter
55,eggs
55,cheese
56,butter
56,milk
56,bananas
56,sugar
56,apples
57,coffee
57,butter
57,sugar
57,bread
57,apples
57,yogurt
58,bananas
58,tomato_sauce
58,soda
58,pasta
59,cheese
59,butter
59,tomato_sauce
59,milk
59,bread
59,beer
59,apples
60,coffee
60,cheese
60,bananas
60,eggs
60,chips
60,bread
60,apples
61,bananas
61,cereal
61,coffee
61,apples
62,eggs
62,milk
62,cheese
63,rice
63,chicken
63,soda
64,butter
64,chips
65,coffee
65,bananas
65,eggs
65,sugar
65,beer
66,coffee
66,butter
66,eggs
66,sugar
66,bread
66,apples
67,coffee
67,apples
68,bananas
68,sugar
68,coffee
68,apples
69,parmesan
69,apples
70,butter
70,chips
70,salsa
70,apples
71,pasta
71,tomato_sauce
71,bananas
71,soda
71,parmesan
72,tomato_sauce
72,eggs
72,pasta
73,sugar
73,milk
73,coffee
74,wipes
74,eggs
74,soda
74,pasta
75,butter
75,bread
75,milk
76,chicken
76,cheese
76,butter
76,milk
76,bread
76,yogurt
77,eggs
77,chicken
78,bread
78,parmesan
79,coffee
79,cheese
79,milk
79,bananas
79,eggs
79,soda
80,butter
80,bread
80,milk
81,rice
81,chicken
81,pasta
81,tomato_sauce
81,apples
82,chips
82,eggs
82,rice
82,salsa
83,rice
83,coffee
83,butter
83,soda
83,apples
84,butter
84,salsa
84,tomato_sauce
85,cereal
85,chicken
85,milk
86,rice
86,coffee
86,pasta
86,tomato_sauce
86,soda
86,parmesan
87,butter
87,milk
87,bread
87,parmesan
87,beer
88,chicken
88,milk
88,soda
88,parmesan
88,yogurt
89,milk
89,sugar
90,soda
91,cheese
91,wipes
91,milk
91,bananas
91,soda
91,salsa
91,apples
92,pasta
92,tomato_sauce
92,milk
92,cereal
92,apples
93,bread
93,milk
94,chicken
94,eggs
94,sugar
94,parmesan
94,yogurt
95,coffee
95,butter
95,chips
95,sugar
95,bread
95,yogurt
96,cheese
96,butter
96,sugar
96,soda
96,bread
97,salsa
97,coffee
97,pasta
98,chicken
98,butter
98,milk
98,chips
98,salsa
98,bread
99,wipes
99,rice
99,chicken
100,butter
100,milk
100,bananas
100,cereal
100,apples
101,cheese
101,butter
101,milk
101,chips
101,salsa
101,cereal
101,yogurt
102,tomato_sauce
102,rice
102,parmesan
102,apples
103,eggs
103,soda
104,pasta
104,tomato_sauce
104,chips
104,eggs
104,soda
105,chicken
105,beer
106,parmesan
106,tomato_sauce
106,milk
107,milk
107,cereal
107,beer
107,yogurt
108,chips
108,salsa
108,apples
109,wipes
109,diapers
109,apples
109,yogurt
110,cheese
110,pasta
110,tomato_sauce
110,milk
110,bananas
110,salsa
111,chicken
111,cheese
111,milk
111,chips
111,soda
111,cereal
112,cheese
112,yogurt
113,butter
113,bread
113,soda
114,bananas
114,apples
115,bananas
116,chips
116,salsa
117,parmesan
117,cheese
118,cheese
118,chips
118,sugar
118,salsa
118,bread
118,cereal
119,rice
119,chicken
119,coffee
119,butter
119,bananas
119,eggs
119,sugar
119,apples
120,milk
120,chips
120,cereal
120,apples
121,cheese
121,butter
121,bananas
121,sugar
121,bread
121,yogurt
122,tomato_sauce
122,salsa
123,pasta
123,tomato_sauce
123,milk
123,bananas
123,soda
123,cereal
123,apples
124,butter
124,tomato_sauce
124,chips
124,soda
124,bread
124,parmesan
125,chicken
125,pasta
125,tomato_sauce
125,milk
125,bananas
125,eggs
125,cereal
126,coffee
126,chips
126,sugar
126,salsa
126,soda
126,bread
126,apples
127,chips
127,butter
127,bread
127,milk
128,chicken
128,milk
128,bananas
128,eggs
128,salsa
128,apples
128,yogurt
129,cheese
129,pasta
129,butter
129,tomato_sauce
129,parmesan
129,yogurt
130,beer
130,cheese
130,diapers
131,chips
131,bread
131,apples
132,chips
132,chicken
132,salsa
132,rice
133,eggs
133,bananas
133,butter
133,bread
134,rice
134,wipes
134,tomato_sauce
134,milk
134,eggs
134,apples
134,yogurt
135,rice
135,coffee
135,wipes
135,milk
135,sugar
135,soda
135,cereal
135,yogurt
136,tomato_sauce
136,chips
136,parmesan
136,beer
136,apples
137,cheese
137,pasta
137,tomato_sauce
137,sugar
137,yogurt
138,parmesan
138,butter
138,tomato_sauce
138,milk
138,bananas
138,soda
138,cereal
138,apples
139,rice
139,chicken
139,tomato_sauce
139,milk
139,cereal
139,yogurt
140,chicken
140,milk
140,bananas
140,chips
140,eggs
141,rice
141,wipes
141,bananas
141,bread
141,cereal
141,apples
142,chicken
142,milk
142,chips
142,eggs
142,soda
142,salsa
142,yogurt
143,pasta
143,tomato_sauce
143,milk
143,chips
143,parmesan
144,cereal
144,coffee
145,pasta
145,wipes
145,milk
145,diapers
145,sugar
145,cereal
146,cheese
146,butter
146,milk
146,bread
146,cereal
146,beer
147,rice
147,chicken
147,milk
147,diapers
147,chips
148,butter
148,yogurt
149,coffee
150,butter
150,bread
150,chicken
151,coffee
151,cheese
151,butter
151,bread
151,yogurt
152,diapers
153,salsa
153,rice
154,coffee
154,wipes
154,butter
154,sugar
154,bread
155,coffee
155,milk
155,sugar
155,cereal
155,apples
156,milk
156,bananas
156,sugar
156,cereal
156,apples
157,chicken
157,milk
157,apples
157,pasta
158,butter
158,tomato_sauce
158,eggs
158,soda
158,beer
159,apples
160,tomato_sauce
160,chips
160,parmesan
160,beer
161,rice
161,bananas
161,eggs
161,bread
161,yogurt
162,rice
162,chicken
162,cheese
162,butter
162,bananas
162,bread
162,cereal
162,beer
163,tomato_sauce
163,eggs
163,yogurt
164,chips
164,salsa
165,bananas
165,salsa
165,apples
165,yogurt
166,pasta
166,butter
166,tomato_sauce
166,milk
166,bread
166,parmesan
166,beer
167,apples
168,wipes
168,milk
168,diapers
168,bananas
168,cereal
168,apples
168,yogurt
169,milk
169,chips
169,cereal
169,apples
170,rice
170,chicken
170,cheese
170,milk
170,eggs
170,sugar
170,soda
170,yogurt
171,coffee
171,butter
171,bananas
171,sugar
171,bread
171,apples
172,milk
173,butter
174,wipes
174,butter
174,chips
175,apples
175,eggs
175,milk
175,cheese
176,cereal
177,wipes
177,tomato_sauce
177,cheese
178,butter
178,eggs
178,coffee
179,cheese
179,wipes
179,sugar
179,beer
179,apples
180,pasta
180,butter
180,tomato_sauce
180,bananas
180,eggs
180,soda
180,bread
180,parmesan
180,apples
181,salsa
181,chips
181,milk
181,beer
182,eggs
182,bread
182,salsa
182,soda
183,rice
183,chicken
183,coffee
183,cheese
183,eggs
183,beer
183,apples
184,chicken
184,diapers
185,parmesan
185,rice
185,cheese
185,milk
185,bananas
185,sugar
185,salsa
185,cereal
186,wipes
186,butter
186,diapers
186,soda
186,bread
187,wipes
187,butter
187,milk
187,eggs
187,bread
187,apples
187,yogurt
188,wipes
188,bananas
188,rice
188,chicken
189,coffee
189,pasta
189,tomato_sauce
189,milk
189,chips
189,eggs
189,sugar
189,salsa
189,parmesan
190,eggs
190,cereal
190,soda
191,bread
191,milk
191,beer
192,butter
192,milk
192,chips
192,sugar
192,bread
192,cereal
193,butter
193,milk
193,soda
194,cheese
194,butter
194,bananas
194,chips
194,salsa
194,parmesan
195,chicken
195,wipes
195,butter
195,diapers
195,bananas
195,beer
196,eggs
197,eggs
197,milk
197,apples
198,pasta
198,tomato_sauce
198,milk
198,soda
198,parmesan
199,rice
199,chicken
199,milk
199,eggs
199,sugar
200,cheese
200,milk
200,bananas
200,eggs
200,soda
200,yogurt
201,coffee
201,wipes
201,diapers
201,sugar
201,soda
201,apples
202,parmesan
202,milk
202,eggs
202,cereal
202,apples
203,pasta
203,butter
203,tomato_sauce
203,chips
203,salsa
203,bread
203,yogurt
204,chips
204,eggs
204,soda
204,salsa
204,apples
204,yogurt
205,wipes
205,butter
205,diapers
205,eggs
205,bread
205,beer
206,rice
206,chicken
206,apples
207,pasta
207,tomato_sauce
207,bread
207,parmesan
207,apples
208,cereal
208,milk
209,butter
210,butter
210,milk
210,eggs
210,bread
210,apples
211,wipes
211,yogurt
212,butter
212,milk
212,sugar
212,soda
212,bread
212,parmesan
212,apples
213,coffee
213,pasta
213,tomato_sauce
213,milk
213,sugar
213,soda
214,yogurt
215,wipes
215,chicken
215,beer
215,soda
216,cheese
216,tomato_sauce
216,butter
216,milk
216,bread
216,parmesan
216,apples
217,coffee
217,tomato_sauce
217,butter
217,milk
217,sugar
217,bread
218,rice
218,beer
219,rice
219,wipes
219,diapers
219,eggs
219,beer
220,tomato_sauce
220,parmesan
220,coffee
221,chicken
221,coffee
221,wipes
221,tomato_sauce
221,butter
221,chips
221,sugar
221,salsa
221,bread
222,rice
222,chicken
222,cheese
222,milk
222,bananas
222,cereal
222,apples
223,pasta
223,tomato_sauce
223,soda
223,yogurt
224,parmesan
224,milk
224,yogurt
225,milk
225,soda
225,yogurt
226,bananas
226,chips
226,chicken
227,chicken
227,coffee
227,butter
227,bread
227,apples
228,parmesan
228,coffee
229,bananas
229,chicken
229,beer
230,wipes
230,milk
230,diapers
230,bread
230,beer
231,coffee
231,tomato_sauce
231,butter
231,milk
231,chips
231,bread
231,cereal
232,sugar
232,coffee
232,soda
233,rice
233,coffee
233,pasta
233,tomato_sauce
233,milk
233,eggs
233,chips
233,salsa
233,sugar
233,bread
233,cereal
233,beer
233,apples
234,chicken
234,eggs
234,milk
234,rice
235,butter
235,cereal
235,beer
235,yogurt
236,tomato_sauce
236,eggs
237,chicken
237,coffee
237,cheese
237,tomato_sauce
237,bananas
237,chips
237,sugar
237,salsa
238,butter
238,apples
239,pasta
239,wipes
239,tomato_sauce
239,diapers
239,parmesan
239,apples
239,yogurt
240,coffee
240,wipes
240,milk
240,chips
240,sugar
240,parmesan
241,coffee
241,butter
241,tomato_sauce
241,bananas
241,eggs
241,cereal
242,sugar
242,apples
242,pasta
243,cheese
243,butter
243,chips
243,sugar
243,salsa
243,apples
244,cheese
244,butter
244,milk
244,cereal
244,yogurt
245,rice
245,chicken
245,wipes
245,tomato_sauce
245,chips
245,cereal
245,apples
246,wipes
246,tomato_sauce
247,chips
247,rice
247,yogurt
248,butter
249,eggs
249,chicken
249,rice
250,bananas
250,chips
250,salsa
250,cereal
250,apples
251,parmesan
251,chicken
251,wipes
251,tomato_sauce
251,milk
251,diapers
251,chips
251,soda
251,salsa
251,cereal
252,tomato_sauce
252,milk
252,eggs
252,apples
252,yogurt
253,tomato_sauce
253,butter
253,milk
253,bread
253,cereal
254,cheese
254,butter
254,bananas
254,salsa
254,soda
254,bread
255,beer
256,cereal
256,cheese
256,milk
256,sugar
256,parmesan
256,yogurt
257,chicken
257,coffee
257,butter
257,chips
257,soda
257,yogurt
258,butter
258,milk
258,beer
258,soda
259,coffee
259,cheese
259,wipes
259,butter
259,tomato_sauce
259,diapers
259,eggs
259,sugar
259,parmesan
259,beer
260,pasta
260,milk
260,chips
260,eggs
260,salsa
260,cereal
261,butter
261,milk
261,chips
261,salsa
261,beer
261,apples
262,parmesan
262,pasta
262,butter
262,tomato_sauce
262,bread
262,cereal
263,tomato_sauce
263,parmesan
263,apples
264,chips
264,eggs
264,chicken
264,salsa
265,chips
265,eggs
265,milk
265,salsa
266,chips
266,bread
266,salsa
266,butter
267,rice
267,cheese
267,wipes
267,tomato_sauce
267,diapers
267,bananas
267,eggs
267,soda
267,parmesan
268,bananas
268,butter
268,coffee
268,apples
269,milk
269,apples
269,cereal
269,cheese
270,bread
271,milk
271,apples
272,milk
272,apples
273,chips
273,apples
273,pasta
274,chips
274,coffee
274,cheese
274,yogurt
275,butter
275,bread
276,rice
276,soda
277,bananas
277,chips
277,salsa
277,parmesan
277,apples
278,chicken
278,pasta
278,tomato_sauce
278,parmesan
278,beer
279,tomato_sauce
279,apples
279,soda
280,butter
281,rice
281,chicken
281,tomato_sauce
281,butter
281,milk
281,bananas
281,eggs
281,bread
281,cereal
281,apples
282,cheese
282,tomato_sauce
282,butter
282,milk
282,chips
282,sugar
282,bread
282,apples
283,sugar
283,chips
283,milk
283,coffee
284,bananas
284,rice
284,yogurt
285,wipes
285,cereal
286,rice
286,chicken
286,butter
286,eggs
286,chips
286,salsa
286,bread
287,parmesan
287,pasta
287,tomato_sauce
287,chips
287,soda
287,salsa
287,cereal
288,salsa
288,milk
289,soda
290,bananas
290,bread
290,milk
290,rice
291,parmesan
291,tomato_sauce
291,milk
291,yogurt
292,butter
292,tomato_sauce
292,milk
292,bananas
292,apples
293,coffee
293,soda
294,cheese
294,butter
294,milk
294,chips
294,eggs
295,bread
296,butter
296,milk
296,tomato_sauce
297,tomato_sauce
297,parmesan
297,cheese
298,chips
298,salsa
298,cheese
298,yogurt
299,coffee
299,cheese
299,wipes
299,butter
299,milk
299,bananas
299,chips
299,apples
300,butter
300,milk
300,eggs
300,bread
300,yogurt
301,butter
301,eggs
301,chips
301,salsa
301,bread
301,beer
302,butter
303,cheese
303,butter
303,milk
303,chips
303,bread
303,apples
304,chicken
305,coffee
306,butter
306,tomato_sauce
306,chips
306,salsa
306,bread
306,apples
307,rice
307,milk
307,sugar
307,soda
308,coffee
308,wipes
308,milk
308,diapers
308,eggs
308,beer
309,tomato_sauce
309,apples
310,chicken
310,milk
310,bananas
310,bread
310,beer
310,apples
311,rice
311,wipes
311,butter
311,milk
311,diapers
311,chips
311,salsa
311,bread
311,beer
311,apples
312,salsa
312,milk
312,soda
313,pasta
313,tomato_sauce
313,eggs
313,soda
313,parmesan
314,butter
314,milk
314,bananas
314,chips
314,salsa
314,soda
314,bread
314,cereal
315,cheese
315,butter
315,soda
315,bread
315,yogurt
316,pasta
316,tomato_sauce
316,butter
316,salsa
316,bread
317,cheese
317,tomato_sauce
317,salsa
317,parmesan
317,yogurt
318,wipes
318,diapers
318,bananas
318,chips
318,sugar
318,salsa
319,wipes
319,tomato_sauce
319,rice
319,beer
320,wipes
320,bananas
320,apples
321,wipes
321,butter
321,milk
321,diapers
321,chips
321,salsa
321,soda
321,bread
321,beer
322,milk
322,bread
322,cereal
323,butter
323,cheese
323,yogurt
324,coffee
325,cheese
325,milk
325,diapers
325,salsa
325,cereal
325,beer
325,yogurt
326,eggs
326,milk
326,diapers
327,milk
327,cereal
328,butter
328,bread
328,soda
329,butter
329,bread
329,milk
329,beer
330,chicken
330,rice
330,milk
331,coffee
331,pasta
331,bananas
331,sugar
331,salsa
332,bananas
332,apples
333,cheese
333,yogurt
334,tomato_sauce
334,milk
334,bread
334,cereal
334,yogurt
335,chicken
335,wipes
335,tomato_sauce
335,diapers
335,parmesan
335,apples
336,chicken
336,cheese
336,tomato_sauce
336,salsa
336,parmesan
337,parmesan
338,eggs
338,milk
338,beer
338,yogurt
339,apples
339,bread
339,soda
340,eggs
340,butter
340,bread
340,yogurt
341,chips
341,milk
341,sugar
341,cheese
342,butter
342,rice
342,milk
343,eggs
343,yogurt
344,apples
344,soda
345,parmesan
345,coffee
345,tomato_sauce
345,eggs
345,soda
345,cereal
345,yogurt
346,butter
346,milk
346,apples
347,wipes
348,butter
349,sugar
349,cheese
350,butter
350,bread
350,soda
351,butter
351,bread
351,chicken
351,coffee
352,rice
352,chips
352,salsa
352,bread
352,beer
352,yogurt
353,rice
353,soda
354,chicken
354,bread
354,sugar
354,soda
355,wipes
355,eggs
355,sugar
356,butter
356,milk
356,bananas
356,chips
356,eggs
356,salsa
356,cereal
357,butter
357,eggs
358,chips
358,parmesan
358,salsa
358,cheese
359,bananas
359,bread
359,sugar
360,rice
360,chicken
360,milk
360,chips
360,yogurt
361,chips
361,eggs
361,milk
362,butter
362,tomato_sauce
362,milk
362,bananas
362,soda
363,cheese
363,butter
363,eggs
363,chips
363,salsa
363,bread
364,rice
364,coffee
364,cheese
364,wipes
364,bananas
364,sugar
365,apples
366,rice
366,chicken
366,wipes
366,milk
366,diapers
366,cereal
367,rice
367,milk
367,bananas
367,beer
367,apples
368,wipes
368,milk
368,diapers
368,eggs
368,cereal
368,beer
368,apples
369,milk
370,coffee
370,milk
370,bananas
370,sugar
370,soda
370,apples
371,rice
371,chicken
371,coffee
371,milk
371,chips
371,sugar
371,salsa
372,wipes
372,milk
372,diapers
372,chips
372,soda
372,salsa
372,beer
372,apples
372,yogurt
373,rice
373,chicken
373,chips
373,soda
373,salsa
374,wipes
374,eggs
374,coffee
375,rice
375,butter
375,milk
375,bread
375,cereal
375,apples
376,milk
377,coffee
377,cheese
377,milk
377,chips
377,beer
378,tomato_sauce
378,milk
378,pasta
379,rice
379,coffee
379,tomato_sauce
379,butter
379,sugar
379,bread
379,parmesan
379,beer
380,bananas
380,bread
380,apples
381,parmesan
381,pasta
381,tomato_sauce
381,bananas
381,cereal
381,apples
382,wipes
382,milk
382,diapers
383,chicken
383,cheese
383,butter
383,milk
383,eggs
383,parmesan
383,apples
384,tomato_sauce
384,beer
384,soda
384,pasta
385,rice
385,chicken
385,wipes
385,diapers
385,beer
386,eggs
386,parmesan
386,soda
387,rice
387,chicken
387,pasta
387,butter
387,bananas
387,bread
387,apples
388,bananas
388,cheese
389,apples
389,yogurt
390,wipes
390,butter
390,chips
391,parmesan
391,butter
391,milk
391,coffee
392,bananas
392,bread
392,milk
393,wipes
393,butter
393,rice
394,milk
394,cereal
394,beer
394,yogurt
395,milk
396,tomato_sauce
396,salsa
396,bread
396,parmesan
396,apples
396,yogurt
397,rice
397,chicken
397,milk
397,diapers
397,bread
397,beer
397,yogurt
398,rice
398,chicken
398,wipes
398,milk
398,soda
398,salsa
399,salsa
399,cereal
400,coffee
400,bread
400,chips
400,sugar
400,salsa
401,milk
401,eggs
401,cereal
402,bananas
402,salsa
402,soda
403,eggs
403,butter
403,bread
403,apples
404,coffee
404,cheese
404,pasta
404,tomato_sauce
404,milk
404,sugar
405,coffee
405,pasta
405,tomato_sauce
405,milk
405,sugar
406,chicken
406,coffee
406,tomato_sauce
406,butter
406,milk
406,bread
406,cereal
407,bananas
407,chips
407,chicken
407,salsa
408,rice
408,chicken
408,coffee
408,cheese
408,wipes
408,diapers
408,bananas
408,eggs
408,sugar
408,parmesan
409,salsa
409,coffee
409,yogurt
410,wipes
410,diapers
410,salsa
410,beer
410,apples
411,bananas
411,milk
411,apples
411,yogurt
412,wipes
412,cheese
413,wipes
413,butter
413,diapers
413,bananas
413,chips
413,sugar
413,salsa
413,bread
413,beer
413,apples
414,coffee
414,tomato_sauce
414,milk
414,eggs
414,cereal
415,butter
415,chips
415,salsa
415,bread
415,beer
416,apples
416,wipes
416,eggs
416,soda
417,rice
417,chicken
417,cheese
417,bananas
417,eggs
417,apples
418,cheese
418,butter
418,milk
418,chips
418,sugar
418,salsa
418,bread
418,apples
419,milk
419,bananas
419,salsa
419,cereal
419,apples
420,chicken
420,coffee
420,butter
420,milk
420,bananas
420,sugar
420,salsa
420,bread
420,apples
421,eggs
421,rice
421,pasta
422,chicken
422,milk
423,parmesan
423,pasta
423,wipes
423,butter
423,tomato_sauce
423,diapers
423,bread
423,cereal
423,yogurt
424,bread
424,beer
424,cheese
425,pasta
425,butter
425,salsa
425,bread
425,cereal
426,cereal
426,tomato_sauce
426,milk
426,yogurt
427,cheese
427,pasta
427,tomato_sauce
427,butter
427,milk
428,rice
428,chicken
428,tomato_sauce
428,parmesan
428,yogurt
429,chips
429,chicken
429,coffee
429,rice
430,pasta
430,tomato_sauce
430,chips
430,bread
430,parmesan
430,beer
431,chicken
431,coffee
431,pasta
431,bananas
431,chips
431,sugar
431,salsa
432,coffee
432,cheese
432,wipes
432,sugar
432,soda
432,bread
432,cereal
432,yogurt
433,butter
433,bread
433,cheese
434,wipes
434,butter
434,milk
434,sugar
434,soda
434,bread
435,coffee
435,milk
435,sugar
435,salsa
435,yogurt
436,rice
436,pasta
436,butter
436,bread
436,apples
437,coffee
437,apples
438,rice
438,milk
438,coffee
438,yogurt
439,pasta
440,chips
440,salsa
440,pasta
441,rice
441,apples
442,parmesan
442,pasta
442,butter
442,tomato_sauce
442,chips
442,bread
442,cereal
443,rice
443,apples
443,chicken
443,cheese
444,tomato_sauce
444,milk
444,chips
444,eggs
444,yogurt
445,bananas
445,chips
445,soda
445,beer
445,apples
446,bananas
446,coffee
446,apples
447,rice
447,chicken
447,pasta
447,tomato_sauce
447,bread
448,cheese
448,wipes
448,butter
448,diapers
448,eggs
448,bread
448,beer
448,apples
449,chicken
449,parmesan
449,yogurt
450,chips
450,eggs
450,salsa
450,apples
451,tomato_sauce
451,salsa
451,parmesan
451,yogurt
452,rice
453,salsa
453,milk
454,milk
454,bananas
454,eggs
454,cereal
454,apples
455,apples
455,yogurt
456,bananas
456,bread
456,apples
457,eggs
457,milk
457,coffee
458,bananas
458,butter
458,bread
459,rice
459,cheese
459,butter
459,soda
459,bread
460,pasta
460,butter
460,tomato_sauce
460,bread
460,apples
460,yogurt
461,rice
461,butter
461,milk
461,bread
461,cereal
462,wipes
462,butter
462,diapers
463,chips
463,milk
463,apples
463,yogurt
464,pasta
464,tomato_sauce
464,rice
464,yogurt
465,coffee
465,butter
465,bananas
465,sugar
465,bread
466,eggs
467,tomato_sauce
468,chips
468,bread
468,beer
468,yogurt
469,milk
469,bread
469,cereal
469,cheese
470,butter
471,sugar
471,eggs
471,milk
471,coffee
472,butter
472,chips
472,sugar
472,coffee
473,cheese
473,butter
473,milk
473,bananas
473,salsa
473,bread
474,wipes
474,diapers
474,beer
474,yogurt
475,cheese
475,butter
475,milk
475,bananas
475,chips
475,sugar
475,soda
475,yogurt
476,cheese
476,tomato_sauce
476,butter
476,bananas
476,bread
476,parmesan
477,coffee
477,butter
477,bananas
477,chips
477,sugar
477,salsa
477,soda
477,bread
477,yogurt
478,tomato_sauce
478,sugar
478,salsa
478,parmesan
478,yogurt
479,butter
479,tomato_sauce
480,chicken
480,pasta
480,wipes
480,butter
480,tomato_sauce
480,milk
480,chips
480,cereal
480,yogurt
481,eggs
481,butter
481,bread
481,apples
482,coffee
482,tomato_sauce
482,milk
482,sugar
482,parmesan
482,yogurt
483,cereal
483,pasta
483,wipes
483,butter
483,tomato_sauce
483,eggs
483,bread
483,parmesan
483,apples
484,pasta
484,tomato_sauce
484,sugar
484,parmesan
484,yogurt
485,eggs
485,bananas
485,butter
485,bread
486,rice
486,coffee
486,pasta
486,tomato_sauce
486,butter
486,milk
486,bananas
486,bread
486,apples
487,wipes
487,rice
487,beer
487,apples
488,cereal
488,chicken
488,butter
488,bananas
488,eggs
488,bread
488,parmesan
488,apples
489,coffee
489,wipes
489,milk
489,sugar
489,parmesan
490,bananas
490,apples
490,chicken
490,cheese
491,cheese
491,pasta
491,tomato_sauce
491,parmesan
491,yogurt
492,milk
492,coffee
493,tomato_sauce
493,butter
493,eggs
493,pasta
494,coffee
494,wipes
494,butter
494,milk
494,chips
494,eggs
494,sugar
494,cereal
494,apples
495,bananas
495,eggs
495,apples
496,sugar
496,coffee
497,yogurt
498,parmesan
498,rice
498,milk
498,chicken
499,wipes
499,salsa
499,chicken
499,coffee
500,tomato_sauce
500,parmesan
500,pasta
501,cheese
501,pasta
501,butter
501,tomato_sauce
501,milk
501,salsa
501,apples
502,butter
503,sugar
503,milk
503,coffee
504,rice
504,chicken
504,wipes
504,butter
504,milk
504,diapers
504,bread
504,beer
504,apples
505,chicken
505,cereal
505,milk
506,coffee
506,butter
506,milk
506,bananas
506,bread
506,cereal
507,milk
508,bananas
508,butter
508,bread
508,soda
509,cereal
509,cheese
510,coffee
510,tomato_sauce
510,butter
510,eggs
510,bread
510,parmesan
510,yogurt
511,parmesan
511,tomato_sauce
511,butter
511,milk
511,chips
511,salsa
511,soda
511,bread
511,cereal
511,apples
512,bananas
512,butter
512,rice
512,apples
513,tomato_sauce
513,chips
513,salsa
514,rice
514,chicken
514,butter
514,eggs
514,bread
514,apples
514,yogurt
515,tomato_sauce
515,milk
515,soda
515,cereal
515,yogurt
516,chips
516,milk
516,coffee
517,rice
517,chicken
517,wipes
517,tomato_sauce
517,diapers
517,bananas
517,eggs
517,parmesan
517,yogurt
518,rice
518,chicken
518,apples
519,rice
519,butter
519,milk
519,chips
519,apples
519,yogurt
520,chicken
520,wipes
520,milk
520,sugar
520,apples
521,rice
521,pasta
521,tomato_sauce
521,milk
521,bananas
521,cereal
522,bananas
522,chips
522,eggs
522,apples
522,yogurt
523,wipes
524,tomato_sauce
524,apples
524,pasta
525,milk
525,cheese
526,butter
526,bananas
526,chips
526,soda
526,bread
526,apples
527,bananas
527,tomato_sauce
527,parmesan
527,chicken
528,tomato_sauce
528,rice
528,parmesan
529,chicken
529,coffee
529,butter
529,bananas
529,bread
530,bananas
530,sugar
530,coffee
530,soda
531,tomato_sauce
531,salsa
531,parmesan
532,chicken
532,coffee
532,butter
532,eggs
532,salsa
532,bread
533,cheese
533,milk
533,chips
533,bread
533,apples
534,bananas
534,butter
534,bread
534,beer
535,parmesan
536,rice
536,chicken
536,apples
537,rice
537,apples
538,tomato_sauce
538,parmesan
538,apples
539,coffee
539,bananas
539,chips
539,sugar
539,salsa
539,apples
540,eggs
540,milk
541,pasta
541,tomato_sauce
541,butter
541,milk
541,bananas
541,bread
541,cereal
541,apples
542,bread
542,sugar
542,apples
543,chicken
543,pasta
543,tomato_sauce
543,milk
543,bananas
543,apples
544,sugar
544,rice
544,parmesan
544,coffee
545,bananas
545,soda
546,rice
546,butter
546,milk
546,chips
546,soda
546,bread
546,yogurt
547,rice
547,chicken
547,coffee
547,milk
547,bananas
547,chips
547,sugar
547,cereal
547,yogurt
548,cereal
548,cheese
549,wipes
549,diapers
549,yogurt
550,cheese
550,butter
550,milk
550,bread
550,yogurt
551,pasta
551,butter
551,tomato_sauce
551,milk
551,bread
551,parmesan
551,yogurt
552,cheese
552,diapers
552,bananas
552,eggs
552,parmesan
552,beer
553,bananas
553,apples
554,rice
554,chicken
554,coffee
554,pasta
554,chips
554,sugar
554,salsa
554,parmesan
554,yogurt
555,chips
555,sugar
555,salsa
556,rice
556,milk
556,soda
556,yogurt
557,rice
557,sugar
557,coffee
557,soda
558,butter
558,milk
558,bananas
558,eggs
558,bread
559,wipes
559,butter
559,milk
559,eggs
559,salsa
559,bread
560,milk
560,bananas
560,chips
560,eggs
560,cereal
561,rice
561,chicken
561,milk
561,chips
561,salsa
561,cereal
562,apples
563,cereal
563,milk
563,pasta
564,coffee
564,butter
564,milk
564,chips
564,sugar
564,bread
564,beer
565,salsa
565,chicken
565,apples
566,tomato_sauce
566,bread
566,parmesan
566,butter
567,rice
567,chicken
567,tomato_sauce
567,butter
567,bananas
567,salsa
567,bread
567,parmesan
567,apples
568,tomato_sauce
568,parmesan
568,coffee
568,pasta
569,butter
569,eggs
569,pasta
570,coffee
570,cheese
570,butter
570,milk
570,sugar
570,apples
571,beer
572,coffee
572,cheese
572,milk
572,sugar
572,apples
573,coffee
573,butter
573,sugar
573,soda
573,bread
573,yogurt
574,chicken
574,pasta
574,tomato_sauce
574,chips
574,eggs
574,salsa
574,apples
575,parmesan
575,tomato_sauce
575,rice
575,cereal
576,rice
576,bananas
576,chips
576,soda
576,salsa
577,eggs
577,milk
577,sugar
578,wipes
578,rice
578,diapers
579,rice
579,chicken
579,coffee
579,pasta
579,tomato_sauce
579,milk
579,sugar
579,bread
580,coffee
580,milk
580,sugar
580,soda
580,cereal
580,yogurt
581,bananas
581,apples
581,yogurt
582,rice
582,chicken
582,pasta
582,tomato_sauce
582,bananas
582,chips
582,eggs
582,parmesan
582,apples
582,yogurt
583,coffee
583,butter
583,bananas
583,chips
583,eggs
583,sugar
584,butter
584,bread
584,chicken
585,butter
585,chips
585,milk
586,eggs
586,rice
586,soda
587,sugar
587,beer
587,soda
587,yogurt
588,rice
588,coffee
588,wipes
588,diapers
588,yogurt
589,butter
589,eggs
589,chicken
589,rice
590,milk
591,chips
591,parmesan
592,butter
592,bread
592,milk
592,yogurt
593,wipes
593,sugar
593,beer
593,diapers
594,tomato_sauce
594,eggs
594,parmesan
594,pasta
595,beer
595,cheese
596,butter
596,bread
597,eggs
598,beer
598,soda
598,yogurt
599,tomato_sauce
599,parmesan
599,beer
599,pasta
600,rice
600,chicken
600,milk
600,bananas
600,yogurt
601,butter
601,bread
601,milk
602,wipes
603,tomato_sauce
603,bread
603,parmesan
603,butter
604,cereal
604,chicken
604,milk
605,butter
605,tomato_sauce
605,milk
605,soda
605,parmesan
606,pasta
606,butter
606,tomato_sauce
606,chips
606,salsa
606,bread
606,parmesan
606,apples
606,yogurt
607,apples
607,bananas
607,eggs
607,cheese
608,pasta
608,eggs
608,yogurt
609,wipes
609,diapers
609,chips
609,salsa
609,yogurt
610,rice
610,chicken
610,cheese
610,butter
610,milk
610,eggs
610,bread
610,parmesan
610,yogurt
611,chicken
611,cheese
611,milk
611,chips
611,salsa
611,apples
612,wipes
612,chips
612,salsa
612,apples
612,yogurt
613,bananas
613,wipes
613,sugar
613,diapers
614,butter
614,bread
614,soda
615,bananas
615,apples
615,cheese
616,butter
616,milk
616,eggs
616,soda
616,apples
617,tomato_sauce
617,milk
617,soda
618,eggs
618,milk
619,coffee
619,pasta
619,tomato_sauce
619,diapers
619,salsa
619,apples
620,eggs
620,sugar
620,pasta
621,apples
622,butter
622,chips
622,salsa
623,sugar
623,milk
623,coffee
623,apples
624,rice
624,chicken
624,wipes
624,bread
624,beer
625,coffee
626,butter
626,milk
626,eggs
626,sugar
626,soda
626,parmesan
626,apples
627,eggs
627,butter
627,bread
627,soda
628,wipes
628,eggs
628,apples
629,wipes
629,tomato_sauce
629,chips
629,diapers
630,coffee
630,pasta
630,milk
630,bananas
630,soda
630,apples
630,yogurt
631,butter
631,rice
631,chicken
631,soda
632,apples
632,eggs
632,soda
633,chicken
633,cheese
633,tomato_sauce
633,milk
633,bread
633,cereal
633,apples
634,pasta
634,wipes
634,tomato_sauce
634,diapers
634,soda
634,parmesan
634,beer
634,apples
635,rice
635,chicken
635,butter
635,milk
635,bananas
636,butter
636,milk
636,chips
636,salsa
636,bread
636,beer
636,apples
637,butter
637,bread
637,sugar
637,apples
638,pasta
638,tomato_sauce
638,bananas
638,soda
638,parmesan
639,wipes
639,milk
639,diapers
640,eggs
640,pasta
640,bread
640,yogurt
641,coffee
641,pasta
641,tomato_sauce
641,eggs
641,sugar
641,parmesan
642,bananas
642,apples
642,yogurt
643,coffee
643,wipes
643,diapers
643,bananas
643,sugar
644,chicken
644,coffee
644,butter
644,tomato_sauce
644,chips
644,salsa
645,rice
645,coffee
645,cheese
645,bananas
645,eggs
645,apples
646,chicken
646,wipes
646,diapers
646,bananas
646,chips
646,cereal
647,sugar
647,chicken
647,coffee
647,diapers
648,rice
648,chicken
648,milk
648,soda
648,bread
648,cereal
649,pasta
649,tomato_sauce
649,diapers
649,bananas
649,chips
649,salsa
649,bread
649,beer
649,apples
650,coffee
650,milk
650,bananas
650,chips
650,sugar
650,bread
650,apples
651,pasta
651,tomato_sauce
651,bananas
651,soda
651,parmesan
652,rice
652,chicken
652,butter
652,eggs
652,bread
653,chicken
653,rice
653,milk
653,pasta
654,eggs
654,bread
654,soda
655,tomato_sauce
655,milk
655,eggs
655,apples
655,yogurt
656,butter
657,cheese
657,pasta
657,butter
657,tomato_sauce
657,bananas
657,bread
657,parmesan
657,apples
658,bananas
658,salsa
658,yogurt
659,coffee
659,pasta
659,tomato_sauce
659,bananas
659,eggs
659,sugar
659,soda
660,butter
660,tomato_sauce
661,tomato_sauce
661,butter
661,sugar
661,bread
661,parmesan
662,pasta
662,wipes
662,butter
662,tomato_sauce
662,soda
662,bread
662,cereal
662,apples
663,butter
663,bananas
663,soda
663,bread
663,apples
664,pasta
664,tomato_sauce
664,butter
664,chips
664,salsa
664,bread
664,parmesan
665,diapers
665,yogurt
666,pasta
666,butter
666,tomato_sauce
666,eggs
666,chips
666,bread
666,parmesan
666,beer
667,tomato_sauce
667,eggs
667,parmesan
667,yogurt
668,rice
668,cheese
669,wipes
669,bananas
669,chips
669,yogurt
670,milk
670,eggs
670,sugar
670,soda
670,cereal
671,wipes
671,butter
671,bread
671,sugar
672,rice
672,wipes
672,diapers
672,chips
672,salsa
672,bread
673,bread
673,milk
673,beer
674,wipes
674,tomato_sauce
674,diapers
674,soda
674,bread
674,parmesan
675,cereal
675,cheese
675,tomato_sauce
675,milk
675,chips
675,parmesan
676,coffee
676,pasta
676,tomato_sauce
676,sugar
676,salsa
677,bananas
677,chips
677,milk
677,sugar
678,wipes
678,rice
678,milk
679,cheese
679,butter
679,milk
679,chips
679,salsa
679,beer
680,pasta
680,butter
680,milk
680,bananas
680,bread
681,chips
681,sugar
682,sugar
682,rice
682,chicken
682,coffee
683,rice
683,chicken
683,cheese
683,tomato_sauce
683,chips
683,salsa
684,milk
684,apples
685,chips
685,sugar
685,yogurt
686,chips
686,milk
686,beer
687,rice
687,chicken
687,wipes
687,butter
687,milk
687,diapers
687,soda
687,bread
687,beer
688,milk
688,cheese
689,eggs
689,bread
689,rice
689,cheese
690,rice
690,wipes
690,tomato_sauce
690,butter
690,bananas
690,eggs
690,chips
690,bread
690,parmesan
690,apples
691,rice
691,pasta
691,milk
691,bananas
691,cereal
691,yogurt
692,bananas
692,chips
693,bananas
693,apples
693,soda
694,rice
694,pasta
694,butter
694,tomato_sauce
694,bread
694,parmesan
695,coffee
696,butter
696,milk
696,bananas
696,salsa
696,bread
697,apples
698,coffee
698,chips
698,eggs
698,sugar
698,salsa
698,yogurt
699,milk
699,bananas
699,eggs
699,cereal
699,beer
700,butter
701,coffee
701,cheese
701,butter
701,sugar
701,apples
702,pasta
702,wipes
702,butter
702,tomato_sauce
702,diapers
702,bananas
702,soda
702,parmesan
702,beer
703,bananas
703,butter
703,rice
703,cereal
704,parmesan
704,chicken
704,cheese
704,pasta
704,tomato_sauce
704,salsa
704,bread
704,cereal
705,cereal
705,rice
705,chicken
705,pasta
705,tomato_sauce
705,milk
705,parmesan
706,parmesan
706,chicken
706,wipes
706,tomato_sauce
706,milk
706,bananas
706,cereal
706,apples
707,milk
707,cereal
708,coffee
708,butter
708,milk
708,bread
708,yogurt
709,coffee
709,bananas
709,chips
709,sugar
709,salsa
709,cereal
710,bread
710,chicken
710,cheese
710,yogurt
711,coffee
711,wipes
711,diapers
711,sugar
711,beer
712,rice
712,chicken
712,cheese
712,pasta
713,apples
713,bread
713,rice
713,cheese
714,bananas
714,butter
714,rice
715,bananas
715,eggs
715,apples
716,butter
716,salsa
716,cereal
716,coffee
717,milk
717,bananas
717,chips
717,sugar
717,bread
717,apples
718,chicken
718,butter
718,milk
718,bananas
718,chips
718,apples
719,apples
719,chips
719,soda
719,yogurt
720,eggs
720,milk
721,tomato_sauce
721,butter
721,bananas
721,soda
721,bread
721,parmesan
721,yogurt
722,coffee
722,milk
722,bananas
722,sugar
722,soda
722,cereal
723,chicken
723,cheese
723,pasta
723,soda
723,yogurt
724,chicken
724,milk
724,soda
724,yogurt
725,coffee
725,cheese
725,milk
725,sugar
725,soda
725,yogurt
726,chicken
726,milk
726,chips
726,eggs
726,cereal
727,rice
727,butter
727,milk
727,bread
727,cereal
727,apples
727,yogurt
728,chips
728,milk
728,soda
728,pasta
729,rice
729,chicken
729,cheese
730,coffee
730,butter
730,chips
730,salsa
730,apples
731,butter
731,coffee
732,wipes
732,diapers
732,bananas
732,chips
732,cereal
733,pasta
733,tomato_sauce
733,diapers
733,bananas
733,chips
733,salsa
733,parmesan
733,apples
734,tomato_sauce
734,parmesan
734,diapers
735,chicken
735,pasta
735,wipes
735,tomato_sauce
735,milk
735,eggs
735,parmesan
735,apples
736,pasta
736,tomato_sauce
736,butter
736,diapers
736,bread
736,apples
736,yogurt
737,butter
737,milk
737,eggs
737,salsa
737,yogurt
738,pasta
738,wipes
738,tomato_sauce
738,milk
738,eggs
738,cereal
739,rice
739,coffee
739,butter
739,milk
739,chips
739,sugar
739,salsa
739,bread
739,cereal
740,rice
740,butter
740,milk
740,chips
740,soda
740,bread
740,apples
741,eggs
742,chicken
742,cheese
742,tomato_sauce
742,eggs
742,salsa
743,tomato_sauce
743,bread
743,parmesan
743,salsa
744,apples
744,chips
744,salsa
744,soda
745,butter
745,milk
745,chips
745,bread
745,beer
745,apples
745,yogurt
746,cheese
746,pasta
746,tomato_sauce
746,parmesan
746,apples
747,chips
747,sugar
747,salsa
747,yogurt
748,bananas
748,butter
748,bread
748,milk
749,rice
749,chicken
749,wipes
749,milk
749,diapers
749,eggs
749,soda
749,cereal
749,beer
749,apples
750,parmesan
751,butter
751,bread
751,sugar
752,beer
752,apples
753,chips
753,milk
753,salsa
753,soda
754,rice
754,milk
755,sugar
755,coffee
755,apples
755,pasta
756,bananas
756,eggs
757,rice
757,pasta
757,wipes
757,butter
757,tomato_sauce
757,diapers
757,bread
757,yogurt
758,rice
758,butter
758,milk
758,bread
758,beer
758,yogurt
759,pasta
759,tomato_sauce
759,milk
759,bananas
759,salsa
759,bread
760,bananas
760,eggs
761,milk
761,bananas
761,salsa
761,cereal
761,apples
762,eggs
762,chicken
763,pasta
763,butter
763,tomato_sauce
763,bananas
763,bread
763,apples
764,cereal
764,eggs
764,parmesan
764,coffee
765,pasta
765,tomato_sauce
765,chips
765,salsa
765,apples
766,chicken
766,tomato_sauce
766,diapers
766,salsa
766,soda
766,bread
766,parmesan
767,sugar
767,coffee
768,rice
768,butter
768,bananas
768,chips
768,bread
768,apples
769,wipes
769,eggs
769,coffee
770,butter
770,milk
770,soda
770,bread
770,beer
771,wipes
771,beer
771,apples
771,diapers
772,rice
772,chicken
772,pasta
772,tomato_sauce
772,milk
772,soda
772,salsa
772,apples
773,cereal
773,tomato_sauce
773,bread
773,sugar
774,chips
774,butter
774,eggs
775,beer
775,apples
776,bananas
776,apples
776,yogurt
777,pasta
777,wipes
777,tomato_sauce
777,milk
777,parmesan
777,beer
778,butter
778,apples
779,cheese
779,wipes
779,milk
779,soda
779,cereal
779,yogurt
780,butter
780,bananas
780,chips
780,salsa
780,bread
781,rice
781,cheese
781,tomato_sauce
781,parmesan
781,yogurt
782,bananas
782,butter
782,apples
782,yogurt
783,eggs
783,bread
783,soda
783,yogurt
784,tomato_sauce
784,milk
784,pasta
785,pasta
785,butter
785,eggs
785,salsa
785,bread
786,butter
786,soda
786,bread
786,parmesan
786,apples
787,chips
788,apples
788,yogurt
789,pasta
789,tomato_sauce
789,butter
789,milk
789,bananas
789,chips
789,salsa
789,soda
789,bread
789,beer
790,wipes
790,butter
790,milk
790,bread
790,cereal
791,apples
791,coffee
791,cheese
792,beer
792,yogurt
793,coffee
793,butter
793,tomato_sauce
793,eggs
793,soda
793,parmesan
794,chips
794,apples
794,pasta
795,milk
795,sugar
795,cereal
795,beer
795,apples
796,milk
796,cereal
796,beer
796,cheese
797,wipes
797,bananas
797,parmesan
797,chicken
798,wipes
798,parmesan
798,beer
798,diapers
799,rice
799,milk
799,apples
800,butter
800,chips
800,coffee
801,cheese
801,wipes
801,tomato_sauce
801,butter
801,diapers
801,sugar
801,soda
801,bread
801,parmesan
801,beer
801,yogurt
802,rice
802,chicken
802,cheese
803,butter
803,chips
803,beer
803,coffee
804,eggs
804,chicken
804,soda
805,chicken
805,cheese
805,butter
805,milk
805,cereal
805,apples
805,yogurt
806,rice
806,chicken
806,milk
806,chips
806,eggs
807,chips
807,salsa
807,cheese
808,butter
808,bread
809,milk
809,yogurt
810,eggs
810,rice
810,salsa
810,cheese
811,rice
811,coffee
811,wipes
811,sugar
811,salsa
811,cereal
811,yogurt
812,chips
812,milk
812,rice
813,coffee
813,milk
813,bananas
813,sugar
813,apples
814,bananas
815,apples
816,cereal
816,chicken
816,milk
816,coffee
817,sugar
817,milk
817,coffee
818,rice
818,chicken
818,pasta
818,tomato_sauce
818,butter
818,bananas
818,bread
818,parmesan
818,beer
818,apples
819,tomato_sauce
819,coffee
820,bananas
820,soda
820,yogurt
821,eggs
821,butter
821,bread
821,milk
822,milk
822,bananas
822,eggs
822,salsa
822,beer
823,chicken
823,sugar
823,beer
824,milk
824,eggs
824,cereal
825,parmesan
825,soda
826,rice
826,coffee
826,butter
826,milk
826,bread
826,yogurt
827,wipes
827,butter
827,milk
827,apples
828,cereal
828,coffee
828,cheese
829,coffee
829,pasta
829,butter
829,bananas
829,soda
829,bread
830,parmesan
830,cheese
830,tomato_sauce
830,chips
830,cereal
830,apples
831,butter
831,eggs
831,soda
831,bread
831,apples
831,yogurt
832,milk
832,beer
832,yogurt
833,rice
833,chicken
833,butter
833,chips
833,salsa
834,bananas
834,cereal
834,apples
834,milk
835,chicken
835,beer
835,apples
836,butter
836,bread
836,milk
836,coffee
837,pasta
837,butter
837,tomato_sauce
837,milk
837,eggs
837,chips
837,bread
837,cereal
838,apples
838,yogurt
839,yogurt
840,coffee
840,cheese
840,milk
840,eggs
840,sugar
840,soda
840,salsa
840,cereal
841,pasta
841,butter
841,tomato_sauce
841,bananas
841,eggs
841,bread
841,apples
842,chips
842,salsa
842,yogurt
843,rice
844,milk
844,rice
844,cereal
844,apples
845,pasta
845,butter
845,tomato_sauce
845,parmesan
845,apples
845,yogurt
846,coffee
846,wipes
846,milk
846,diapers
846,sugar
846,soda
846,parmesan
847,cheese
847,pasta
847,wipes
847,tomato_sauce
847,bread
847,parmesan
847,beer
848,eggs
848,butter
848,bread
848,beer
849,rice
849,wipes
849,diapers
849,bananas
849,beer
850,eggs
850,cereal
850,soda
851,coffee
851,pasta
851,tomato_sauce
851,bananas
851,sugar
851,apples
852,chicken
852,butter
852,tomato_sauce
852,soda
852,salsa
852,parmesan
852,beer
853,parmesan
853,rice
853,chicken
853,butter
853,tomato_sauce
853,bread
853,cereal
854,chips
854,salsa
854,pasta
855,rice
855,pasta
855,wipes
855,butter
855,milk
855,diapers
855,cereal
855,beer
856,tomato_sauce
856,parmesan
856,diapers
856,yogurt
857,rice
857,cheese
857,soda
858,tomato_sauce
858,eggs
858,milk
858,pasta
859,apples
859,chicken
859,soda
860,rice
860,eggs
860,soda
860,bread
860,beer
861,coffee
861,cheese
861,tomato_sauce
861,sugar
861,bread
862,butter
862,milk
862,chips
862,salsa
862,bread
862,cereal
863,pasta
863,tomato_sauce
863,bananas
863,eggs
863,parmesan
864,coffee
864,pasta
864,tomato_sauce
864,milk
864,sugar
864,soda
864,parmesan
864,apples
865,butter
865,milk
865,chips
865,salsa
865,cereal
866,cheese
866,pasta
866,tomato_sauce
866,soda
866,parmesan
867,cereal
867,milk
868,bananas
868,chicken
868,coffee
868,yogurt
869,wipes
869,diapers
869,beer
869,yogurt
870,bananas
870,apples
871,bananas
871,chips
871,salsa
872,rice
872,wipes
872,tomato_sauce
872,milk
872,diapers
873,bananas
873,eggs
873,sugar
873,coffee
874,coffee
874,wipes
874,butter
874,chips
874,eggs
874,soda
874,salsa
874,yogurt
875,butter
875,salsa
876,tomato_sauce
876,eggs
876,milk
876,pasta
877,eggs
877,milk
878,parmesan
878,tomato_sauce
878,milk
878,cheese
879,tomato_sauce
880,butter
880,bread
880,cheese
880,soda
881,rice
881,pasta
881,tomato_sauce
881,chips
881,soda
881,salsa
881,yogurt
882,butter
882,salsa
882,cheese
882,yogurt
883,coffee
883,tomato_sauce
883,sugar
883,beer
883,apples
884,coffee
884,butter
884,eggs
884,sugar
884,bread
885,butter
885,soda
886,coffee
886,cheese
886,butter
886,milk
886,bananas
886,eggs
886,soda
887,rice
887,chicken
887,cheese
887,butter
887,sugar
887,bread
888,bananas
888,salsa
888,milk
888,pasta
889,rice
889,milk
890,chicken
890,cheese
890,pasta
890,butter
890,tomato_sauce
890,salsa
890,bread
890,parmesan
891,butter
891,cereal
891,pasta
892,bread
893,wipes
893,bread
893,sugar
893,diapers
894,chicken
894,coffee
894,milk
894,salsa
894,apples
895,eggs
895,chips
895,bread
895,cheese
896,wipes
896,tomato_sauce
896,butter
896,diapers
896,soda
896,bread
896,parmesan
896,yogurt
897,butter
897,bread
897,cereal
897,soda
898,cheese
898,butter
898,bananas
898,bread
898,apples
899,wipes
899,pasta
899,salsa
899,yogurt
900,wipes
900,apples
901,butter
901,bananas
901,sugar
901,soda
901,bread
901,parmesan
901,apples
902,chips
902,rice
902,salsa
903,chips
903,apples
903,yogurt
904,chicken
904,coffee
904,eggs
904,sugar
904,yogurt
905,wipes
905,milk
905,diapers
906,cheese
907,butter
907,diapers
907,chips
907,salsa
907,bread
907,beer
907,yogurt
908,rice
908,chicken
908,cheese
908,butter
908,bread
908,apples
909,salsa
909,milk
909,soda
910,bananas
910,salsa
910,rice
911,cheese
911,butter
911,milk
911,bananas
911,soda
911,bread
911,cereal
911,beer
912,milk
912,coffee
912,soda
913,tomato_sauce
913,bread
913,parmesan
914,yogurt
915,rice
915,chicken
915,butter
915,milk
915,chips
915,soda
915,cereal
915,apples
915,yogurt
916,bananas
916,butter
917,eggs
917,butter
917,bread
917,soda
918,pasta
918,tomato_sauce
918,chips
918,eggs
918,salsa
918,parmesan
918,beer
919,parmesan
919,bread
919,sugar
919,yogurt
920,bananas
920,bread
920,milk
920,apples
921,butter
921,bread
922,salsa
923,rice
923,coffee
923,cheese
923,tomato_sauce
923,sugar
923,cereal
924,salsa
924,cereal
925,chips
925,salsa
926,tomato_sauce
926,chicken
926,coffee
927,cheese
927,pasta
927,wipes
927,butter
927,milk
927,diapers
927,chips
927,soda
927,bread
928,cheese
928,yogurt
929,butter
930,chicken
930,cheese
930,pasta
930,tomato_sauce
930,bananas
930,salsa
930,parmesan
931,eggs
931,milk
931,sugar
932,chicken
932,cheese
932,butter
932,milk
932,eggs
932,bread
932,apples
933,chicken
933,butter
933,milk
933,bananas
933,bread
933,apples
933,yogurt
934,rice
934,cheese
934,wipes
934,milk
934,eggs
934,soda
934,salsa
934,beer
934,yogurt
935,parmesan
935,coffee
935,milk
935,sugar
935,cereal
936,milk
936,tomato_sauce
936,cereal
937,eggs
937,apples
938,wipes
939,cheese
939,tomato_sauce
939,milk
939,diapers
939,bananas
940,coffee
940,pasta
940,butter
940,milk
940,eggs
940,sugar
940,bread
941,coffee
941,soda
941,pasta
942,rice
942,chicken
942,butter
942,milk
942,chips
942,eggs
942,sugar
942,salsa
942,apples
942,yogurt
943,eggs
943,milk
943,sugar
943,apples
944,chicken
944,wipes
944,chips
944,salsa
944,yogurt
945,cereal
945,bananas
945,milk
945,yogurt
946,chips
946,salsa
946,pasta
947,pasta
947,milk
947,bananas
947,sugar
947,bread
948,wipes
948,milk
948,diapers
949,eggs
949,yogurt
950,sugar
950,coffee
950,soda
951,chips
951,eggs
951,salsa
952,sugar
952,coffee
952,pasta
953,chicken
953,coffee
953,wipes
953,diapers
953,sugar
953,beer
954,cheese
954,pasta
954,butter
954,tomato_sauce
954,milk
954,sugar
954,bread
954,parmesan
954,apples
955,sugar
955,coffee
956,bananas
956,bread
957,eggs
957,milk
957,salsa
957,rice
958,milk
958,chips
958,salsa
958,cereal
958,apples
959,chicken
959,coffee
959,butter
959,bananas
959,chips
959,sugar
959,salsa
959,soda
959,bread
960,sugar
960,coffee
960,apples
961,eggs
961,butter
961,bread
961,milk
962,chicken
962,coffee
962,yogurt
963,chicken
963,cheese
964,rice
964,milk
964,chips
964,salsa
964,cereal
965,bananas
965,soda
966,butter
966,bread
966,milk
967,coffee
967,pasta
967,tomato_sauce
967,sugar
967,apples
968,wipes
968,soda
969,rice
969,milk
970,cheese
970,wipes
970,butter
970,diapers
970,beer
971,wipes
971,cheese
972,coffee
972,wipes
972,milk
972,diapers
972,eggs
972,sugar
972,cereal
972,beer
973,chicken
973,pasta
973,tomato_sauce
973,milk
973,bread
973,cereal
973,apples
974,cereal
974,tomato_sauce
974,milk
974,bananas
974,chips
974,sugar
974,salsa
974,parmesan
975,chicken
975,rice
975,sugar
976,tomato_sauce
976,milk
976,soda
976,salsa
976,parmesan
977,rice
977,chicken
977,milk
977,salsa
977,cereal
977,beer
978,bananas
978,rice
978,milk
979,milk
979,bananas
979,chips
979,bread
979,apples
980,bananas
980,eggs
980,milk
980,apples
981,rice
981,chicken
981,milk
981,cereal
981,apples
981,yogurt
982,bread
982,sugar
982,soda
982,yogurt
983,bananas
983,chips
983,yogurt
984,chicken
984,bread
984,milk
984,coffee
985,pasta
985,butter
985,bananas
985,bread
985,yogurt
986,bananas
986,apples
986,pasta
987,chips
987,bread
987,salsa
988,butter
988,cereal
988,coffee
988,sugar
989,coffee
989,milk
989,soda
989,cereal
989,beer
990,cheese
990,milk
990,bananas
990,eggs
990,apples
991,rice
991,cheese
991,pasta
991,bananas
991,apples
991,yogurt
992,cheese
992,butter
992,milk
992,chips
992,soda
992,salsa
993,parmesan
993,tomato_sauce
993,bread
993,sugar
994,butter
994,bread
994,soda
995,coffee
995,cheese
995,pasta
995,tomato_sauce
995,diapers
995,bananas
995,eggs
995,sugar
995,parmesan
995,beer
995,apples
996,butter
996,bread
996,soda
997,sugar
997,beer
997,apples
998,eggs
998,chips
998,sugar
998,salsa
998,bread
998,yogurt
999,butter
999,bread
999,milk
999,cheese
1000,cereal
1000,butter
1000,milk
1001,rice
1001,chicken
1001,coffee
1001,wipes
1001,butter
1001,milk
1001,chips
1001,sugar
1001,soda
1001,salsa
1001,cereal
1001,beer
1002,butter
1002,eggs
1002,beer
1003,butter
1003,bread
1003,milk
1003,rice
1004,parmesan
1004,tomato_sauce
1004,chicken
1004,coffee
1005,wipes
1005,bananas
1005,milk
1006,cereal
1006,eggs
1006,milk
1006,yogurt
1007,bananas
1007,chips
1007,cereal
1007,salsa
1008,rice
1008,chicken
1008,cheese
1008,tomato_sauce
1008,milk
1008,chips
1008,salsa
1009,eggs
1009,beer
1010,rice
1010,cheese
1010,wipes
1010,butter
1010,bananas
1010,eggs
1010,chips
1010,salsa
1010,bread
1010,apples
1010,yogurt
1011,rice
1011,cheese
1011,pasta
1011,bananas
1011,salsa
1012,rice
1012,coffee
1012,wipes
1012,tomato_sauce
1012,sugar
1012,yogurt
1013,coffee
1013,milk
1013,bananas
1013,soda
1013,yogurt
1014,butter
1014,milk
1014,tomato_sauce
1015,wipes
1015,bread
1015,milk
1015,coffee
1016,chips
1017,tomato_sauce
1017,salsa
1017,sugar
1018,rice
1018,chicken
1018,milk
1018,cereal
1018,apples
1019,tomato_sauce
1019,parmesan
1019,pasta
1020,butter
1021,bananas
1021,rice
1021,chicken
1021,beer
1022,milk
1022,chips
1022,cereal
1022,beer
1022,yogurt
1023,bread
1023,beer
1024,coffee
1024,pasta
1024,milk
1024,sugar
1024,cereal
1024,apples
1025,pasta
1025,wipes
1025,butter
1025,tomato_sauce
1025,bread
1025,parmesan
1025,beer
1025,yogurt
1026,bananas
1026,tomato_sauce
1026,cheese
1026,soda
1027,cheese
1027,pasta
1027,milk
1027,bananas
1027,eggs
1027,sugar
1027,yogurt
1028,chicken
1028,cheese
1028,eggs
1028,soda
1028,beer
1029,coffee
1029,wipes
1029,milk
1029,diapers
1029,sugar
1029,bread
1029,beer
1030,tomato_sauce
1030,parmesan
1031,yogurt
1032,coffee
1032,pasta
1032,tomato_sauce
1032,milk
1032,bread
1032,parmesan
1033,eggs
1033,sugar
1033,coffee
1033,apples
1034,bananas
1034,apples
1034,cheese
1035,rice
1035,bananas
1035,chips
1035,eggs
1035,yogurt
1036,rice
1036,cheese
1036,milk
1036,bananas
1036,sugar
1036,soda
1036,cereal
1036,apples
1036,yogurt
1037,bananas
1038,butter
1038,milk
1038,eggs
1038,chips
1038,soda
1038,bread
1039,wipes
1039,chips
1039,beer
1039,soda
1040,bananas
1040,sugar
1040,apples
1041,chicken
1042,eggs
1043,cheese
1043,butter
1043,bread
1043,apples
1043,yogurt
1044,coffee
1044,milk
1044,bananas
1044,chips
1044,salsa
1044,apples
1045,apples
1045,soda
1046,rice
1046,chicken
1046,pasta
1046,tomato_sauce
1046,eggs
1046,beer
1047,coffee
1047,milk
1047,chips
1047,sugar
1047,salsa
1047,apples
1048,butter
1048,coffee
1048,yogurt
1049,wipes
1049,butter
1049,bananas
1049,chips
1049,soda
1049,bread
1049,yogurt
1050,rice
1050,chicken
1051,chicken
1051,pasta
1051,wipes
1051,tomato_sauce
1051,milk
1051,chips
1051,salsa
1051,parmesan
1051,apples
1052,coffee
1052,butter
1052,milk
1052,sugar
1052,bread
1052,beer
1052,yogurt
1053,rice
1053,cheese
1054,cheese
1054,wipes
1054,milk
1054,diapers
1054,bananas
1054,beer
1055,cheese
1055,milk
1055,chips
1055,eggs
1055,salsa
1055,cereal
1055,apples
1056,tomato_sauce
1057,chicken
1057,butter
1057,bread
1057,sugar
1058,rice
1058,chicken
1058,cheese
1058,butter
1058,milk
1058,cereal
1058,beer
1058,apples
1059,rice
1059,cheese
1059,wipes
1059,butter
1059,diapers
1059,chips
1059,salsa
1059,beer
1060,sugar
1060,milk
1060,coffee
1060,apples
1061,bananas
1061,apples
1062,butter
1062,milk
1062,bananas
1062,chips
1062,eggs
1062,salsa
1062,apples
1063,pasta
1063,milk
1063,eggs
1063,parmesan
1063,apples
1064,chicken
1064,butter
1064,tomato_sauce
1064,milk
1064,chips
1064,soda
1064,bread
1064,parmesan
1065,tomato_sauce
1065,bread
1065,apples
1066,butter
1066,bread
1066,milk
1066,yogurt
1067,cereal
1068,apples
1069,chicken
1069,cheese
1069,butter
1069,milk
1069,eggs
1069,beer
1070,coffee
1070,pasta
1070,butter
1070,tomato_sauce
1070,bread
1070,yogurt
1071,milk
1071,coffee
1072,bananas
1072,eggs
1072,apples
1073,coffee
1073,wipes
1073,chips
1073,sugar
1073,soda
1073,salsa
1074,parmesan
1074,wipes
1074,milk
1075,cheese
1075,milk
1075,eggs
1075,beer
1075,apples
1076,chicken
1076,coffee
1076,eggs
1076,sugar
1076,salsa
1076,bread
1077,cheese
1077,wipes
1077,butter
1077,milk
1077,diapers
1077,bananas
1077,bread
1077,yogurt
1078,parmesan
1078,chips
1078,soda
1078,cereal
1078,yogurt
1079,milk
1080,parmesan
1080,coffee
1080,apples
1081,tomato_sauce
1081,butter
1081,bananas
1081,eggs
1081,parmesan
1081,apples
1081,yogurt
1082,rice
1082,chicken
1082,butter
1082,bananas
1082,salsa
1082,bread
1082,yogurt
1083,pasta
1083,tomato_sauce
1083,milk
1083,eggs
1083,chips
1083,sugar
1083,salsa
1083,bread
1083,parmesan
1084,pasta
1084,tomato_sauce
1084,bananas
1084,parmesan
1084,apples
1085,chicken
1085,pasta
1085,butter
1085,tomato_sauce
1085,milk
1085,bananas
1085,bread
1085,parmesan
1086,eggs
1086,milk
1086,apples
1086,diapers
1087,rice
1087,pasta
1087,tomato_sauce
1087,chips
1087,eggs
1088,bananas
1088,rice
1088,parmesan
1088,apples
1089,milk
1089,coffee
1089,cheese
1090,salsa
1090,rice
1091,wipes
1091,butter
1091,diapers
1092,coffee
1092,wipes
1092,butter
1092,chips
1092,salsa
1092,bread
1093,rice
1093,chicken
1093,butter
1093,sugar
1093,bread
1093,apples
1093,yogurt
1094,tomato_sauce
1094,bananas
1094,sugar
1094,salsa
1094,parmesan
1095,chicken
1095,pasta
1095,tomato_sauce
1095,milk
1095,chips
1096,bananas
1096,butter
1096,apples
1097,coffee
1097,cheese
1098,bananas
1098,chicken
1098,apples
1099,rice
1100,tomato_sauce
1100,milk
1100,bananas
1100,apples
1100,yogurt
1101,rice
1101,chicken
1101,bananas
1101,soda
1101,bread
1101,apples
1102,coffee
1102,butter
1102,bananas
1102,sugar
1102,bread
1103,bananas
1103,eggs
1103,milk
1104,bananas
1104,parmesan
1105,chicken
1105,butter
1105,eggs
1105,bread
1105,apples
1106,chicken
1106,butter
1106,milk
1106,eggs
1106,beer
1107,chips
1107,cheese
1108,pasta
1108,tomato_sauce
1108,bananas
1108,salsa
1108,bread
1109,butter
1109,milk
1110,rice
1110,soda
1111,cereal
1111,chicken
1111,cheese
1111,milk
1111,bread
1111,parmesan
1111,yogurt
1112,rice
1112,apples
1113,tomato_sauce
1113,yogurt
1114,rice
1114,chicken
1114,coffee
1114,wipes
1114,milk
1114,diapers
1114,sugar
1114,bread
1114,cereal
1114,beer
1114,apples
1115,bananas
1115,coffee
1116,bananas
1116,chips
1116,rice
1116,salsa
1117,coffee
1117,pasta
1117,tomato_sauce
1117,milk
1117,sugar
1117,yogurt
1118,coffee
1118,tomato_sauce
1118,milk
1118,sugar
1118,bread
1119,sugar
1119,pasta
1120,coffee
1120,sugar
1120,beer
1121,yogurt
1122,coffee
1122,pasta
1122,tomato_sauce
1122,sugar
1122,parmesan
1123,pasta
1123,wipes
1123,diapers
1123,salsa
1123,beer
1124,bananas
1124,tomato_sauce
1124,pasta
1125,wipes
1125,chips
1126,butter
1127,wipes
1127,butter
1127,bread
1127,milk
1128,bananas
1128,apples
1129,pasta
1129,butter
1129,milk
1129,bananas
1129,eggs
1129,bread
1129,apples
1130,chicken
1130,wipes
1130,diapers
1130,beer
1130,apples
1131,soda
1132,eggs
1133,butter
1133,milk
1133,bread
1133,cereal
1133,yogurt
1134,tomato_sauce
1135,sugar
1135,milk
1135,beer
1136,coffee
1136,milk
1136,bananas
1136,beer
1136,apples
1137,butter
1137,chips
1137,salsa
1138,rice
1138,coffee
1138,milk
1138,diapers
1138,eggs
1138,beer
1139,coffee
1139,cheese
1139,wipes
1139,butter
1139,apples
1140,beer
1140,cheese
1140,soda
1141,butter
1141,bread
1141,soda
1141,yogurt
1142,wipes
1142,beer
1142,diapers
1143,cheese
1143,pasta
1143,wipes
1143,tomato_sauce
1143,parmesan
1143,beer
1144,wipes
1144,milk
1144,diapers
1144,bread
1144,cereal
1144,beer
1145,wipes
1145,beer
1145,diapers
1146,butter
1146,bananas
1146,sugar
1146,bread
1146,apples
1147,parmesan
1147,beer
1148,bread
1149,bananas
1149,butter
1149,rice
1149,apples
1150,coffee
1150,butter
1150,bananas
1150,sugar
1150,bread
1151,butter
1151,bananas
1151,chips
1151,salsa
1151,apples
1151,yogurt
1152,milk
1153,cheese
1153,pasta
1153,wipes
1153,butter
1153,tomato_sauce
1153,milk
1153,bread
1153,beer
1154,wipes
1154,diapers
1154,sugar
1154,soda
1154,beer
1154,apples
1154,yogurt
1155,bread
1155,cheese
1155,soda
1156,chips
1156,bread
1156,rice
1157,pasta
1157,tomato_sauce
1157,milk
1157,bananas
1157,eggs
1157,salsa
1157,parmesan
1157,yogurt
1158,rice
1158,butter
1158,bananas
1158,bread
1158,apples
1159,coffee
1159,butter
1159,milk
1159,bananas
1159,bread
1160,wipes
1160,butter
1160,tomato_sauce
1160,sugar
1160,soda
1160,apples
1161,chicken
1162,milk
1162,cereal
1163,chips
1163,chicken
1163,salsa
1164,coffee
1164,butter
1164,bananas
1164,eggs
1164,chips
1164,sugar
1164,bread
1165,eggs
1166,salsa
1166,milk
1166,yogurt
1167,parmesan
1167,coffee
1167,pasta
1167,tomato_sauce
1167,milk
1167,eggs
1167,sugar
1167,soda
1167,salsa
1167,cereal
1167,apples
1168,cereal
1168,cheese
1169,tomato_sauce
1169,rice
1169,milk
1169,soda
1170,rice
1170,chicken
1170,pasta
1170,butter
1170,tomato_sauce
1170,eggs
1170,beer
1171,sugar
1171,milk
1171,coffee
1172,soda
1172,yogurt
1173,parmesan
1173,coffee
1173,tomato_sauce
1173,bananas
1173,sugar
1173,soda
1173,bread
1173,cereal
1173,beer
1173,apples
1173,yogurt
1174,milk
1175,bananas
1176,eggs
1176,beer
1176,soda
1177,eggs
1178,pasta
1178,tomato_sauce
1178,eggs
1178,soda
1178,salsa
1179,tomato_sauce
1179,eggs
1179,rice
1179,pasta
1180,apples
1180,soda
1180,yogurt
1181,sugar
1181,milk
1181,coffee
1182,chicken
1182,salsa
1182,cereal
1182,beer
1183,eggs
1183,rice
1184,parmesan
1184,cheese
1185,chips
1185,sugar
1185,coffee
1186,cereal
1186,apples
1186,yogurt
1187,rice
1187,milk
1187,eggs
1187,soda
1187,apples
1188,rice
1188,chicken
1188,apples
1189,milk
1189,coffee
1189,yogurt
1190,butter
1190,apples
1190,yogurt
1191,rice
1191,cheese
1191,pasta
1191,tomato_sauce
1191,bananas
1191,beer
1191,yogurt
1192,pasta
1192,tomato_sauce
1192,milk
1192,bananas
1192,sugar
1192,cereal
1192,beer
1192,apples
1193,tomato_sauce
1193,butter
1193,bread
1193,pasta
1194,milk
1194,cereal
1195,rice
1195,chicken
1195,cheese
1195,butter
1195,sugar
1195,yogurt
1196,milk
1196,diapers
1196,chips
1196,salsa
1196,beer
1196,apples
1197,cereal
1197,chicken
1197,wipes
1197,milk
1197,parmesan
1198,chicken
1198,pasta
1198,tomato_sauce
1198,butter
1198,bread
1198,parmesan
1199,milk
1199,cereal
1199,cheese
1200,apples
1201,coffee
1201,pasta
1201,tomato_sauce
1201,bread
1201,yogurt
1202,cheese
1202,pasta
1202,tomato_sauce
1202,chips
1202,sugar
1202,salsa
1202,apples
1203,rice
1203,chicken
1203,butter
1203,chips
1203,sugar
1204,chicken
1204,coffee
1204,bananas
1204,sugar
1204,apples
1204,yogurt
1205,apples
1205,chips
1205,salsa
1205,cheese
1206,pasta
1207,chicken
1207,butter
1207,cereal
1207,milk
1208,tomato_sauce
1208,milk
1208,bananas
1208,chips
1208,eggs
1208,parmesan
1209,butter
1209,milk
1209,bananas
1209,soda
1209,bread
1210,butter
1210,milk
1210,beer
1210,yogurt
1211,cheese
1211,pasta
1211,tomato_sauce
1211,milk
1211,soda
1211,apples
1212,sugar
1212,coffee
1212,soda
1213,eggs
1213,milk
1213,cheese
1213,pasta
1214,wipes
1214,eggs
1214,soda
1215,bananas
1215,butter
1215,bread
1215,rice
1216,cheese
1216,wipes
1216,milk
1216,cereal
1216,apples
1217,wipes
1217,sugar
1217,coffee
1217,diapers
1218,butter
1219,coffee
1219,butter
1219,milk
1219,chips
1219,sugar
1219,salsa
1219,cereal
1219,beer
1220,chicken
1221,rice
1221,milk
1221,bananas
1221,chips
1221,salsa
1221,soda
1221,bread
1221,cereal
1221,apples
1222,milk
1222,bananas
1222,cereal
1222,beer
1222,apples
1223,bananas
1223,tomato_sauce
1223,salsa
1224,wipes
1224,bananas
1224,bread
1224,cereal
1224,beer
1225,coffee
1225,milk
1225,bananas
1225,sugar
1225,cereal
1225,apples
1226,salsa
1226,yogurt
1227,chicken
1227,butter
1227,salsa
1227,milk
1228,rice
1228,chicken
1228,milk
1228,bananas
1228,eggs
1228,salsa
1228,apples
1229,cheese
1229,butter
1229,milk
1229,bananas
1229,eggs
1229,soda
1229,cereal
1230,chicken
1230,butter
1230,bananas
1230,chips
1230,eggs
1230,salsa
1230,apples
1231,butter
1231,bread
1231,milk
1231,apples
1232,tomato_sauce
1232,chips
1232,parmesan
1232,salsa
1233,chicken
1234,milk
1235,coffee
1235,milk
1235,sugar
1235,soda
1235,bread
1236,milk
1236,bananas
1236,sugar
1236,soda
1236,cereal
1236,apples
1237,rice
1237,coffee
1237,milk
1237,bread
1237,cereal
1237,yogurt
1238,milk
1238,soda
1239,rice
1239,sugar
1239,beer
1239,cheese
1240,parmesan
1240,tomato_sauce
1240,butter
1240,milk
1240,chips
1240,soda
1240,bread
1240,cereal
1241,butter
1241,bread
1241,apples
1242,chicken
1242,butter
1242,eggs
1242,chips
1242,soda
1242,bread
1242,apples
1243,rice
1243,chicken
1243,cheese
1243,wipes
1243,butter
1243,milk
1243,diapers
1243,chips
1243,eggs
1243,cereal
1244,salsa
1245,rice
1245,chicken
1245,cheese
1245,pasta
1245,tomato_sauce
1245,milk
1245,chips
1245,sugar
1245,soda
1245,salsa
1245,cereal
1246,butter
1247,eggs
1247,bread
1247,milk
1248,wipes
1248,chips
1248,soda
1248,diapers
1249,cereal
1250,bananas
1250,chips
1250,eggs
1250,salsa
1250,apples
1251,sugar
1251,coffee
1252,bananas
1252,yogurt
1253,coffee
1253,pasta
1253,butter
1253,bananas
1253,bread
1253,apples
1254,tomato_sauce
1254,milk
1254,coffee
1254,soda
1255,wipes
1255,yogurt
1256,eggs
1256,butter
1256,bread
1256,cheese
1257,salsa
1258,pasta
1258,tomato_sauce
1258,bananas
1258,parmesan
1258,apples
1258,yogurt
1259,eggs
1259,milk
1259,salsa
1259,beer
1260,rice
1260,chicken
1260,soda
1261,bananas
1261,butter
1261,bread
1261,apples
1262,chips
1262,eggs
1262,salsa
1262,beer
1262,yogurt
1263,cereal
1263,milk
1263,sugar
1264,milk
1264,apples
1264,yogurt
1265,pasta
1265,milk
1265,chips
1265,eggs
1265,salsa
1265,cereal
1265,beer
1266,butter
1266,yogurt
1267,bananas
1267,chicken
1267,pasta
1268,tomato_sauce
1268,butter
1268,bread
1268,parmesan
1268,yogurt
1269,wipes
1269,bananas
1269,bread
1269,milk
1270,butter
1270,chips
1270,sugar
1270,salsa
1270,soda
1270,bread
1271,soda
1271,yogurt
1272,rice
1272,coffee
1272,butter
1272,tomato_sauce
1272,salsa
1272,parmesan
1273,chicken
1273,cheese
1273,tomato_sauce
1273,bananas
1273,soda
1273,bread
1273,beer
1273,apples
1273,yogurt
1274,wipes
1274,diapers
1274,chips
1274,eggs
1274,beer
1274,yogurt
1275,chicken
1275,wipes
1275,diapers
1275,chips
1275,beer
1276,tomato_sauce
1276,milk
1276,eggs
1276,cereal
1276,yogurt
1277,cheese
1277,milk
1277,chips
1277,salsa
1277,bread
1278,chicken
1278,cheese
1278,wipes
1278,milk
1278,diapers
1278,chips
1278,salsa
1278,apples
1278,yogurt
1279,rice
1279,chicken
1279,butter
1279,chips
1279,salsa
1279,bread
1280,butter
1280,bread
1281,cereal
1281,bananas
1281,sugar
1281,apples
1282,eggs
1282,cheese
1283,bananas
1283,butter
1283,chips
1283,salsa
1284,soda
1285,rice
1285,cheese
1285,wipes
1285,butter
1285,diapers
1285,beer
1286,eggs
1286,butter
1286,bread
1287,coffee
1287,bananas
1287,chips
1287,sugar
1287,salsa
1287,beer
1288,rice
1288,sugar
1288,cheese
1288,soda
1289,butter
1289,bread
1289,milk
1289,soda
1290,wipes
1290,tomato_sauce
1291,chicken
1291,milk
1291,beer
1291,yogurt
1292,rice
1292,chicken
1292,pasta
1292,tomato_sauce
1292,milk
1292,eggs
1292,chips
1292,salsa
1292,bread
1292,yogurt
1293,butter
1293,bread
1293,yogurt
1294,butter
1294,bread
1294,chicken
1295,wipes
1295,eggs
1295,milk
1296,bananas
1296,cereal
1296,apples
1296,milk
1297,bananas
1298,butter
1298,eggs
1298,milk
1299,eggs
1299,butter
1299,bread
1299,milk
1300,rice
1300,pasta
1300,bananas
1300,chips
1300,parmesan
1300,apples
1301,parmesan
1301,yogurt
1302,wipes
1302,tomato_sauce
1302,bananas
1302,bread
1302,parmesan
1303,milk
1303,chips
1303,soda
1303,salsa
1303,cereal
1304,bananas
1304,cereal
1304,yogurt
1305,tomato_sauce
1305,eggs
1305,parmesan
1305,apples
1305,yogurt
1306,chicken
1306,butter
1306,milk
1306,bread
1306,cereal
1306,apples
1307,milk
1307,apples
1307,cereal
1307,soda
1308,wipes
1308,butter
1308,diapers
1308,eggs
1308,bread
1309,bread
1309,soda
1310,wipes
1310,salsa
1310,chicken
1310,pasta
1311,cheese
1311,milk
1311,chips
1311,salsa
1311,bread
1311,apples
1311,yogurt
1312,butter
1312,bananas
1312,eggs
1312,bread
1312,cereal
1313,tomato_sauce
1313,eggs
1313,yogurt
1314,butter
1314,bread
1314,soda
1315,bananas
1315,eggs
1315,beer
1316,rice
1316,butter
1316,milk
1316,bananas
1316,soda
1317,butter
1317,eggs
1317,coffee
1318,wipes
1318,salsa
1318,beer
1318,diapers
1319,rice
1319,milk
1319,diapers
1319,chips
1319,sugar
1319,soda
1319,salsa
1319,cereal
1320,bananas
1320,milk
1320,beer
1321,chips
1321,apples
1322,rice
1322,chicken
1322,milk
1322,eggs
1322,salsa
1322,cereal
1322,beer
1323,rice
1323,chicken
1323,butter
1323,bananas
1323,sugar
1323,soda
1323,bread
1323,cereal
1323,apples
1324,cheese
1324,tomato_sauce
1324,milk
1324,eggs
1324,salsa
1324,parmesan
1324,apples
1324,yogurt
1325,parmesan
1325,butter
1325,milk
1326,pasta
1326,tomato_sauce
1326,milk
1326,sugar
1326,cereal
1327,diapers
1328,eggs
1328,butter
1328,bread
1329,parmesan
1330,tomato_sauce
1330,parmesan
1330,beer
1330,diapers
1331,pasta
1332,milk
1332,cereal
1332,coffee
1332,yogurt
1333,cheese
1333,milk
1333,bananas
1333,chips
1333,eggs
1334,rice
1334,butter
1334,milk
1334,bread
1334,cereal
1335,coffee
1335,cheese
1335,butter
1335,milk
1335,soda
1335,bread
1336,tomato_sauce
1336,chips
1336,cereal
1337,rice
1337,chicken
1337,bananas
1337,chips
1337,salsa
1337,beer
1338,apples
1339,bread
1340,coffee
1340,milk
1340,chips
1340,sugar
1340,salsa
1340,cereal
1340,beer
1341,butter
1341,coffee
1341,apples
1342,coffee
1342,cheese
1342,butter
1342,diapers
1342,sugar
1342,salsa
1342,beer
1343,rice
1343,wipes
1343,chips
1343,eggs
1343,soda
1344,pasta
1344,wipes
1344,butter
1344,tomato_sauce
1344,milk
1344,diapers
1344,bananas
1344,eggs
1344,sugar
1344,bread
1344,beer
1344,apples
1345,coffee
1345,pasta
1345,diapers
1345,bananas
1345,sugar
1345,salsa
1345,parmesan
1345,beer
1346,yogurt
1347,wipes
1347,tomato_sauce
1347,butter
1347,diapers
1347,eggs
1347,chips
1347,salsa
1347,bread
1348,coffee
1348,pasta
1348,butter
1348,tomato_sauce
1348,soda
1348,bread
1349,tomato_sauce
1350,chicken
1350,butter
1350,milk
1350,bananas
1350,apples
1351,eggs
1351,sugar
1351,coffee
1352,wipes
1352,butter
1352,diapers
1352,bread
1352,beer
1352,apples
1352,yogurt
1353,rice
1353,chicken
1353,pasta
1353,butter
1353,tomato_sauce
1353,parmesan
1353,yogurt
1354,bananas
1354,soda
1355,bananas
1355,salsa
1355,apples
1356,rice
1356,apples
1357,beer
1357,apples
1358,pasta
1358,tomato_sauce
1358,bananas
1358,bread
1358,parmesan
1358,apples
1359,chips
1359,chicken
1359,salsa
1360,rice
1360,cheese
1361,rice
1361,chicken
1361,cheese
1361,pasta
1361,butter
1361,tomato_sauce
1361,milk
1361,bread
1362,cheese
1362,pasta
1362,butter
1362,tomato_sauce
1362,eggs
1362,bread
1362,parmesan
1363,butter
1363,chips
1363,salsa
1364,milk
1364,sugar
1365,rice
1365,coffee
1366,coffee
1366,sugar
1366,beer
1367,beer
1367,diapers
1368,sugar
1368,milk
1368,coffee
1368,cheese
1369,wipes
1369,apples
1369,pasta
1370,butter
1370,milk
1370,diapers
1370,bananas
1370,chips
1370,eggs
1370,sugar
1371,cheese
1371,milk
1371,chips
1371,salsa
1371,yogurt
1372,cheese
1372,pasta
1372,tomato_sauce
1372,milk
1372,soda
1372,bread
1372,beer
1372,yogurt
1373,parmesan
1373,milk
1373,apples
1374,salsa
1374,sugar
1374,coffee
1375,rice
1375,chicken
1375,coffee
1375,pasta
1375,tomato_sauce
1375,bananas
1375,eggs
1375,sugar
1375,parmesan
1375,apples
1376,parmesan
1376,bananas
1376,milk
1376,soda
1377,rice
1377,chicken
1377,butter
1377,salsa
1377,bread
1378,parmesan
1378,rice
1378,wipes
1378,milk
1378,diapers
1378,bananas
1378,eggs
1378,soda
1378,cereal
1378,apples
1379,tomato_sauce
1379,pasta
1380,rice
1380,cheese
1380,tomato_sauce
1380,milk
1380,bread
1380,cereal
1381,soda
1382,coffee
1382,cheese
1382,milk
1382,chips
1382,eggs
1382,apples
1383,tomato_sauce
1383,bread
1383,apples
1383,butter
1384,bananas
1384,chips
1384,soda
1384,salsa
1384,apples
1385,chicken
1385,rice
1385,sugar
1386,butter
1386,bread
1386,apples
1387,butter
1387,milk
1387,chips
1387,salsa
1387,soda
1387,bread
1387,cereal
1387,yogurt
1388,coffee
1388,tomato_sauce
1388,chips
1388,sugar
1388,parmesan
1389,eggs
1389,apples
1389,yogurt
1390,eggs
1390,bananas
1390,butter
1390,bread
1391,bread
1391,salsa
1392,salsa
1393,cereal
1393,eggs
1393,sugar
1393,coffee
1394,bananas
1394,sugar
1394,parmesan
1394,coffee
1395,apples
1396,chicken
1396,wipes
1396,butter
1396,chips
1396,bread
1397,rice
1397,pasta
1397,milk
1397,eggs
1397,cereal
1397,apples
1398,wipes
1398,milk
1398,diapers
1398,yogurt
1399,bananas
1400,rice
1400,chicken
1400,cheese
1400,pasta
1400,apples
1401,coffee
1401,pasta
1401,tomato_sauce
1401,butter
1401,eggs
1401,sugar
1401,salsa
1401,bread
1401,apples
1402,wipes
1402,butter
1402,milk
1402,bananas
1402,soda
1402,parmesan
1402,beer
1402,apples
1403,wipes
1403,eggs
1403,apples
1403,diapers
1404,chicken
1404,wipes
1404,milk
1404,bananas
1404,salsa
1404,apples
1405,coffee
1405,wipes
1405,butter
1405,chips
1405,soda
1405,salsa
1406,wipes
1406,eggs
1406,soda
1406,parmesan
1406,apples
1407,butter
1407,cheese
1408,butter
1408,rice
1409,chips
1409,eggs
1409,salsa
1409,yogurt
1410,rice
1410,pasta
1410,tomato_sauce
1410,chips
1410,sugar
1410,soda
1410,bread
1410,apples
1411,coffee
1411,bananas
1411,chips
1411,beer
1411,apples
1412,chips
1412,sugar
1413,chicken
1413,wipes
1413,milk
1413,bananas
1413,chips
1413,cereal
1414,bananas
1414,milk
1414,beer
1415,milk
1415,coffee
1416,bananas
1416,cheese
1416,soda
1417,coffee
1417,butter
1417,milk
1417,sugar
1417,beer
1417,apples
1418,chicken
1418,butter
1418,chips
1418,salsa
1418,bread
1418,cereal
1419,wipes
1419,tomato_sauce
1419,diapers
1419,bananas
1419,parmesan
1419,beer
1419,yogurt
1420,parmesan
1420,coffee
1421,bread
1421,rice
1421,apples
1421,pasta
1422,eggs
1422,butter
1422,bread
1422,milk
1423,coffee
1423,bananas
1423,eggs
1423,sugar
1423,soda
1423,yogurt
1424,bananas
1424,yogurt
1425,butter
1425,eggs
1425,apples
1425,diapers
1426,pasta
1426,tomato_sauce
1426,soda
1426,bread
1426,parmesan
1427,coffee
1427,pasta
1427,butter
1427,bread
1427,apples
1427,yogurt
1428,bananas
1428,salsa
1428,rice
1428,apples
1429,cheese
1429,wipes
1429,bananas
1429,chips
1429,salsa
1430,cheese
1430,tomato_sauce
1430,chips
1430,eggs
1430,soda
1430,salsa
1430,cereal
1431,wipes
1431,butter
1431,diapers
1431,salsa
1431,bread
1432,salsa
1432,chips
1432,beer
1433,bananas
1433,butter
1433,apples
1433,soda
1434,rice
1435,chicken
1435,tomato_sauce
1435,rice
1435,milk
1436,milk
1436,bananas
1436,salsa
1436,cereal
1436,apples
1437,rice
1437,chicken
1437,tomato_sauce
1437,bananas
1437,parmesan
1437,apples
1438,parmesan
1438,cheese
1438,pasta
1438,butter
1438,tomato_sauce
1438,bread
1438,cereal
1439,pasta
1439,butter
1439,milk
1439,chips
1439,sugar
1439,salsa
1439,beer
1440,coffee
1440,wipes
1440,butter
1440,tomato_sauce
1440,milk
1440,diapers
1440,sugar
1440,soda
1440,parmesan
1440,beer
1441,milk
1441,rice
1441,cereal
1441,soda
1442,tomato_sauce
1442,bread
1442,coffee
1442,apples
1443,rice
1443,chicken
1443,coffee
1443,chips
1443,bread
1444,chicken
1444,rice
1444,milk
1445,cheese
1445,tomato_sauce
1445,butter
1445,chips
1445,soda
1445,salsa
1445,parmesan
1446,rice
1446,sugar
1446,salsa
1446,bread
1446,parmesan
1446,apples
1447,eggs
1447,soda
1447,salsa
1447,beer
1447,yogurt
1448,chicken
1448,cheese
1448,butter
1448,milk
1448,chips
1448,salsa
1448,bread
1448,cereal
1448,yogurt
1449,chicken
1449,cheese
1449,pasta
1449,tomato_sauce
1449,butter
1449,bananas
1449,eggs
1449,chips
1449,bread
1450,bananas
1450,bread
1450,beer
1450,apples
1451,pasta
1451,tomato_sauce
1451,bananas
1451,parmesan
1451,apples
1452,bananas
1452,eggs
1452,rice
1452,apples
1453,cheese
1453,wipes
1453,butter
1453,bread
1453,apples
1454,milk
1454,cheese
1455,coffee
1455,chips
1455,salsa
1455,bread
1455,beer
1455,apples
1456,rice
1456,coffee
1457,butter
1457,milk
1457,bananas
1457,chips
1457,sugar
1457,bread
1457,apples
1457,yogurt
1458,rice
1458,apples
1459,apples
1459,bread
1459,cheese
1459,soda
1460,cheese
1460,pasta
1460,tomato_sauce
1460,milk
1460,cereal
1460,apples
1461,cheese
1461,wipes
1461,butter
1461,diapers
1461,bread
1461,beer
1462,beer
1463,rice
1463,chicken
1463,milk
1463,bananas
1463,soda
1464,tomato_sauce
1464,butter
1464,bread
1464,pasta
1465,cereal
1465,chicken
1465,pasta
1465,tomato_sauce
1465,milk
1465,eggs
1465,parmesan
1466,eggs
1466,cereal
1466,pasta
1467,wipes
1467,chips
1467,eggs
1467,diapers
1468,cheese
1468,wipes
1468,butter
1468,milk
1468,diapers
1468,bread
1468,beer
1468,apples
1469,chicken
1469,rice
1469,milk
1469,apples
1470,coffee
1470,tomato_sauce
1470,milk
1470,bananas
1470,chips
1470,eggs
1470,sugar
1470,soda
1470,salsa
1471,parmesan
1471,wipes
1471,milk
1472,bananas
1472,chicken
1472,cheese
1473,rice
1473,wipes
1473,milk
1473,diapers
1473,chips
1473,soda
1473,salsa
1474,cereal
1474,milk
1474,beer
1474,yogurt
1475,chips
1475,bread
1475,beer
1475,butter
1476,tomato_sauce
1476,apples
1477,sugar
1478,rice
1478,butter
1478,milk
1478,sugar
1478,bread
1479,rice
1479,cheese
1479,milk
1479,bananas
1479,salsa
1479,cereal
1479,beer
1479,apples
1480,chips
1480,salsa
1480,cheese
1481,milk
1481,bananas
1481,eggs
1481,soda
1481,bread
1481,yogurt
1482,rice
1482,milk
1482,sugar
1482,beer
1482,yogurt
1483,parmesan
1483,butter
1483,chips
1483,sugar
1483,salsa
1483,cereal
1484,rice
1484,yogurt
1485,beer
1485,apples
1486,chips
1486,rice
1486,salsa
1487,tomato_sauce
1487,bananas
1487,chips
1487,sugar
1487,parmesan
1488,salsa
1488,chips
1488,coffee
1489,chicken
1489,coffee
1489,butter
1489,diapers
1489,soda
1489,cereal
1489,beer
1490,eggs
1491,pasta
1491,wipes
1491,butter
1491,tomato_sauce
1491,bread
1491,parmesan
1491,yogurt
1492,coffee
1492,cheese
1492,butter
1492,milk
1492,sugar
1493,apples
1493,milk
1493,sugar
1493,soda
1494,bananas
1494,eggs
1494,soda
1494,bread
1494,apples
1495,butter
1495,bread
1495,rice
1495,cheese
1496,coffee
1496,butter
1496,bananas
1496,sugar
1496,salsa
1496,bread
1496,beer
1497,rice
1497,cheese
1497,chips
1497,salsa
1497,cereal
1497,apples
1498,rice
1498,chicken
1498,butter
1498,milk
1498,chips
1498,sugar
1498,salsa
1498,bread
1498,cereal
1499,eggs
1499,cereal
1499,salsa
1499,soda
1500,bananas
1500,eggs
1500,yogurt
1501,tomato_sauce
1501,chips
1501,salsa
1501,soda
1501,bread
1502,parmesan
1502,milk
1503,chicken
1503,eggs
1503,soda
1503,cereal
1503,apples
1504,rice
1504,diapers
1504,eggs
1504,parmesan
1504,beer
1504,apples
1505,bananas
1505,apples
1505,beer
1505,cheese
1506,rice
1506,eggs
1506,chicken
1506,apples
1507,chicken
1507,pasta
1507,wipes
1507,tomato_sauce
1507,eggs
1507,salsa
1507,bread
1508,rice
1508,chicken
1508,pasta
1508,eggs
1508,bread
1509,chicken
1509,coffee
1509,cheese
1509,milk
1509,sugar
1509,soda
1510,bananas
1511,pasta
1511,butter
1511,tomato_sauce
1511,milk
1511,eggs
1511,sugar
1512,butter
1512,bread
1512,beer
1513,bananas
1513,soda
1514,chips
1514,bread
1514,salsa
1514,apples
1515,bananas
1515,tomato_sauce
1515,milk
1515,pasta
1516,butter
1516,milk
1516,chips
1516,salsa
1516,soda
1516,bread
1516,parmesan
1517,cheese
1517,butter
1517,eggs
1517,salsa
1517,parmesan
1518,cheese
1518,wipes
1518,diapers
1518,bananas
1518,salsa
1519,rice
1519,coffee
1519,pasta
1519,sugar
1519,cereal
1520,apples
1521,coffee
1521,wipes
1521,butter
1521,milk
1521,chips
1521,soda
1521,bread
1521,yogurt
1522,parmesan
1522,rice
1522,milk
1523,eggs
1523,sugar
1523,apples
1524,chicken
1524,chips
1524,salsa
1524,beer
1524,yogurt
1525,yogurt
1526,chicken
1526,wipes
1526,eggs
1526,sugar
1526,soda
1526,bread
1526,yogurt
1527,butter
1527,beer
1527,soda
1528,tomato_sauce
1528,butter
1528,milk
1528,bananas
1528,eggs
1528,parmesan
1528,apples
1528,yogurt
1529,rice
1529,coffee
1529,pasta
1529,tomato_sauce
1529,soda
1529,parmesan
1529,apples
1529,yogurt
1530,wipes
1530,milk
1530,diapers
1530,cereal
1530,beer
1530,apples
1531,bananas
1531,chips
1531,milk
1531,salsa
1532,sugar
1532,yogurt
1533,tomato_sauce
1533,milk
1533,beer
1534,bananas
1535,milk
1535,cereal
1535,cheese
1535,soda
1536,yogurt
1537,wipes
1537,butter
1537,tomato_sauce
1537,milk
1537,chips
1537,eggs
1537,salsa
1537,beer
1538,pasta
1538,wipes
1538,tomato_sauce
1538,diapers
1538,beer
1538,apples
1539,bananas
1539,coffee
1539,sugar
1539,beer
1540,coffee
1540,pasta
1540,butter
1540,tomato_sauce
1540,bananas
1540,chips
1540,salsa
1541,coffee
1541,pasta
1541,tomato_sauce
1541,sugar
1541,parmesan
1542,sugar
1542,milk
1542,coffee
1543,butter
1543,sugar
1543,soda
1543,bread
1543,apples
1543,yogurt
1544,milk
1544,cereal
1544,beer
1544,apples
1545,rice
1546,rice
1546,chicken
1546,coffee
1546,pasta
1546,tomato_sauce
1546,sugar
1546,cereal
1547,rice
1547,coffee
1547,pasta
1547,tomato_sauce
1547,milk
1547,apples
1548,milk
1548,cheese
1549,eggs
1549,chicken
1549,beer
1549,rice
1550,butter
1550,milk
1550,bread
1550,cereal
1550,yogurt
1551,milk
1551,butter
1551,cereal
1551,yogurt
1552,eggs
1552,cheese
1552,yogurt
1553,salsa
1553,bananas
1553,chips
1553,coffee
1554,tomato_sauce
1554,chips
1554,milk
1555,butter
1555,soda
1556,milk
1556,bananas
1556,soda
1556,bread
1556,cereal
1556,beer
1556,yogurt
1557,bananas
1557,cheese
1558,butter
1558,bread
1559,bananas
1559,butter
1559,milk
1559,apples
1560,butter
1560,milk
1560,bananas
1560,bread
1560,apples
1561,pasta
1561,tomato_sauce
1561,eggs
1561,soda
1561,parmesan
1562,cheese
1562,milk
1562,bananas
1562,cereal
1562,apples
1562,yogurt
1563,chicken
1563,milk
1564,butter
1564,chicken
1565,rice
1565,chicken
1565,coffee
1565,tomato_sauce
1565,butter
1565,bananas
1565,chips
1565,bread
1565,apples
1566,coffee
1566,tomato_sauce
1566,eggs
1566,sugar
1566,soda
1566,parmesan
1566,yogurt
1567,coffee
1567,cheese
1567,butter
1567,eggs
1567,sugar
1567,soda
1567,bread
1568,bananas
1568,salsa
1568,milk
1568,yogurt
1569,soda
1570,butter
1570,bananas
1570,eggs
1570,bread
1570,beer
1571,salsa
1571,sugar
1572,coffee
1572,milk
1572,bananas
1572,chips
1572,eggs
1572,apples
1573,bananas
1573,eggs
1573,sugar
1573,apples
1574,cereal
1574,milk
1574,beer
1574,diapers
1575,cereal
1576,eggs
1576,milk
1576,soda
1576,yogurt
1577,cheese
1577,wipes
1577,chips
1577,salsa
1577,apples
1578,cheese
1578,wipes
1578,milk
1578,diapers
1578,soda
1578,beer
1578,yogurt
1579,chips
1579,sugar
1579,coffee
1579,apples
1580,chicken
1580,bread
1580,milk
1581,bananas
1581,bread
1581,yogurt
1582,sugar
1582,coffee
1583,rice
1583,chicken
1583,cheese
1583,pasta
1583,butter
1583,milk
1583,chips
1583,salsa
1583,bread
1583,yogurt
1584,butter
1584,cheese
1585,salsa
1585,chips
1585,rice
1585,coffee
1586,chicken
1586,cheese
1586,tomato_sauce
1586,bananas
1586,parmesan
1587,milk
1587,cereal
1587,apples
1588,chips
1589,butter
1589,sugar
1589,coffee
1589,apples
1590,parmesan
1590,milk
1591,coffee
1591,butter
1591,milk
1591,chips
1591,sugar
1591,bread
1591,yogurt
1592,eggs
1592,sugar
1592,beer
1592,coffee
1593,bananas
1593,tomato_sauce
1593,milk
1594,wipes
1594,diapers
1594,parmesan
1594,beer
1594,apples
1595,wipes
1595,butter
1595,eggs
1595,bread
1595,yogurt
1596,chicken
1596,butter
1596,bananas
1596,bread
1596,beer
1596,apples
1597,rice
1597,chicken
1597,tomato_sauce
1597,milk
1597,chips
1597,cereal
1597,beer
1597,yogurt
1598,wipes
1598,milk
1598,diapers
1598,eggs
1598,soda
1598,yogurt
1599,butter
1599,bread
1599,apples
1599,yogurt
1600,bananas
1600,salsa
1600,sugar
1600,apples
1601,rice
1601,wipes
1601,butter
1601,diapers
1601,parmesan
1601,apples
1602,coffee
1602,bananas
1602,chips
1602,sugar
1602,salsa
1602,apples
1603,eggs
1603,beer
1604,cereal
1604,milk
1605,rice
1605,chicken
1605,butter
1605,salsa
1605,bread
1606,milk
1606,salsa
1606,cereal
1606,yogurt
1607,butter
1607,bread
1607,milk
1608,wipes
1608,eggs
1608,sugar
1608,cheese
1609,cereal
1609,milk
1609,yogurt
1610,bananas
1610,rice
1610,milk
1610,sugar
1611,chicken
1611,coffee
1611,tomato_sauce
1611,milk
1611,eggs
1611,sugar
1611,parmesan
1612,rice
1612,chicken
1612,wipes
1612,tomato_sauce
1612,milk
1612,chips
1613,rice
1613,chicken
1613,coffee
1613,bananas
1613,sugar
1614,milk
1614,coffee
1614,soda
1615,tomato_sauce
1615,milk
1615,soda
1615,pasta
1616,milk
1616,yogurt
1617,cereal
1617,butter
1617,milk
1617,soda
1618,chips
1618,bread
1618,butter
1619,rice
1619,chicken
1619,coffee
1619,cheese
1620,bananas
1620,bread
1620,rice
1620,yogurt
1621,wipes
1621,diapers
1621,bread
1621,beer
1621,yogurt
1622,rice
1622,chicken
1622,wipes
1622,diapers
1622,bananas
1622,apples
1623,milk
1623,chips
1623,eggs
1623,salsa
1623,cereal
1624,butter
1624,eggs
1624,soda
1624,bread
1624,yogurt
1625,pasta
1625,tomato_sauce
1625,butter
1625,bananas
1625,bread
1625,parmesan
1625,apples
1626,wipes
1626,milk
1627,bananas
1627,butter
1627,salsa
1627,yogurt
1628,cheese
1628,butter
1628,milk
1628,bananas
1628,bread
1628,cereal
1628,apples
1629,chips
1629,bread
1629,yogurt
1630,coffee
1630,wipes
1630,diapers
1630,bananas
1630,sugar
1630,beer
1630,yogurt
1631,chips
1631,milk
1631,salsa
1631,rice
1632,chips
1632,rice
1632,apples
1633,coffee
1633,butter
1633,bananas
1633,eggs
1633,sugar
1633,salsa
1634,coffee
1634,butter
1634,milk
1634,sugar
1634,cereal
1635,rice
1635,bananas
1635,bread
1635,cereal
1635,apples
1636,coffee
1636,cheese
1636,pasta
1636,butter
1636,tomato_sauce
1636,bananas
1636,bread
1636,parmesan
1636,apples
1637,bread
1637,beer
1637,coffee
1637,pasta
1638,rice
1638,chicken
1639,wipes
1639,parmesan
1639,coffee
1640,salsa
1640,apples
1641,rice
1641,chicken
1641,coffee
1641,bananas
1641,sugar
1641,soda
1642,cheese
1642,butter
1642,chips
1642,bread
1642,beer
1643,eggs
1643,apples
1644,cereal
1644,parmesan
1644,milk
1644,diapers
1645,milk
1645,butter
1645,bread
1645,cereal
1646,coffee
1646,butter
1646,tomato_sauce
1646,eggs
1646,chips
1646,soda
1646,bread
1646,parmesan
1646,apples
1647,milk
1647,apples
1648,bananas
1649,coffee
1649,pasta
1649,butter
1649,tomato_sauce
1649,chips
1649,sugar
1649,salsa
1649,bread
1649,apples
1650,bananas
1650,butter
1650,bread
1650,milk
1651,bananas
1651,eggs
1651,milk
1651,chicken
1652,pasta
1652,milk
1652,diapers
1652,bananas
1652,chips
1652,beer
1652,apples
1653,sugar
1653,cereal
1653,coffee
1654,tomato_sauce
1654,rice
1654,soda
1654,yogurt
1655,pasta
1655,butter
1655,tomato_sauce
1655,sugar
1655,bread
1655,cereal
1656,chips
1656,coffee
1657,rice
1657,milk
1657,bananas
1657,eggs
1657,cereal
1657,beer
1657,apples
1658,coffee
1658,milk
1658,sugar
1658,soda
1658,parmesan
1659,parmesan
1659,tomato_sauce
1659,butter
1659,milk
1659,bananas
1659,bread
1659,cereal
1660,cheese
1660,tomato_sauce
1660,bread
1660,parmesan
1660,apples
1660,yogurt
1661,eggs
1662,bananas
1662,rice
1662,chicken
1663,chicken
1663,milk
1663,coffee
1664,pasta
1664,wipes
1664,tomato_sauce
1664,diapers
1664,bananas
1665,bananas
1665,tomato_sauce
1665,soda
1666,beer
1666,diapers
1667,pasta
1667,butter
1667,tomato_sauce
1667,milk
1667,eggs
1667,chips
1667,bread
1668,chicken
1668,pasta
1668,tomato_sauce
1668,eggs
1668,sugar
1669,butter
1669,bread
1669,beer
1669,cheese
1670,chicken
1670,butter
1670,milk
1670,chips
1670,eggs
1670,soda
1670,cereal
1671,parmesan
1671,chips
1671,milk
1671,salsa
1672,butter
1672,chips
1672,salsa
1672,bread
1672,apples
1673,eggs
1673,bread
1673,parmesan
1674,wipes
1674,butter
1674,chips
1674,sugar
1674,soda
1674,bread
1674,parmesan
1675,salsa
1675,chips
1675,parmesan
1675,beer
1676,coffee
1676,wipes
1676,tomato_sauce
1676,bananas
1676,sugar
1676,parmesan
1676,apples
1677,apples
1678,butter
1678,eggs
1678,chips
1678,bread
1678,yogurt
1679,butter
1679,bread
1680,rice
1680,chicken
1680,milk
1680,chips
1680,soda
1680,salsa
1681,chips
1681,milk
1681,apples
1682,yogurt
1683,wipes
1683,butter
1683,diapers
1683,beer
1683,yogurt
1684,coffee
1684,beer
1684,yogurt
1685,coffee
1685,soda
1686,milk
1686,cereal
1686,pasta
1687,cereal
1687,milk
1687,yogurt
1688,rice
1688,chicken
1689,wipes
1689,diapers
1689,bananas
1689,salsa
1689,yogurt
1690,coffee
1690,cheese
1690,butter
1690,milk
1690,salsa
1690,bread
1690,apples
1691,rice
1691,chicken
1691,milk
1691,bananas
1691,soda
1691,salsa
1691,apples
1692,coffee
1692,cheese
1692,milk
1692,bananas
1692,apples
1693,chicken
1693,coffee
1693,cheese
1693,chips
1693,sugar
1693,salsa
1694,chicken
1694,cheese
1695,eggs
1695,butter
1695,bread
1696,chicken
1696,milk
1696,apples
1697,eggs
1697,bread
1697,rice
1697,cheese
1698,butter
1698,milk
1698,salsa
1698,bread
1698,cereal
1698,beer
1699,rice
1699,chicken
1699,coffee
1699,chips
1699,apples
1700,milk
1700,eggs
1700,cereal
1700,apples
1701,wipes
1701,tomato_sauce
1701,chips
1701,pasta
1702,pasta
1702,tomato_sauce
1702,parmesan
1702,apples
1702,yogurt
1703,butter
1703,milk
1703,soda
1704,chips
1704,eggs
1704,salsa
1704,cereal
1704,yogurt
1705,tomato_sauce
1705,rice
1705,parmesan
1705,yogurt
1706,wipes
1706,eggs
1706,chicken
1706,cheese
1707,tomato_sauce
1707,milk
1707,bananas
1707,bread
1707,parmesan
1708,cheese
1708,milk
1708,bananas
1708,chips
1708,salsa
1708,soda
1708,bread
1709,bread
1709,milk
1709,salsa
1710,chips
1710,bread
1710,milk
1710,salsa
1711,parmesan
1711,tomato_sauce
1711,milk
1711,bread
1711,cereal
1711,beer
1711,apples
1711,yogurt
1712,pasta
1712,tomato_sauce
1712,bananas
1712,eggs
1712,soda
1712,beer
1713,chips
1713,milk
1713,yogurt
1714,rice
1714,chicken
1714,milk
1714,soda
1714,parmesan
1714,yogurt
1715,chips
1715,salsa
1715,apples
1715,yogurt
1716,coffee
1716,milk
1716,cereal
1716,beer
1716,apples
1716,yogurt
1717,milk
1717,cereal
1718,pasta
1718,wipes
1718,tomato_sauce
1718,diapers
1718,bananas
1718,eggs
1718,parmesan
1718,apples
1719,chicken
1719,coffee
1719,pasta
1719,butter
1719,tomato_sauce
1719,eggs
1719,sugar
1719,apples
1720,wipes
1720,tomato_sauce
1720,beer
1720,diapers
1721,eggs
1721,milk
1721,beer
1721,soda
1722,eggs
1722,cereal
1723,chips
1723,sugar
1723,apples
1724,yogurt
1725,bread
1725,beer
1725,salsa
1725,cheese
1726,bread
1726,milk
1727,tomato_sauce
1727,milk
1727,chips
1727,salsa
1727,apples
1728,wipes
1728,butter
1728,beer
1728,diapers
1729,tomato_sauce
1729,milk
1729,bananas
1729,chips
1729,salsa
1729,apples
1730,bananas
1730,apples
1731,wipes
1731,rice
1731,beer
1731,yogurt
1732,coffee
1732,pasta
1732,tomato_sauce
1732,bananas
1732,apples
1733,butter
1733,milk
1733,bread
1733,cereal
1733,apples
1734,chicken
1734,cheese
1734,milk
1734,sugar
1734,cereal
1734,beer
1735,coffee
1735,cheese
1735,tomato_sauce
1735,bananas
1735,chips
1736,bread
1736,beer
1737,chicken
1737,butter
1737,bananas
1737,eggs
1737,bread
1737,parmesan
1737,apples
1738,coffee
1738,wipes
1738,diapers
1738,sugar
1738,soda
1739,eggs
1739,beer
1740,bananas
1740,chips
1740,salsa
1741,wipes
1741,eggs
1742,milk
1742,beer
1742,soda
1743,rice
1743,butter
1743,milk
1743,eggs
1743,bread
1743,apples
1744,parmesan
1744,cheese
1744,tomato_sauce
1744,bread
1744,cereal
1744,beer
1744,yogurt
1745,rice
1745,butter
1745,milk
1745,bananas
1745,cereal
1746,coffee
1746,wipes
1746,diapers
1746,sugar
1746,apples
1747,milk
1747,coffee
1747,soda
1748,butter
1748,bananas
1748,soda
1748,bread
1748,parmesan
1748,apples
1749,rice
1749,chicken
1749,pasta
1749,butter
1749,tomato_sauce
1749,bananas
1749,bread
1749,apples
1749,yogurt
1750,chicken
1750,coffee
1750,wipes
1750,milk
1750,diapers
1750,sugar
1750,salsa
1750,beer
1751,butter
1751,bananas
1751,bread
1751,parmesan
1751,apples
1751,yogurt
1752,rice
1752,chicken
1752,coffee
1752,cheese
1752,soda
1753,cereal
1753,soda
1753,yogurt
1754,pasta
1754,wipes
1754,butter
1754,tomato_sauce
1754,salsa
1754,cereal
1755,apples
1755,parmesan
1755,cheese
1756,rice
1756,chicken
1756,cheese
1756,tomato_sauce
1756,milk
1756,chips
1756,bread
1756,parmesan
1756,apples
1757,chips
1758,butter
1758,eggs
1758,milk
1759,tomato_sauce
1759,butter
1759,bread
1759,parmesan
1759,beer
1759,yogurt
1760,bananas
1760,chicken
1761,coffee
1762,pasta
1762,wipes
1762,butter
1762,diapers
1762,eggs
1762,beer
1762,apples
1763,milk
1763,butter
1763,cereal
1764,rice
1764,chicken
1764,cheese
1764,wipes
1764,diapers
1764,eggs
1764,soda
1764,cereal
1764,beer
1765,butter
1765,bananas
1765,beer
1765,apples
1765,yogurt
1766,bananas
1766,chips
1766,bread
1766,cereal
1767,rice
1767,coffee
1767,chips
1767,sugar
1767,apples
1768,butter
1768,bananas
1768,bread
1768,beer
1768,apples
1769,butter
1769,milk
1769,bananas
1769,chips
1769,salsa
1769,apples
1770,chicken
1770,bread
1770,milk
1771,butter
1771,milk
1771,chips
1771,salsa
1771,bread
1771,cereal
1772,parmesan
1772,tomato_sauce
1772,eggs
1772,milk
1773,bread
1773,rice
1773,coffee
1773,cheese
1774,cereal
1774,sugar
1775,eggs
1775,chicken
1775,coffee
1775,rice
1776,butter
1776,beer
1776,yogurt
1777,parmesan
1777,wipes
1777,milk
1777,yogurt
1778,chips
1778,salsa
1778,apples
1779,rice
1779,chicken
1779,butter
1779,salsa
1779,bread
1780,cheese
1780,butter
1780,milk
1780,chips
1780,cereal
1780,apples
1781,soda
1782,chicken
1782,coffee
1782,wipes
1782,milk
1782,sugar
1782,salsa
1782,beer
1782,apples
1783,cereal
1783,milk
1784,milk
1784,salsa
1784,cereal
1784,apples
1785,rice
1785,chicken
1785,tomato_sauce
1785,milk
1785,bananas
1785,parmesan
1786,bread
1786,soda
1787,chips
1787,chicken
1787,salsa
1787,rice
1788,pasta
1788,tomato_sauce
1788,chips
1788,sugar
1788,cereal
1789,tomato_sauce
1789,bread
1789,salsa
1789,coffee
1790,rice
1790,pasta
1790,tomato_sauce
1790,milk
1790,bananas
1790,soda
1790,parmesan
1790,beer
1790,apples
1791,coffee
1791,cheese
1791,soda
1792,rice
1792,chicken
1792,pasta
1792,tomato_sauce
1792,milk
1792,chips
1792,parmesan
1792,yogurt
1793,butter
1793,bread
1793,milk
1794,bread
1794,sugar
1794,coffee
1795,butter
1795,eggs
1795,sugar
1795,salsa
1795,bread
1796,eggs
1796,beer
1796,yogurt
1797,bananas
1797,milk
1797,cheese
1798,chicken
1798,coffee
1798,butter
1798,milk
1798,bananas
1798,sugar
1798,bread
1798,cereal
1798,apples
1798,yogurt
1799,coffee
1799,cheese
1799,tomato_sauce
1799,milk
1799,eggs
1799,sugar
1799,parmesan
1799,beer
1799,apples
1800,rice
1800,chicken
1800,pasta
1800,tomato_sauce
1800,eggs
1800,parmesan
1801,yogurt
1802,rice
1802,pasta
1802,butter
1802,milk
1802,bananas
1802,bread
1802,cereal
1803,pasta
1803,butter
1803,tomato_sauce
1803,bananas
1803,chips
1803,sugar
1803,salsa
1803,bread
1803,apples
1804,bananas
1804,butter
1804,beer
1804,apples
1805,coffee
1805,butter
1805,tomato_sauce
1805,milk
1805,sugar
1805,cereal
1805,apples
1806,wipes
1806,butter
1806,milk
1806,diapers
1806,bread
1807,milk
1807,yogurt
1808,milk
1809,rice
1809,cheese
1809,pasta
1809,tomato_sauce
1809,chips
1809,salsa
1809,apples
1810,chicken
1810,coffee
1810,pasta
1810,tomato_sauce
1810,milk
1810,eggs
1810,sugar
1810,apples
1811,butter
1811,cereal
1811,soda
1812,butter
1812,bread
1812,soda
1813,pasta
1813,wipes
1813,milk
1813,diapers
1813,chips
1813,eggs
1813,salsa
1814,bananas
1814,rice
1814,chicken
1815,rice
1815,chicken
1815,tomato_sauce
1815,bananas
1815,chips
1815,salsa
1815,bread
1816,wipes
1817,butter
1817,milk
1817,chips
1817,salsa
1817,bread
1817,beer
1818,wipes
1818,pasta
1818,soda
1818,yogurt
1819,rice
1819,wipes
1819,milk
1819,diapers
1819,soda
1820,rice
1820,wipes
1820,milk
1820,diapers
1820,bananas
1820,sugar
1820,cereal
1820,beer
1820,apples
1821,sugar
1821,coffee
1822,rice
1822,chicken
1822,pasta
1822,tomato_sauce
1822,cereal
1823,coffee
1823,tomato_sauce
1823,chips
1823,sugar
1823,salsa
1824,milk
1824,bananas
1824,eggs
1824,chips
1824,salsa
1824,bread
1825,pasta
1825,butter
1825,tomato_sauce
1825,eggs
1825,soda
1825,bread
1826,bananas
1826,eggs
1826,sugar
1826,apples
1827,rice
1827,chicken
1827,tomato_sauce
1827,salsa
1827,parmesan
1827,apples
1828,rice
1828,sugar
1828,cheese
1829,pasta
1829,wipes
1829,tomato_sauce
1829,diapers
1829,beer
1829,apples
1830,rice
1830,tomato_sauce
1830,milk
1830,parmesan
1830,apples
1830,yogurt
1831,cheese
1831,wipes
1831,milk
1831,diapers
1831,eggs
1831,parmesan
1831,beer
1832,parmesan
1832,apples
1833,parmesan
1833,tomato_sauce
1833,milk
1833,bananas
1833,cereal
1833,yogurt
1834,butter
1834,milk
1834,eggs
1834,chips
1834,soda
1834,bread
1835,wipes
1835,cheese
1835,yogurt
1836,beer
1836,soda
1837,cheese
1837,milk
1837,bananas
1837,chips
1837,salsa
1838,cheese
1838,yogurt
1839,wipes
1839,butter
1839,milk
1839,diapers
1839,bananas
1839,sugar
1839,beer
1839,apples
1840,coffee
1840,bananas
1840,sugar
1840,soda
1840,salsa
1840,beer
1841,butter
1841,milk
1841,chips
1841,salsa
1841,bread
1841,apples
1842,rice
1842,eggs
1842,sugar
1842,soda
1842,beer
1843,wipes
1843,milk
1843,diapers
1843,chips
1843,eggs
1843,sugar
1843,soda
1844,wipes
1844,tomato_sauce
1844,coffee
1844,apples
1845,rice
1845,chicken
1845,coffee
1845,wipes
1845,butter
1845,milk
1845,diapers
1845,chips
1845,salsa
1845,bread
1846,butter
1846,milk
1846,apples
1846,yogurt
1847,rice
1847,coffee
1847,bananas
1847,soda
1847,bread
1848,bananas
1848,tomato_sauce
1848,sugar
1848,cheese
1849,tomato_sauce
1849,bananas
1849,chips
1849,salsa
1849,beer
1849,apples
1850,cereal
1850,bananas
1850,milk
1850,apples
1851,bananas
1852,cheese
1852,butter
1852,soda
1852,apples
1852,yogurt
1853,butter
1853,eggs
1853,bread
1853,parmesan
1853,apples
1853,yogurt
1854,rice
1854,pasta
1854,butter
1854,milk
1854,bananas
1854,chips
1854,bread
1854,cereal
1854,apples
1855,bananas
1855,milk
1855,apples
1856,butter
1856,bread
1856,chicken
1856,soda
1857,parmesan
1857,beer
1857,apples
1858,eggs
1858,beer
1858,salsa
1858,soda
1859,cereal
1859,milk
1860,coffee
1860,wipes
1860,diapers
1860,chips
1860,soda
1860,apples
1860,yogurt
1861,butter
1861,milk
1861,bananas
1861,soda
1861,bread
1861,apples
1862,rice
1862,chicken
1862,milk
1862,chips
1862,salsa
1863,bread
1863,apples
1864,cereal
1864,milk
1865,rice
1865,pasta
1865,butter
1865,tomato_sauce
1865,chips
1865,salsa
1865,bread
1865,parmesan
1866,milk
1866,beer
1867,chips
1867,eggs
1867,salsa
1868,bananas
1868,milk
1869,cheese
1869,pasta
1869,tomato_sauce
1869,soda
1869,salsa
1870,butter
1870,milk
1870,bananas
1870,bread
1870,apples
1871,tomato_sauce
1871,milk
1871,eggs
1871,sugar
1871,soda
1871,parmesan
1872,rice
1872,chicken
1872,pasta
1872,eggs
1872,apples
1872,yogurt
1873,apples
1873,eggs
1873,beer
1873,cheese
1874,butter
1874,bananas
1874,chips
1874,bread
1874,beer
1874,apples
1874,yogurt
1875,parmesan
1876,parmesan
1876,bread
1876,milk
1877,apples
1877,milk
1877,cheese
1877,yogurt
1878,bananas
1878,chips
1878,milk
1879,butter
1879,milk
1879,chips
1879,salsa
1879,bread
1880,wipes
1880,chips
1880,milk
1881,rice
1881,apples
1881,chicken
1881,soda
1882,milk
1882,yogurt
1883,rice
1883,sugar
1884,wipes
1884,milk
1884,diapers
1884,bananas
1884,chips
1884,apples
1885,sugar
1885,milk
1885,coffee
1886,rice
1886,chicken
1886,butter
1886,chips
1886,bread
1886,parmesan
1887,rice
1887,chicken
1887,coffee
1887,cheese
1887,pasta
1887,wipes
1887,butter
1887,tomato_sauce
1887,parmesan
1888,coffee
1888,butter
1888,tomato_sauce
1888,milk
1888,sugar
1888,parmesan
1888,apples
1889,bananas
1889,chicken
1890,bananas
1890,salsa
1890,milk
1890,rice
1891,eggs
1891,butter
1891,bread
1891,coffee
1892,tomato_sauce
1892,eggs
1892,soda
1893,chips
1893,bread
1893,beer
1894,milk
1895,cereal
1895,eggs
1895,milk
1895,coffee
1896,milk
1897,cheese
1898,rice
1898,chicken
1898,butter
1898,chips
1898,salsa
1898,bread
1898,apples
1899,bread
1899,pasta
1900,salsa
1900,coffee
1900,soda
1900,yogurt
1901,milk
1901,bananas
1901,sugar
1901,soda
1901,cereal
1901,apples
1902,bananas
1902,butter
1902,bread
1903,coffee
1903,milk
1903,diapers
1903,chips
1903,salsa
1903,beer
1903,apples
1904,chicken
1904,butter
1904,milk
1904,soda
1904,bread
1904,cereal
1905,bananas
1905,soda
1905,yogurt
1906,cheese
1906,pasta
1906,tomato_sauce
1906,milk
1906,parmesan
1907,butter
1907,bread
1907,soda
1908,wipes
1908,diapers
1908,chips
1908,salsa
1908,cereal
1908,beer
1909,milk
1909,bananas
1909,cereal
1909,beer
1909,apples
1910,rice
1910,chicken
1910,butter
1910,chips
1910,salsa
1911,apples
1911,cheese
1912,bananas
1912,cheese
1912,yogurt
1913,bananas
1913,milk
1913,apples
1913,yogurt
1914,butter
1914,milk
1914,apples
1915,chips
1915,rice
1915,coffee
1915,cheese
1916,cheese
1916,pasta
1916,tomato_sauce
1916,parmesan
1916,apples
1917,salsa
1917,milk
1918,chicken
1918,eggs
1918,cereal
1919,wipes
1919,butter
1919,bananas
1919,eggs
1919,soda
1919,bread
1920,pasta
1920,milk
1920,eggs
1920,sugar
1920,yogurt
1921,cereal
1921,coffee
1921,cheese
1921,sugar
1921,bread
1921,parmesan
1921,beer
1922,rice
1922,chicken
1922,butter
1922,bread
1922,yogurt
1923,cheese
1923,bananas
1923,chips
1923,eggs
1923,salsa
1924,rice
1924,beer
1925,coffee
1925,butter
1925,eggs
1925,sugar
1925,bread
1926,cheese
1926,butter
1926,tomato_sauce
1926,milk
1926,sugar
1926,cereal
1927,milk
1927,chips
1927,eggs
1927,salsa
1927,apples
1927,yogurt
1928,bananas
1928,soda
1929,bananas
1929,milk
1929,chicken
1930,rice
1930,coffee
1930,butter
1930,sugar
1930,soda
1930,apples
1931,coffee
1931,sugar
1931,bread
1931,parmesan
1931,beer
1931,apples
1932,butter
1932,rice
1932,soda
1932,yogurt
1933,butter
1933,bread
1933,milk
1934,parmesan
1934,pasta
1934,tomato_sauce
1934,milk
1934,eggs
1934,cereal
1935,wipes
1935,chips
1935,milk
1936,parmesan
1936,pasta
1936,butter
1936,tomato_sauce
1936,milk
1936,cereal
1936,apples
1937,coffee
1937,butter
1937,bananas
1937,chips
1937,soda
1937,salsa
1937,apples
1938,chicken
1938,sugar
1938,milk
1938,coffee
1939,rice
1939,milk
1939,bananas
1939,chips
1939,salsa
1940,bananas
1940,bread
1940,beer
1940,soda
1941,milk
1941,bananas
1941,salsa
1941,parmesan
1941,apples
1942,salsa
1942,milk
1943,wipes
1943,milk
1943,bananas
1943,bread
1943,cereal
1943,beer
1943,apples
1944,coffee
1944,bananas
1944,chips
1944,sugar
1944,soda
1945,cheese
1945,tomato_sauce
1945,eggs
1945,soda
1945,apples
1946,bread
1946,rice
1946,cheese
1947,butter
1947,bananas
1947,sugar
1947,bread
1947,apples
1948,bread
1948,cheese
1949,cheese
1950,apples
1950,bread
1950,soda
1951,rice
1951,bread
1951,chicken
1951,cheese
1952,coffee
1952,milk
1952,sugar
1952,salsa
1952,cereal
1953,bread
1953,cheese
1954,butter
1954,bread
1955,wipes
1955,butter
1955,salsa
1955,bread
1955,apples
1956,butter
1956,milk
1956,coffee
1957,coffee
1957,butter
1957,milk
1957,eggs
1957,sugar
1957,bread
1957,cereal
1957,yogurt
1958,wipes
1958,milk
1958,apples
1959,milk
1959,sugar
1959,yogurt
1960,milk
1960,coffee
1960,cheese
1961,eggs
1961,rice
1961,cheese
1962,pasta
1962,tomato_sauce
1962,bananas
1962,apples
1962,yogurt
1963,butter
1963,bread
1963,salsa
1963,yogurt
1964,pasta
1964,butter
1964,tomato_sauce
1964,salsa
1964,bread
1964,parmesan
1965,eggs
1965,milk
1965,soda
1966,bananas
1966,parmesan
1966,beer
1966,diapers
1967,cereal
1967,tomato_sauce
1967,milk
1967,eggs
1967,parmesan
1968,butter
1968,bread
1968,milk
1969,chicken
1969,eggs
1969,milk
1970,coffee
1970,wipes
1970,butter
1970,milk
1970,diapers
1970,bananas
1970,bread
1970,beer
1971,wipes
1971,chips
1971,parmesan
1971,diapers
1972,butter
1972,soda
1972,bread
1972,parmesan
1972,apples
1973,milk
1973,cereal
1974,cereal
1974,milk
1974,parmesan
1975,bananas
1975,yogurt
1976,pasta
1976,butter
1976,tomato_sauce
1976,bread
1976,parmesan
1976,yogurt
1977,milk
1977,apples
1978,sugar
1978,coffee
1978,cheese
1979,eggs
1979,chicken
1979,rice
1979,yogurt
1980,coffee
1980,milk
1980,diapers
1980,bananas
1980,chips
1980,eggs
1980,cereal
1980,beer
1980,yogurt
1981,bananas
1981,beer
1981,diapers
1982,tomato_sauce
1982,butter
1982,bananas
1982,eggs
1982,bread
1982,cereal
1983,milk
1983,yogurt
1984,eggs
1984,butter
1984,bread
1984,milk
1985,rice
1985,chicken
1985,cheese
1985,soda
1985,apples
1986,wipes
1986,milk
1986,bananas
1986,eggs
1986,soda
1986,apples
1987,chips
1987,bread
1987,milk
1987,soda
1988,soda
1988,yogurt
1989,tomato_sauce
1990,wipes
1990,butter
1990,milk
1990,bananas
1990,eggs
1990,bread
1991,butter
1991,bread
1991,cereal
1991,soda
1992,rice
1992,chicken
1992,wipes
1992,milk
1992,soda
1993,butter
1993,milk
1993,eggs
1993,bread
1993,cereal
1994,butter
1994,bread
1994,chicken
1995,rice
1995,butter
1995,milk
1995,eggs
1995,soda
1995,salsa
1995,apples
1996,chicken
1996,bread
1996,cereal
1996,milk
1997,wipes
1997,butter
1997,diapers
1997,bread
1997,beer
1997,apples
1998,rice
1998,chicken
1998,milk
1998,bananas
1998,eggs
1998,cereal
1998,yogurt
1999,coffee
1999,butter
1999,milk
1999,bananas
1999,chips
1999,bread
1999,cereal
1999,apples
2000,wipes
2000,chips
2000,salsa
2000,parmesan
2000,yogurt
2001,cheese
2001,butter
2001,milk
2001,bread
2001,cereal
2002,bananas
2002,eggs
2002,chicken
2002,cheese
2003,rice
2003,chicken
2003,coffee
2003,butter
2003,diapers
2003,sugar
2003,bread
2003,beer
2004,tomato_sauce
2004,chips
2004,salsa
2004,soda
2004,bread
2004,parmesan
2004,beer
2004,yogurt
2005,chicken
2006,eggs
2006,parmesan
2006,cheese
2007,apples
2007,bread
2007,soda
2007,yogurt
2008,sugar
2009,rice
2009,chicken
2009,coffee
2009,butter
2009,milk
2009,sugar
2009,salsa
2009,cereal
2010,bananas
2010,apples
2011,butter
2011,bread
2012,rice
2012,chicken
2012,butter
2012,eggs
2012,bread
2012,parmesan
2013,rice
2013,coffee
2013,wipes
2013,eggs
2013,sugar
2014,chips
2014,rice
2014,salsa
2014,apples
2015,bananas
2015,eggs
2015,apples
2015,yogurt
2016,butter
2016,chips
2016,salsa
2016,soda
2016,bread
2017,butter
2017,milk
2017,chips
2017,salsa
2017,bread
2017,apples
2018,rice
2018,wipes
2018,milk
2018,diapers
2018,bananas
2018,chips
2018,salsa
2018,soda
2018,bread
2019,milk
2019,chips
2019,soda
2019,salsa
2019,yogurt
2020,rice
2020,coffee
2020,cheese
2020,milk
2020,sugar
2020,cereal
2020,apples
2021,salsa
2021,apples
2021,yogurt
2022,pasta
2022,tomato_sauce
2022,chips
2022,salsa
2022,soda
2022,bread
2023,chicken
2023,bananas
2023,eggs
2023,sugar
2023,parmesan
2024,rice
2024,chips
2024,chicken
2024,apples
2025,rice
2025,coffee
2025,butter
2025,eggs
2025,chips
2025,salsa
2025,bread
2025,cereal
2025,yogurt
2026,cheese
2026,milk
2026,bananas
2026,salsa
2026,cereal
2026,apples
2027,rice
2027,chicken
2027,cheese
2027,sugar
2027,soda
2027,beer
2028,bananas
2028,chips
2028,sugar
2028,coffee
2029,tomato_sauce
2029,milk
2029,sugar
2030,rice
2030,cheese
2030,pasta
2030,tomato_sauce
2030,beer
2031,cheese
2031,milk
2031,diapers
2031,eggs
2031,apples
2032,rice
2032,diapers
2032,chips
2032,soda
2032,salsa
2032,beer
2033,rice
2033,chicken
2033,cheese
2033,milk
2033,chips
2033,salsa
2033,cereal
2033,beer
2034,cheese
2034,butter
2034,milk
2034,chips
2034,bread
2034,cereal
2034,apples
2035,tomato_sauce
2035,butter
2035,bread
2035,pasta
2036,pasta
2037,chips
2037,coffee
2038,apples
2038,butter
2038,bread
2038,cheese
2039,milk
2039,cereal
2039,soda
2040,apples
2040,soda
2041,coffee
2041,pasta
2041,butter
2041,tomato_sauce
2041,sugar
2041,beer
2042,pasta
2042,tomato_sauce
2042,butter
2042,milk
2042,apples
2043,eggs
2043,bread
2043,milk
2043,salsa
2044,soda
2045,bananas
2045,butter
2045,milk
2046,bananas
2046,butter
2046,bread
2046,milk
2047,rice
2047,cheese
2047,bananas
2047,chips
2047,sugar
2047,salsa
2047,beer
2048,rice
2048,chicken
2048,wipes
2048,butter
2048,diapers
2048,bananas
2048,bread
2049,eggs
2049,milk
2050,bananas
2050,milk
2050,soda
2051,wipes
2051,beer
2051,diapers
2052,bananas
2052,chips
2052,beer
2052,apples
2053,tomato_sauce
2053,yogurt
2054,bread
2054,milk
2054,apples
2054,yogurt
2055,tomato_sauce
2055,bananas
2055,chips
2055,eggs
2055,soda
2055,salsa
2056,butter
2056,eggs
2056,soda
2056,beer
2056,apples
2057,butter
2057,yogurt
2058,rice
2058,chicken
2058,tomato_sauce
2058,chips
2058,salsa
2058,parmesan
2058,yogurt
2059,bananas
2060,chicken
2060,apples
2061,bananas
2061,milk
2062,sugar
2063,wipes
2063,cheese
2063,yogurt
2064,rice
2064,coffee
2064,butter
2064,eggs
2064,bread
2065,rice
2065,yogurt
2066,butter
2066,milk
2066,bread
2066,parmesan
2066,yogurt
2067,milk
2067,sugar
2067,cereal
2067,coffee
2068,soda
2068,yogurt
2069,chips
2069,bread
2069,soda
2070,coffee
2070,pasta
2070,wipes
2070,butter
2070,tomato_sauce
2070,milk
2070,chips
2070,sugar
2070,bread
2070,yogurt
2071,sugar
2071,coffee
2072,milk
2072,soda
2072,bread
2072,cereal
2072,apples
2073,butter
2073,salsa
2073,chicken
2073,yogurt
2074,wipes
2074,bananas
2074,apples
2074,soda
2075,coffee
2075,apples
2075,yogurt
2076,bread
2076,rice
2076,soda
2077,chips
2077,parmesan
2077,salsa
2077,soda
2078,butter
2078,milk
2078,diapers
2078,bananas
2078,bread
2078,cereal
2078,beer
2078,apples
2079,sugar
2079,coffee
2080,butter
2080,bananas
2080,chips
2080,salsa
2080,soda
2080,bread
2080,beer
2080,apples
2081,chicken
2081,eggs
2081,milk
2081,apples
2082,rice
2082,chicken
2082,wipes
2082,butter
2082,milk
2082,bananas
2082,sugar
2082,cereal
2082,beer
2083,rice
2083,soda
2084,cheese
2084,pasta
2084,tomato_sauce
2084,milk
2084,eggs
2084,cereal
2085,rice
2085,chicken
2085,cheese
2085,butter
2085,milk
2085,bananas
2085,bread
2085,beer
2085,apples
2086,butter
2086,cheese
2086,yogurt
2087,cheese
2087,wipes
2087,butter
2087,milk
2087,chips
2087,salsa
2087,yogurt
2088,chips
2088,beer
2088,salsa
2088,cheese
2089,bananas
2089,chicken
2090,butter
2090,chicken
2090,cheese
2090,yogurt
2091,milk
2092,cheese
2092,milk
2092,bananas
2092,eggs
2092,apples
2093,wipes
2093,butter
2093,bananas
2093,eggs
2093,chips
2093,salsa
2093,soda
2093,bread
2093,apples
2094,wipes
2094,milk
2094,diapers
2094,bananas
2094,cereal
2094,apples
2095,chicken
2095,wipes
2095,tomato_sauce
2095,butter
2095,diapers
2095,soda
2095,beer
2095,apples
2096,rice
2096,chicken
2096,butter
2096,milk
2096,eggs
2096,bread
2097,pasta
2097,tomato_sauce
2097,eggs
2097,soda
2097,parmesan
2097,apples
2098,tomato_sauce
2098,eggs
2098,milk
2098,yogurt
2099,milk
2100,rice
2100,chicken
2101,chicken
2101,cheese
2101,wipes
2101,butter
2101,diapers
2101,bananas
2101,eggs
2102,butter
2102,apples
2103,rice
2103,chicken
2103,coffee
2103,butter
2103,sugar
2104,wipes
2105,milk
2105,bananas
2105,bread
2105,cereal
2105,apples
2105,yogurt
2106,rice
2106,coffee
2106,bananas
2106,salsa
2106,bread
2107,chips
2107,salsa
2108,butter
2108,sugar
2108,coffee
2109,wipes
2109,milk
2109,diapers
2109,chips
2109,salsa
2109,bread
2110,apples
2110,bread
2110,milk
2110,soda
2111,rice
2111,chicken
2111,diapers
2111,soda
2111,cereal
2112,tomato_sauce
2112,eggs
2112,parmesan
2112,salsa
2113,eggs
2113,soda
2113,yogurt
2114,bananas
2114,milk
2114,apples
2114,pasta
2115,rice
2115,chicken
2115,pasta
2115,wipes
2115,tomato_sauce
2115,parmesan
2116,parmesan
2116,coffee
2116,cheese
2116,pasta
2117,chicken
2117,coffee
2117,eggs
2117,sugar
2117,parmesan
2118,eggs
2118,cereal
2118,bread
2118,sugar
2119,wipes
2119,salsa
2119,cereal
2119,milk
2120,wipes
2120,butter
2120,bananas
2120,chips
2120,salsa
2120,bread
2120,apples
2121,beer
2121,soda
2122,chicken
2122,coffee
2122,wipes
2122,milk
2122,chips
2122,salsa
2122,beer
2123,rice
2123,wipes
2123,diapers
2123,chips
2123,eggs
2123,salsa
2123,parmesan
2123,beer
2123,yogurt
2124,coffee
2124,cheese
2124,wipes
2124,milk
2124,diapers
2124,bananas
2124,sugar
2124,soda
2124,beer
2124,yogurt
2125,bananas
2125,rice
2125,sugar
2125,coffee
2126,rice
2126,wipes
2126,milk
2126,diapers
2126,cereal
2127,rice
2127,chicken
2127,milk
2127,chips
2127,eggs
2127,salsa
2128,wipes
2128,butter
2128,milk
2128,chips
2128,salsa
2128,bread
2128,parmesan
2128,apples
2128,yogurt
2129,bananas
2129,eggs
2129,beer
2130,rice
2130,milk
2130,coffee
2131,bananas
2132,rice
2132,coffee
2132,wipes
2132,diapers
2132,eggs
2132,apples
2132,yogurt
2133,cheese
2133,butter
2133,milk
2133,eggs
2133,chips
2133,bread
2133,yogurt
2134,bananas
2134,wipes
2134,beer
2134,diapers
2135,milk
2135,apples
2136,sugar
2137,cheese
2137,wipes
2137,diapers
2137,chips
2137,salsa
2137,apples
2138,bananas
2138,eggs
2138,coffee
2138,yogurt
2139,chicken
2139,cheese
2139,pasta
2139,tomato_sauce
2139,yogurt
2140,milk
2140,bananas
2140,sugar
2140,parmesan
2140,beer
2140,apples
2140,yogurt
2141,bananas
2142,pasta
2143,tomato_sauce
2143,butter
2143,chips
2143,soda
2143,bread
2143,cereal
2143,beer
2144,bananas
2145,pasta
2145,tomato_sauce
2145,milk
2145,parmesan
2145,beer
2146,butter
2146,rice
2146,milk
2147,sugar
2147,apples
2148,butter
2148,chips
2148,milk
2148,yogurt
2149,rice
2149,chicken
2149,milk
2149,bananas
2149,parmesan
2149,apples
2150,milk
2150,bananas
2150,sugar
2150,cereal
2150,apples
2151,rice
2151,chicken
2151,cheese
2151,butter
2151,milk
2151,bananas
2151,bread
2151,cereal
2152,cheese
2152,pasta
2152,milk
2152,bananas
2152,chips
2152,salsa
2152,cereal
2152,apples
2153,wipes
2153,milk
2154,beer
2155,eggs
2155,soda
2156,tomato_sauce
2156,beer
2156,pasta
2157,cereal
2157,milk
2158,butter
2158,bread
2158,apples
2159,bananas
2159,chips
2160,butter
2160,coffee
2160,cheese
2161,rice
2161,chicken
2161,milk
2161,chips
2161,salsa
2161,beer
2162,butter
2162,bread
2162,milk
2162,sugar
2163,rice
2164,cereal
2164,milk
2164,sugar
2164,apples
2165,tomato_sauce
2165,beer
2166,coffee
2166,eggs
2166,sugar
2166,soda
2166,bread
2166,yogurt
2167,cereal
2167,rice
2167,chicken
2167,cheese
2167,eggs
2167,chips
2167,bread
2167,parmesan
2168,pasta
2168,butter
2168,tomato_sauce
2168,milk
2168,bananas
2168,bread
2168,parmesan
2168,apples
2169,rice
2169,chicken
2169,cheese
2169,pasta
2169,butter
2169,tomato_sauce
2169,milk
2169,salsa
2169,bread
2170,parmesan
2170,soda
2171,rice
2171,chicken
2171,coffee
2171,cheese
2171,eggs
2171,soda
2171,bread
2171,beer
2171,apples
2172,bananas
2172,butter
2172,bread
2172,parmesan
2173,chicken
2173,chips
2173,milk
2174,sugar
2174,coffee
2175,coffee
2175,milk
2175,bananas
2175,cereal
2175,apples
2176,wipes
2176,cereal
2176,apples
2176,diapers
2177,rice
2177,chicken
2177,cheese
2177,milk
2177,cereal
2178,apples
2178,eggs
2178,soda
2179,pasta
2179,tomato_sauce
2179,bananas
2179,chips
2179,eggs
2179,salsa
2179,parmesan
2180,tomato_sauce
2180,butter
2180,pasta
2181,rice
2181,parmesan
2182,rice
2182,chicken
2182,butter
2182,bananas
2182,chips
2182,bread
2182,apples
2183,milk
2183,coffee
2183,yogurt
2184,rice
2184,chicken
2184,pasta
2184,milk
2184,salsa
2184,cereal
2185,eggs
2185,butter
2185,bread
2186,chicken
2186,cheese
2186,milk
2186,chips
2186,salsa
2186,bread
2186,yogurt
2187,chicken
2187,rice
2187,sugar
2187,beer
2188,chicken
2188,cereal
2188,apples
2188,milk
2189,milk
2189,chips
2189,eggs
2189,soda
2189,yogurt
2190,wipes
2190,milk
2190,apples
2190,yogurt
2191,wipes
2191,diapers
2191,bananas
2191,sugar
2191,beer
2192,butter
2192,sugar
2192,bread
2192,cereal
2192,apples
2193,rice
2193,coffee
2193,wipes
2193,butter
2193,milk
2193,eggs
2193,chips
2193,salsa
2193,bread
2194,wipes
2194,parmesan
2194,beer
2194,diapers
2195,milk
2195,bread
2195,cereal
2195,beer
2196,rice
2196,coffee
2196,tomato_sauce
2196,milk
2196,bananas
2196,eggs
2196,parmesan
2196,apples
2197,apples
2197,bananas
2197,salsa
2197,soda
2198,chicken
2198,coffee
2198,wipes
2198,butter
2198,milk
2198,diapers
2198,eggs
2198,soda
2198,apples
2199,rice
2199,beer
2199,soda
2199,yogurt
2200,coffee
2200,tomato_sauce
2200,chips
2200,eggs
2200,parmesan
2201,butter
2201,bread
2202,bananas
2203,milk
2203,coffee
2203,soda
2204,bananas
2204,cereal
2204,beer
2205,milk
2205,rice
2205,cereal
2205,apples
2206,rice
2206,wipes
2206,butter
2206,milk
2206,soda
2206,apples
2207,tomato_sauce
2207,yogurt
2208,sugar
2208,coffee
2209,rice
2210,parmesan
2211,butter
2211,bread
2211,coffee
2212,chicken
2212,wipes
2212,milk
2212,diapers
2212,bananas
2212,salsa
2212,cereal
2213,bananas
2213,milk
2213,apples
2214,sugar
2214,apples
2215,rice
2215,coffee
2215,sugar
2215,parmesan
2215,apples
2216,rice
2216,coffee
2216,cheese
2216,pasta
2216,wipes
2216,butter
2216,tomato_sauce
2216,sugar
2216,bread
2216,parmesan
2216,yogurt
2217,chips
2217,bread
2218,cheese
2218,butter
2218,bananas
2218,sugar
2218,soda
2218,bread
2218,beer
2219,wipes
2220,tomato_sauce
2220,milk
2220,apples
2220,pasta
2221,chicken
2221,butter
2221,diapers
2221,bread
2221,apples
2222,wipes
2222,butter
2222,diapers
2222,bread
2222,cereal
2222,beer
2223,cereal
2223,wipes
2223,butter
2223,milk
2223,bananas
2223,sugar
2223,parmesan
2223,apples
2223,yogurt
2224,chips
2224,eggs
2224,sugar
2224,beer
2224,yogurt
2225,milk
2226,rice
2226,pasta
2226,tomato_sauce
2226,milk
2226,parmesan
2226,apples
2227,eggs
2228,rice
2228,chicken
2228,butter
2228,tomato_sauce
2228,eggs
2228,soda
2228,parmesan
2229,butter
2229,bananas
2229,chips
2229,salsa
2229,bread
2229,apples
2230,pasta
2231,apples
2231,cheese
2231,pasta
2232,butter
2232,chicken
2232,apples
2233,bananas
2233,eggs
2233,soda
2234,coffee
2234,milk
2234,chips
2234,sugar
2234,salsa
2235,beer
2236,parmesan
2236,rice
2236,tomato_sauce
2236,butter
2236,milk
2236,chips
2236,salsa
2236,bread
2236,cereal
2236,beer
2237,coffee
2237,butter
2237,milk
2237,eggs
2237,sugar
2237,soda
2237,bread
2238,bananas
2238,butter
2239,eggs
2240,rice
2240,pasta
2240,diapers
2240,bananas
2240,bread
2240,beer
2241,eggs
2241,bananas
2241,butter
2241,bread
2242,chicken
2242,coffee
2242,pasta
2242,tomato_sauce
2242,bananas
2242,sugar
2242,bread
2242,parmesan
2243,tomato_sauce
2243,salsa
2243,rice
2244,tomato_sauce
2244,eggs
2244,apples
2244,pasta
2245,chips
2245,cereal
2245,yogurt
2246,bananas
2246,butter
2246,milk
2246,tomato_sauce
2247,cheese
2247,pasta
2247,wipes
2247,tomato_sauce
2247,eggs
2247,yogurt
2248,chicken
2248,cheese
2248,eggs
2248,beer
2248,apples
2249,rice
2249,cheese
2249,bananas
2249,sugar
2249,apples
2249,yogurt
2250,eggs
2250,chicken
2250,rice
2250,pasta
2251,rice
2251,cheese
2251,milk
2251,bananas
2251,soda
2251,apples
2252,rice
2252,butter
2252,milk
2252,bananas
2252,chips
2252,eggs
2252,soda
2252,apples
2253,bananas
2253,butter
2253,bread
2253,soda
2254,cereal
2254,milk
2254,cheese
2255,parmesan
2255,sugar
2255,beer
2256,parmesan
2256,chicken
2256,butter
2256,milk
2256,bananas
2256,soda
2256,bread
2256,cereal
2256,apples
2257,coffee
2257,tomato_sauce
2257,bananas
2257,eggs
2257,sugar
2257,salsa
2257,apples
2258,soda
2259,wipes
2259,eggs
2260,rice
2260,bananas
2260,eggs
2260,salsa
2260,apples
2261,chicken
2261,beer
2261,apples
2262,salsa
2262,apples
2262,yogurt
2263,butter
2263,bananas
2263,eggs
2263,chips
2263,soda
2263,bread
2263,beer
2264,milk
2264,sugar
2265,rice
2265,chicken
2265,tomato_sauce
2265,milk
2265,eggs
2265,parmesan
2266,rice
2266,chicken
2266,cheese
2266,wipes
2266,butter
2266,eggs
2266,bread
2266,beer
2267,coffee
2267,milk
2267,eggs
2267,sugar
2267,soda
2267,apples
2268,pasta
2268,butter
2268,tomato_sauce
2268,milk
2268,bananas
2268,bread
2268,parmesan
2268,apples
2269,bananas
2269,bread
2270,rice
2270,coffee
2270,pasta
2270,wipes
2270,butter
2270,tomato_sauce
2270,milk
2270,eggs
2270,sugar
2270,soda
2270,parmesan
2270,apples
2270,yogurt
2271,milk
2271,bananas
2271,eggs
2271,soda
2271,bread
2271,beer
2271,yogurt
2272,tomato_sauce
2272,bananas
2272,chips
2272,parmesan
2272,beer
2272,apples
2273,rice
2273,chicken
2273,pasta
2273,tomato_sauce
2273,milk
2273,bananas
2273,chips
2273,sugar
2273,salsa
2273,parmesan
2273,apples
2274,chicken
2274,butter
2274,eggs
2274,soda
2274,bread
2275,parmesan
2275,tomato_sauce
2275,eggs
2275,milk
2276,coffee
2276,tomato_sauce
2276,butter
2276,bananas
2276,bread
2276,parmesan
2276,apples
2277,cereal
2277,milk
2277,apples
2277,pasta
2278,parmesan
2278,milk
2279,apples
2279,cheese
2280,butter
2280,milk
2280,bananas
2280,eggs
2280,bread
2281,bananas
2281,eggs
2281,apples
2282,milk
2282,beer
2282,yogurt
2283,milk
2283,cheese
2284,butter
2284,bread
2284,milk
2285,rice
2285,chicken
2285,bananas
2285,parmesan
2285,apples
2286,chips
2286,eggs
2286,apples
2287,coffee
2287,pasta
2287,tomato_sauce
2287,bananas
2287,chips
2287,sugar
2287,soda
2287,salsa
2287,parmesan
2287,apples
2287,yogurt
2288,butter
2288,eggs
2288,milk
2288,coffee
2289,cereal
2289,bread
2289,milk
2289,salsa
2290,eggs
2290,sugar
2290,coffee
2290,apples
2291,pasta
2291,eggs
2291,chips
2291,salsa
2291,bread
2292,chicken
2292,wipes
2292,butter
2292,chips
2292,salsa
2292,parmesan
2292,apples
2293,milk
2293,chips
2293,soda
2293,salsa
2293,parmesan
2294,chicken
2294,butter
2294,milk
2294,eggs
2294,apples
2295,cheese
2295,tomato_sauce
2295,eggs
2295,bread
2295,apples
2296,pasta
2296,wipes
2296,tomato_sauce
2296,milk
2296,bananas
2296,cereal
2297,salsa
2297,cereal
2298,rice
2298,chicken
2298,butter
2298,bananas
2298,apples
2299,chicken
2299,milk
2299,eggs
2299,chips
2299,soda
2299,bread
2300,wipes
2300,milk
2300,beer
2300,yogurt
2301,tomato_sauce
2301,milk
2301,diapers
2301,eggs
2301,cereal
2301,apples
2301,yogurt
2302,rice
2302,chicken
2302,cheese
2302,butter
2302,milk
2302,chips
2302,soda
2302,salsa
2302,cereal
2303,bananas
2303,apples
2303,milk
2303,soda
2304,cheese
2304,butter
2304,milk
2304,soda
2304,bread
2304,cereal
2305,coffee
2305,wipes
2305,diapers
2305,chips
2305,sugar
2305,salsa
2305,apples
2306,chips
2306,milk
2306,beer
2306,apples
2307,tomato_sauce
2307,eggs
2307,parmesan
2307,cheese
2308,chicken
2308,milk
2309,eggs
2309,sugar
2309,coffee
2310,butter
2310,bread
2311,rice
2311,chicken
2311,pasta
2311,wipes
2311,butter
2311,eggs
2311,soda
2311,bread
2311,beer
2312,chicken
2312,milk
2312,apples
2312,yogurt
2313,bananas
2313,apples
2313,soda
2314,rice
2314,butter
2314,tomato_sauce
2314,milk
2314,bananas
2314,parmesan
2315,butter
2315,milk
2315,bananas
2315,eggs
2315,chips
2315,salsa
2315,bread
2315,yogurt
2316,wipes
2316,bananas
2316,soda
2316,parmesan
2316,apples
2316,yogurt
2317,chips
2317,chicken
2317,salsa
2318,wipes
2318,cheese
2319,milk
2319,bread
2319,cereal
2319,apples
2320,apples
2320,chicken
2320,cheese
2320,soda
2321,wipes
2321,bananas
2321,sugar
2321,coffee
2322,bread
2322,milk
2322,apples
2323,tomato_sauce
2323,parmesan
2323,apples
2324,bananas
2324,cereal
2324,milk
2325,coffee
2325,soda
2326,rice
2326,chicken
2327,pasta
2327,wipes
2327,tomato_sauce
2327,bananas
2327,parmesan
2327,apples
2328,bananas
2328,apples
2328,rice
2328,cheese
2329,butter
2329,eggs
2329,soda
2329,bread
2329,beer
2329,yogurt
2330,bananas
2330,chips
2330,milk
2330,yogurt
2331,cereal
2331,butter
2331,chips
2331,milk
2332,rice
2333,butter
2333,milk
2333,cereal
2333,apples
2333,yogurt
2334,wipes
2334,butter
2334,bananas
2334,chips
2334,salsa
2335,wipes
2335,diapers
2335,sugar
2335,beer
2335,yogurt
2336,milk
2336,chips
2336,salsa
2336,bread
2336,apples
2337,chips
2337,salsa
2337,yogurt
2338,pasta
2338,wipes
2338,tomato_sauce
2338,diapers
2338,eggs
2338,sugar
2338,parmesan
2338,beer
2339,coffee
2339,pasta
2339,tomato_sauce
2339,bananas
2339,sugar
2339,beer
2340,diapers
2340,bananas
2340,eggs
2340,bread
2340,beer
2341,butter
2341,chips
2341,soda
2341,bread
2341,beer
2342,rice
2342,chicken
2342,wipes
2342,milk
2342,soda
2342,bread
2343,pasta
2343,wipes
2343,tomato_sauce
2343,diapers
2343,chips
2343,soda
2343,beer
2343,apples
2343,yogurt
2344,wipes
2344,butter
2344,bananas
2344,eggs
2344,sugar
2344,bread
2345,wipes
2345,tomato_sauce
2345,milk
2345,chips
2345,parmesan
2345,apples
2346,tomato_sauce
2346,bananas
2346,eggs
2346,parmesan
2346,yogurt
2347,wipes
2347,butter
2347,milk
2347,diapers
2347,bread
2348,bananas
2348,eggs
2348,salsa
2348,beer
2348,apples
2349,milk
2350,bananas
2350,chips
2350,eggs
2350,apples
2351,butter
2351,chips
2351,sugar
2351,bread
2351,apples
2351,yogurt
2352,bananas
2352,bread
2352,cereal
2353,coffee
2353,milk
2353,eggs
2353,parmesan
2353,yogurt
2354,rice
2354,chicken
2354,tomato_sauce
2354,soda
2354,bread
2355,rice
2355,diapers
2355,beer
2355,apples
2355,yogurt
2356,parmesan
2356,butter
2356,milk
2357,wipes
2357,butter
2357,beer
2358,rice
2358,chicken
2358,cheese
2358,soda
2358,beer
2359,bread
2359,cereal
2359,coffee
2359,apples
2360,coffee
2360,chips
2360,sugar
2360,soda
2360,salsa
2361,milk
2361,apples
2361,pasta
2362,yogurt
2363,eggs
2364,chips
2364,eggs
2364,yogurt
2365,chicken
2365,butter
2365,tomato_sauce
2365,bananas
2365,eggs
2365,parmesan
2365,beer
2366,coffee
2366,milk
2366,eggs
2366,sugar
2366,yogurt
2367,wipes
2367,chips
2367,beer
2367,diapers
2368,rice
2368,chicken
2368,bananas
2368,chips
2368,soda
2368,parmesan
2368,apples
2369,bananas
2369,yogurt
2370,pasta
2370,milk
2370,sugar
2370,bread
2370,cereal
2371,cereal
2371,sugar
2371,coffee
2371,yogurt
2372,parmesan
2372,rice
2372,chicken
2372,tomato_sauce
2372,milk
2372,bananas
2372,chips
2372,soda
2372,cereal
2373,eggs
2373,sugar
2373,cheese
2373,yogurt
2374,rice
2374,coffee
2374,cheese
2374,tomato_sauce
2374,milk
2374,chips
2374,salsa
2374,parmesan
2374,beer
2375,apples
2375,milk
2375,soda
2376,beer
2377,eggs
2378,eggs
2378,rice
2378,beer
2378,soda
2379,rice
2379,chicken
2379,soda
2379,bread
2379,apples
2380,rice
2380,chicken
2380,cheese
2380,milk
2380,chips
2380,salsa
2380,cereal
2381,sugar
2381,soda
2382,pasta
2382,butter
2382,eggs
2382,soda
2382,bread
2382,yogurt
2383,milk
2383,bread
2383,cereal
2384,coffee
2384,cheese
2384,pasta
2384,butter
2384,tomato_sauce
2384,milk
2384,eggs
2384,sugar
2384,bread
2384,parmesan
2385,rice
2385,chicken
2385,cheese
2385,pasta
2385,eggs
2385,apples
2386,yogurt
2387,rice
2387,coffee
2387,pasta
2387,wipes
2387,butter
2387,tomato_sauce
2387,milk
2387,diapers
2387,bananas
2387,eggs
2387,sugar
2387,parmesan
2388,coffee
2388,wipes
2388,chips
2388,sugar
2388,salsa
2389,wipes
2389,salsa
2389,rice
2389,diapers
2390,bananas
2390,coffee
2390,cheese
2390,soda
2391,chicken
2391,soda
2392,butter
2392,milk
2392,bread
2392,cereal
2392,yogurt
2393,chips
2393,bread
2393,butter
2394,chicken
2394,wipes
2394,milk
2394,diapers
2394,eggs
2394,beer
2395,pasta
2395,tomato_sauce
2395,bananas
2395,parmesan
2395,yogurt
2396,tomato_sauce
2396,eggs
2396,yogurt
2397,bananas
2397,butter
2397,parmesan
2397,tomato_sauce
2398,cheese
2398,milk
2398,eggs
2398,soda
2398,beer
2399,tomato_sauce
2399,milk
2399,bananas
2399,chips
2399,apples
2400,wipes
2400,butter
2400,eggs
2400,salsa
2400,bread
2400,beer
2401,coffee
2401,milk
2401,chips
2401,sugar
2401,salsa
2402,pasta
2402,butter
2402,milk
2402,salsa
2402,bread
2402,beer
2402,apples
2403,cheese
2403,tomato_sauce
2403,bananas
2403,eggs
2403,cereal
2403,beer
2403,apples
2404,butter
2404,rice
2404,apples
2405,coffee
2405,milk
2405,chips
2405,sugar
2405,salsa
2405,beer
2406,milk
2406,cereal
2407,rice
2407,chicken
2407,yogurt
2408,cheese
2408,pasta
2408,milk
2408,bananas
2408,apples
2409,bananas
2409,milk
2409,apples
2409,yogurt
2410,chicken
2410,cereal
2410,soda
2410,milk
2411,rice
2411,chicken
2411,butter
2411,milk
2411,eggs
2411,cereal
2412,salsa
2412,sugar
2412,apples
2413,cheese
2413,butter
2413,milk
2413,chips
2413,salsa
2413,bread
2413,cereal
2414,rice
2414,chicken
2414,milk
2414,bananas
2414,chips
2414,salsa
2414,cereal
2414,yogurt
2415,rice
2415,chicken
2415,beer
2416,cereal
2416,bananas
2416,milk
2417,salsa
2417,chips
2417,cereal
2417,coffee
2418,rice
2418,chicken
2418,pasta
2418,butter
2418,tomato_sauce
2418,diapers
2418,bread
2418,beer
2418,apples
2419,beer
2419,apples
2419,yogurt
2420,eggs
2420,milk
2421,tomato_sauce
2422,milk
2422,apples
2423,coffee
2423,butter
2423,milk
2423,sugar
2423,apples
2424,coffee
2424,cheese
2424,milk
2424,eggs
2424,sugar
2425,rice
2425,chicken
2425,milk
2425,bananas
2425,soda
2425,cereal
2425,apples
2426,tomato_sauce
2426,chips
2426,rice
2426,apples
2427,butter
2427,salsa
2427,bread
2427,parmesan
2427,yogurt
2428,pasta
2428,wipes
2428,tomato_sauce
2428,milk
2428,parmesan
2428,yogurt
2429,wipes
2429,cereal
2429,beer
2429,apples
2430,rice
2431,yogurt
2432,butter
2433,bananas
2433,chicken
2433,apples
2434,rice
2434,chicken
2434,pasta
2434,butter
2434,tomato_sauce
2434,milk
2434,bananas
2434,parmesan
2434,apples
2435,cereal
2435,yogurt
2436,chicken
2436,pasta
2436,wipes
2436,tomato_sauce
2436,milk
2436,diapers
2436,cereal
2436,yogurt
2437,coffee
2437,cheese
2437,eggs
2437,sugar
2437,soda
2438,cheese
2438,milk
2438,bananas
2438,salsa
2438,apples
2439,coffee
2439,pasta
2439,butter
2439,sugar
2439,bread
2439,beer
2440,tomato_sauce
2440,salsa
2440,beer
2440,pasta
2441,butter
2441,sugar
2442,coffee
2442,milk
2442,chips
2442,sugar
2442,salsa
2442,cereal
2442,apples
2443,chicken
2443,rice
2443,cereal
2443,beer
2444,bananas
2444,salsa
2444,chicken
2445,milk
2445,beer
2445,cheese
2446,chicken
2446,coffee
2446,butter
2446,milk
2446,soda
2446,bread
2446,yogurt
2447,milk
2447,apples
2448,tomato_sauce
2448,parmesan
2448,beer
2449,coffee
2449,pasta
2449,tomato_sauce
2449,sugar
2449,soda
2450,coffee
2450,milk
2450,eggs
2450,chips
2450,salsa
2450,sugar
2450,bread
2450,parmesan
2450,yogurt
2451,parmesan
2451,wipes
2451,milk
2451,diapers
2452,rice
2452,chicken
2452,bananas
2452,eggs
2452,yogurt
2453,chips
2453,chicken
2453,salsa
2453,rice
2454,rice
2454,chicken
2454,coffee
2454,pasta
2454,butter
2454,milk
2454,bananas
2454,eggs
2454,chips
2454,bread
2454,apples
2455,sugar
2455,coffee
2455,soda
2456,bananas
2456,milk
2456,apples
2457,soda
2458,rice
2458,chicken
2458,coffee
2458,butter
2458,bananas
2458,sugar
2458,bread
2458,apples
2459,wipes
2459,butter
2459,bread
2459,parmesan
2459,apples
2460,rice
2460,bananas
2460,parmesan
2460,apples
2460,yogurt
2461,bread
2462,rice
2462,chicken
2462,beer
2462,apples
2463,soda
2463,yogurt
2464,salsa
2464,beer
2464,soda
2465,parmesan
2465,tomato_sauce
2465,cereal
2465,milk
2466,apples
2466,beer
2466,cheese
2466,diapers
2467,butter
2467,chips
2467,eggs
2467,salsa
2467,beer
2468,wipes
2468,chips
2468,salsa
2468,soda
2469,butter
2469,chicken
2470,tomato_sauce
2470,bread
2470,pasta
2471,chicken
2471,cheese
2471,milk
2471,sugar
2471,yogurt
2472,chicken
2472,butter
2472,tomato_sauce
2472,milk
2472,cereal
2472,beer
2472,apples
2473,coffee
2473,wipes
2473,bananas
2473,eggs
2473,salsa
2473,apples
2474,cereal
2474,bananas
2474,tomato_sauce
2474,milk
2475,sugar
2475,coffee
2475,apples
2476,rice
2476,chicken
2476,wipes
2476,diapers
2476,chips
2476,salsa
2477,rice
2477,coffee
2477,yogurt
2478,bananas
2478,milk
2478,chicken
2479,milk
2479,sugar
2479,salsa
2479,bread
2479,cereal
2479,yogurt
2480,eggs
2481,coffee
2481,milk
2481,bananas
2481,chips
2481,soda
2481,salsa
2481,beer
2482,butter
2482,bread
2482,cereal
2482,beer
2483,cheese
2483,milk
2483,bananas
2483,soda
2483,cereal
2483,yogurt
2484,rice
2484,chicken
2484,milk
2484,chips
2484,salsa
2485,bananas
2485,apples
2485,soda
2486,pasta
2486,tomato_sauce
2486,soda
2486,parmesan
2486,beer
2487,rice
2487,wipes
2487,tomato_sauce
2487,milk
2487,diapers
2487,cereal
2487,beer
2488,milk
2488,chips
2488,eggs
2488,soda
2488,salsa
2489,bread
2490,wipes
2490,butter
2490,chicken
2491,chicken
2491,tomato_sauce
2491,butter
2491,salsa
2491,bread
2492,chicken
2492,coffee
2492,apples
2493,rice
2493,chicken
2493,cheese
2493,butter
2493,bananas
2493,yogurt
2494,rice
2494,milk
2494,sugar
2494,soda
2494,cereal
2494,beer
2495,butter
2495,bread
2495,milk
2495,coffee
2496,cereal
2496,milk
2496,apples
2497,bread
2497,coffee
2497,yogurt
2498,cereal
2498,butter
2498,bread
2498,milk
2499,rice
2499,chicken
2500,wipes
2500,tomato_sauce
2500,milk
2500,diapers
2500,chips
2500,soda
2500,salsa
2500,apples
2501,rice
2501,chicken
2501,pasta
2501,tomato_sauce
2501,parmesan
2502,bananas
2502,salsa
2502,yogurt
2503,salsa
2504,rice
2504,chicken
2504,pasta
2504,sugar
2504,yogurt
2505,tomato_sauce
2505,milk
2505,diapers
2505,bananas
2505,chips
2505,salsa
2505,soda
2505,bread
2505,cereal
2505,yogurt
2506,pasta
2506,wipes
2506,tomato_sauce
2506,diapers
2506,bread
2506,beer
2506,apples
2507,tomato_sauce
2507,parmesan
2507,beer
2508,apples
2508,sugar
2508,coffee
2508,cheese
2509,chicken
2509,eggs
2509,soda
2509,bread
2509,yogurt
2510,wipes
2510,milk
2510,diapers
2510,bananas
2510,bread
2511,rice
2511,chicken
2511,milk
2511,chips
2511,soda
2512,coffee
2512,wipes
2512,diapers
2512,eggs
2512,beer
2513,apples
2514,cereal
2515,chicken
2515,tomato_sauce
2515,milk
2516,sugar
2516,coffee
2517,rice
2517,milk
2517,yogurt
2518,rice
2518,coffee
2518,bananas
2518,eggs
2518,salsa
2518,soda
2518,bread
2519,rice
2519,milk
2519,bananas
2519,chips
2519,cereal
2519,apples
2520,chicken
2520,milk
2521,butter
2521,milk
2521,sugar
2521,yogurt
2522,rice
2522,coffee
2522,pasta
2522,tomato_sauce
2522,bananas
2522,sugar
2522,parmesan
2522,yogurt
2523,chicken
2523,coffee
2523,cheese
2523,milk
2523,bananas
2523,apples
2524,milk
2524,beer
2525,tomato_sauce
2525,milk
2525,eggs
2525,soda
2525,cereal
2526,cheese
2526,butter
2526,eggs
2526,salsa
2526,bread
2526,apples
2527,bananas
2528,cereal
2528,coffee
2529,wipes
2529,chips
2529,diapers
2530,bananas
2530,chicken
2530,apples
2531,rice
2531,chicken
2531,pasta
2531,wipes
2531,tomato_sauce
2531,diapers
2531,sugar
2531,bread
2531,apples
2532,butter
2532,milk
2532,chips
2532,salsa
2532,bread
2532,beer
2533,cheese
2533,butter
2533,bananas
2533,bread
2533,apples
2534,cereal
2534,bananas
2534,milk
2534,apples
2535,coffee
2535,pasta
2535,wipes
2535,diapers
2535,eggs
2535,sugar
2535,beer
2536,rice
2536,coffee
2536,cheese
2536,butter
2536,milk
2536,sugar
2536,salsa
2536,bread
2537,parmesan
2537,cheese
2537,yogurt
2538,rice
2538,butter
2538,milk
2538,salsa
2538,bread
2539,rice
2539,chicken
2539,diapers
2539,chips
2539,eggs
2539,beer
2540,chicken
2540,butter
2540,tomato_sauce
2540,salsa
2540,parmesan
2541,chicken
2542,tomato_sauce
2542,butter
2542,sugar
2542,bread
2542,parmesan
2543,cheese
2543,milk
2543,bananas
2543,chips
2543,eggs
2543,soda
2543,beer
2543,apples
2544,bananas
2544,beer
2545,parmesan
2545,milk
2545,sugar
2546,milk
2546,coffee
2546,apples
2546,yogurt
2547,bananas
2547,eggs
2547,parmesan
2548,rice
2548,butter
2548,bananas
2548,eggs
2548,apples
2549,cheese
2549,wipes
2549,butter
2549,bananas
2549,chips
2549,soda
2549,salsa
2549,apples
2550,chips
2550,bread
2550,apples
2550,tomato_sauce
2551,bananas
2551,rice
2551,chicken
2552,tomato_sauce
2552,milk
2552,diapers
2552,bread
2552,cereal
2553,butter
2553,chips
2553,cereal
2553,salsa
2554,milk
2554,sugar
2554,cereal
2554,coffee
2555,coffee
2555,pasta
2555,tomato_sauce
2555,butter
2555,chips
2555,sugar
2555,salsa
2556,pasta
2556,wipes
2556,tomato_sauce
2556,parmesan
2556,beer
2556,yogurt
2557,milk
2557,beer
2557,yogurt
2558,yogurt
2559,parmesan
2559,chicken
2559,milk
2559,cereal
2559,yogurt
2560,butter
2560,parmesan
2560,cheese
2561,chicken
2561,coffee
2561,milk
2561,bananas
2561,eggs
2561,sugar
2561,cereal
2562,cereal
2562,chicken
2562,tomato_sauce
2562,milk
2563,milk
2563,chips
2563,soda
2563,parmesan
2563,beer
2564,butter
2564,milk
2564,soda
2564,bread
2564,beer
2565,bananas
2565,sugar
2565,milk
2565,coffee
2566,coffee
2566,pasta
2566,butter
2566,tomato_sauce
2566,milk
2566,sugar
2566,apples
2567,milk
2567,cereal
2567,coffee
2567,cheese
2568,chicken
2569,butter
2569,bread
2569,coffee
2570,cheese
2570,wipes
2570,butter
2570,diapers
2570,chips
2570,sugar
2570,bread
2570,yogurt
2571,butter
2571,beer
2571,yogurt
2572,bananas
2572,butter
2572,eggs
2573,sugar
2573,cheese
2574,chicken
2574,pasta
2574,tomato_sauce
2574,milk
2574,parmesan
2575,eggs
2575,beer
2575,cheese
2576,butter
2576,eggs
2576,rice
2576,salsa
2577,rice
2577,milk
2578,bananas
2578,eggs
2578,rice
2578,apples
2579,butter
2579,milk
2579,soda
2579,bread
2579,cereal
2580,bananas
2580,butter
2580,milk
2580,beer
2581,rice
2581,coffee
2581,wipes
2581,tomato_sauce
2581,diapers
2581,chips
2581,sugar
2581,salsa
2581,parmesan
2581,beer
2581,apples
2582,butter
2582,bread
2582,cheese
2583,milk
2584,rice
2584,chicken
2584,milk
2584,bananas
2584,chips
2584,eggs
2584,sugar
2585,apples
2585,bananas
2585,eggs
2585,cheese
2586,pasta
2586,butter
2586,tomato_sauce
2586,parmesan
2586,yogurt
2587,chicken
2587,pasta
2587,tomato_sauce
2587,bananas
2587,chips
2587,salsa
2587,parmesan
2588,milk
2588,butter
2588,cereal
2588,yogurt
2589,chicken
2589,milk
2589,chips
2589,sugar
2589,salsa
2590,butter
2590,bread
2591,pasta
2591,butter
2591,bananas
2591,soda
2591,cereal
2592,rice
2592,butter
2592,milk
2592,bananas
2592,chips
2592,salsa
2592,beer
2592,apples
2593,butter
2593,rice
2593,chicken
2594,tomato_sauce
2594,salsa
2594,parmesan
2594,soda
2595,bread
2595,beer
2595,yogurt
2596,sugar
2596,coffee
2596,apples
2597,rice
2597,chicken
2597,pasta
2597,tomato_sauce
2597,milk
2597,eggs
2597,cereal
2597,apples
2598,bananas
2598,salsa
2598,milk
2598,apples
2599,butter
2599,bread
2599,soda
2600,chicken
2600,coffee
2601,tomato_sauce
2601,milk
2601,pasta
2602,rice
2602,butter
2602,milk
2602,bread
2602,apples
2602,yogurt
2603,wipes
2603,tomato_sauce
2603,milk
2603,diapers
2603,chips
2603,parmesan
2603,yogurt
2604,bananas
2604,eggs
2604,rice
2604,apples
2605,parmesan
2605,milk
2605,soda
2606,wipes
2606,butter
2607,bananas
2607,cheese
2608,rice
2608,chicken
2608,cheese
2608,milk
2608,chips
2608,salsa
2608,apples
2609,rice
2609,milk
2610,rice
2610,chicken
2610,cheese
2610,milk
2610,bananas
2610,eggs
2610,cereal
2611,chicken
2611,coffee
2611,pasta
2611,tomato_sauce
2611,bananas
2611,eggs
2611,sugar
2612,butter
2612,milk
2612,apples
2613,rice
2614,chicken
2614,wipes
2614,milk
2614,diapers
2614,chips
2614,parmesan
2615,soda
2616,tomato_sauce
2616,rice
2616,parmesan
2617,butter
2617,milk
2617,soda
2618,rice
2618,chicken
2618,tomato_sauce
2618,milk
2618,parmesan
2618,apples
2619,wipes
2619,chips
2619,chicken
2619,salsa
2620,eggs
2620,chicken
2620,apples
2621,wipes
2621,tomato_sauce
2621,diapers
2621,bread
2621,parmesan
2622,tomato_sauce
2622,chips
2622,soda
2622,salsa
2622,parmesan
2623,chicken
2623,butter
2623,milk
2623,bananas
2623,chips
2623,salsa
2623,bread
2623,cereal
2623,apples
2623,yogurt
2624,butter
2624,tomato_sauce
2624,milk
2624,bananas
2624,eggs
2624,soda
2624,bread
2624,parmesan
2624,beer
2624,apples
2625,parmesan
2625,soda
2625,pasta
2626,pasta
2626,beer
2626,yogurt
2627,parmesan
2627,eggs
2627,milk
2627,yogurt
2628,butter
2628,bananas
2628,soda
2628,bread
2628,apples
2629,tomato_sauce
2629,butter
2629,bananas
2629,chips
2629,parmesan
2629,yogurt
2630,bananas
2630,chips
2630,parmesan
2630,salsa
2631,coffee
2631,milk
2631,chips
2631,salsa
2631,cereal
2631,beer
2632,butter
2632,eggs
2633,coffee
2633,butter
2633,milk
2633,chips
2633,sugar
2633,salsa
2633,soda
2633,bread
2633,apples
2634,tomato_sauce
2634,chips
2634,soda
2634,yogurt
2635,butter
2635,bananas
2635,chips
2635,soda
2635,bread
2636,butter
2636,bread
2636,milk
2636,cheese
2637,rice
2638,diapers
2639,chips
2639,salsa
2639,soda
2639,yogurt
2640,parmesan
2640,milk
2640,sugar
2640,soda
2641,bananas
2641,tomato_sauce
2641,cereal
2642,wipes
2642,butter
2642,milk
2642,diapers
2642,chips
2642,salsa
2642,soda
2642,bread
2642,beer
2643,milk
2643,bananas
2643,eggs
2643,cereal
2643,apples
2644,coffee
2644,pasta
2644,tomato_sauce
2644,milk
2644,bananas
2645,salsa
2645,coffee
2646,wipes
2646,bananas
2646,eggs
2646,beer
2646,apples
2647,bananas
2647,milk
2647,apples
2648,butter
2648,chips
2648,salsa
2648,soda
2649,rice
2649,chicken
2649,butter
2649,milk
2649,chips
2649,eggs
2649,sugar
2649,salsa
2650,salsa
2650,coffee
2650,apples
2651,parmesan
2651,butter
2651,sugar
2651,beer
2652,chicken
2652,butter
2652,milk
2652,bananas
2652,bread
2652,yogurt
2653,pasta
2653,tomato_sauce
2653,eggs
2653,parmesan
2653,beer
2654,butter
2654,bananas
2654,soda
2654,bread
2654,cereal
2654,beer
2655,rice
2655,chicken
2655,tomato_sauce
2655,salsa
2655,bread
2656,chicken
2656,milk
2657,yogurt
2658,chips
2658,eggs
2658,parmesan
2659,cereal
2659,tomato_sauce
2659,butter
2659,milk
2659,bread
2659,parmesan
2660,pasta
2660,butter
2660,tomato_sauce
2660,bananas
2660,parmesan
2660,yogurt
2661,bread
2661,rice
2662,cheese
2662,eggs
2662,soda
2662,bread
2662,beer
2663,pasta
2663,butter
2663,bananas
2663,eggs
2663,bread
2663,apples
2664,rice
2664,wipes
2664,bananas
2664,eggs
2664,beer
2664,apples
2665,butter
2665,milk
2665,tomato_sauce
2666,rice
2666,chicken
2666,cheese
2666,bananas
2666,eggs
2666,bread
2666,cereal
2666,apples
2667,chips
2667,bread
2667,salsa
2668,cereal
2668,milk
2668,cheese
2668,soda
2669,eggs
2669,bread
2669,sugar
2669,coffee
2670,butter
2670,chips
2670,eggs
2670,salsa
2670,yogurt
2671,chicken
2671,wipes
2671,tomato_sauce
2671,butter
2671,milk
2671,eggs
2671,bread
2671,cereal
2672,tomato_sauce
2672,butter
2672,coffee
2672,pasta
2673,chips
2673,salsa
2674,milk
2675,cereal
2675,tomato_sauce
2675,milk
2675,bananas
2675,parmesan
2675,yogurt
2676,wipes
2676,butter
2676,milk
2676,chips
2676,salsa
2677,wipes
2677,eggs
2678,coffee
2678,butter
2678,milk
2678,eggs
2678,sugar
2678,salsa
2678,bread
2679,salsa
2679,cereal
2679,apples
2680,cheese
2680,yogurt
2681,rice
2681,chips
2681,salsa
2681,bread
2681,yogurt
2682,tomato_sauce
2682,parmesan
2682,pasta
2683,chips
2683,milk
2683,soda
2683,yogurt
2684,parmesan
2684,pasta
2684,wipes
2684,tomato_sauce
2684,diapers
2684,cereal
2685,rice
2685,apples
2685,pasta
2686,tomato_sauce
2686,eggs
2686,salsa
2686,apples
2686,yogurt
2687,pasta
2687,tomato_sauce
2687,eggs
2687,chips
2687,bread
2687,parmesan
2688,coffee
2688,wipes
2688,diapers
2688,sugar
2688,soda
2688,bread
2688,apples
2689,cheese
2689,pasta
2689,tomato_sauce
2689,milk
2689,bread
2689,apples
2690,eggs
2690,parmesan
2690,soda
2691,coffee
2691,pasta
2691,butter
2691,tomato_sauce
2691,chips
2691,sugar
2691,salsa
2691,bread
2691,beer
2692,butter
2692,bread
2692,parmesan
2692,tomato_sauce
2693,coffee
2693,wipes
2693,butter
2693,eggs
2693,sugar
2693,bread
2693,beer
2694,rice
2694,coffee
2694,butter
2694,milk
2694,sugar
2694,cereal
2695,yogurt
2696,chips
2696,butter
2696,bread
2696,salsa
2697,rice
2697,chicken
2697,tomato_sauce
2697,diapers
2697,eggs
2697,soda
2697,parmesan
2698,butter
2699,cereal
2699,apples
2700,pasta
2700,wipes
2700,butter
2700,bananas
2700,bread
2700,parmesan
2701,sugar
2701,milk
2701,coffee
2701,cheese
2702,rice
2702,chicken
2702,butter
2702,eggs
2702,soda
2702,apples
2703,rice
2703,cheese
2703,wipes
2703,soda
2703,salsa
2703,beer
2703,yogurt
2704,cheese
2704,wipes
2704,milk
2704,diapers
2704,soda
2705,butter
2705,bread
2705,cheese
2705,yogurt
2706,bananas
2706,wipes
2706,diapers
2706,yogurt
2707,chips
2707,salsa
2707,cheese
2708,wipes
2708,tomato_sauce
2708,milk
2708,diapers
2708,bananas
2708,bread
2708,cereal
2708,beer
2708,apples
2709,butter
2709,bananas
2709,eggs
2709,bread
2709,apples
2710,pasta
2710,butter
2710,milk
2710,bananas
2710,salsa
2710,apples
2711,butter
2711,milk
2711,beer
2712,parmesan
2712,tomato_sauce
2712,milk
2713,bananas
2713,sugar
2713,beer
2714,rice
2714,chicken
2714,milk
2714,eggs
2714,apples
2715,chicken
2715,apples
2716,rice
2716,chicken
2716,butter
2716,milk
2716,beer
2716,apples
2717,yogurt
2718,wipes
2718,chips
2718,salsa
2719,rice
2719,chicken
2719,coffee
2719,cheese
2719,butter
2719,sugar
2719,salsa
2719,soda
2719,bread
2719,apples
2719,yogurt
2720,butter
2720,rice
2720,apples
2721,coffee
2721,milk
2721,chips
2721,sugar
2721,soda
2721,bread
2721,yogurt
2722,cereal
2722,milk
2722,sugar
2722,cheese
2723,milk
2723,beer
2724,pasta
2724,butter
2724,tomato_sauce
2724,milk
2724,soda
2724,bread
2725,eggs
2725,bread
2725,chicken
2725,rice
2726,rice
2726,chicken
2727,cereal
2727,apples
2727,sugar
2727,soda
2728,tomato_sauce
2728,salsa
2729,eggs
2729,milk
2730,bananas
2730,cereal
2730,apples
2730,yogurt
2731,eggs
2732,rice
2732,chicken
2732,chips
2732,salsa
2732,soda
2732,bread
2733,butter
2733,bread
2733,chicken
2734,butter
2734,rice
2734,soda
2735,chips
2735,rice
2735,salsa
2735,apples
2736,sugar
2736,apples
2737,rice
2737,chicken
2737,coffee
2737,pasta
2737,tomato_sauce
2737,eggs
2737,bread
2737,parmesan
2738,eggs
2738,sugar
2738,coffee
2739,bread
2740,rice
2740,chicken
2740,coffee
2740,butter
2740,milk
2740,eggs
2740,sugar
2740,bread
2741,rice
2741,milk
2741,sugar
2741,yogurt
2742,rice
2742,chicken
2742,coffee
2742,cheese
2742,pasta
2742,butter
2742,milk
2742,sugar
2742,salsa
2742,bread
2742,apples
2743,bananas
2743,milk
2744,chips
2744,sugar
2744,salsa
2744,beer
2744,apples
2745,butter
2745,bread
2745,beer
2746,butter
2747,eggs
2747,yogurt
2748,rice
2748,bananas
2748,eggs
2748,soda
2748,bread
2749,sugar
2749,milk
2749,coffee
2750,parmesan
2750,cheese
2751,milk
2751,soda
2752,bananas
2752,bread
2752,milk
2752,apples
2753,wipes
2753,diapers
2753,chips
2753,salsa
2753,yogurt
2754,eggs
2755,chicken
2755,cheese
2755,tomato_sauce
2755,bananas
2755,eggs
2755,chips
2755,salsa
2755,soda
2755,bread
2755,parmesan
2756,butter
2756,cereal
2756,beer
2756,cheese
2757,pasta
2758,wipes
2758,sugar
2758,diapers
2759,sugar
2759,parmesan
2759,coffee
2760,chips
2760,rice
2760,apples
2761,butter
2761,beer
2761,apples
2762,parmesan
2762,rice
2762,chicken
2762,wipes
2762,milk
2762,chips
2762,bread
2762,cereal
2763,parmesan
2763,tomato_sauce
2763,rice
2763,chicken
2764,rice
2764,chicken
2764,cheese
2764,wipes
2764,bread
2765,butter
2765,tomato_sauce
2765,chips
2765,salsa
2765,bread
2766,sugar
2766,coffee
2766,soda
2766,yogurt
2767,pasta
2767,milk
2767,chips
2767,soda
2767,cereal
2767,yogurt
2768,butter
2768,milk
2769,butter
2769,chips
2769,salsa
2770,chicken
2771,chicken
2771,butter
2771,bananas
2771,bread
2771,parmesan
2772,tomato_sauce
2772,soda
2772,parmesan
2772,beer
2772,yogurt
2773,wipes
2773,diapers
2774,wipes
2774,butter
2774,bread
2774,diapers
2775,coffee
2775,cheese
2775,tomato_sauce
2775,milk
2775,chips
2775,sugar
2775,salsa
2776,rice
2776,chicken
2777,salsa
2777,milk
2778,cheese
2778,butter
2778,sugar
2778,bread
2778,parmesan
2779,eggs
2779,apples
2779,pasta
2780,eggs
2780,sugar
2780,apples
2781,pasta
2781,chips
2781,salsa
2781,bread
2781,apples
2782,coffee
2782,bananas
2782,sugar
2782,soda
2782,beer
2782,apples
2783,coffee
2783,cheese
2783,bananas
2783,sugar
2783,apples
2784,rice
2784,chicken
2784,bananas
2784,eggs
2784,soda
2784,parmesan
2784,apples
2785,eggs
2786,cheese
2786,butter
2786,soda
2786,parmesan
2786,yogurt
2787,coffee
2788,chips
2788,apples
2789,cereal
2789,milk
2789,bananas
2789,sugar
2789,soda
2789,bread
2789,parmesan
2790,bread
2790,milk
2790,soda
2791,apples
2791,milk
2791,beer
2791,soda
2792,eggs
2792,beer
2793,apples
2793,eggs
2793,soda
2793,yogurt
2794,eggs
2794,milk
2794,apples
2795,sugar
2795,coffee
2796,eggs
2796,butter
2796,bread
2797,bananas
2797,butter
2797,milk
2798,bananas
2798,cheese
2798,soda
2799,chicken
2799,coffee
2799,chips
2799,salsa
2799,yogurt
2800,butter
2800,bread
2800,beer
2800,cheese
2801,soda
2802,eggs
2802,apples
2802,yogurt
2803,rice
2803,chicken
2803,butter
2803,bread
2803,yogurt
2804,bread
2804,milk
2804,apples
2805,milk
2805,eggs
2805,cereal
2805,soda
2806,coffee
2806,cheese
2806,diapers
2806,bananas
2806,sugar
2806,salsa
2806,beer
2806,yogurt
2807,cereal
2807,butter
2807,milk
2807,eggs
2807,chips
2807,salsa
2807,bread
2807,parmesan
2808,soda
2809,parmesan
2809,coffee
2809,cheese
2809,pasta
2810,eggs
2810,rice
2811,parmesan
2811,chicken
2811,coffee
2811,tomato_sauce
2811,milk
2811,bananas
2811,sugar
2811,soda
2811,cereal
2812,chicken
2812,milk
2812,beer
2813,butter
2813,bread
2813,milk
2813,cheese
2814,apples
2814,yogurt
2815,coffee
2815,pasta
2815,wipes
2815,butter
2815,tomato_sauce
2815,diapers
2815,sugar
2815,bread
2815,parmesan
2815,beer
2816,butter
2816,bread
2816,apples
2817,milk
2817,cereal
2817,beer
2818,sugar
2818,milk
2818,coffee
2818,apples
2819,parmesan
2819,pasta
2819,milk
2819,salsa
2819,cereal
2820,rice
2820,coffee
2820,cheese
2820,milk
2820,bread
2821,rice
2821,chicken
2821,soda
2821,apples
2821,yogurt
2822,coffee
2822,pasta
2822,butter
2822,eggs
2822,sugar
2822,soda
2822,bread
2822,apples
2822,yogurt
2823,coffee
2823,cheese
2823,wipes
2823,diapers
2823,bananas
2823,bread
2823,beer
2823,apples
2824,rice
2824,soda
2825,rice
2825,chicken
2825,wipes
2825,butter
2825,tomato_sauce
2825,milk
2825,parmesan
2825,beer
2825,apples
2826,bananas
2826,eggs
2826,milk
2826,cheese
2827,eggs
2827,beer
2828,butter
2828,sugar
2828,apples
2829,soda
2830,tomato_sauce
2830,chips
2830,soda
2831,rice
2831,coffee
2831,butter
2831,diapers
2831,bread
2831,beer
2832,tomato_sauce
2832,milk
2832,chips
2832,eggs
2832,beer
2833,rice
2833,coffee
2833,cheese
2833,tomato_sauce
2833,sugar
2833,parmesan
2834,wipes
2834,bananas
2834,milk
2834,soda
2835,rice
2835,coffee
2835,wipes
2835,tomato_sauce
2835,butter
2835,milk
2835,bananas
2835,bread
2835,beer
2835,apples
2836,chips
2837,wipes
2837,tomato_sauce
2837,parmesan
2837,coffee
2838,wipes
2838,diapers
2839,coffee
2839,wipes
2839,butter
2839,eggs
2839,chips
2839,sugar
2839,bread
2840,bananas
2840,chicken
2840,yogurt
2841,butter
2841,bananas
2841,sugar
2841,salsa
2841,bread
2841,apples
2842,bananas
2842,rice
2842,coffee
2843,pasta
2843,tomato_sauce
2843,bananas
2843,soda
2843,parmesan
2843,apples
2844,rice
2844,chicken
2844,cheese
2844,milk
2844,bananas
2844,bread
2844,cereal
2845,butter
2846,bread
2847,chips
2847,chicken
2847,rice
2847,yogurt
2848,sugar
2848,beer
2848,soda
2848,yogurt
2849,cheese
2849,milk
2849,bananas
2849,chips
2849,eggs
2849,salsa
2849,cereal
2849,apples
2850,wipes
2850,cheese
2851,rice
2851,chicken
2851,milk
2851,bananas
2851,cereal
2851,yogurt
2852,pasta
2852,tomato_sauce
2852,milk
2852,bananas
2852,chips
2852,salsa
2853,rice
2853,chicken
2854,coffee
2854,pasta
2854,tomato_sauce
2854,milk
2854,sugar
2854,soda
2854,cereal
2854,apples
2855,apples
2856,bananas
2856,milk
2857,parmesan
2857,tomato_sauce
2857,milk
2857,bananas
2857,chips
2857,eggs
2857,salsa
2857,cereal
2857,yogurt
2858,wipes
2858,parmesan
2859,cereal
2859,chicken
2859,pasta
2859,tomato_sauce
2859,butter
2859,milk
2859,sugar
2859,bread
2859,parmesan
2859,beer
2859,apples
2860,salsa
2860,milk
2861,rice
2861,coffee
2861,bread
2861,beer
2861,apples
2862,bananas
2862,parmesan
2862,coffee
2863,rice
2863,chicken
2863,coffee
2863,pasta
2863,butter
2863,milk
2863,eggs
2863,apples
2864,eggs
2864,apples
2865,wipes
2865,milk
2865,eggs
2865,salsa
2865,parmesan
2866,butter
2866,bread
2866,milk
2866,sugar
2867,eggs
2867,butter
2867,bread
2867,salsa
2868,cheese
2868,soda
2869,sugar
2869,coffee
2870,tomato_sauce
2870,apples
2871,pasta
2871,wipes
2871,milk
2871,soda
2871,salsa
2871,apples
2872,butter
2872,apples
2872,coffee
2872,cheese
2873,eggs
2873,butter
2873,bread
2873,cheese
2874,rice
2874,chicken
2874,butter
2874,eggs
2874,chips
2874,bread
2874,parmesan
2875,rice
2875,chicken
2875,coffee
2875,butter
2875,milk
2875,salsa
2875,bread
2875,apples
2876,pasta
2876,tomato_sauce
2876,chips
2876,eggs
2876,salsa
2876,parmesan
2876,apples
2877,bananas
2877,beer
2877,yogurt
2878,tomato_sauce
2878,butter
2878,eggs
2878,chips
2878,salsa
2878,bread
2878,parmesan
2878,beer
2878,apples
2879,chicken
2879,coffee
2879,wipes
2879,bananas
2879,chips
2879,salsa
2880,rice
2880,wipes
2880,diapers
2880,eggs
2880,salsa
2880,bread
2881,cheese
2881,pasta
2881,milk
2881,diapers
2881,beer
2881,yogurt
2882,chips
2882,eggs
2882,salsa
2882,apples
2882,yogurt
2883,rice
2883,coffee
2883,pasta
2883,tomato_sauce
2883,bananas
2883,sugar
2883,parmesan
2883,apples
2884,rice
2884,chicken
2884,coffee
2884,butter
2884,bananas
2884,eggs
2884,bread
2884,apples
2885,cereal
2885,rice
2885,cheese
2885,butter
2885,milk
2885,bananas
2885,sugar
2885,soda
2885,bread
2885,parmesan
2885,beer
2886,cereal
2886,chicken
2886,eggs
2886,milk
2887,cheese
2887,wipes
2887,diapers
2887,bananas
2887,chips
2887,eggs
2887,beer
2887,apples
2888,wipes
2888,butter
2888,milk
2888,diapers
2888,chips
2888,soda
2888,bread
2888,parmesan
2888,apples
2888,yogurt
2889,cheese
2889,pasta
2889,wipes
2889,butter
2889,tomato_sauce
2889,diapers
2889,bananas
2889,sugar
2889,parmesan
2889,apples
2890,rice
2890,butter
2890,tomato_sauce
2890,diapers
2890,bananas
2890,soda
2890,bread
2890,parmesan
2890,beer
2890,yogurt
2891,rice
2891,chicken
2891,tomato_sauce
2891,milk
2891,eggs
2891,yogurt
2892,chicken
2892,milk
2892,apples
2892,yogurt
2893,butter
2893,milk
2893,bananas
2893,eggs
2893,soda
2893,bread
2893,yogurt
2894,cheese
2894,butter
2894,soda
2894,bread
2894,cereal
2894,yogurt
2895,chicken
2895,salsa
2895,parmesan
2895,rice
2896,coffee
2896,tomato_sauce
2896,butter
2896,milk
2896,sugar
2896,bread
2897,coffee
2897,butter
2897,milk
2897,sugar
2897,salsa
2897,apples
2897,yogurt
2898,apples
2898,chicken
2898,soda
2899,bananas
2899,butter
2899,rice
2899,apples
2900,bananas
2900,chicken
2900,apples
2901,tomato_sauce
2901,cheese
2902,coffee
2902,butter
2902,eggs
2902,sugar
2902,soda
2902,bread
2902,apples
2903,bananas
2903,butter
2903,bread
2903,yogurt
2904,beer
2904,diapers
2905,salsa
2905,sugar
2906,parmesan
2906,tomato_sauce
2906,milk
2906,pasta
2907,cheese
2907,milk
2907,bananas
2907,cereal
2907,yogurt
2908,bananas
2908,butter
2908,bread
2908,beer
2909,wipes
2909,diapers
2909,salsa
2909,beer
2909,yogurt
2910,milk
2910,apples
2910,yogurt
2911,milk
2911,yogurt
2912,coffee
2912,wipes
2912,sugar
2912,bread
2912,beer
2912,apples
2913,coffee
2913,sugar
2913,soda
2913,salsa
2913,beer
2914,butter
2914,milk
2914,soda
2914,cereal
2914,beer
2915,coffee
2915,butter
2915,eggs
2915,salsa
2915,bread
2916,milk
2916,bananas
2916,eggs
2916,apples
2916,yogurt
2917,bananas
2917,eggs
2917,sugar
2917,coffee
2918,rice
2918,coffee
2918,bananas
2918,chips
2918,eggs
2918,soda
2918,salsa
2918,cereal
2919,wipes
2919,butter
2919,milk
2919,diapers
2919,chips
2919,eggs
2919,salsa
2919,beer
2920,coffee
2920,butter
2920,eggs
2920,soda
2920,parmesan
2921,chicken
2921,cheese
2921,tomato_sauce
2921,soda
2921,yogurt
2922,eggs
2922,chicken
2922,beer
2922,rice
2923,eggs
2923,rice
2923,salsa
2923,apples
2924,milk
2924,apples
2925,parmesan
2925,tomato_sauce
2925,cereal
2925,milk
2926,chicken
2926,coffee
2926,pasta
2926,butter
2926,tomato_sauce
2926,eggs
2926,sugar
2926,cereal
2927,coffee
2927,butter
2927,bread
2927,chips
2927,salsa
2928,wipes
2928,butter
2928,milk
2928,diapers
2928,bananas
2928,bread
2928,parmesan
2928,apples
2929,coffee
2929,cheese
2929,wipes
2929,butter
2929,bananas
2929,sugar
2929,salsa
2929,bread
2929,apples
2930,rice
2930,butter
2930,milk
2930,soda
2930,yogurt
2931,wipes
2931,cheese
2931,pasta
2932,rice
2932,chicken
2932,cheese
2932,milk
2932,eggs
2933,butter
2933,bread
2933,chicken
2933,rice
2934,chips
2934,rice
2935,butter
2935,bread
2936,wipes
2936,bananas
2936,cereal
2936,milk
2937,rice
2937,chicken
2937,bananas
2937,chips
2937,salsa
2938,coffee
2938,butter
2938,milk
2938,sugar
2938,bread
2938,cereal
2939,eggs
2940,coffee
2940,beer
2941,butter
2941,bread
2942,wipes
2942,milk
2942,bananas
2942,chips
2942,salsa
2942,apples
2943,bananas
2943,apples
2944,milk
2944,beer
2944,soda
2945,bananas
2945,chicken
2945,milk
2945,soda
2946,cereal
2947,coffee
2947,milk
2947,sugar
2947,soda
2947,bread
2948,butter
2948,bread
2948,beer
2948,soda
2949,milk
2949,butter
2949,cereal
2950,bananas
2950,milk
2950,coffee
2950,apples
2951,pasta
2951,butter
2951,milk
2951,eggs
2951,bread
2952,chicken
2952,apples
2953,butter
2953,chicken
2953,yogurt
2954,milk
2954,yogurt
2955,chicken
2955,coffee
2955,milk
2955,eggs
2955,sugar
2956,butter
2956,bread
2957,rice
2957,chicken
2957,wipes
2957,tomato_sauce
2957,butter
2957,milk
2957,bread
2958,salsa
2958,chips
2958,sugar
2958,coffee
2959,coffee
2959,wipes
2959,butter
2959,diapers
2959,bananas
2959,bread
2959,beer
2959,yogurt
2960,rice
2960,chicken
2960,eggs
2960,bread
2960,apples
2961,chips
2961,bread
2961,milk
2961,butter
2962,wipes
2962,milk
2962,diapers
2962,soda
2962,beer
2963,parmesan
2963,chicken
2963,pasta
2963,tomato_sauce
2963,butter
2963,bananas
2963,cereal
2964,cheese
2964,wipes
2964,butter
2964,milk
2964,eggs
2964,chips
2964,sugar
2964,salsa
2964,bread
2965,salsa
2965,rice
2965,beer
2965,apples
2966,milk
2966,bananas
2966,soda
2966,salsa
2966,cereal
2966,apples
2967,coffee
2967,bananas
2967,sugar
2967,salsa
2967,parmesan
2968,wipes
2968,milk
2968,diapers
2968,eggs
2968,salsa
2968,cereal
2968,apples
2969,parmesan
2970,rice
2970,chicken
2970,bananas
2970,soda
2970,beer
2970,apples
2971,butter
2971,beer
2971,apples
2972,coffee
2973,parmesan
2973,bread
2973,milk
2973,apples
2974,rice
2974,chicken
2974,butter
2974,cereal
2974,beer
2975,chicken
2975,milk
2976,wipes
2976,milk
2976,soda
2976,diapers
2977,soda
2978,sugar
2978,coffee
2978,cheese
2979,tomato_sauce
2979,butter
2979,milk
2979,pasta
2980,butter
2980,bread
2980,yogurt
2981,sugar
2981,coffee
2982,rice
2982,yogurt
2983,pasta
2983,tomato_sauce
2983,milk
2983,soda
2983,bread
2983,apples
2984,coffee
2984,cheese
2984,pasta
2984,wipes
2984,tomato_sauce
2984,milk
2984,cereal
2984,beer
2984,apples
2985,bananas
2985,chips
2985,parmesan
2985,salsa
2986,butter
2986,bananas
2986,sugar
2986,salsa
2986,bread
2987,soda
2988,butter
2988,sugar
2989,chips
2989,eggs
2989,salsa
2990,milk
2990,beer
2990,yogurt
2991,butter
2991,bread
2991,beer
2991,soda
2992,butter
2992,bananas
2992,eggs
2992,soda
2992,yogurt
2993,coffee
2993,bananas
2993,sugar
2993,soda
2993,salsa
2993,beer
2994,chips
2994,chicken
2994,salsa
2994,yogurt
2995,coffee
2995,milk
2995,chips
2995,sugar
2995,cereal
2995,yogurt
2996,coffee
2996,tomato_sauce
2996,bananas
2996,chips
2996,bread
2996,apples
2996,yogurt
2997,coffee
2997,milk
2997,sugar
2997,cereal
2997,yogurt
2998,pasta
2998,tomato_sauce
2998,milk
2998,sugar
2998,parmesan
2998,yogurt
2999,rice
2999,pasta
2999,tomato_sauce
2999,salsa
2999,bread
2999,parmesan
2999,yogurt
3000,pasta
3000,tomato_sauce
3000,apples
3000,yogurt
