trip_id,pickup_datetime,passenger_count,pickup_latitude,pickup_longitude,dropoff_latitude,dropoff_longitude,distance_mi,trip_duration
trip101745,2023-03-31 08:45:00,2,40.71514066646821,-73.94091874553246,40.70680115355902,-73.94254804553142,0.582,303
trip103999,2023-05-10 06:37:00,4,40.693601263194466,-73.96882226707291,40.7050039947579,-73.95952898477746,0.926,347
trip101373,2023-03-02 04:54:00,2,40.67776279387903,-74.00808186479456,40.71912156913638,-74.00633045926376,2.859,947
trip103964,2023-03-18 15:51:00,4,40.739223802069766,-73.91578277437924,40.738888473929926,-74.00006120157029,4.412,1076
trip103531,2023-10-03 07:58:00,3,40.741595883933805,-74.00939368078032,40.71423273539815,-74.00776682009631,1.893,783
trip102005,2023-07-04 21:02:00,1,40.80052052145537,-73.95546410080073,40.83578609159243,-73.95162301602387,2.445,586
trip101533,2023-12-02 17:48:00,2,40.69758273565925,-73.97250980202233,40.69708817754946,-73.98226396669621,0.512,237
trip102486,2023-09-29 11:00:00,1,40.754819726350426,-73.9830756504763,40.75910414925288,-73.98354334683401,0.297,177
trip101754,2023-03-22 10:43:00,2,40.79946361999965,-74.01925732987323,40.79599874353092,-74.0256185467063,0.41,359
trip100978,2023-05-15 13:31:00,2,40.68624210583314,-73.92929558362826,40.67614021706875,-73.91697534866988,0.951,329
trip102899,2023-10-20 11:37:00,1,40.78638464873209,-74.03,40.77370520599339,-74.03,0.876,328
trip100149,2023-07-27 07:28:00,2,40.75706718553504,-74.03,40.75597645992769,-74.03,0.075,147
trip102132,2023-06-26 07:57:00,2,40.732988231872085,-73.93986460910219,40.753312527455115,-73.94203922001336,1.409,791
trip102591,2023-01-26 19:17:00,2,40.84713965548172,-73.9026793241347,40.81546468099952,-73.89744174035295,2.206,931
trip101744,2023-07-06 09:58:00,4,40.780205260522614,-73.95656755955842,40.74153546526207,-73.95806691358862,2.673,847
trip102302,2023-10-18 09:34:00,2,40.63,-73.9907105275296,40.63,-74.01106838961941,1.068,396
trip102687,2023-07-07 12:07:00,3,40.739210304419785,-74.02888442510466,40.73447702488132,-74.02684722512831,0.344,93
trip101192,2023-07-16 11:09:00,3,40.73845056476201,-73.9652579737078,40.738729819954045,-73.96488738462463,0.027,30
trip101149,2023-06-08 15:28:00,2,40.79635879314187,-74.03,40.79914808959648,-74.03,0.193,106
trip101313,2023-03-16 18:58:00,2,40.7681779309331,-73.98797735976679,40.75279634976136,-73.97606013331047,1.232,668
trip102840,2023-01-21 21:47:00,1,40.74244566687582,-73.90016179994234,40.74549396211533,-73.89907408426708,0.218,401
trip102384,2023-07-02 23:52:00,2,40.78078170609028,-73.95696468395779,40.76071388576198,-73.96494388888179,1.448,494
trip100555,2023-02-16 18:29:00,1,40.73618125517494,-73.90693857699122,40.74845571885951,-73.89096335094999,1.191,463
trip103705,2023-06-13 00:33:00,3,40.73955434392771,-73.99845223278137,40.73668967727297,-73.99341993192249,0.33,328
trip101610,2023-03-04 19:16:00,3,40.76296985783907,-73.9385401410955,40.76311749246302,-73.93878974960553,0.017,42
trip101510,2023-01-01 07:03:00,3,40.75305609261262,-73.96189355932111,40.74722325936553,-73.96043836372691,0.41,303
trip100318,2023-03-22 15:28:00,4,40.79453127705677,-74.02264588510377,40.81430572919019,-74.02661272046747,1.382,908
trip103966,2023-12-24 02:03:00,2,40.70523520964371,-73.98821051593775,40.7319055110139,-73.99418104382664,1.869,542
trip103516,2023-08-09 20:05:00,1,40.77009074595603,-73.94439910647611,40.768976357961456,-73.94589185059678,0.11,124
trip103473,2023-01-03 16:54:00,1,40.77476950799206,-74.00838472673361,40.77497308404424,-74.0017521140019,0.347,300
trip100721,2023-10-18 10:56:00,1,40.800760848580715,-74.0207913277263,40.775880167478604,-74.03,1.785,684
trip102228,2023-04-28 20:36:00,1,40.84836386948879,-74.00982834999616,40.84065742764088,-74.0066222496787,0.558,208
trip103704,2023-10-08 00:53:00,2,40.77350620962255,-73.97590095149468,40.7735492817148,-73.97822895378796,0.122,170
trip102439,2023-08-17 02:48:00,1,40.744161870856516,-73.91612414372334,40.77402815558181,-73.90735670018674,2.114,715
trip101945,2023-05-26 11:54:00,2,40.6688714711612,-74.03,40.65633404651121,-74.00909872500837,1.397,400
trip100718,2023-01-05 02:32:00,2,40.734207142800194,-73.96706786806604,40.69227728511949,-73.9748647323716,2.926,602
trip102099,2023-06-03 17:53:00,2,40.81945717852066,-73.98198383116986,40.85074200388062,-73.9749945062505,2.192,984
trip103353,2023-10-19 16:35:00,4,40.71374268250243,-73.97742925739459,40.667412294595756,-73.97834884247195,3.202,1530
trip100205,2023-02-15 12:21:00,4,40.747807671913144,-73.99157930483696,40.766024803864354,-73.9830522896811,1.335,522
trip100393,2023-03-01 03:26:00,1,40.77067235972725,-74.02154243058128,40.78353680464928,-74.03,0.993,332
trip103509,2023-12-27 17:54:00,1,40.70335196953759,-74.01478920728198,40.706720797967414,-73.99554236034027,1.035,516
trip102436,2023-08-17 07:42:00,2,40.705760413255376,-73.9394708812715,40.70300977940676,-73.95169007033033,0.668,345
trip102594,2023-05-20 23:48:00,2,40.677631638495484,-74.00747733283349,40.68142972670365,-74.02548002347275,0.979,299
trip102241,2023-05-30 18:09:00,2,40.713730287602566,-73.9814906726713,40.662186197435155,-74.011700169382,3.897,1047
trip102550,2023-12-27 11:18:00,3,40.674440030756934,-73.97975066207437,40.67397733902626,-73.97990628010136,0.033,231
trip100270,2023-05-08 21:35:00,1,40.717529888490574,-74.03,40.71350361005954,-74.03,0.278,128
trip101356,2023-01-30 22:47:00,3,40.733070455329745,-74.03,40.73568600947395,-74.02807244683547,0.207,278
trip100655,2023-10-24 21:36:00,3,40.7643730118706,-73.98377201346759,40.78737953410345,-73.97885605969589,1.61,558
trip103238,2023-03-24 12:33:00,1,40.790912182099625,-73.8973014466146,40.78846692584556,-73.89293574604878,0.284,452
trip101456,2023-02-23 07:20:00,1,40.85348150918668,-74.03,40.84700156978534,-73.95760830678358,3.81,1496
trip102669,2023-01-21 23:20:00,1,40.720491544190544,-74.020990824639,40.69847992538853,-74.0181682526539,1.528,800
trip100070,2023-07-18 20:30:00,1,40.69259411544979,-73.98988172951665,40.697910982220876,-73.99528092622805,0.464,242
trip102936,2023-08-03 09:52:00,4,40.67048671458415,-74.012661751263,40.66121544658659,-73.98871423330712,1.409,584
trip100501,2023-04-28 15:05:00,2,40.79028332418873,-73.93114757686617,40.77506541214946,-73.91657519038186,1.299,511
trip101764,2023-05-29 22:52:00,1,40.70266507271957,-73.99563440267188,40.716164384032254,-73.99014147499997,0.976,481
trip100414,2023-12-03 08:05:00,1,40.737180217012785,-73.9874179971711,40.72860307244531,-73.98932994364773,0.601,345
trip100893,2023-12-07 15:05:00,2,40.75173615053414,-74.01751181473814,40.74214034802982,-74.02885371153354,0.89,431
trip100568,2023-03-16 03:57:00,2,40.77467925643734,-73.95110311714653,40.776901468036094,-73.94870964538426,0.198,169
trip100196,2023-08-30 20:18:00,1,40.77894970576101,-73.96725209408322,40.77617086009796,-73.9755458574386,0.475,158
trip101514,2023-08-11 21:21:00,1,40.6742953083194,-73.99832880025434,40.67427174801419,-73.99877207781604,0.023,89
trip100976,2023-01-18 09:16:00,1,40.799710564693115,-73.97333195049579,40.79872505944557,-73.97208160988674,0.094,249
trip100096,2023-12-21 21:04:00,2,40.69047851744405,-73.95523447043678,40.717872258109416,-73.96366192309485,1.944,682
trip103209,2023-10-06 07:39:00,4,40.72532445079607,-73.97820757042996,40.70274708176741,-73.97456148650443,1.572,645
trip101171,2023-06-18 19:43:00,1,40.664134131404865,-73.98414191423795,40.70646839923683,-73.98742737833652,2.93,1403
trip101826,2023-07-05 18:22:00,4,40.78872383685827,-73.93655960494908,40.80811570473471,-73.99164479976154,3.178,1085
trip103331,2023-01-01 20:33:00,2,40.74843943374916,-73.86776897326281,40.7776806440227,-73.86328224985053,2.034,632
trip100308,2023-05-04 23:11:00,1,40.77621948588945,-73.96486882891415,40.78049120279111,-73.9755222767485,0.631,352
trip101491,2023-12-30 00:34:00,2,40.74897916261035,-74.03,40.748851869213716,-74.03,0.009,32
trip103260,2023-02-06 03:22:00,1,40.75483519162138,-73.97672500935263,40.75326293285636,-73.97829606348598,0.136,58
trip100109,2023-05-08 14:49:00,4,40.672270580956344,-73.97865747957931,40.63,-73.99534142573913,3.049,1027
trip100465,2023-07-14 01:37:00,1,40.72935961217773,-73.95576759658616,40.72370761885478,-73.95966569592301,0.441,241
trip100838,2023-09-28 18:28:00,4,40.83268240039694,-73.92598108200404,40.83895362496627,-73.92161544273995,0.49,298
trip103386,2023-05-30 15:03:00,1,40.74894596683596,-73.94866511033693,40.76369110386341,-73.9732381871608,1.641,486
trip100811,2023-02-07 22:18:00,4,40.7239947651365,-73.99740076391198,40.74532482286834,-73.97146417727019,2.004,719
trip100305,2023-06-24 18:25:00,2,40.702619567018324,-73.97998784531603,40.708686642370424,-73.9835639470775,0.459,344
trip100014,2023-04-02 09:12:00,1,40.77103792040134,-73.97230700915156,40.73874492638727,-74.00655307157292,2.862,1318
trip102282,2023-07-21 10:10:00,1,40.7997223220031,-73.95199015289583,40.78582402260573,-74.02141016899535,3.756,1856
trip103071,2023-11-18 00:33:00,1,40.75934877689264,-73.9367479253827,40.74891603133584,-73.93160470547916,0.769,296
trip100538,2023-06-01 07:14:00,2,40.64225828627948,-74.02979621222046,40.653904515209334,-74.02244945345869,0.892,371
trip102653,2023-09-21 02:35:00,1,40.71279359025731,-74.02922312135838,40.68190817928346,-73.99044076800782,2.946,778
trip100008,2023-02-06 18:48:00,1,40.749243947912305,-74.01771086311916,40.79338428401735,-74.03,3.117,1332
trip100354,2023-12-28 09:30:00,2,40.798081220019505,-74.02622537685095,40.79091636840774,-74.03,0.533,355
trip101556,2023-10-09 17:11:00,1,40.71721252816332,-73.96891748588278,40.78209419352821,-73.94565108638537,4.645,1890
trip100486,2023-11-02 06:28:00,1,40.714923292147354,-73.9037805191657,40.67156803389246,-73.93015647144726,3.299,744
trip100842,2023-12-11 16:56:00,1,40.828916096201546,-74.03,40.83694918463185,-74.03,0.555,264
trip100534,2023-05-22 20:21:00,4,40.67954084175188,-73.98034768264976,40.67836360163744,-73.98295609477134,0.159,49
trip101743,2023-07-27 20:59:00,1,40.69096885754003,-73.95058427810349,40.68359198588869,-73.95625364587016,0.59,212
trip102250,2023-09-16 19:35:00,1,40.70335381113087,-73.99204321792033,40.70364117967207,-73.99199541744541,0.02,205
trip101588,2023-08-08 07:10:00,4,40.7056752282524,-73.98843296494069,40.75746867183833,-73.91939550471017,5.086,2877
trip102868,2023-01-15 16:02:00,1,40.75290653456244,-74.03,40.7556528965254,-74.03,0.19,146
trip101940,2023-03-17 09:45:00,3,40.692642171909306,-74.03,40.66943560553088,-74.03,1.603,897
trip102347,2023-02-09 06:05:00,1,40.718870361564896,-73.99057182427117,40.69770444564874,-74.03,2.53,741
trip100879,2023-12-04 17:56:00,1,40.74874078945614,-74.02945160545158,40.75868050716542,-74.03,0.687,432
trip102465,2023-11-20 23:47:00,4,40.71516613517581,-74.03,40.68711214375936,-74.027542121038,1.943,519
trip102149,2023-02-08 17:27:00,1,40.75573131140454,-73.92208084830239,40.761884367909,-73.93087555080565,0.627,305
trip102069,2023-11-18 01:55:00,2,40.741179806596975,-74.02334994317113,40.66085218577456,-74.02964754797323,5.56,1344
trip101047,2023-02-28 11:12:00,4,40.77441675084814,-74.02721835761612,40.777228267821855,-74.01507118701393,0.665,237
trip102063,2023-08-02 11:26:00,1,40.76708594112763,-73.9575439829677,40.77122099170343,-73.95995424999975,0.312,145
trip101003,2023-09-18 01:47:00,2,40.77852596699802,-73.96071826821048,40.79031184014095,-73.93415502160782,1.611,519
trip101417,2023-07-17 18:08:00,3,40.79479706273254,-73.9368669935799,40.72616289036562,-74.0014271890034,5.823,2567
trip102037,2023-08-01 21:58:00,4,40.794844969802426,-73.9555286738437,40.78963517612104,-73.93012588169167,1.377,573
trip100179,2023-07-13 05:40:00,1,40.76286217628211,-74.01535546627204,40.74851665019757,-74.03,1.253,463
trip103566,2023-09-03 23:21:00,2,40.78228068059239,-74.00931727871337,40.77035662377288,-74.02047619173813,1.01,355
trip103337,2023-04-14 12:38:00,1,40.771959611686206,-74.02603274676814,40.72228111536051,-73.95360698277123,5.114,1412
trip103135,2023-12-18 12:24:00,3,40.6993781790204,-73.86715238465219,40.692059268394516,-73.87095136423626,0.543,255
trip103180,2023-01-01 09:47:00,1,40.70558251804584,-73.98856003132454,40.68026256808875,-73.9810138448364,1.794,889
trip103181,2023-06-02 08:51:00,3,40.682588210107404,-73.96478523353223,40.68012077355408,-73.95969946353783,0.316,305
trip102850,2023-04-19 00:20:00,2,40.74301913697104,-73.92463836939542,40.72353287740253,-73.90006425617587,1.862,529
trip103678,2023-05-06 12:36:00,1,40.71908780702503,-73.99812986807291,40.73947514341846,-73.96296254007065,2.318,607
trip101467,2023-05-28 05:13:00,1,40.68878837351698,-73.91354361159608,40.69262695197904,-73.91384264628155,0.266,223
trip102206,2023-05-08 11:46:00,2,40.72947297117481,-73.91651567155596,40.7296675110205,-73.9162340421948,0.02,32
trip103244,2023-01-19 19:50:00,3,40.771830515149134,-74.03,40.77192482753517,-74.02475041650794,0.275,316
trip100314,2023-04-17 21:43:00,2,40.78725946795587,-73.98129052294537,40.78825538246289,-73.99670617307765,0.809,304
trip100032,2023-08-19 04:55:00,1,40.72694907719178,-73.95357340522149,40.7377992466434,-73.9527713815472,0.751,411
trip101938,2023-09-20 18:08:00,2,40.71952266171958,-73.96895902731424,40.72923362670054,-73.95049626445241,1.177,693
trip101228,2023-08-23 18:18:00,2,40.77517931667773,-73.96347850304012,40.77439547997311,-73.95966039258846,0.207,264
trip100818,2023-06-01 08:40:00,3,40.762294181028345,-73.9538719821249,40.693540102105075,-73.95380667350793,4.751,1628
trip103621,2023-03-05 23:07:00,1,40.721759024145506,-73.99199652136356,40.72277437043997,-73.97811998213938,0.73,357
trip102872,2023-01-19 17:25:00,3,40.70168729218881,-73.98905112800287,40.70269043255806,-73.98755593282846,0.105,65
trip101499,2023-05-30 01:29:00,1,40.696833441943205,-74.01458456054061,40.70837007678775,-73.99766777074885,1.192,548
trip100033,2023-09-04 12:35:00,3,40.713380227228846,-73.95322713938205,40.708177369706696,-73.94353600579943,0.622,340
trip101362,2023-12-13 09:18:00,2,40.672005590355596,-73.89343677508099,40.69534722182875,-73.90504397260989,1.724,728
trip103897,2023-05-20 18:53:00,1,40.83059043570548,-73.94417772221311,40.82889399789084,-73.96262788436586,0.972,476
trip103404,2023-01-05 21:14:00,1,40.681793863531894,-73.85379918782688,40.68122672675163,-73.84149483240522,0.646,204
trip100798,2023-09-05 02:51:00,1,40.796162657929834,-74.0001358637193,40.789571798119674,-73.98579528280686,0.878,475
trip102804,2023-04-02 01:46:00,1,40.711501309619116,-73.94980444077551,40.72421753799646,-73.97321371365113,1.508,661
trip101770,2023-05-26 13:04:00,3,40.7296876997066,-73.92582980311386,40.731897870585854,-73.92820515115287,0.197,111
trip103952,2023-08-23 12:15:00,2,40.747021331529005,-73.98100229753855,40.733925158047384,-73.94997301875898,1.859,642
trip100889,2023-02-24 05:02:00,4,40.67332032118253,-73.92692979856264,40.67038049204554,-73.92534774116463,0.219,161
trip103467,2023-11-12 20:39:00,2,40.66468066603843,-73.94221305285481,40.663231554574736,-73.93846202497816,0.221,234
trip102759,2023-10-27 19:56:00,1,40.78923889748736,-73.91040248651564,40.80721525625244,-73.91857326439772,1.314,1164
trip102238,2023-10-28 14:51:00,2,40.70938720721005,-74.02665270810415,40.70212173322223,-74.02514044933022,0.508,184
trip101018,2023-08-07 15:35:00,1,40.734842561456176,-74.03,40.73823682029261,-74.02127638356694,0.513,306
trip100211,2023-10-03 21:37:00,2,40.69031232770172,-73.9664723336956,40.77448857717807,-73.98845539929371,5.929,1641
trip101805,2023-07-19 04:03:00,1,40.663558783334715,-73.99697560533434,40.647282471078846,-73.98261701903309,1.353,445
trip102987,2023-06-12 20:20:00,3,40.821370172393195,-73.94668720498562,40.83462405160233,-73.95829576599064,1.099,391
trip102548,2023-09-07 18:08:00,1,40.671926076307955,-74.03,40.66457762284505,-74.03,0.508,275
trip101448,2023-12-13 05:47:00,3,40.736204547042085,-73.92168212902722,40.73600447860553,-73.92306647740962,0.074,64
trip102337,2023-01-27 12:04:00,1,40.787553649631604,-74.03,40.77550015147951,-74.02687037347297,0.849,324
trip102377,2023-05-07 18:25:00,3,40.71854401661032,-73.94917704495053,40.69662911729931,-73.98440846633855,2.387,1047
trip100495,2023-09-14 23:08:00,1,40.792099620645935,-74.03,40.79606145432321,-74.02849629090245,0.285,165
trip100325,2023-12-26 02:47:00,1,40.78288486110124,-73.99991128242826,40.78976210132214,-73.99373189232844,0.575,165
trip100761,2023-06-05 12:54:00,2,40.77859170142876,-73.8514137116041,40.779271168257516,-73.85195117400188,0.055,120
trip100985,2023-02-28 10:03:00,1,40.77843916676926,-73.96112262274606,40.7727167728715,-73.97260097161787,0.719,553
trip101105,2023-01-22 18:56:00,1,40.781532542058684,-74.01674446317885,40.77669711408052,-73.99746880875313,1.062,636
trip100693,2023-11-29 11:27:00,2,40.64867002192214,-74.01344041833995,40.6496175394124,-74.01456556307454,0.088,439
trip103956,2023-08-23 02:03:00,4,40.71580594335948,-73.98628244543096,40.71328602294707,-73.98532459309739,0.181,301
trip100166,2023-07-17 12:40:00,4,40.79192078557934,-74.03,40.79878319291597,-74.03,0.474,203
trip103205,2023-12-01 16:05:00,2,40.73457199061906,-74.01667361879997,40.73400360446824,-74.01477951427513,0.107,166
trip101760,2023-08-27 10:34:00,1,40.69707098575105,-73.87149401821623,40.69801781979505,-73.87203717862539,0.071,123
trip102014,2023-07-18 20:05:00,1,40.82155984625298,-74.01904306336021,40.82327000495864,-74.02253567637274,0.218,184
trip101116,2023-04-22 16:09:00,4,40.80101562154405,-73.94385085993692,40.80562776841663,-73.93790181878109,0.445,471
trip101338,2023-10-20 11:51:00,4,40.86,-73.96582647207818,40.86,-73.98295836645532,0.895,280
trip101237,2023-12-23 21:01:00,2,40.77567416662623,-73.96488694472013,40.76801296605079,-73.96271237618754,0.541,186
trip100816,2023-02-07 21:50:00,4,40.731910333894184,-73.89536056618465,40.73336489866816,-73.86237841384991,1.73,494
trip101871,2023-08-15 14:14:00,2,40.72471870554135,-73.86984887608833,40.73276928268978,-73.86667328073128,0.581,298
trip101370,2023-04-26 00:14:00,4,40.68183603508929,-73.94624094937743,40.689945547455245,-73.9507903488339,0.609,206
trip100043,2023-06-07 23:16:00,2,40.760447259538005,-74.03,40.751781275111064,-74.03,0.599,181
trip101650,2023-10-23 07:40:00,3,40.7272028786813,-73.96229628876688,40.69023488841509,-73.94530980369476,2.705,871
trip100229,2023-05-19 06:56:00,1,40.73706774873029,-73.93927866665878,40.73696594768335,-73.939036664503,0.014,95
trip103579,2023-03-26 13:54:00,2,40.68981053380182,-73.98088470841883,40.63027578923235,-73.95191537591954,4.385,1086
trip103365,2023-06-04 21:30:00,2,40.69231669385221,-73.97644050807544,40.69489464347662,-73.97213913426974,0.287,120
trip102170,2023-12-20 13:54:00,2,40.711713116992776,-73.92032419184835,40.70180607139231,-73.92837812885656,0.804,334
trip102402,2023-11-03 13:58:00,1,40.762652792453956,-73.97891651670822,40.79435093128102,-73.94157806378963,2.935,883
trip101612,2023-03-17 10:10:00,2,40.748083962053,-74.0107384023244,40.77148587866025,-74.02304350564624,1.74,819
trip101057,2023-08-17 03:45:00,2,40.768502736310715,-73.99754124801393,40.77997942238743,-73.9954641863148,0.8,317
trip100184,2023-04-27 01:01:00,1,40.769294039730774,-73.98130237795417,40.7634909826874,-73.98392546189092,0.424,223
trip101128,2023-04-06 14:14:00,2,40.73902467504202,-73.96814586322566,40.73637407480335,-73.98014325221914,0.654,253
trip103138,2023-10-10 14:05:00,4,40.77418452344023,-73.83177656512343,40.77465353667275,-73.83045211592146,0.077,124
trip103539,2023-05-30 01:26:00,1,40.71336235081063,-73.98881566087469,40.70341039169499,-73.99570855034696,0.777,283
trip102407,2023-06-03 16:43:00,2,40.73404356037369,-73.99120656176747,40.734464055128775,-73.9908459753415,0.035,175
trip103949,2023-03-13 09:32:00,1,40.7481957289553,-73.92250051363838,40.75393186060651,-73.92333697954876,0.399,275
trip101429,2023-09-26 04:17:00,3,40.78354745079363,-73.87706474997061,40.86,-73.89838797316365,5.399,1675
trip101392,2023-09-27 22:19:00,1,40.725584898094965,-74.03,40.734409744131575,-74.03,0.61,177
trip103379,2023-01-25 08:20:00,1,40.737485666815545,-73.99154365008042,40.7303627403069,-73.99820935170104,0.603,242
trip100017,2023-10-12 09:07:00,4,40.7068502829627,-73.9364602312804,40.708065579215706,-73.93482556290564,0.12,114
trip102045,2023-06-16 02:09:00,1,40.70525492011772,-73.98268857805323,40.703254691890294,-73.9843660372599,0.164,144
trip102571,2023-01-13 20:33:00,1,40.77879712746103,-73.92365525589712,40.78698286969567,-73.90341505917905,1.2,647
trip103723,2023-05-13 05:10:00,1,40.79100526023358,-74.03,40.77094375889808,-74.00213653916796,2.012,505
trip102378,2023-02-07 01:54:00,3,40.7519183960997,-73.96544366624285,40.75318488868764,-73.95346338862922,0.633,484
trip103200,2023-12-01 21:28:00,1,40.72418486391137,-73.9418968690114,40.709618725429905,-73.94954497922501,1.083,292
trip102822,2023-02-28 22:46:00,4,40.78041904851131,-73.87444201324676,40.77628215832958,-73.85769371408291,0.922,452
trip101041,2023-03-01 23:34:00,2,40.79382523576978,-74.0170934643698,40.80316700467381,-74.03,0.934,264
trip102586,2023-10-05 04:53:00,1,40.75372231908384,-73.94199431131277,40.76256443228839,-73.95537809284505,0.929,406
trip102147,2023-10-20 16:53:00,3,40.79214562101355,-74.01048791025963,40.79848098710423,-74.00535493379265,0.514,362
trip101578,2023-11-19 16:41:00,2,40.65036156830306,-74.01805977576267,40.65035376012804,-74.01819985011511,0.007,121
trip102857,2023-04-03 07:02:00,4,40.755677433839395,-73.90581413746618,40.742627195838416,-73.90232787244221,0.92,404
trip102164,2023-08-03 12:02:00,3,40.77722470190555,-73.90735892575313,40.777686895240244,-73.90666302196647,0.048,209
trip102194,2023-12-12 20:49:00,3,40.75778532128435,-74.00050762548783,40.755121701543004,-74.00336501105734,0.237,126
trip101061,2023-05-24 14:46:00,2,40.815432258165586,-73.94391918405448,40.83539649556634,-73.94368295640591,1.379,462
trip102470,2023-09-14 02:30:00,1,40.72925381737386,-73.94799824293796,40.676951881448254,-73.98612181593948,4.129,1255
trip101833,2023-08-10 01:50:00,3,40.7686577328262,-74.01650833506541,40.76077705438136,-74.01703446031735,0.545,278
trip103540,2023-07-08 15:05:00,1,40.757967220637944,-74.02386520839819,40.76197898428822,-74.01808015683356,0.41,326
trip103551,2023-05-20 22:10:00,1,40.6966891910352,-73.9491750867255,40.688744759789685,-73.93838319597783,0.788,238
trip103816,2023-09-02 10:10:00,1,40.74717369745852,-73.95080601159523,40.75567273728779,-73.95837250845436,0.708,393
trip102602,2023-08-22 09:35:00,1,40.746047394462835,-73.95112302079438,40.74421545575569,-73.95040559059854,0.132,177
trip102823,2023-02-14 16:18:00,2,40.70359590692022,-73.93233966029064,40.77560074327238,-73.96163012005204,5.206,2897
trip101582,2023-08-02 01:44:00,1,40.77475911232119,-73.91240481834025,40.79985305099634,-73.98874261068813,4.354,1545
trip102024,2023-04-18 23:51:00,4,40.68999365565696,-74.03,40.686534335780344,-74.02704560487267,0.285,135
trip102370,2023-11-27 20:32:00,1,40.70047024310946,-73.95189532083502,40.68706881701709,-73.95618558862255,0.953,262
trip100990,2023-08-11 19:23:00,1,40.78917500242389,-74.03,40.803812915326795,-74.03,1.011,533
trip102428,2023-02-04 12:41:00,1,40.749242347431995,-73.92410376216176,40.714190177468,-73.88684787222608,3.11,1172
trip101260,2023-10-23 23:43:00,1,40.79497013496135,-73.95645602487286,40.79307346152915,-73.94775524565536,0.474,232
trip103596,2023-01-01 11:27:00,1,40.73076004834017,-73.98061894708242,40.722877856446246,-73.98106089045669,0.545,240
trip102303,2023-09-29 09:44:00,2,40.73043852368246,-74.02858095241518,40.72992571844029,-74.02870403369081,0.036,60
trip103115,2023-07-16 06:31:00,1,40.783696624869215,-73.98516355677,40.810393422082875,-73.99630811544786,1.935,611
trip103906,2023-10-16 09:31:00,2,40.6782306131193,-73.95412986369388,40.63,-73.9029238230679,4.279,1814
trip101536,2023-12-24 09:48:00,2,40.783715031724036,-74.0202427359847,40.77813390800432,-74.01711668072053,0.419,290
trip103159,2023-10-10 04:02:00,2,40.71858003431203,-74.03,40.72845038041422,-74.01652494219556,0.981,392
trip101717,2023-01-28 15:16:00,2,40.7262208240998,-74.00081622663255,40.72173961516982,-74.00157948851665,0.312,322
trip102357,2023-07-27 07:26:00,4,40.764579561532244,-73.94695994254383,40.738640791255435,-73.88684216908368,3.621,2060
trip103323,2023-01-10 20:46:00,3,40.78504733727045,-73.94263210129016,40.77371406832576,-73.95734159015251,1.098,310
trip101436,2023-08-04 05:30:00,1,40.730200553296164,-74.00651718865788,40.72445270462438,-74.03,1.292,464
trip101204,2023-09-14 00:16:00,1,40.72072463708175,-74.03,40.71814285362278,-74.03,0.178,263
trip100093,2023-08-23 11:48:00,1,40.74641268050921,-74.03,40.74617010869707,-74.03,0.017,197
trip100809,2023-10-25 19:22:00,2,40.759775403766476,-73.98296114944826,40.771640634375366,-73.96972694259924,1.073,422
trip102876,2023-08-09 07:16:00,1,40.690501181526066,-74.01941279793104,40.6997914151513,-74.02822124345259,0.791,440
trip103066,2023-06-02 09:59:00,2,40.761542139029956,-73.93788258114144,40.77322066942235,-73.93830996114771,0.807,557
trip101402,2023-01-05 12:31:00,4,40.74081687182282,-74.03,40.72406034278767,-74.03,1.158,417
trip102389,2023-10-29 15:10:00,2,40.74797521565606,-73.96103471667502,40.74213239825513,-73.96478981675278,0.449,189
trip103891,2023-01-29 01:51:00,3,40.68639172043563,-74.0015856439517,40.63,-74.03,4.171,1312
trip100023,2023-02-10 18:33:00,1,40.7430461733069,-74.03,40.73575851303137,-74.01638000247164,0.873,265
trip103730,2023-12-13 20:15:00,1,40.716891160438735,-73.99317020820084,40.70337897840476,-73.93977553899538,2.948,901
trip102570,2023-05-28 21:10:00,4,40.852284632169074,-74.01173360440183,40.84843378398901,-74.00790689289097,0.333,197
trip102727,2023-10-20 12:33:00,1,40.74237021779348,-73.98961143560474,40.741988466384235,-73.993133698454,0.186,181
trip102589,2023-03-16 13:44:00,2,40.77808829226113,-73.97830246964931,40.7883481597569,-73.92605551517515,2.824,800
trip100605,2023-07-17 18:22:00,1,40.77435092248621,-73.971466177544,40.75220497298377,-74.03,3.424,1511
trip102780,2023-05-16 04:25:00,2,40.81770280233651,-73.92803016101735,40.81593485210598,-73.92928598886053,0.139,105
trip103763,2023-11-01 21:43:00,4,40.776564425784386,-73.95843941019166,40.76656177109776,-73.965985304585,0.796,249
trip101293,2023-12-20 14:54:00,1,40.654186094986,-73.87076375800481,40.65431886350668,-73.86838765632211,0.125,108
trip100298,2023-10-20 14:37:00,1,40.67094751978846,-73.9045093747556,40.67079432272631,-73.904772112377,0.017,62
trip100315,2023-07-26 15:57:00,2,40.73665430709094,-73.9823675441875,40.72952408254755,-73.99765893295483,0.94,341
trip101320,2023-07-16 16:54:00,4,40.715777101836785,-73.94873901649213,40.71443632260405,-73.94835311806945,0.095,151
trip102066,2023-03-28 20:01:00,3,40.79340478070077,-73.9510203294661,40.81396863113229,-73.98925679714003,2.453,532
trip101532,2023-06-10 17:52:00,2,40.794166588718866,-73.9819552785529,40.81474029928017,-73.99110613286838,1.5,670
trip101189,2023-02-11 08:08:00,2,40.743655544615,-74.0270164002438,40.767026896420965,-74.01958095840885,1.661,706
trip101268,2023-01-06 12:08:00,2,40.779261205251025,-73.94667107805707,40.783124840972754,-73.94280131968745,0.335,214
trip101502,2023-12-09 16:42:00,2,40.80963160279937,-74.02907969884662,40.797691568316374,-74.03,0.826,389
trip102279,2023-08-17 06:11:00,1,40.660713554959194,-74.03,40.6377169291876,-74.00294090575784,2.13,687
trip103942,2023-04-24 05:07:00,2,40.712297953355005,-73.94644671268846,40.7377103490498,-73.93346137062251,1.883,568
trip102097,2023-07-01 06:35:00,2,40.71379630163988,-74.01792655224979,40.72569470729999,-74.03,1.037,310
trip103668,2023-05-09 16:52:00,1,40.6719526406898,-73.93832515122982,40.64306850791383,-73.97911988149822,2.925,921
trip101064,2023-10-15 06:22:00,4,40.721003479590415,-73.9932876212724,40.71976668201401,-73.95645560630206,1.931,660
trip100864,2023-03-03 20:39:00,1,40.718792222594246,-74.0191668153431,40.71579598287193,-74.01910715966206,0.207,164
trip102954,2023-08-15 09:42:00,1,40.654232370610636,-73.98923544773719,40.641888658357196,-73.9063022747073,4.431,1617
trip101231,2023-11-10 12:32:00,1,40.699475420547806,-74.03,40.692066807855554,-74.03,0.512,355
trip103863,2023-06-29 04:33:00,3,40.82392304358719,-73.99621474143417,40.81584200816907,-73.97213617416281,1.377,304
trip102877,2023-06-04 10:38:00,4,40.7258262792694,-74.00188900679397,40.72275915943737,-74.00497343354634,0.266,199
trip103641,2023-04-12 20:47:00,3,40.82491492264367,-73.94132717592794,40.80743584824894,-73.98633391581956,2.645,705
trip103577,2023-05-08 10:54:00,1,40.75837237796435,-73.98100909387215,40.75431288467175,-73.97841729454107,0.312,217
trip100511,2023-10-12 12:52:00,1,40.73662044867861,-73.98762041281597,40.733249627062044,-73.97995068570386,0.464,258
trip101366,2023-01-11 00:26:00,2,40.69928554404096,-74.00475070102677,40.67146392894569,-74.01610540315322,2.012,496
trip101377,2023-08-16 14:38:00,2,40.7579767615127,-73.9942480262278,40.77658964739712,-73.96696416466067,1.922,432
trip100099,2023-08-24 20:22:00,1,40.709253442508796,-73.98988477523724,40.72322782343991,-73.98863432689704,0.968,358
trip101123,2023-09-08 13:07:00,2,40.73938767870213,-73.98373036605668,40.689688471774936,-73.9274618907399,4.525,1047
trip101592,2023-07-10 19:54:00,2,40.742177303495744,-73.93793930716967,40.74045520869813,-73.94210146660859,0.248,233
trip100366,2023-10-22 03:31:00,3,40.716538529703435,-73.95982606324097,40.712408160873544,-73.96791096403308,0.511,150
trip101146,2023-02-20 05:07:00,4,40.771288923911236,-73.90866324536167,40.734395997301455,-73.91359694566474,2.562,816
trip100402,2023-12-08 13:31:00,1,40.78692378139378,-74.01085231465612,40.78269718645861,-74.01340579610516,0.321,210
trip100594,2023-01-28 20:41:00,1,40.692351885691934,-73.94592967340965,40.687277064228695,-73.95046526465347,0.424,241
trip103841,2023-10-14 06:07:00,1,40.7460432665761,-74.03,40.72783527795321,-74.03,1.258,386
trip100120,2023-07-28 23:48:00,2,40.703942612832016,-74.0090518471106,40.70456235162591,-74.00867471312603,0.047,82
trip101075,2023-02-02 15:50:00,4,40.760205372074914,-73.9782429711496,40.76740966756797,-73.97711514554408,0.501,256
trip101874,2023-04-05 00:37:00,4,40.702098726424325,-74.03,40.70139053333418,-74.03,0.049,97
trip100156,2023-02-16 18:48:00,4,40.75586235346628,-73.96374609521757,40.73307032145527,-73.98119489491094,1.821,897
trip103654,2023-08-28 00:18:00,1,40.77804809798134,-73.95150598043809,40.7765333959401,-73.93962506226143,0.63,160
trip101261,2023-02-21 22:23:00,3,40.7543836035831,-73.93934803056837,40.75931710804954,-73.96738198013854,1.506,432
trip101221,2023-08-06 10:37:00,2,40.808075369304454,-74.03,40.80622523525885,-74.01138666340022,0.982,383
trip100881,2023-12-29 02:01:00,2,40.79264423244317,-73.96775995019026,40.808555132868605,-73.98743044728162,1.506,409
trip103815,2023-10-13 08:07:00,2,40.71705964301924,-74.03,40.70950479038028,-74.03,0.522,410
trip100564,2023-08-04 03:42:00,2,40.7905083053809,-73.95744562527986,40.79528075032899,-73.97311515268926,0.884,307
trip100240,2023-05-15 07:53:00,1,40.71054126498246,-73.97859893161748,40.71970137840361,-73.97533278272623,0.656,506
trip101034,2023-10-07 19:36:00,4,40.7262437063204,-73.93437464246539,40.73643575741326,-73.91868436223625,1.082,585
trip101032,2023-02-09 08:32:00,4,40.72748375151714,-73.92365803963357,40.73671107954288,-73.90795261225117,1.041,553
trip102588,2023-01-22 05:55:00,4,40.7639235777892,-74.00911574798782,40.77010316097835,-74.01795208340405,0.629,290
trip103198,2023-03-05 12:39:00,1,40.79611405301878,-74.02554130504124,40.84100139594016,-73.98186436167826,3.852,1016
trip102578,2023-04-18 00:28:00,2,40.806983705072625,-74.03,40.83999759475505,-74.03,2.281,609
trip102798,2023-02-09 10:52:00,1,40.775801311157785,-74.03,40.74555883240388,-74.02039269220943,2.149,1081
trip102781,2023-09-04 01:21:00,1,40.72025189068868,-73.98142131371459,40.7300628047159,-74.02027967221346,2.145,700
trip101736,2023-11-18 03:45:00,1,40.6884249566102,-73.9596485644784,40.6935375071383,-73.95819188065747,0.361,186
trip101598,2023-03-28 05:05:00,3,40.82099956922193,-73.96700227417533,40.820320444509456,-73.94084437804594,1.369,450
trip100527,2023-10-18 22:45:00,1,40.75591686175625,-73.9715080066465,40.79136882309543,-73.94427993107743,2.834,776
trip101104,2023-03-26 02:14:00,1,40.700619804645385,-73.97835481510197,40.700099064617085,-73.97569622755822,0.144,151
trip100903,2023-09-04 10:23:00,1,40.821472424821714,-73.97176820609076,40.86,-73.94819414406443,2.933,1212
trip102715,2023-06-05 20:14:00,2,40.753039996783635,-74.03,40.75635263118153,-74.03,0.229,229
trip103418,2023-06-16 17:58:00,2,40.756147102735575,-73.99322401038631,40.745291499211106,-74.00641231278038,1.019,650
trip101777,2023-12-12 14:54:00,2,40.75948000949761,-73.97232178123714,40.75590044510437,-73.96696099787887,0.374,398
trip103496,2023-01-15 05:46:00,2,40.795156433089495,-73.9921752540681,40.81922158905142,-74.00330750852012,1.762,573
trip101074,2023-08-17 16:03:00,1,40.708920490597656,-73.9242517551897,40.71479599677867,-73.92281765825608,0.413,217
trip102044,2023-06-25 12:44:00,1,40.68793828368931,-73.94505455017298,40.68008399965946,-73.93340594761456,0.817,233
trip101309,2023-12-13 16:05:00,2,40.73436144645129,-73.94791188231669,40.71833496772165,-73.94774261717933,1.107,542
trip104003,2023-10-28 17:59:00,3,40.78997608861756,-74.03,40.84192911523098,-74.00278047391213,3.862,1258
trip100051,2023-01-08 08:18:00,1,40.77840797016273,-73.98446452808517,40.77871072634574,-73.98389263589975,0.037,98
trip100551,2023-05-01 22:22:00,4,40.77504400492381,-74.01048930058082,40.77049571445122,-74.00901597095276,0.324,210
trip101721,2023-07-20 06:22:00,2,40.68710412265967,-73.94412273474738,40.686982155822555,-73.9413763129244,0.144,201
trip100073,2023-04-25 06:23:00,2,40.77237223348242,-73.91628385764403,40.804026012385656,-73.86891261420327,3.305,1156
trip101044,2023-05-24 05:55:00,1,40.71569544438876,-74.03,40.714295131912735,-74.03,0.097,140
trip102949,2023-10-06 00:08:00,1,40.802617154908155,-73.94549515684817,40.77934372477363,-73.97011015460454,2.06,516
trip100937,2023-08-04 10:56:00,4,40.7460455465913,-74.03,40.75114548213675,-74.02920750017367,0.355,258
trip103954,2023-04-02 12:48:00,2,40.751168295104506,-73.99777698515386,40.75898780184856,-73.97394608754753,1.359,397
trip100680,2023-03-18 13:54:00,1,40.78675491402404,-73.9073648734639,40.77620388692046,-73.92731685295364,1.273,653
trip102768,2023-06-09 21:59:00,2,40.78715711386414,-73.90042086021688,40.7779646586284,-73.89772452299526,0.651,301
trip102962,2023-02-10 22:29:00,2,40.76369959852662,-73.98992135621639,40.77152908184519,-73.9846505371827,0.607,224
trip100461,2023-02-01 10:32:00,3,40.712498403732276,-73.98240186799929,40.690197972928715,-73.9880769591376,1.569,702
trip100598,2023-05-07 20:15:00,2,40.76087468739194,-73.92687627319147,40.785052013350786,-73.9197812015785,1.711,516
trip102887,2023-04-11 04:37:00,3,40.7563745513826,-74.02637319760744,40.75627066201261,-74.02648222807775,0.009,65
trip100157,2023-07-23 16:05:00,1,40.79422327799604,-73.91978117401777,40.797121948047334,-73.91482035657582,0.328,351
trip102067,2023-08-16 06:15:00,3,40.74854482965871,-73.94763261433859,40.74891666822993,-73.94867091900576,0.06,89
trip102994,2023-07-24 20:16:00,2,40.72815717086886,-73.94867066421737,40.730044325605746,-73.94590179795563,0.195,216
trip100052,2023-12-04 06:04:00,2,40.68442798810649,-73.96204035576159,40.64412677116661,-73.92525731400698,3.387,818
trip101235,2023-03-23 08:53:00,1,40.71433633762939,-73.99074076753786,40.72286257885363,-73.93072670691579,3.198,1559
trip100220,2023-02-22 06:39:00,4,40.73992635324038,-73.90696619481169,40.72804337101067,-73.90637334946557,0.822,262
trip100576,2023-08-10 15:14:00,2,40.81012837450055,-74.02041079890364,40.79678389597667,-74.02252425235747,0.929,353
trip100026,2023-02-18 16:31:00,4,40.7739539133499,-74.00897208062877,40.77374541081896,-74.01904104939588,0.527,268
trip103470,2023-03-13 15:33:00,2,40.68046150245121,-73.97126531513781,40.67842209467158,-73.97212033748525,0.148,123
trip103472,2023-12-30 10:25:00,1,40.79929850851731,-74.00845762905823,40.76956892203335,-74.01472254548897,2.08,1000
trip100214,2023-06-04 17:01:00,1,40.735254710753715,-73.9854038360281,40.73412061343085,-73.98608244237867,0.086,224
trip102268,2023-07-31 07:57:00,1,40.66691483449958,-73.98356418184447,40.65385228553134,-73.96132881500988,1.474,866
trip102446,2023-07-12 23:43:00,2,40.73307531142482,-73.90701341424202,40.72687188843469,-73.90866772780687,0.437,208
trip101936,2023-02-02 03:51:00,1,40.748501736721735,-74.03,40.74642819701474,-74.03,0.143,147
trip101337,2023-09-07 17:47:00,3,40.77960496046949,-73.93984319814699,40.775686271628736,-73.93124658415334,0.525,408
trip103990,2023-01-18 06:42:00,4,40.76275486460851,-73.97370746572433,40.76273154505205,-73.97231293615948,0.073,78
trip100321,2023-12-12 15:32:00,1,40.74142070241227,-73.9754935689393,40.74903048790401,-73.96881605669562,0.631,272
trip100599,2023-01-03 10:43:00,1,40.67012670731611,-73.89492934530266,40.65307443185265,-73.84358699719178,2.938,919
trip103282,2023-11-05 22:54:00,3,40.72492732628261,-73.92379265244062,40.72032257239994,-73.95970201785846,1.907,654
trip103193,2023-12-05 17:14:00,4,40.69687325471109,-74.02360736142855,40.73105472731502,-74.01925013811912,2.373,1249
trip101918,2023-01-06 15:10:00,1,40.73572209736364,-73.95966349724729,40.80658230738755,-73.95379634306049,4.906,1163
trip100471,2023-10-03 11:58:00,1,40.731681479364234,-74.0137598581609,40.72775587792297,-74.0098656283394,0.339,278
trip103782,2023-04-09 21:54:00,3,40.7074634551657,-73.98831421667369,40.65626008178441,-74.0063032690679,3.661,770
trip102628,2023-01-20 19:33:00,3,40.713244306932836,-74.00405117797708,40.74660536606838,-74.02059849483392,2.463,1236
trip103714,2023-12-10 01:05:00,2,40.714819439662,-74.01253533942254,40.73044710804032,-73.98239039372426,1.913,507
trip101979,2023-07-05 01:43:00,2,40.771990083601025,-74.03,40.77088115737181,-74.02760023611104,0.147,170
trip103589,2023-09-14 10:35:00,1,40.72538478756198,-73.8910625068426,40.72359923782804,-73.88533976888998,0.324,189
trip100044,2023-05-10 20:21:00,1,40.755250861411334,-74.02331837137888,40.77774051030518,-74.02116837934703,1.558,474
trip103481,2023-09-23 07:48:00,2,40.79002058141975,-73.985631551492,40.78962495406449,-73.98542876233236,0.029,62
trip102183,2023-02-11 04:10:00,2,40.70489309144052,-73.99715198884661,40.664240487774116,-74.03,3.294,982
trip100463,2023-03-19 04:56:00,2,40.65671574538039,-74.00776407766897,40.63,-73.99971752229581,1.893,540
trip103548,2023-01-25 23:16:00,1,40.71576108647283,-73.9459062976718,40.70714098481396,-73.9510179980668,0.653,176
trip100999,2023-01-03 00:55:00,1,40.78706889093443,-74.02017294941571,40.77797682406432,-74.0259793044676,0.698,409
trip100432,2023-07-02 13:24:00,1,40.74410110071905,-73.9562027627977,40.758029100844986,-73.96051424606635,0.988,370
trip101953,2023-05-24 13:18:00,4,40.72057165898634,-73.96079539850021,40.71126985618538,-73.96883654875745,0.768,347
trip100952,2023-09-27 14:19:00,2,40.771488820177005,-73.98348474904346,40.76964907002317,-73.97089958467384,0.671,296
trip101157,2023-11-11 02:33:00,3,40.816282910748534,-73.95772809129646,40.85173403605521,-73.96087346142575,2.455,922
trip102462,2023-09-30 23:23:00,2,40.7430425158621,-73.99243117733464,40.73826500212639,-73.98674870471353,0.444,216
trip103412,2023-09-09 14:50:00,4,40.755823429160316,-74.00118257650132,40.752157413537304,-73.98558300289399,0.855,412
trip103915,2023-12-10 13:16:00,2,40.7390151076665,-74.00150815106555,40.73649476099401,-74.00939437056495,0.448,202
trip101281,2023-09-25 14:28:00,4,40.652322306559206,-73.96277079890828,40.65375014392091,-73.94288841390336,1.047,457
trip101867,2023-05-06 00:24:00,4,40.780533577813,-73.92038683654678,40.768365988426346,-73.92266608665454,0.849,311
trip101779,2023-03-15 03:09:00,2,40.815805986856304,-74.00696389807649,40.79259147326714,-73.98700632958499,1.914,604
trip100256,2023-12-13 02:47:00,2,40.769564473351,-74.03,40.7810400173181,-74.02447125040361,0.844,266
trip103494,2023-03-31 21:21:00,3,40.814836566910195,-74.02883307165499,40.81319788894792,-74.029063143269,0.114,148
trip103518,2023-01-29 21:46:00,1,40.75056603260583,-73.96045233630369,40.76675701533195,-73.93250996346649,1.841,617
trip101488,2023-05-13 10:54:00,4,40.76477655877742,-74.02436437387468,40.76274481328779,-74.02549009154744,0.152,114
trip103870,2023-07-28 07:08:00,1,40.75078916057529,-73.93218086861857,40.74963162153688,-73.93443285490926,0.142,112
trip103451,2023-12-06 01:58:00,1,40.781688565530544,-74.0297597532847,40.79128118285802,-74.00986199900517,1.234,326
trip100729,2023-09-22 10:01:00,1,40.69962088561282,-73.99469805001056,40.7036345990386,-73.99550296396785,0.281,286
trip101729,2023-02-19 18:50:00,2,40.75168854545528,-74.03,40.76740065387803,-74.03,1.086,573
trip102338,2023-06-12 02:31:00,3,40.79722743726385,-73.92349901853363,40.79707353210789,-73.92545538115023,0.103,67
trip100857,2023-09-04 12:22:00,1,40.769123465384624,-74.00896863413699,40.77575869498946,-74.00498807246265,0.504,199
trip102313,2023-01-26 20:50:00,1,40.75251727075596,-73.9552381618077,40.762312514003455,-73.9596408129045,0.715,275
trip102481,2023-05-16 14:10:00,2,40.71034426986538,-74.00977756191847,40.70779052450997,-74.03,1.074,472
trip100291,2023-05-19 01:05:00,2,40.756865313044614,-74.03,40.72536351922481,-74.03,2.177,735
trip102096,2023-11-14 05:06:00,1,40.7891870246665,-73.93540199891258,40.786125399994056,-73.94230968297263,0.419,146
trip101885,2023-04-14 01:05:00,2,40.76200312755895,-73.91008958991776,40.68503165985329,-73.88826732720607,5.44,1617
trip100134,2023-01-19 02:37:00,1,40.68381371674738,-74.02737523784003,40.686978947708894,-74.02451181101452,0.265,179
trip101674,2023-02-23 22:53:00,4,40.73976612643103,-73.9947664274466,40.74086134677183,-73.99988318211852,0.278,236
trip102374,2023-06-03 09:34:00,4,40.734038621366814,-74.00973046246973,40.729971082733215,-74.02411613289341,0.804,473
trip103264,2023-12-14 08:47:00,1,40.727929202768784,-73.9550218625968,40.712710138976554,-73.95032926210929,1.08,672
trip102957,2023-09-27 10:28:00,2,40.75512098044031,-73.95204367750972,40.753272082567186,-73.94668428685314,0.308,200
trip100263,2023-10-17 13:19:00,3,40.725010275153146,-73.94095010157632,40.723799674447044,-73.98606544431195,2.364,836
trip101315,2023-02-26 05:03:00,1,40.83263016278785,-73.93173599858804,40.84575837456845,-73.91951120840291,1.11,513
trip103740,2023-02-11 16:05:00,1,40.67856282293209,-74.00693514028072,40.673086103711455,-73.99069688905776,0.931,365
trip101110,2023-01-06 23:32:00,1,40.816932923035864,-73.98845977221374,40.81703979194737,-74.00004680629893,0.606,236
trip103538,2023-02-12 14:33:00,1,40.78883916041249,-74.03,40.7858640844139,-74.01366706932546,0.879,283
trip103032,2023-01-19 18:32:00,3,40.69467216711882,-73.97646884648204,40.69514119575582,-73.97664756231364,0.034,104
trip100056,2023-01-19 19:28:00,2,40.7376185986948,-73.94103823485692,40.74956379107972,-73.96348424751467,1.436,535
trip102430,2023-11-09 22:49:00,4,40.68150103261639,-74.02070039518333,40.66940949977536,-74.01657409373554,0.863,314
trip101670,2023-09-06 03:14:00,1,40.74598058187847,-74.00498516748766,40.78678196694059,-74.00357969489964,2.82,855
trip103737,2023-05-24 03:17:00,2,40.81950022651534,-73.99964180152644,40.8183906121014,-74.00126583735837,0.114,85
trip100746,2023-10-18 04:47:00,2,40.83089175350955,-73.94610545708275,40.83094890261809,-73.94606154825662,0.005,69
trip101321,2023-06-27 20:03:00,2,40.72476606261605,-74.03,40.719442389233585,-74.03,0.368,214
trip102678,2023-04-24 16:07:00,2,40.67019634575357,-73.9553360533163,40.64572228573603,-73.9462272846375,1.757,647
trip102813,2023-01-29 20:22:00,1,40.725979182715335,-74.02836121657613,40.723176016387846,-74.02826787907912,0.194,128
trip103609,2023-07-16 01:12:00,1,40.74824904843462,-73.9807779349301,40.86,-74.03,8.139,1812
trip103871,2023-09-10 14:33:00,3,40.70381206956482,-73.9887772433042,40.70322747896137,-73.99019677664181,0.085,59
trip101295,2023-11-22 15:54:00,1,40.788046739881686,-73.91421716132729,40.779213096244426,-73.92475083562361,0.822,277
trip101741,2023-11-13 17:36:00,2,40.81648271492386,-73.92904578258538,40.813524878063575,-73.91748552780169,0.638,332
trip102354,2023-01-18 13:23:00,2,40.69666669387605,-73.90997926528725,40.67867775294854,-73.92554729105365,1.487,462
trip101454,2023-10-10 02:01:00,3,40.81602315628191,-74.01264274159327,40.80791563126652,-74.02468709537271,0.843,238
trip100170,2023-03-14 13:03:00,2,40.720534553705676,-73.93223165533138,40.704203682160795,-73.9029355880872,1.905,499
trip103300,2023-08-18 08:14:00,3,40.77476141843652,-73.97262536539158,40.77193431751271,-73.98155198862992,0.506,241
trip102775,2023-12-23 10:42:00,2,40.86,-73.93129456255042,40.85289122832409,-73.9377432780871,0.596,258
trip101056,2023-01-21 07:16:00,2,40.75674290862943,-73.9922742921452,40.76825636716682,-74.02835190935251,2.049,1077
trip102411,2023-09-04 23:15:00,1,40.82090549164768,-73.97671837987274,40.77880610877521,-73.9777016576459,2.909,1065
trip101600,2023-03-02 15:14:00,1,40.74752793102087,-73.90395798208016,40.741872033162814,-73.96841462400049,3.397,1077
trip101474,2023-01-27 03:18:00,1,40.74141577928494,-73.96788663950277,40.690650652416856,-74.03,4.784,1282
trip100188,2023-09-17 21:52:00,1,40.68843283603395,-74.01274081568197,40.667061499886174,-74.01935486802904,1.517,595
trip100012,2023-10-20 03:48:00,4,40.75297138139025,-73.94908708495032,40.751933293615664,-73.95989801004154,0.57,280
trip101941,2023-12-11 15:55:00,1,40.754267208687864,-74.03,40.741226398994904,-74.02258024085478,0.981,327
trip100322,2023-05-11 08:44:00,1,40.80270611920603,-74.03,40.80462024664109,-74.03,0.132,74
trip101022,2023-12-13 12:34:00,1,40.76844228057979,-73.99802830138965,40.72944060197151,-73.98978608605145,2.729,842
trip101684,2023-10-07 06:18:00,1,40.72122234741006,-74.02471582139292,40.72050209409759,-74.0253604120562,0.06,129
trip103953,2023-02-17 03:21:00,2,40.731652115277804,-73.96571168196738,40.72278208548986,-73.969639796218,0.646,222
trip101632,2023-12-04 07:49:00,2,40.756567223236516,-74.03,40.766988492418996,-74.03,0.72,405
trip100438,2023-05-19 11:07:00,1,40.72055725254906,-74.03,40.718423538100176,-74.03,0.147,264
trip102846,2023-07-12 21:07:00,1,40.72445250355363,-73.99346280656354,40.71349218722777,-73.99937481296145,0.818,225
trip102057,2023-02-17 20:11:00,1,40.668540400551095,-74.0273367519891,40.665350781807355,-74.02820784335019,0.225,152
trip100408,2023-01-23 03:31:00,1,40.66031228330257,-73.98249642073154,40.64341756988618,-73.96846610171369,1.38,387
trip103054,2023-08-27 09:15:00,1,40.72969710892423,-73.9394514521893,40.70169911322736,-73.91398775964232,2.35,1214
trip101611,2023-12-08 17:01:00,1,40.738643164375695,-74.01114693322619,40.73481633226233,-74.00829468149688,0.304,254
trip101818,2023-10-02 15:56:00,4,40.771779203227815,-73.96026913688506,40.75950899790869,-73.95691844474824,0.866,251
trip102778,2023-04-08 15:43:00,1,40.77094735483748,-74.03,40.7722683633386,-74.02147564876462,0.455,311
trip103321,2023-04-30 05:39:00,2,40.735908072749126,-74.03,40.735505555678934,-74.03,0.028,164
trip101108,2023-01-07 06:02:00,3,40.80866042805136,-73.99170344427547,40.7686247950726,-74.01040854982145,2.934,836
trip103098,2023-03-08 00:53:00,1,40.84059609046576,-73.98768123657986,40.84455525463202,-73.94545802609521,2.224,833
trip103249,2023-11-18 08:40:00,4,40.75836255598835,-74.00255940867233,40.755530274042556,-74.03,1.449,492
trip103339,2023-02-21 17:19:00,4,40.6767381003722,-74.02648406515644,40.6968198404152,-74.01730177997361,1.469,618
trip100238,2023-08-22 22:46:00,2,40.70219135146632,-73.98354311065077,40.69571585078592,-73.96714777630707,0.968,404
trip100174,2023-12-02 15:05:00,2,40.69249280915562,-74.028190814813,40.70120574890552,-74.02641854221139,0.609,164
trip101798,2023-01-22 23:41:00,1,40.724643785855875,-74.01490242656678,40.72028482861682,-74.0293036106178,0.812,366
trip102577,2023-08-09 22:01:00,1,40.70663011657445,-74.03,40.70882188319768,-74.02657945784445,0.235,150
trip102452,2023-06-14 20:15:00,1,40.77435088771981,-73.99448427195856,40.7778066679178,-73.99444763497974,0.239,148
trip102634,2023-04-03 11:50:00,1,40.80130942655215,-73.97650617405628,40.80991438659281,-73.97833836703204,0.602,216
trip103252,2023-10-04 04:26:00,1,40.68676760376954,-74.0234615543633,40.68824940398716,-74.01858767131856,0.275,157
trip101164,2023-12-29 11:46:00,3,40.70566788854601,-74.02073287755347,40.705432902402926,-74.01609454481155,0.243,165
trip103064,2023-03-27 23:27:00,2,40.73694704017282,-73.90894485997846,40.762842661603955,-73.88267761877633,2.256,608
trip101450,2023-01-22 09:37:00,4,40.73535047448162,-73.98898514096278,40.75051621285944,-74.0030691624715,1.281,403
trip100410,2023-10-21 17:46:00,1,40.683301657115074,-73.91572477621813,40.68315450945496,-73.91164886186844,0.214,181
trip103438,2023-07-19 05:58:00,3,40.73721554475876,-74.01353388618696,40.731630304490295,-74.03,0.945,383
trip101322,2023-03-23 10:13:00,1,40.74899884923178,-74.00947030385895,40.748517303247674,-74.00943718522822,0.033,38
trip102295,2023-08-17 18:04:00,2,40.7917484079798,-74.03,40.79155930980643,-74.03,0.013,249
trip103495,2023-05-12 15:07:00,1,40.7481191247456,-73.91210917914883,40.72695072340657,-73.90922181958544,1.47,354
trip102283,2023-02-22 05:34:00,1,40.762463140384874,-74.03,40.75533963502615,-74.03,0.492,315
trip103937,2023-05-05 01:10:00,1,40.771137730288075,-73.96448257307354,40.75485197278054,-73.90241423832265,3.438,873
trip100227,2023-06-26 19:29:00,1,40.83445800750768,-73.89224374571212,40.828859402118226,-73.8975972512673,0.477,355
trip101187,2023-01-01 11:59:00,1,40.76644136839287,-73.98007074020111,40.75803832939619,-73.98004049953782,0.581,260
trip101094,2023-03-19 05:52:00,2,40.72047752785116,-73.95708384070142,40.71829191462521,-73.96640941697058,0.511,210
trip103426,2023-05-16 05:53:00,4,40.76713731637769,-73.95783338017598,40.763758754944874,-73.95705852353537,0.237,128
trip100351,2023-11-04 03:00:00,1,40.788096279362954,-74.03,40.79492711919207,-74.01980290656168,0.712,297
trip101405,2023-04-07 22:03:00,1,40.78126017752328,-73.92799120331257,40.78005113546988,-73.92934975154324,0.11,164
trip103899,2023-03-28 18:57:00,3,40.764447070412416,-73.8882551840032,40.76914103588014,-73.89882581987521,0.641,568
trip103775,2023-03-16 18:46:00,1,40.70786554262296,-74.02989786215794,40.69208762652099,-74.03,1.09,617
trip100755,2023-02-06 19:12:00,4,40.80112219076,-74.00739829086655,40.80410679837677,-74.01466223275806,0.432,471
trip100817,2023-06-30 20:25:00,4,40.76098469750403,-73.98662797410906,40.77815900108478,-73.97901097075662,1.252,450
trip103105,2023-12-05 09:47:00,2,40.75200962264336,-73.9861851146802,40.747528029004336,-73.98499752111924,0.316,254
trip101860,2023-10-22 23:26:00,3,40.77950281275271,-73.92603732890953,40.80194563465646,-73.91091910744028,1.741,705
trip102166,2023-08-26 10:32:00,1,40.86,-73.94985794605877,40.859164437976794,-73.95010059690955,0.059,345
trip100069,2023-12-03 19:35:00,1,40.741391305380326,-74.03,40.741894832936865,-74.02896209481966,0.065,52
trip101539,2023-11-14 04:20:00,1,40.81823658910264,-74.03,40.83362247094183,-74.01985734057337,1.188,475
trip100045,2023-10-29 01:01:00,3,40.75984098685281,-73.98672008566822,40.75870899916369,-73.9851738230025,0.113,265
trip103945,2023-05-05 07:40:00,4,40.7477235669355,-74.03,40.745890708152544,-74.01661475582412,0.712,487
trip103505,2023-06-27 11:30:00,2,40.82416504728207,-74.0126911322038,40.81959107395619,-74.01121755612226,0.325,366
trip100183,2023-06-24 22:55:00,1,40.799782991952696,-73.87398804682809,40.79896526313085,-73.87335767805725,0.065,97
trip103311,2023-12-25 02:29:00,1,40.77914262897488,-73.9066860893336,40.750859076979495,-73.91200698470588,1.974,476
trip103366,2023-04-03 16:15:00,1,40.751350294233895,-73.99982862694739,40.769901145453304,-73.98816846896455,1.42,582
trip100457,2023-12-20 20:11:00,2,40.71194525352547,-73.99205075581538,40.71094294686079,-73.99376529072626,0.113,229
trip101621,2023-12-03 03:17:00,3,40.752095086299754,-73.97146095474768,40.742306473430496,-73.9677263193514,0.704,434
trip101426,2023-09-04 19:39:00,1,40.787099217807324,-74.01080626599726,40.786005111561465,-74.01820067245244,0.394,301
trip100139,2023-01-27 06:54:00,1,40.86,-73.96626022706931,40.836493897281905,-73.95070757648647,1.816,555
trip102668,2023-03-20 09:11:00,1,40.749104424809204,-73.98506564581356,40.80289709361095,-74.02253425394707,4.202,2077
trip100807,2023-11-16 20:49:00,2,40.69401073545126,-74.00720851814441,40.7144809043551,-74.02116257069541,1.592,572
trip100309,2023-05-14 02:43:00,1,40.827954022243446,-74.03,40.843526749354325,-74.00779057109189,1.583,411
trip100266,2023-03-18 13:04:00,2,40.75699431974508,-74.01597014089462,40.742988803115395,-74.00260809229967,1.194,401
trip100490,2023-08-17 13:12:00,4,40.79883791520007,-73.90082037287479,40.79906280279687,-73.90103371682937,0.019,185
trip102176,2023-08-15 11:42:00,1,40.771646289914365,-74.01455080018792,40.77159061054874,-74.01443577581551,0.007,140
trip103218,2023-06-02 03:06:00,1,40.8505341886359,-73.98382927366913,40.84958388275992,-73.98744118301127,0.2,272
trip100063,2023-10-06 03:22:00,1,40.77638000491117,-74.00827835004137,40.74991927139288,-74.00814022189986,1.828,549
trip102989,2023-05-15 20:22:00,4,40.81226741625368,-74.03,40.81480868114684,-74.03,0.176,124
trip102596,2023-08-12 07:02:00,1,40.80570476595634,-73.99059209967659,40.795300547665065,-73.98924344268062,0.722,342
trip102657,2023-11-06 08:06:00,4,40.707225870676645,-73.98970035185982,40.67382625498631,-73.91983726554786,4.327,1751
trip103501,2023-10-23 07:11:00,4,40.80949611523353,-74.03,40.8202272547941,-74.03,0.741,370
trip100144,2023-04-27 08:52:00,4,40.71341765071104,-73.91609874369958,40.75399329471957,-73.9064887826659,2.848,1022
trip103468,2023-11-02 13:17:00,2,40.81394841721314,-73.9732968656441,40.835127326750786,-73.96478472427752,1.53,694
trip103769,2023-01-12 06:45:00,2,40.78376905994816,-73.98269576719548,40.7815781047831,-73.97603955847791,0.38,165
trip100744,2023-08-05 00:12:00,1,40.75445656694532,-73.98845995956826,40.74889042072509,-73.99400033936992,0.482,293
trip101564,2023-08-01 20:37:00,4,40.70769004559834,-74.01479378025793,40.73030690483853,-73.99916093575051,1.764,557
trip103802,2023-12-06 22:52:00,1,40.74007047670414,-73.9865755310137,40.74234132531882,-73.98732140589829,0.162,127
trip100810,2023-12-30 11:34:00,1,40.740906253957476,-73.97697685006557,40.73379472625724,-73.96169275734779,0.939,628
trip101973,2023-03-14 08:51:00,3,40.82634640073369,-73.98227506661347,40.84798662437187,-73.95031476432034,2.242,1392
trip101714,2023-01-20 09:40:00,1,40.70442922668753,-74.03,40.7233669291122,-74.03,1.308,543
trip103035,2023-10-14 16:48:00,4,40.77190683462172,-74.03,40.76194277975925,-74.02362747728996,0.765,484
trip103237,2023-03-19 13:03:00,1,40.783357679514324,-73.97813852263437,40.758124274905136,-74.00776401281391,2.333,662
trip101697,2023-04-05 05:40:00,1,40.85685729475119,-73.99786638598104,40.85131318856852,-73.99923300858171,0.39,162
trip103794,2023-09-22 07:36:00,3,40.68352856656994,-73.92728139708669,40.657950222527305,-73.91858032281762,1.825,765
trip100251,2023-10-07 19:52:00,1,40.76536999979232,-73.99950421431517,40.77760881751937,-74.02256668610003,1.474,604
trip103626,2023-08-28 07:21:00,3,40.75208394841574,-73.9661168985924,40.77131024447441,-73.95674659081996,1.416,516
trip103943,2023-04-08 19:00:00,1,40.781636145657046,-73.97097438876449,40.778862069632254,-73.96972277172344,0.203,183
trip103677,2023-10-10 08:52:00,3,40.77748784640115,-74.00817856661067,40.81886436837057,-74.00218957431255,2.876,2039
trip102249,2023-05-08 06:02:00,4,40.80245524404477,-73.96914871386001,40.80289510425271,-73.9737600063554,0.243,207
trip102770,2023-03-12 23:22:00,1,40.79354764240507,-73.9566816802747,40.79279590453351,-73.9539490978495,0.152,118
trip101242,2023-08-15 05:48:00,4,40.82576137942921,-73.94451249963306,40.82802585328507,-73.94271882114695,0.182,269
trip102501,2023-07-13 07:50:00,1,40.76120111194037,-73.91479796888622,40.75101851397995,-73.9075733917627,0.799,428
trip103153,2023-07-02 00:30:00,1,40.74396877506358,-73.97393678804171,40.76148086071864,-73.95289950308862,1.636,416
trip102935,2023-04-20 08:33:00,4,40.63,-73.99970079742674,40.65664646539242,-74.00944476549299,1.911,1077
trip101185,2023-02-20 18:45:00,2,40.68806256254149,-73.96969635289511,40.697052714508274,-73.97798109099867,0.758,352
trip100279,2023-04-25 16:46:00,3,40.76182371513162,-74.02313065975629,40.765713567653385,-74.02197656990693,0.275,317
trip103648,2023-04-24 00:24:00,4,40.811533068748226,-73.98630608077926,40.81908868046033,-74.01259633848719,1.471,479
trip103766,2023-06-27 07:03:00,2,40.79161146385464,-73.95506708235995,40.786576757357565,-73.92350316558797,1.687,638
trip103101,2023-02-04 11:29:00,3,40.72649926842059,-74.03,40.72538262544643,-74.02880471056523,0.099,196
trip102819,2023-12-07 13:29:00,2,40.78794284395102,-74.00773606739693,40.813208611048296,-74.02898070235459,2.069,683
trip103957,2023-07-02 16:25:00,4,40.79424579862504,-73.96493647918983,40.83889431408596,-73.98234829273039,3.217,1303
trip100358,2023-07-13 08:21:00,3,40.71114946308673,-74.00015398852995,40.75258112213258,-73.9670986355041,3.345,1223
trip102834,2023-08-23 14:36:00,2,40.77219705072276,-73.9620166191228,40.780357116259516,-73.95585725935089,0.649,303
trip100299,2023-07-07 01:55:00,2,40.76475979676714,-73.98846863356731,40.75550652821771,-73.96522613579604,1.374,466
trip102124,2023-05-23 04:07:00,2,40.74873919967969,-73.99288410330541,40.720437699544725,-73.99636180075552,1.964,631
trip103715,2023-07-04 21:49:00,4,40.711269263057595,-74.03,40.70640278168802,-74.01041949699108,1.079,518
trip101351,2023-08-06 03:44:00,1,40.77530227923615,-73.9666723686917,40.77605843597973,-73.97887752802924,0.641,495
trip100544,2023-12-27 21:34:00,1,40.738598009397336,-73.95458804985542,40.743623287607264,-73.95190335044296,0.375,428
trip100682,2023-06-19 10:49:00,4,40.806327625385435,-74.00804531325508,40.817263992370464,-74.02966986052346,1.36,648
trip102979,2023-11-01 08:00:00,2,40.853484883132666,-74.03,40.86,-74.02827723665092,0.459,183
trip103452,2023-11-09 10:38:00,4,40.837339012263186,-73.9456499649427,40.83707829337623,-73.94166058305008,0.209,328
trip101783,2023-04-27 06:31:00,4,40.70574628096034,-74.00330100012141,40.71695565622724,-74.01593886792907,1.019,293
trip103511,2023-11-22 17:01:00,3,40.687277418158445,-74.03,40.7154084463191,-74.00382641957813,2.379,909
trip100415,2023-10-23 04:15:00,1,40.75890055368738,-74.01900835619655,40.737037204051084,-73.99490704253962,1.968,706
trip101509,2023-03-19 19:17:00,1,40.75595559278812,-73.96084284324368,40.706296204677635,-73.9645952012826,3.437,1609
trip100642,2023-08-11 23:00:00,1,40.84237082418756,-73.94035844415605,40.86,-73.93288930899513,1.279,381
trip101017,2023-10-28 18:33:00,2,40.73767672725042,-74.00296983820083,40.73838816293094,-74.00122892264216,0.104,80
trip102496,2023-09-25 23:03:00,1,40.744506225041285,-73.98183358610177,40.71325570114832,-74.03,3.32,798
trip101084,2023-03-30 09:23:00,2,40.75496780765255,-73.9480376305588,40.761900226754726,-73.94567054827044,0.495,396
trip102867,2023-03-30 17:18:00,2,40.818819106553526,-73.97339061720952,40.82043630394474,-73.97422950973844,0.12,86
trip101844,2023-03-04 13:10:00,1,40.69103664626056,-73.91524162124313,40.68262463050034,-73.91377080743334,0.586,318
trip103158,2023-08-20 13:50:00,3,40.68443565606484,-73.97382432919646,40.68557600732691,-73.9726976579843,0.098,119
trip103093,2023-11-27 14:04:00,2,40.71471359679383,-74.0046050290019,40.76629800006399,-74.03,3.804,1024
trip101258,2023-06-03 02:10:00,3,40.8282841618869,-74.03,40.801201462643114,-74.03,1.871,681
trip100654,2023-04-17 09:05:00,1,40.776426662506125,-73.97345281288341,40.770231127701216,-73.97119896602017,0.444,451
trip103440,2023-06-18 16:58:00,3,40.839201713506554,-74.01877014963951,40.84547362611784,-74.02038853337898,0.442,325
trip103919,2023-10-11 17:29:00,2,40.7677827914267,-73.87786743438217,40.77037210055565,-73.87810958163644,0.179,115
trip100058,2023-08-29 07:44:00,4,40.711037599793805,-73.95350689697035,40.728230968931406,-73.96199795116381,1.268,683
trip100076,2023-04-07 02:42:00,1,40.730773630914854,-74.03,40.70542751593981,-74.02317884760159,1.787,485
trip100368,2023-08-07 05:28:00,3,40.7591037786324,-73.98617520158264,40.76647263356781,-73.98813382342998,0.519,233
trip100752,2023-06-14 16:25:00,1,40.7043219442422,-73.95726296178303,40.69707056643075,-73.95579928963436,0.507,318
trip101842,2023-09-14 22:56:00,2,40.78955293124654,-73.98050808811324,40.78522480503635,-73.98037975966339,0.299,118
trip102098,2023-10-15 10:34:00,2,40.66863351789082,-73.93506894429197,40.6493536562994,-73.88447197084662,2.968,1250
trip101829,2023-01-04 15:03:00,2,40.739809543695515,-74.00424203534472,40.75109670883463,-74.02062414593247,1.159,451
trip102328,2023-09-03 06:54:00,2,40.7576263242037,-73.93431006790281,40.756213344707305,-73.93598257824617,0.131,147
trip102401,2023-05-28 05:07:00,3,40.79410858922523,-74.02308267267335,40.79152930795483,-74.03,0.403,191
trip101289,2023-07-16 08:01:00,1,40.787088982890815,-73.90031410252226,40.78680998978587,-73.90004741583681,0.024,268
trip102028,2023-10-19 00:52:00,2,40.759243473713255,-73.9415397111079,40.77661379144344,-73.91569284354864,1.808,649
trip102403,2023-12-11 00:45:00,1,40.71860992570316,-74.03,40.70721770636638,-73.99540388718218,1.975,737
trip100124,2023-08-13 07:54:00,1,40.78758000606616,-73.94639189352147,40.803929295796145,-73.99620801137054,2.84,1046
trip100705,2023-05-22 01:35:00,1,40.70608185327483,-73.95410937006866,40.706309294827975,-73.94832988419503,0.303,211
trip101226,2023-10-20 21:31:00,1,40.782792140533346,-73.9777983828894,40.77765371140148,-73.97656665984718,0.361,189
trip102359,2023-05-05 13:40:00,4,40.820710111723706,-74.01782806682239,40.846143697803704,-74.03,1.869,562
trip101029,2023-11-15 14:35:00,2,40.797048952365536,-74.03,40.791078865101284,-74.02788948966668,0.427,196
trip100429,2023-02-09 13:01:00,1,40.7676772360717,-74.03,40.757661509407534,-74.00919437103312,1.29,328
trip102257,2023-01-23 02:48:00,1,40.761100741732484,-73.97944445441583,40.76201063357869,-73.9843509438562,0.264,129
trip102536,2023-07-31 18:46:00,2,40.71105957255542,-74.03,40.70825580346405,-74.03,0.194,171
trip101988,2023-10-07 12:46:00,2,40.713717318069186,-73.97185680191605,40.71391307728985,-73.97365011950234,0.095,72
trip100676,2023-09-07 14:59:00,1,40.85721710272078,-73.96280740914919,40.83120114671851,-73.97053759873779,1.842,1075
trip100787,2023-08-18 14:19:00,1,40.7408688706842,-73.97946400426882,40.749234307286606,-73.9550445773482,1.403,471
trip101937,2023-03-16 10:00:00,1,40.697712951712894,-73.94561512993424,40.699579812927816,-73.94504088551194,0.132,114
trip100387,2023-06-26 18:00:00,2,40.773588452926575,-73.95250491180786,40.76430578517023,-73.95868717859278,0.718,432
trip100030,2023-03-28 02:47:00,1,40.846374142039174,-74.03,40.847810821479015,-74.03,0.099,170
trip101006,2023-03-02 11:53:00,1,40.7801535658991,-74.03,40.78735144957127,-74.03,0.497,171
trip100203,2023-04-30 00:45:00,4,40.77897724569746,-73.88459636530271,40.76537245616439,-73.89372766099041,1.054,332
trip103334,2023-08-24 13:41:00,4,40.75252925438901,-73.98705563058131,40.73517395340561,-73.98450914178522,1.207,466
trip103869,2023-09-27 12:33:00,4,40.77532860640821,-73.9826775237729,40.778843430612085,-74.01154118886865,1.53,577
trip103872,2023-08-24 22:16:00,1,40.727943774329226,-73.98108876997041,40.733293028815865,-73.98123537312941,0.37,133
trip102526,2023-07-21 07:01:00,4,40.746849421353424,-73.9386264243717,40.74404821016058,-73.93873433413553,0.194,133
trip101948,2023-10-05 16:00:00,1,40.71079527675884,-73.93279933281728,40.710786725162706,-73.9324721662667,0.017,210
trip102676,2023-09-05 08:54:00,4,40.82046007890415,-73.98618088441138,40.834052148973846,-73.96815054435426,1.331,640
trip100478,2023-05-04 13:58:00,1,40.750285257806304,-73.94588261022474,40.75508955191669,-73.94223964204753,0.383,249
trip103852,2023-09-18 02:21:00,2,40.68907866162039,-73.88468055844065,40.67517263991812,-73.89093814851809,1.015,291
trip103805,2023-05-12 14:41:00,3,40.63186839921564,-73.94131061708418,40.652867827225975,-73.81859527929453,6.595,1770
trip100443,2023-04-22 22:50:00,1,40.80942977449877,-74.02591184814533,40.80621227752181,-74.03,0.308,103
trip102986,2023-11-18 15:20:00,2,40.75947406018552,-74.03,40.75491314795766,-74.0259039636777,0.381,262
trip101350,2023-02-02 17:33:00,1,40.738620334915694,-74.00541615079962,40.73704712164165,-73.94958665994356,2.925,2626
trip102140,2023-07-29 10:12:00,1,40.74572656102333,-73.90463918999664,40.73400454446706,-73.91166779452884,0.89,421
trip100192,2023-09-25 18:53:00,1,40.73275657054888,-73.95406698637268,40.74923287949359,-73.96277545441252,1.226,774
trip100567,2023-01-10 10:03:00,4,40.72061877349009,-73.97194987297327,40.764049144838005,-73.97958218298703,3.027,1803
trip103761,2023-05-10 16:19:00,3,40.78417233439738,-74.02288839143536,40.80408554646202,-74.03,1.425,521
trip100932,2023-08-05 14:50:00,2,40.80243883909962,-73.90208570620355,40.751530900604706,-73.91979136414328,3.637,1360
trip100006,2023-03-17 17:42:00,2,40.755752818142525,-73.99431123452132,40.717051735666395,-74.02646364395719,3.16,1792
trip100439,2023-12-05 12:03:00,3,40.769255069831274,-74.02331126716565,40.77791570078204,-74.03,0.693,265
trip100289,2023-04-11 16:25:00,1,40.74534302793703,-73.96137686763845,40.813116362966895,-73.91744191092074,5.217,1669
trip102442,2023-07-13 14:45:00,2,40.706277155214416,-73.92423725720604,40.707098409965305,-73.94369362644981,1.021,310
trip103776,2023-08-08 15:18:00,2,40.709210602332526,-73.86517650270194,40.71302090879025,-73.88813535872103,1.231,427
trip103428,2023-08-26 02:45:00,1,40.834471141389926,-73.98749692384423,40.83177941977927,-73.99832172984244,0.596,391
trip100888,2023-07-28 23:20:00,1,40.63742350701281,-73.98773364595442,40.63839897961701,-73.98891065815019,0.091,164
trip103144,2023-02-19 01:21:00,4,40.73209999387269,-73.98949330257169,40.78876768038907,-73.96290765209002,4.155,970
trip102339,2023-07-05 23:54:00,4,40.7879771601199,-73.97863890458149,40.789211238697284,-73.96593811814722,0.67,332
trip102722,2023-06-17 15:33:00,1,40.671942482637824,-74.00633328344371,40.687225514159636,-74.01584474376723,1.168,388
trip103313,2023-07-20 07:32:00,2,40.75622005414635,-73.97204536447984,40.757169664109256,-73.97408083018283,0.125,119
trip102476,2023-07-14 13:46:00,1,40.65857711941016,-73.98214726581767,40.637312570434204,-73.99266952563704,1.569,488
trip100871,2023-11-23 10:23:00,2,40.70464481726694,-73.97188490967012,40.685026942450136,-73.9533144462052,1.668,840
trip100194,2023-11-12 01:50:00,1,40.70018294430804,-73.92251114137169,40.701794990318255,-73.92201656470085,0.114,130
trip100450,2023-07-25 20:32:00,1,40.74409881114085,-74.01458892622327,40.74591920595336,-74.00924616554585,0.307,288
trip102366,2023-03-16 10:23:00,4,40.80037287228993,-73.90298597404804,40.80624008620615,-73.89306159193636,0.659,423
trip101117,2023-04-15 08:06:00,2,40.733742830874846,-73.98899343279456,40.73766566750049,-73.99427423081741,0.387,238
trip100029,2023-02-06 16:28:00,2,40.76938694513535,-73.97116224277454,40.793011880267535,-73.96588753510477,1.656,732
trip100803,2023-12-01 00:00:00,2,40.76706760154643,-73.93617016480083,40.7287175223641,-74.0286977576589,5.521,1359
trip101894,2023-06-25 02:06:00,1,40.73801139096662,-73.9788446495854,40.739405167397216,-73.96253756407013,0.859,362
trip102632,2023-04-13 23:22:00,2,40.74749417263075,-74.00041909806433,40.75107857967144,-74.0021295944389,0.263,178
trip100862,2023-07-25 01:09:00,1,40.74737149402636,-73.95001707228691,40.75237062702041,-73.94262970124655,0.518,257
trip102969,2023-10-13 14:46:00,2,40.748538655423715,-73.93108004106801,40.746387969273556,-73.92810502718659,0.215,256
trip103360,2023-08-19 06:03:00,2,40.747482455557964,-74.0053676317904,40.764457087755034,-74.00869284425436,1.186,383
trip103948,2023-02-04 15:03:00,1,40.747504598133645,-73.99861271335578,40.71392289982705,-74.02053200512705,2.589,525
trip103711,2023-05-28 14:27:00,1,40.780068902960096,-73.93358641216767,40.785294364358165,-73.93303427338861,0.362,143
trip103287,2023-04-24 02:32:00,2,40.79829660243051,-73.91070668310614,40.79566622979622,-73.9508010925065,2.105,578
trip103022,2023-07-26 09:16:00,4,40.76808677273855,-74.00701720930124,40.77379985203277,-74.01829019180683,0.71,393
trip101830,2023-03-18 02:54:00,4,40.783627242301456,-74.02992394636976,40.778428844761486,-74.02892150795327,0.363,199
trip100222,2023-01-10 14:06:00,1,40.75794580113042,-73.83280382450035,40.76609635392382,-73.83013382054415,0.58,339
trip103679,2023-04-14 12:06:00,2,40.75358527326704,-74.01374527641212,40.76731695218736,-73.99527606971807,1.354,620
trip101995,2023-12-24 06:06:00,2,40.76764049218146,-74.03,40.744835030050886,-74.03,1.576,626
trip100573,2023-05-06 04:22:00,2,40.70951373460805,-73.96030470149131,40.663276605326956,-73.94832233005413,3.256,928
trip101222,2023-11-30 04:24:00,4,40.76849421596054,-73.91907740039431,40.7700504070842,-73.91955054988712,0.11,132
trip103389,2023-07-17 19:59:00,2,40.727012444842615,-73.98407961790818,40.72351102433368,-73.98862979683767,0.34,210
trip103279,2023-06-07 08:01:00,1,40.73201259746696,-73.92813378394945,40.71877982409854,-73.96363596257066,2.072,874
trip101270,2023-06-21 11:49:00,2,40.819163454426295,-73.94073756740357,40.81982497918291,-73.94388158690738,0.171,235
trip102898,2023-11-15 15:21:00,1,40.711173999119204,-74.02650729891572,40.71116999749566,-74.02707264522417,0.03,150
trip100785,2023-04-11 12:48:00,1,40.76119542894105,-74.03,40.80795992317089,-74.03,3.231,1488
trip100080,2023-08-16 21:00:00,1,40.77055488569008,-73.93015451972323,40.741785261794995,-73.93446467962409,2.001,652
trip100257,2023-06-23 19:31:00,3,40.733072976794645,-73.929709161138,40.72079584490525,-73.9458518403929,1.198,596
trip100295,2023-03-20 05:16:00,3,40.75794305896176,-73.95970107223333,40.72258249224988,-73.96594872012989,2.465,988
trip101336,2023-01-12 04:00:00,3,40.77108487503278,-73.94419255136037,40.756195422896994,-73.98528796875523,2.384,799
trip102920,2023-09-13 06:37:00,2,40.71751024571185,-73.91682197759026,40.71524689223578,-73.90725717656424,0.525,178
trip100731,2023-02-27 20:37:00,1,40.752622344892096,-73.99312981736189,40.75821745073332,-73.95881196466847,1.837,483
trip100776,2023-08-07 18:59:00,3,40.70079378832921,-74.01825108754706,40.71324052998891,-74.01116571040826,0.937,430
trip100869,2023-11-07 17:05:00,1,40.74790357283473,-73.97569370800817,40.75241332376299,-73.98019828326379,0.391,166
trip102127,2023-08-08 18:17:00,1,40.72643022496565,-73.95790254278361,40.73240368899721,-73.94711978189693,0.699,509
trip100720,2023-11-12 04:24:00,2,40.74567194783845,-74.03,40.74314915559835,-74.02954008175682,0.176,142
trip100764,2023-12-14 11:18:00,3,40.765335613360094,-73.92574470846637,40.76509575360559,-73.92561665196685,0.018,66
trip101071,2023-10-21 13:18:00,2,40.699842236661944,-73.98219796135804,40.71855861859896,-73.96635392833437,1.537,560
trip102865,2023-11-20 14:42:00,1,40.69341778862584,-73.95834716600964,40.693790980192425,-73.95755422187794,0.049,54
trip102567,2023-09-13 17:25:00,1,40.769778226493116,-74.02549517071718,40.77962136216673,-74.0202046681016,0.734,534
trip101055,2023-01-20 10:42:00,2,40.81624065549206,-73.98080318872316,40.84642477536268,-73.98262581021206,2.088,956
trip103330,2023-11-13 18:33:00,1,40.75085460339881,-73.97709444115257,40.74734078793461,-73.98145517562558,0.333,248
trip100912,2023-02-03 08:22:00,2,40.775001193989254,-73.9639391017853,40.76253877453367,-73.97087427166083,0.934,413
trip101553,2023-08-26 10:53:00,1,40.73355386826486,-74.00847795546835,40.73121707188869,-74.00802263349215,0.163,131
trip101391,2023-08-15 14:48:00,4,40.81648271353765,-74.03,40.78792582386763,-74.03,1.973,785
trip100670,2023-02-10 21:18:00,1,40.78531798164737,-74.03,40.80617768125378,-74.03,1.441,464
trip103741,2023-05-30 00:37:00,2,40.7159074723956,-73.95444430589275,40.72465383431353,-73.94925564494426,0.663,234
trip100657,2023-06-29 03:05:00,1,40.75798282515866,-73.97682766969405,40.7413269585733,-73.97687924879132,1.151,452
trip102392,2023-04-30 07:50:00,2,40.67530504533612,-73.96266078218369,40.65489651350399,-73.96374673138213,1.411,577
trip102212,2023-09-24 07:19:00,1,40.80812589095464,-73.93527519284349,40.80725962843013,-73.92632679824915,0.472,188
trip100411,2023-07-29 08:40:00,4,40.64498727460683,-73.98608191231646,40.65327908379327,-73.9896028017455,0.602,432
trip101001,2023-07-21 14:29:00,2,40.717182087863186,-73.99347686508563,40.70538128571134,-73.97537182106758,1.251,350
trip102211,2023-03-08 14:34:00,1,40.794081340352015,-73.92540945372906,40.79595280126191,-73.92694996300803,0.152,115
trip102413,2023-10-03 16:29:00,3,40.68513921401197,-73.99416473774632,40.726053526293,-74.0233432597157,3.214,1356
trip104006,2023-07-19 05:06:00,1,40.826947477930545,-74.01815241964749,40.83274455330267,-74.01095817067491,0.549,210
trip101769,2023-09-23 21:36:00,4,40.86,-73.97327321546672,40.86,-73.97012795135507,0.164,128
trip101425,2023-02-23 17:21:00,1,40.70898503695882,-74.00819842017806,40.700223757987054,-74.01744178738024,0.775,477
trip101652,2023-08-31 23:21:00,1,40.77413336361314,-73.94502921933261,40.76614116795864,-73.92338938190967,1.26,520
trip100839,2023-01-28 11:31:00,2,40.734882734873196,-73.96183853683735,40.745008272905324,-73.9641205261419,0.71,447
trip100152,2023-12-12 19:19:00,1,40.6746392674883,-73.96307686816557,40.664591459844196,-73.98492669184905,1.339,535
trip102002,2023-03-09 02:45:00,1,40.769530442055256,-73.94111803682667,40.79326350038482,-73.92972761497704,1.745,675
trip101746,2023-12-06 03:30:00,1,40.72403516328801,-74.03,40.716031792627724,-74.03,0.553,239
trip102825,2023-09-07 07:07:00,4,40.74476800096103,-73.92725491826356,40.74579560745812,-73.92268111204297,0.25,184
trip100102,2023-07-15 06:23:00,2,40.73396812130223,-74.01501557288373,40.72978529963049,-74.01000524413351,0.39,191
trip103211,2023-05-31 15:38:00,4,40.74723179441779,-74.03,40.74719345750891,-74.03,0.003,99
trip102083,2023-11-26 11:04:00,1,40.75713016227249,-74.02955655693651,40.76639604417578,-74.03,0.641,231
trip100239,2023-03-12 21:04:00,3,40.72617522576853,-73.95116466895864,40.73922886002548,-73.96069596787275,1.031,476
trip100751,2023-05-19 01:28:00,2,40.73653308832516,-73.96873545180644,40.73909446793476,-74.01777754244704,2.574,946
trip102010,2023-04-14 15:13:00,1,40.69309561036234,-74.03,40.703450990712064,-74.01941616722011,0.905,420
trip101740,2023-04-08 20:31:00,1,40.73251150685199,-73.94554370133486,40.731194030418386,-73.94739638714302,0.133,118
trip101572,2023-03-17 19:07:00,1,40.765367890849156,-74.03,40.76971864499806,-74.03,0.301,265
trip102718,2023-08-25 12:25:00,4,40.796771607021334,-74.03,40.79638334806316,-74.03,0.027,70
trip101765,2023-01-31 04:22:00,3,40.74350720296659,-73.97403662763774,40.74387389952296,-73.98488523680176,0.568,268
trip102912,2023-04-15 12:36:00,1,40.74994961251009,-73.94917279663574,40.742677804357406,-73.95664140403218,0.637,159
trip101457,2023-04-16 01:23:00,2,40.75408341536885,-73.92264342005784,40.75283981317238,-73.92286945939972,0.087,243
trip102528,2023-02-06 20:06:00,2,40.798705836840625,-73.9228017658113,40.81727106597021,-73.92588348760717,1.293,478
trip100865,2023-07-11 21:30:00,1,40.787396433595056,-73.97610701441458,40.78935953090366,-73.97650922110368,0.137,175
trip102284,2023-08-09 03:15:00,2,40.77063516112955,-73.96731766690117,40.769366165269645,-73.9589298894271,0.448,185
trip100831,2023-09-22 20:32:00,3,40.82026471908116,-74.03,40.820949317989445,-74.03,0.047,61
trip102367,2023-10-14 19:41:00,1,40.732549542000285,-74.02519055367587,40.73168236814773,-74.02532199088809,0.06,144
trip100332,2023-10-06 17:30:00,2,40.718548130713955,-73.91121476335678,40.65777703301494,-73.91880518176114,4.218,1330
trip100733,2023-10-18 12:08:00,1,40.74155480540822,-74.03,40.74783954997812,-74.03,0.434,172
trip101557,2023-12-27 16:20:00,2,40.784718996689286,-73.95778247784929,40.78475749641672,-73.95806578693772,0.015,30
trip101393,2023-01-14 00:01:00,2,40.77079956200548,-74.01728493690452,40.766980863636164,-74.02171151203528,0.351,247
trip101298,2023-01-01 21:41:00,1,40.6979140915495,-73.95211956572436,40.697663026644655,-73.94681490958273,0.278,256
trip101891,2023-01-04 19:11:00,1,40.71475690622282,-73.90323268745811,40.71392305220497,-73.90237034590513,0.073,142
trip103169,2023-12-04 23:25:00,1,40.69652250154308,-73.89941747675935,40.7065302556094,-73.90254640635814,0.711,278
trip102350,2023-11-04 01:44:00,2,40.77931932792898,-73.96276440822967,40.7846794081755,-73.95412436104746,0.584,336
trip101749,2023-11-27 22:33:00,1,40.79017851173453,-73.98584190772527,40.79490199397035,-74.00498150462744,1.053,436
trip103657,2023-05-05 09:06:00,3,40.83619456112078,-73.99858888744474,40.83135475921778,-73.9998865389099,0.341,240
trip102091,2023-06-21 18:08:00,2,40.7783231802746,-74.03,40.74584149604691,-74.00388380853873,2.628,1005
trip103116,2023-04-24 10:26:00,1,40.71999621174069,-73.97125173553768,40.717449345664846,-73.96463543432812,0.389,182
trip103306,2023-05-15 09:42:00,4,40.771808958009025,-73.96542271610613,40.77089470346532,-73.97135698279072,0.317,189
trip100969,2023-05-12 22:51:00,2,40.75155753433834,-73.96471833195352,40.75261533019579,-73.94948317745077,0.801,264
trip102292,2023-06-30 12:17:00,1,40.804121536294126,-73.97534442757978,40.79095657929652,-73.97857647757989,0.925,320
trip102154,2023-01-14 05:00:00,1,40.76009337882317,-73.90064284602481,40.76651976953955,-73.9340153447491,1.802,583
trip103667,2023-12-21 18:03:00,1,40.700474560013646,-74.01125310763814,40.73889569276466,-73.96355294392364,3.645,1531
trip102186,2023-05-31 19:01:00,3,40.7445187649176,-73.96968677243471,40.743481961713556,-73.96454678326383,0.278,200
trip103154,2023-05-19 14:37:00,2,40.722629212179825,-73.89892608280441,40.73845614390509,-73.90419012635354,1.128,323
trip102531,2023-09-19 06:14:00,1,40.77439878785759,-73.99376057095434,40.7731370902149,-73.99519774206982,0.115,79
trip100554,2023-10-01 16:06:00,1,40.74608076230264,-73.8998532693341,40.751773398665726,-73.90225444456053,0.413,167
trip101330,2023-05-18 07:37:00,4,40.66549050553154,-73.96255684028183,40.67987330673596,-73.95638350716646,1.045,549
trip100897,2023-02-22 12:31:00,2,40.7111956918236,-73.9235178712483,40.694147595752156,-73.93509822565886,1.325,546
trip102346,2023-04-05 00:32:00,2,40.74206353222798,-73.96404204776513,40.759542777064574,-73.9577719569075,1.252,377
trip101176,2023-01-23 07:37:00,1,40.71571114937604,-73.88479665764719,40.73394819557788,-73.89167476274392,1.311,834
trip103212,2023-05-05 20:21:00,1,40.78168666637379,-73.97200568805205,40.786157216722046,-73.9519768154596,1.092,359
trip102650,2023-01-22 13:28:00,1,40.70241759649015,-73.94312672456108,40.702391156044605,-73.9431267771061,0.002,134
trip102031,2023-07-27 10:27:00,2,40.72779393058808,-73.9071254178867,40.76179346993396,-73.8808539029208,2.722,1096
trip101767,2023-11-15 23:34:00,1,40.78789571316119,-73.90566036731505,40.7726716989022,-73.87140611953751,2.078,511
trip100829,2023-10-26 06:04:00,1,40.63,-74.03,40.63,-73.99820478751111,1.667,710
trip103442,2023-06-26 12:31:00,3,40.7528789970116,-73.95637993360575,40.731433445859665,-73.93976957386707,1.718,502
trip103635,2023-12-16 11:15:00,2,40.691916405838796,-73.98195959562142,40.686959442534075,-73.98186773746224,0.343,218
trip102998,2023-02-19 13:48:00,4,40.786875140767805,-73.9765757484485,40.78740424299631,-73.97555767612778,0.065,402
trip103055,2023-03-25 14:31:00,1,40.69877529728676,-74.03,40.71144979221767,-74.03,0.876,322
trip101653,2023-01-30 14:30:00,3,40.732646650831455,-73.9529503225191,40.73257653125537,-73.95255860516897,0.021,270
trip101288,2023-03-09 12:42:00,1,40.84015792346806,-73.93827372716945,40.83428505240885,-73.94035269669719,0.42,249
trip103885,2023-06-09 14:23:00,3,40.75252645031099,-74.03,40.72258611343691,-74.03,2.069,680
trip103814,2023-01-13 17:03:00,2,40.80169340574202,-74.0083205074754,40.79432001896358,-73.98832131145697,1.164,583
trip101642,2023-02-22 01:00:00,1,40.641365146703606,-73.94886611899484,40.63749644067307,-73.95021503847676,0.277,128
trip101590,2023-09-05 04:00:00,3,40.68761009860284,-73.97704027461656,40.68023939596798,-73.98413084570895,0.63,338
trip101138,2023-07-18 03:28:00,1,40.74600415985294,-74.00615933168844,40.753970049491414,-74.00694605188116,0.552,231
trip101068,2023-10-11 12:00:00,2,40.815030668061695,-74.01046456564255,40.822647411164915,-74.00076207425802,0.731,220
trip101811,2023-03-09 15:04:00,3,40.66117747585635,-73.95900782324628,40.65032832375091,-73.97449506200599,1.105,450
trip103827,2023-05-08 14:58:00,4,40.760395448976496,-73.98856852906546,40.76077581412831,-73.98896218057592,0.033,63
trip102272,2023-05-14 03:09:00,3,40.77840736285547,-73.9558432144531,40.78556401951039,-73.95706763773855,0.499,187
trip102080,2023-02-10 11:12:00,4,40.768326875218094,-74.01655805213505,40.76524476198619,-74.01319922613223,0.276,151
trip102958,2023-05-19 09:01:00,3,40.758296501822905,-74.01241566168117,40.73378744759837,-74.00181109980717,1.782,774
trip103640,2023-04-05 00:34:00,3,40.67998722647508,-73.99593309642162,40.64995462694774,-73.98601872274338,2.139,576
trip100346,2023-02-20 12:28:00,2,40.7234003458664,-74.02021903522325,40.70632122335226,-73.98741527132015,2.084,733
trip102620,2023-03-08 07:44:00,1,40.71919497891191,-73.98631277044834,40.735625451058866,-74.0289657058116,2.505,1147
trip102763,2023-07-18 16:57:00,2,40.79001072928872,-73.91779526493467,40.82573921547609,-73.90192344030356,2.604,1187
trip101091,2023-12-11 22:55:00,1,40.750382753202544,-73.95840889559769,40.737736591363365,-73.9447830772026,1.128,450
trip104009,2023-12-01 00:00:00,2,40.76706760154643,-73.93617016480083,40.7287175223641,-74.0286977576589,5.521,1359
trip103290,2023-03-20 12:49:00,1,40.74022853741157,-73.90009358854354,40.73410148962828,-73.90008145055515,0.423,215
trip102247,2023-07-27 08:30:00,4,40.71649194896027,-74.00228618790872,40.72705026818115,-74.00169172436122,0.73,350
trip102117,2023-10-21 01:35:00,3,40.75483903810241,-74.03,40.755429167640365,-74.02941367056043,0.051,129
trip101626,2023-11-18 11:36:00,2,40.64450659477951,-73.96189580738896,40.64183633485808,-73.96124275313527,0.188,243
trip101432,2023-12-31 23:46:00,1,40.710931295621165,-74.02889407618055,40.714774506200335,-74.03,0.272,301
trip101213,2023-02-07 08:33:00,2,40.71789007083834,-73.99966622884246,40.78896959452332,-74.00548938380433,4.921,2004
trip100178,2023-07-01 11:06:00,2,40.74466127532506,-74.03,40.72504037261309,-74.00749046271338,1.796,407
trip103608,2023-01-30 20:55:00,2,40.785393253809936,-73.89684856298477,40.777178579046684,-73.86819628333805,1.603,502
trip103196,2023-09-07 07:46:00,2,40.69141991181639,-74.00567622158341,40.68755575666163,-74.00963672876065,0.338,257
trip101163,2023-06-10 05:13:00,1,40.68217034585021,-73.97204455630066,40.67624790948262,-74.01341014833518,2.206,621
trip103490,2023-11-23 23:39:00,3,40.69544342681231,-74.03,40.69175640130118,-74.02937511243594,0.257,348
trip103375,2023-06-16 19:27:00,1,40.72262884237604,-74.0126638819122,40.71192150866599,-73.99570651925883,1.156,817
trip101178,2023-11-25 15:30:00,1,40.76647943190028,-74.03,40.77077948544798,-74.02951565559546,0.298,182
trip103127,2023-11-07 03:54:00,1,40.76858011278501,-74.01606657303344,40.73370111794008,-73.97568501779587,3.206,1207
trip100025,2023-11-22 13:23:00,2,40.73415399022803,-74.02341322993551,40.725451234469794,-74.01480664879536,0.751,211
trip102685,2023-06-18 20:50:00,1,40.75635260584747,-74.03,40.770776967976865,-74.01993931807084,1.127,396
trip102184,2023-03-19 03:07:00,4,40.67167736549375,-73.93456414176666,40.66960776984449,-73.93056851619164,0.254,187
trip103482,2023-04-04 10:01:00,2,40.7938638316789,-73.97469392986503,40.796496024804284,-73.95566368902045,1.012,820
trip100173,2023-10-05 08:24:00,2,40.69484774063047,-74.01357876391008,40.72868529351121,-74.0096100862168,2.347,638
trip101173,2023-05-17 03:07:00,1,40.705096660754016,-74.02304231161094,40.709435472904225,-74.01668291170195,0.448,196
trip103326,2023-09-04 02:27:00,2,40.77633613891115,-73.9497155659126,40.76681515407757,-73.94926075817656,0.658,313
trip100331,2023-06-18 02:00:00,1,40.77868902149039,-74.03,40.83640938552645,-74.0112406899156,4.107,1022
trip101444,2023-11-19 10:51:00,1,40.743518755297536,-73.92772193444934,40.75285854107591,-73.93464662455432,0.74,376
trip100430,2023-10-30 19:47:00,4,40.70317552273791,-73.98239204196314,40.700711064016986,-73.98162655851405,0.175,129
trip101822,2023-09-13 03:42:00,2,40.804977789979795,-73.97341933243655,40.803529917947785,-73.97101379914898,0.161,239
trip102023,2023-12-03 09:55:00,3,40.7468590546407,-73.95238865177949,40.73976429274899,-73.902879942076,2.638,1021
trip101775,2023-07-05 03:21:00,4,40.76336121418313,-73.96571652980403,40.77177058887274,-73.95290530653517,0.887,250
trip101421,2023-10-03 01:12:00,2,40.740576602783214,-74.03,40.72144142973709,-74.01422779758457,1.559,488
trip100479,2023-12-23 16:20:00,2,40.86,-73.9624812574003,40.85952763934285,-73.96289368570199,0.039,212
trip100907,2023-07-08 14:14:00,1,40.69253425997634,-74.02329347085323,40.68573389582623,-74.02688626641871,0.506,172
trip101497,2023-04-12 16:00:00,4,40.69824615276315,-73.95345176195868,40.6985967506534,-73.95357567984632,0.025,90
trip100802,2023-08-25 15:40:00,2,40.765507220713765,-73.98064503020304,40.721860033597466,-74.0176038785785,3.583,972
trip103370,2023-03-24 13:03:00,2,40.738517612124035,-73.94909098673993,40.71840552779789,-73.94837851419035,1.39,437
trip103809,2023-09-20 05:55:00,1,40.7681519309137,-73.963029038206,40.77348753276245,-73.97134358475778,0.57,327
trip102213,2023-03-03 16:01:00,4,40.83002444080239,-73.97061003454662,40.82986933554496,-73.97009791613515,0.029,71
trip103760,2023-11-30 17:05:00,4,40.730014534553554,-73.97399641132932,40.71978737897634,-74.01908991268274,2.465,1076
trip101954,2023-01-13 17:00:00,2,40.75968861834737,-73.98930474735984,40.762093598850065,-73.9942602810228,0.308,241
trip101808,2023-05-16 16:37:00,2,40.75178620869689,-74.00530657723155,40.74943867774659,-74.01030670552719,0.308,225
trip100324,2023-07-06 05:40:00,2,40.83192907709411,-74.02199514978102,40.83951956217149,-74.03,0.671,234
trip103895,2023-02-22 11:08:00,1,40.678067566059404,-74.01309775684395,40.7068511392598,-74.01108613205227,1.992,595
trip100468,2023-08-16 09:51:00,1,40.79976970164583,-73.87079995085709,40.80008752960583,-73.85156286971481,1.006,402
trip100561,2023-02-09 17:14:00,1,40.7650432807824,-74.01303330606646,40.79786202139441,-74.02907315101717,2.418,749
trip102298,2023-10-08 05:31:00,2,40.72716697406198,-73.93588948040748,40.70801135524801,-73.93606686724281,1.324,546
trip101999,2023-04-10 06:39:00,4,40.849636867710636,-74.03,40.84983975084063,-74.03,0.014,162
trip102086,2023-12-04 19:30:00,3,40.74571213958437,-73.9450190221768,40.745801520968904,-73.9342208834708,0.565,352
trip101898,2023-09-25 03:45:00,2,40.72975133281609,-73.96048038950035,40.72957832569066,-73.95990030471593,0.033,191
trip100948,2023-02-24 15:52:00,4,40.76722985813733,-73.98113824195043,40.76934893042633,-73.98075486683226,0.148,193
trip101904,2023-06-23 15:17:00,2,40.77785972583092,-73.90268550016921,40.77884701061059,-73.90350329471819,0.081,151
trip100061,2023-05-28 13:52:00,1,40.73493017365064,-73.93214209821969,40.73756667475199,-73.93105343437514,0.191,161
trip101897,2023-08-27 01:59:00,1,40.770385844034045,-73.9046711477128,40.75794419801116,-73.89539974599832,0.987,494
trip102473,2023-10-23 16:50:00,3,40.776287608300855,-74.0251660231635,40.768994834597095,-74.02163975283075,0.537,302
trip102095,2023-10-01 08:18:00,3,40.785310992225924,-73.93423401871118,40.74861337455998,-73.86488478521767,4.427,1534
trip100254,2023-07-17 19:24:00,1,40.73896249693261,-74.01557405023753,40.751343794294904,-74.03,1.141,585
trip103167,2023-10-03 02:27:00,4,40.72211606576437,-73.97247810205869,40.71015140670618,-73.95695932133567,1.159,287
trip101106,2023-12-08 22:35:00,1,40.6889883712993,-73.93994877790156,40.699538741962854,-73.96463721834168,1.485,377
trip102717,2023-11-22 22:48:00,1,40.757286371527826,-73.96876774660433,40.81079138384566,-73.8954144479393,5.329,1342
trip100812,2023-08-12 12:19:00,1,40.761379816673646,-73.98078452536271,40.801727226479,-73.9699853623297,2.844,979
trip101052,2023-08-14 18:26:00,4,40.75493414895583,-73.93071806634094,40.747641842225626,-73.9310552977799,0.504,533
trip102576,2023-05-19 08:54:00,2,40.7132878008407,-73.95364774611856,40.72574996908165,-73.97141775054418,1.268,708
trip102424,2023-09-06 17:47:00,1,40.75454215562808,-73.98220439196275,40.74172556263838,-73.96563745112148,1.239,454
trip100067,2023-07-10 10:38:00,1,40.72919416933009,-73.9833643153536,40.72124044474377,-73.98267400819957,0.551,273
trip101862,2023-01-22 22:22:00,2,40.81356308814824,-74.02666472570965,40.81604539151791,-74.03,0.245,140
trip102340,2023-06-21 11:22:00,2,40.81657579647335,-73.99098841135958,40.81916766920105,-74.01472146157887,1.254,347
trip100221,2023-09-16 17:38:00,2,40.7609123556072,-73.95558680504091,40.73867989188141,-73.9398773484494,1.742,825
trip102210,2023-06-29 17:37:00,1,40.785567706463475,-74.00814770933532,40.767039540328504,-74.02959251036498,1.702,870
trip102417,2023-03-29 23:33:00,3,40.7215561379736,-73.9864117090974,40.680660481522345,-73.98043215176347,2.843,840
trip101950,2023-02-17 06:53:00,2,40.75253852052263,-74.03,40.73228836717814,-74.03,1.399,560
trip103340,2023-03-26 15:14:00,2,40.73433235941235,-74.03,40.72773310346735,-74.027887441568,0.469,261
trip100088,2023-01-07 11:39:00,1,40.77163359965076,-73.99985915222531,40.77081643321468,-73.99739398969493,0.141,135
trip101220,2023-07-29 18:22:00,1,40.748000372453305,-73.93834599203727,40.730624532727376,-73.93225304314709,1.242,577
trip101688,2023-08-03 15:10:00,2,40.74363720240353,-73.9529664676702,40.74319202682207,-73.95142205350373,0.087,84
trip103439,2023-11-25 02:00:00,1,40.83662557607811,-73.927189694531,40.86,-73.95930890088005,2.329,794
trip102259,2023-04-09 20:50:00,2,40.77479159714021,-74.02426112236171,40.75692652907753,-74.0198484443949,1.256,317
trip103968,2023-10-15 11:19:00,2,40.72218755169467,-74.01690875009615,40.68652298209658,-74.03,2.558,830
trip101411,2023-09-30 06:08:00,2,40.85033793286343,-73.92207733908714,40.84953887605532,-73.93407454768922,0.629,177
trip103584,2023-02-05 10:14:00,2,40.763905106023856,-73.92975153047273,40.7643183707721,-73.93060075970978,0.053,100
trip100436,2023-05-29 09:22:00,4,40.72597448927319,-73.99903114151202,40.721994737018434,-74.00830229181479,0.558,296
trip103448,2023-07-16 06:50:00,4,40.725776540710754,-73.92898789388974,40.726694788472415,-73.9279931694944,0.082,124
trip103612,2023-03-27 00:09:00,4,40.723925196148826,-73.92690154172442,40.70550986260389,-73.96192066108037,2.232,866
trip103130,2023-09-19 02:55:00,1,40.78007879583787,-73.97915287065386,40.77628965951549,-73.96796322844722,0.641,252
trip101647,2023-03-28 11:17:00,1,40.802629216628226,-74.01806854838088,40.804656281891624,-74.00480718222515,0.708,166
trip102348,2023-01-24 01:47:00,2,40.817591316332944,-73.95113551568699,40.83770251723681,-74.03,4.351,1180
trip102254,2023-10-07 06:42:00,2,40.79652037755725,-73.9701252018621,40.802914519310406,-73.97121775202903,0.445,245
trip103453,2023-04-06 22:18:00,2,40.78245514177599,-74.03,40.76891345070881,-74.03,0.936,531
trip101159,2023-04-08 18:50:00,1,40.68620421234282,-74.03,40.69653067971125,-74.03,0.713,385
trip103854,2023-03-01 16:58:00,1,40.75411868976575,-73.99748145715283,40.75097795455459,-73.9904026274465,0.429,330
trip102658,2023-02-20 21:35:00,1,40.74190269604525,-73.93177656720499,40.724772208143094,-73.94558713674927,1.387,357
trip103286,2023-04-15 01:17:00,4,40.68885052393347,-73.9978409646921,40.6932517716971,-74.00437824575943,0.458,238
trip101073,2023-11-21 02:45:00,1,40.67832425831253,-73.99248021939572,40.6627816961742,-74.01128935253084,1.458,477
trip101414,2023-12-03 16:23:00,4,40.81155583528244,-73.91875942856353,40.809036574928626,-73.92100307484854,0.21,222
trip100283,2023-09-11 09:11:00,1,40.770448915219646,-74.00086852220089,40.79061661364731,-74.00941599579369,1.463,863
trip100712,2023-02-19 19:08:00,3,40.70342148486817,-73.93007591148636,40.69586693322382,-73.9379657340911,0.666,442
trip100274,2023-11-02 18:10:00,2,40.82080097061139,-73.96228237503085,40.832339747143216,-73.97671554591858,1.098,508
trip102281,2023-07-19 01:02:00,4,40.750601001619465,-73.86426314346413,40.76944036822834,-73.86182544382895,1.308,463
trip100621,2023-05-27 02:23:00,3,40.75144484532869,-73.98188630919788,40.76132696781634,-73.98294429621964,0.685,201
trip102964,2023-12-30 05:05:00,2,40.75127470352873,-73.91439959873799,40.75545273510368,-73.92056897878831,0.433,149
trip102383,2023-07-27 16:07:00,1,40.72673435987706,-74.03,40.723218335730174,-74.03,0.243,152
trip101618,2023-11-03 04:57:00,4,40.76458056358855,-73.97857916449735,40.76997532094963,-73.97708453940784,0.381,198
trip101615,2023-12-11 19:29:00,3,40.77394582182467,-73.997584692396,40.77165895504075,-73.99730930400754,0.159,274
trip103273,2023-12-06 00:24:00,1,40.733026320634494,-73.95928988970572,40.729692209117964,-73.96064551411344,0.241,182
trip101575,2023-01-24 21:58:00,2,40.69319248155143,-73.98371661577853,40.70413490496524,-73.99005124307925,0.826,322
trip100423,2023-05-30 12:12:00,1,40.683375856934575,-74.01130556037826,40.72771303004707,-74.03,3.216,761
trip103001,2023-11-24 01:20:00,2,40.7809461483303,-74.02007737336534,40.85101886867011,-74.03,4.869,1617
trip102980,2023-12-16 17:49:00,3,40.745962115353976,-73.90756660243358,40.74396347238485,-73.9086278897641,0.149,159
trip100506,2023-03-21 22:32:00,2,40.85891867555113,-73.94627022574832,40.85868898739873,-73.94861564736834,0.124,296
trip101174,2023-06-22 16:22:00,2,40.74618172607521,-73.88731053452972,40.73673307236152,-73.88993013207367,0.667,379
trip103575,2023-09-06 03:44:00,1,40.66459290166743,-73.98867094317391,40.723306692687586,-73.93854607365736,4.832,1681
trip101135,2023-05-11 10:31:00,3,40.80797999121932,-73.99454771693324,40.82154542412436,-73.95661931738266,2.194,912
trip103697,2023-11-30 15:36:00,1,40.742545728594216,-73.92692869592882,40.73493380404359,-73.90448117207565,1.287,483
trip100500,2023-06-10 23:00:00,2,40.81137380034163,-74.03,40.80230667000877,-74.02436485916738,0.692,270
trip102835,2023-03-02 19:31:00,1,40.74516098150803,-73.97935246380815,40.745789128971005,-73.97866830050049,0.056,93
trip101233,2023-08-04 08:25:00,1,40.753892749386466,-73.88798295381855,40.74773202719237,-73.88335013048963,0.49,407
trip100549,2023-09-15 07:55:00,1,40.77981996866735,-74.01685835988,40.797346972237456,-74.03,1.393,672
trip100557,2023-02-11 01:36:00,2,40.703548179824,-73.95919264535173,40.7423454205496,-73.97705304468185,2.839,839
trip101613,2023-03-01 20:00:00,3,40.753536941775174,-73.91471144941156,40.742355458465795,-73.91892654328402,0.803,268
trip100602,2023-08-31 15:26:00,2,40.80735012476236,-73.98243338292171,40.81162957551401,-73.97173566098022,0.633,283
trip100442,2023-06-28 18:09:00,3,40.766286483426796,-73.98167223532202,40.785411649228074,-73.99156224776802,1.419,735
trip102641,2023-03-08 17:24:00,2,40.74604420806838,-73.99083016253861,40.73916246530203,-73.98982985044675,0.478,185
trip100218,2023-06-03 11:15:00,4,40.743047244433754,-73.90264009184897,40.74223947540283,-73.90537634806432,0.154,315
trip102115,2023-12-06 13:18:00,1,40.73833558333082,-73.91465603405824,40.79756360036478,-73.90095682749451,4.155,1000
trip102148,2023-06-24 06:16:00,1,40.7336030218198,-74.03,40.73500088658196,-74.0231791689693,0.37,197
trip100736,2023-02-02 05:28:00,3,40.78499953250882,-74.01515141215273,40.7726571761376,-73.98312233399129,1.88,513
trip103335,2023-09-03 16:04:00,2,40.73733835036424,-73.91987781312336,40.7364457920058,-73.91556355285638,0.234,142
trip103048,2023-12-25 04:21:00,2,40.79000424311821,-73.96767522277831,40.80621486947773,-73.97620098567965,1.206,489
trip103828,2023-11-17 19:14:00,1,40.760588036912644,-73.92815014515064,40.76145902918363,-73.93816662519792,0.528,272
trip102227,2023-02-23 05:30:00,1,40.77606768870944,-73.93977817408991,40.78593314221983,-73.95859900289162,1.198,503
trip102917,2023-12-22 15:56:00,1,40.83239294299405,-73.99876897022139,40.85266620077591,-73.96695368270953,2.174,605
trip103543,2023-03-25 18:53:00,3,40.76820453368888,-74.00641609759802,40.788666747947204,-74.03,1.877,792
trip103659,2023-06-30 16:48:00,3,40.75019384390544,-73.96961522422701,40.80473273796303,-73.97379471149398,3.775,1545
trip102163,2023-03-31 21:37:00,3,40.77850396934623,-74.00148383796335,40.78107062423479,-74.00252757344508,0.186,106
trip103372,2023-03-29 23:15:00,2,40.68352564164425,-74.03,40.68435087351754,-74.02223271035746,0.411,162
trip103245,2023-07-15 14:42:00,1,40.76516305042271,-73.95899954408637,40.77300237998204,-73.9590441347355,0.542,230
trip103063,2023-09-23 11:04:00,3,40.75767286837088,-73.99139357454276,40.743854194879354,-74.00698780807373,1.256,423
trip102902,2023-03-28 01:40:00,3,40.79595500301486,-74.01299032490772,40.78652965125403,-74.0132795894038,0.651,419
trip101113,2023-01-14 22:32:00,2,40.73918032613184,-73.94420900637931,40.74313302276245,-73.94627327825397,0.294,142
trip100949,2023-06-29 04:51:00,1,40.63,-73.94201094641882,40.63,-73.94570992749428,0.194,147
trip101027,2023-05-07 01:07:00,1,40.7516226967059,-73.98765536360087,40.73227183336322,-73.98981103878258,1.342,340
trip101545,2023-07-10 07:45:00,2,40.73935035289067,-73.90483738106455,40.761788020273194,-73.92313496291266,1.822,828
trip100805,2023-03-12 14:11:00,1,40.79949908426539,-74.03,40.77978689214683,-74.03,1.362,695
trip102716,2023-03-12 18:55:00,1,40.75517202602114,-73.99969079881429,40.71732110427578,-73.98119257255497,2.789,1406
trip101543,2023-04-25 06:59:00,2,40.745276882979994,-74.03,40.759724375435944,-74.01732825428634,1.198,435
trip102290,2023-12-17 14:32:00,2,40.77009976818755,-74.00459016258966,40.78171159933814,-73.96468883516731,2.237,819
trip100578,2023-12-31 08:10:00,1,40.73863671995637,-74.00147044059082,40.72683070174518,-73.96150079566841,2.246,1131
trip102288,2023-05-07 05:11:00,1,40.79369528511816,-73.97665903643886,40.82204594380889,-73.98366064734701,1.993,683
trip102817,2023-03-01 09:27:00,4,40.78509413256352,-73.98247625848757,40.785831649340494,-73.98001139838163,0.139,190
trip103732,2023-12-09 06:10:00,3,40.86,-74.02286302056422,40.853156090744285,-74.02329510551445,0.473,184
trip101752,2023-04-08 02:10:00,1,40.72046330979033,-73.92973023848448,40.728446015756624,-73.93593940531831,0.64,222
trip100000,2023-01-19 01:35:00,2,40.76371226858895,-73.96860579703672,40.78260162053925,-73.95980719253245,1.384,555
trip103486,2023-11-07 17:27:00,2,40.78298088508469,-73.95906195560708,40.78247715224204,-73.95957238444304,0.044,144
trip103877,2023-06-17 23:11:00,3,40.76437993030255,-73.95667146168594,40.80716757464547,-73.97305585002329,3.078,783
trip103857,2023-03-16 22:55:00,1,40.750465100343206,-73.9793969163802,40.755282494850874,-74.0037597298356,1.318,359
trip102196,2023-09-30 02:09:00,2,40.74188618397177,-73.94182170979667,40.75279115524872,-73.94547325057496,0.777,323
trip103850,2023-09-09 23:41:00,3,40.77659979314937,-73.95167709245145,40.76006159216737,-73.95242555055388,1.143,491
trip101422,2023-03-01 19:03:00,2,40.767573876834376,-73.988025814553,40.77713287646837,-74.01320698771693,1.474,698
trip100247,2023-02-15 23:10:00,2,40.83266110877446,-73.95746340899044,40.80226268368434,-73.98634860861777,2.587,724
trip102932,2023-06-07 03:45:00,1,40.80301831837677,-73.9748002714576,40.80640206210128,-73.97336628200377,0.246,155
trip101025,2023-05-27 17:59:00,2,40.7336002786481,-74.03,40.71782491126343,-74.03,1.09,602
trip102400,2023-09-01 19:23:00,1,40.729926877969355,-73.93123211487267,40.71441534497238,-73.93204104793531,1.073,437
trip102847,2023-07-17 09:49:00,1,40.722063037644375,-74.03,40.73594967582914,-74.03,0.959,517
trip102771,2023-12-14 23:29:00,1,40.77595187626945,-73.88680128303525,40.768693870027754,-73.88857900860047,0.51,216
trip103916,2023-07-17 09:05:00,2,40.73576355595773,-74.01025465200665,40.70263506146511,-73.97469042093459,2.951,1219
trip102740,2023-08-08 11:30:00,1,40.71161779819935,-74.03,40.71095199561476,-74.03,0.046,65
trip102009,2023-02-16 10:08:00,4,40.77815540072183,-73.96150630009366,40.784843180065536,-73.94578514213802,0.943,451
trip100650,2023-10-16 12:24:00,1,40.83315212558302,-74.02250825699363,40.84980641750658,-73.98684627608465,2.191,635
trip102387,2023-05-17 16:13:00,4,40.780084990446554,-74.03,40.77314270083483,-74.01792139897427,0.793,410
trip101614,2023-11-10 20:52:00,3,40.719486781217796,-73.94530582848631,40.71614291204067,-73.94110659548015,0.319,219
trip103232,2023-03-25 03:23:00,1,40.70161202289004,-74.03,40.716304351257406,-74.02988908919308,1.015,389
trip101580,2023-07-10 17:23:00,1,40.80353299023795,-73.96256268684836,40.78815835087014,-73.92606747536837,2.185,946
trip100175,2023-08-31 03:12:00,4,40.757766456297496,-74.00298946897482,40.75618949739364,-74.00312744712356,0.109,185
trip100278,2023-08-13 03:06:00,2,40.803601432888996,-73.99702283478139,40.805308457427046,-73.99589518538039,0.132,212
trip103664,2023-03-22 22:26:00,1,40.742402083665866,-74.00440761792608,40.742670757735645,-74.0054577104244,0.058,228
trip102172,2023-01-25 18:29:00,1,40.73651561211751,-73.99410416247076,40.7416529067929,-73.99390414570925,0.355,267
trip101837,2023-08-28 05:28:00,3,40.73835823442414,-74.01468056668526,40.71381244687849,-73.99738204739077,1.923,524
trip101569,2023-08-02 05:34:00,1,40.67858057646408,-73.97118305710002,40.68039098393502,-73.97019822027963,0.135,235
trip103717,2023-10-31 21:04:00,4,40.77002239281451,-73.92955480168877,40.77238942563957,-73.92862508081862,0.171,315
trip102535,2023-02-10 07:00:00,1,40.79705380540942,-73.91649747716329,40.805231139500236,-73.9158705010477,0.566,337
trip100691,2023-12-15 12:00:00,4,40.73894073249942,-73.966811550603,40.73238595828098,-73.96943328423825,0.473,247
trip103307,2023-11-16 07:17:00,2,40.78168067834447,-74.03,40.80027800717446,-74.01338865587452,1.551,625
trip100416,2023-06-28 08:24:00,2,40.799014787351986,-73.92438006827565,40.84789394628771,-73.89782047169207,3.652,1543
trip103142,2023-12-22 23:37:00,1,40.739761176308654,-74.02095175001405,40.7409136245579,-74.01681623025273,0.231,324
trip100217,2023-11-27 02:50:00,2,40.810182914834925,-73.95851652419537,40.811147692501095,-73.95683715156002,0.11,261
trip100759,2023-05-16 07:47:00,1,40.76991455308918,-74.00458459613307,40.77582913635976,-74.03,1.391,524
trip102274,2023-12-20 06:04:00,1,40.75570901393331,-73.98552042995017,40.74679006597918,-73.98596983837163,0.617,306
trip101042,2023-09-02 20:02:00,2,40.78143548554172,-73.9630766910737,40.80767326428895,-73.97184649676906,1.87,641
trip103122,2023-06-27 01:38:00,4,40.7809443618029,-74.03,40.785081985402805,-74.03,0.286,91
trip103443,2023-02-05 13:56:00,3,40.73319506651427,-74.03,40.73641018275269,-74.03,0.222,309
trip103791,2023-09-03 05:22:00,1,40.819692650130825,-74.03,40.821893164478304,-74.02934755847822,0.156,205
trip102437,2023-05-08 03:27:00,2,40.762438646391416,-73.93082077718583,40.748440294109294,-73.96576501741336,2.069,558
trip103484,2023-11-26 01:52:00,2,40.78934540928009,-73.99765141281613,40.80711031433139,-73.99167679466818,1.267,435
trip100727,2023-07-06 03:41:00,2,40.78452927582075,-74.02759446582553,40.82877677344148,-73.99332291443496,3.544,1297
trip101114,2023-10-02 13:04:00,1,40.75459140837582,-73.90590781160323,40.754717383678184,-73.90577029445912,0.011,153
trip102034,2023-11-20 07:57:00,1,40.755118666906874,-73.99357563492589,40.75670991451398,-73.9990119079135,0.305,244
trip101877,2023-07-31 01:23:00,1,40.831401154393724,-74.0091171437734,40.812490156010114,-73.9903956457074,1.633,495
trip101987,2023-05-21 10:29:00,2,40.71547523191612,-74.00166480103007,40.6921618285071,-73.9925711184652,1.68,849
trip100449,2023-06-24 13:21:00,2,40.76725197009321,-73.97969694596543,40.76731552985795,-73.98001937653709,0.017,84
trip101407,2023-08-01 13:40:00,1,40.779328666363135,-73.97861613531593,40.780315656031384,-73.98087017931155,0.136,60
trip100376,2023-10-06 09:27:00,2,40.74076772400103,-74.03,40.727485675778965,-74.03,0.918,453
trip102644,2023-12-06 22:02:00,2,40.8151176413214,-74.00669204283022,40.81154309854754,-73.9922107848959,0.797,466
trip101503,2023-01-26 00:38:00,2,40.764863047552744,-74.01341113021907,40.76859940369499,-74.01948678134318,0.41,261
trip102530,2023-07-26 07:14:00,1,40.80167153910322,-73.99307084283632,40.78328091176041,-74.014790128533,1.705,691
trip100433,2023-07-02 09:09:00,2,40.667609237836864,-73.96299168182847,40.677604278188646,-73.97384048379845,0.895,433
trip103965,2023-04-10 07:42:00,1,40.71381325172913,-74.0220339031838,40.751150023436054,-74.03,2.613,1085
trip100371,2023-04-12 17:50:00,2,40.80980322656966,-74.00654465991992,40.79595919752138,-74.01185375101569,0.996,440
trip103835,2023-06-21 03:16:00,1,40.76268138469076,-74.03,40.81078506631717,-74.00772605904996,3.522,873
trip102405,2023-11-17 01:58:00,2,40.67586266654286,-73.94233847464692,40.66122527114306,-73.94279103177104,1.012,419
trip103694,2023-08-09 04:49:00,1,40.80772567852462,-73.94318875108243,40.80662491924705,-73.90224024566118,2.143,626
trip100700,2023-04-05 04:50:00,3,40.800083465124715,-73.9443218796667,40.81497154827446,-73.91126791729387,2.012,538
trip101023,2023-07-05 05:11:00,1,40.777726060060104,-74.02695075826279,40.74945772556281,-74.03,1.96,649
trip100644,2023-12-06 01:44:00,3,40.73482036770692,-73.98190371265527,40.745407826260426,-73.99178354937312,0.896,290
trip103079,2023-11-30 08:50:00,4,40.79716133099278,-73.96485550990758,40.796430751368455,-73.96679492552312,0.113,166
trip100665,2023-03-17 22:42:00,1,40.6732456502793,-73.94014414558563,40.67404182820909,-73.94500058341004,0.26,112
trip100929,2023-03-30 16:01:00,3,40.75340709795806,-73.93245255679314,40.74034726985991,-73.93633521918824,0.925,468
trip100915,2023-01-02 00:28:00,1,40.802087849110954,-73.9753960349786,40.803246574983504,-73.97432475091958,0.098,59
trip103987,2023-05-08 20:30:00,2,40.769796578500944,-73.98308598610764,40.76751088022189,-73.97997740542635,0.227,144
trip102934,2023-07-17 08:27:00,1,40.71601512612624,-73.91515154497921,40.72984188325336,-73.90751586086424,1.036,490
trip101644,2023-01-16 23:27:00,2,40.682855237403714,-73.92916886155977,40.68160754603357,-73.92875664116809,0.089,190
trip102429,2023-10-06 22:44:00,2,40.83199248496043,-73.99180415365115,40.79436161656591,-73.9150909013229,4.781,1393
trip102654,2023-07-23 09:09:00,3,40.74906821361522,-73.96096338113713,40.74099420710539,-73.97136968654598,0.78,442
trip102299,2023-06-21 20:01:00,1,40.7362246428193,-74.005215817159,40.73607430189676,-74.0034893070048,0.091,119
trip100794,2023-10-04 17:35:00,1,40.66959816198844,-73.92864303137203,40.66497487447078,-73.93305557426241,0.394,206
trip103603,2023-04-20 23:21:00,1,40.81561768633656,-73.98031948928592,40.850914439624894,-74.01816682540293,3.14,868
trip100246,2023-01-11 11:59:00,1,40.70064464896954,-73.97030952930201,40.69074243985111,-73.95385310867437,1.101,276
trip101723,2023-04-30 04:14:00,4,40.836532578733,-73.83690609800294,40.83688649152404,-73.83766034789878,0.046,228
trip100734,2023-10-02 12:11:00,1,40.76251646769046,-73.99747502564097,40.762117559170974,-73.99866224459002,0.068,211
trip100505,2023-01-31 09:00:00,1,40.72554270214303,-73.9079292879947,40.72558201878569,-73.90796797483763,0.003,136
trip101831,2023-03-26 07:59:00,2,40.75258345321472,-73.97061111420808,40.727517543787606,-73.97158575260734,1.733,701
trip100923,2023-05-06 07:45:00,2,40.72428478513615,-74.03,40.719582120189976,-74.02496353900912,0.418,238
trip100964,2023-08-03 03:06:00,1,40.74839751687145,-74.00923225346708,40.74830939345356,-73.9637924315763,2.379,686
trip102803,2023-03-20 10:55:00,2,40.70581405693221,-73.95247892857407,40.708148702192254,-73.95129274812348,0.173,210
trip103455,2023-12-28 10:27:00,3,40.71192540387202,-73.964768372384,40.71612025802889,-73.93072044252989,1.807,920
trip103795,2023-02-21 21:05:00,1,40.74229452651584,-74.03,40.74421960599687,-74.03,0.133,152
trip100532,2023-09-26 01:03:00,1,40.729814610638726,-73.89925956993022,40.73835799416117,-73.88308561107458,1.032,319
trip101850,2023-09-18 23:42:00,2,40.72113057756477,-73.93458996421853,40.72144030492104,-73.93945348875936,0.256,199
trip100108,2023-01-06 20:40:00,2,40.78781386618558,-73.91390563149055,40.78047202985387,-73.86894361995525,2.406,617
trip103216,2023-01-09 19:35:00,1,40.690738371686514,-74.03,40.690171741373995,-74.03,0.039,229
trip103182,2023-10-27 15:36:00,1,40.71795756252177,-73.99985209861255,40.70301273871967,-74.00598154949924,1.081,378
trip102422,2023-04-15 14:25:00,1,40.81974507547581,-74.03,40.835696350804305,-74.03,1.102,455
trip101728,2023-04-19 12:55:00,2,40.75329738915636,-73.92836800431901,40.70741444279664,-73.90251228435268,3.447,1371
trip102131,2023-07-19 01:43:00,1,40.855203030362745,-73.97234795121477,40.859636324692175,-73.97272830010455,0.307,128
trip103023,2023-01-08 07:10:00,4,40.71570118310333,-73.94546975860258,40.71588199288916,-73.94619525019326,0.04,89
trip102984,2023-04-02 22:37:00,1,40.69053861677596,-74.02895334168602,40.69437355987343,-74.02989226403962,0.269,170
trip103765,2023-12-02 18:48:00,2,40.80263857814435,-73.9817127055549,40.84368684024513,-73.98173852317908,2.836,1117
trip100543,2023-05-01 06:08:00,1,40.74193480185476,-74.02350570845248,40.745856606460855,-74.02074496243951,0.307,166
trip101778,2023-07-15 16:50:00,2,40.699535602929224,-73.92103067246259,40.69916420300122,-73.91411595709859,0.363,171
trip102503,2023-11-06 10:00:00,3,40.77180040476618,-73.94588296822015,40.7790894918564,-73.96458301404378,1.1,422
trip102369,2023-02-03 07:27:00,2,40.78550085475224,-73.90750945786135,40.74506306837474,-73.90002716752548,2.821,1120
trip100259,2023-02-05 09:36:00,4,40.68812968862335,-73.99662549020208,40.660819353615054,-74.02026113225823,2.257,800
trip103606,2023-10-19 06:57:00,1,40.6758500286503,-73.98752430766397,40.67591580582272,-73.99097869769734,0.181,81
trip101791,2023-10-10 07:39:00,1,40.749644296808206,-73.97873325403991,40.73678818841955,-73.96828875978427,1.043,401
trip101876,2023-03-09 18:27:00,2,40.7828422955057,-74.00259563080233,40.78118463139246,-73.99976394128628,0.187,151
trip101641,2023-12-08 13:35:00,4,40.772637190076956,-74.03,40.779765271351295,-74.03,0.493,271
trip100927,2023-09-29 09:56:00,4,40.76862065427356,-73.96546908463179,40.77138242521223,-73.96962321994786,0.289,327
trip100612,2023-01-18 16:13:00,2,40.685931950407046,-73.99902073431836,40.691794926420016,-74.0019181219276,0.433,311
trip103656,2023-08-27 01:43:00,2,40.7395217177748,-74.02986182459009,40.74796134304983,-74.02758695982696,0.595,252
trip103036,2023-06-08 05:09:00,1,40.75626002828927,-73.95495483923581,40.756997235154486,-73.96010784751051,0.274,216
trip100219,2023-03-03 12:38:00,4,40.71868258247482,-73.99739005930019,40.72925322383618,-74.02037235779731,1.408,436
trip103280,2023-12-30 10:24:00,2,40.82846298402812,-74.02264546512791,40.835804878430814,-74.03,0.637,340
trip100485,2023-07-07 17:13:00,1,40.74233165884761,-74.00884571621944,40.66195698750459,-74.02578043442884,5.624,2544
trip102325,2023-04-03 00:03:00,2,40.77325162683918,-73.86459690067683,40.75577312649183,-73.88920220256915,1.765,702
trip101175,2023-06-10 22:23:00,4,40.67799073679304,-73.9884936915839,40.63141720821564,-73.96319633826741,3.48,978
trip103901,2023-04-17 02:09:00,1,40.77981367584016,-73.94193071191094,40.77839515047181,-73.92750078980707,0.761,346
trip101538,2023-02-18 14:15:00,1,40.70813808907285,-73.95458659836794,40.71548846174177,-73.97323447245739,1.101,355
trip100258,2023-11-02 03:57:00,3,40.74397796659678,-73.91199885451384,40.69755206477095,-73.91170256583904,3.208,804
trip103529,2023-05-16 11:20:00,1,40.74495262449502,-73.90265669281129,40.74381842013225,-73.8971294688795,0.3,349
trip100386,2023-02-01 03:25:00,2,40.76978364727076,-73.99275044281684,40.77598428777291,-73.99200737589395,0.43,349
trip100847,2023-08-25 00:49:00,1,40.788307850868016,-73.95162244368825,40.78168844888166,-73.94681716217403,0.522,265
trip102583,2023-12-02 06:05:00,4,40.765291385852066,-73.96129503135302,40.77841993126869,-73.98523872496497,1.547,499
trip101566,2023-11-12 15:15:00,2,40.697643679009346,-73.91964979747435,40.68260928176238,-73.90086298997642,1.431,409
trip103462,2023-04-03 22:25:00,2,40.6908236902508,-73.93278292430014,40.70532580431713,-73.9410082863832,1.091,389
trip101815,2023-11-05 08:09:00,2,40.72920428161724,-73.99858994787586,40.72880288179052,-74.00883390207854,0.537,267
trip103123,2023-10-21 04:56:00,1,40.77457503239016,-73.96418408122881,40.76120474615246,-73.93849221193801,1.631,565
trip101878,2023-05-29 05:35:00,1,40.81413980245616,-73.92234462463068,40.81410378238744,-73.92234975193384,0.003,288
trip102732,2023-05-07 03:02:00,3,40.82773382289827,-73.99489727391625,40.76727936727114,-73.96710966160495,4.423,1139
trip100209,2023-01-08 19:00:00,2,40.734964445168465,-73.99545910734716,40.80256006519935,-74.02167771735844,4.868,1532
trip103973,2023-04-28 23:26:00,1,40.826535674129275,-73.95035758708424,40.83907488063613,-73.94828475515247,0.873,263
trip101278,2023-09-24 07:07:00,2,40.766366416765436,-73.99980400547642,40.77471741630973,-73.99836158991728,0.582,371
trip101096,2023-06-08 14:09:00,3,40.82106334763417,-73.93159324688281,40.817020424923435,-73.9305498508005,0.285,138
trip100910,2023-05-12 06:24:00,2,40.71617098684839,-74.01489332058047,40.733507003536126,-74.01006300396062,1.224,530
trip101731,2023-08-24 03:42:00,4,40.74861253686621,-73.97854580379656,40.748064874122974,-73.98348290808805,0.261,243
trip102562,2023-01-21 09:42:00,2,40.80976704794031,-73.95923007369174,40.75762882849304,-73.93446112782998,3.828,1626
trip102691,2023-08-03 19:27:00,1,40.70355854896773,-73.96024623118119,40.75292648950921,-74.01298943320758,4.389,1612
trip102171,2023-09-26 16:00:00,3,40.70150875385783,-74.03,40.701364822689584,-74.00388024509758,1.368,1027
trip100596,2023-06-25 23:34:00,3,40.72657352142151,-73.99618477554003,40.71162846593123,-73.96722951865945,1.835,506
trip101964,2023-06-03 21:44:00,2,40.71695255091739,-73.8941563813301,40.71697857020212,-73.8941815507448,0.002,127
trip101412,2023-06-20 08:21:00,1,40.679443131260626,-74.00407632544388,40.68453800816139,-74.00893028022135,0.434,254
trip100296,2023-03-10 18:43:00,1,40.76331972953592,-73.99176395432279,40.746351571115454,-73.98874057489931,1.183,470
trip102805,2023-12-18 00:20:00,1,40.754891596876604,-74.00035981527807,40.72616343701116,-73.99372414003312,2.015,520
trip100507,2023-06-17 00:22:00,4,40.76956979221586,-74.02536215418934,40.7706006768675,-74.02215308893527,0.182,399
trip103652,2023-12-15 14:46:00,1,40.788395469829105,-73.98088671851305,40.785922663019534,-73.97833912756684,0.217,154
trip100007,2023-02-23 00:29:00,1,40.735769083344536,-73.95886364762316,40.73056680690172,-73.96090399726452,0.375,155
trip102973,2023-11-16 23:22:00,4,40.72371868000501,-73.99298766954463,40.727730727255924,-73.98553247858996,0.479,186
trip103861,2023-04-22 01:45:00,1,40.7821351186849,-74.02685046603267,40.76052995752327,-74.03,1.502,483
trip103676,2023-08-19 07:58:00,1,40.702875605796535,-73.98922240198628,40.76095705825983,-74.03,4.546,2407
trip102913,2023-11-22 19:49:00,2,40.64942340259456,-73.88378214882817,40.64855989656174,-73.88387644188303,0.06,152
trip103845,2023-07-24 05:33:00,2,40.64496203310053,-73.93522361497273,40.63,-73.92928825733796,1.08,529
trip103128,2023-01-03 06:23:00,1,40.717323501879115,-74.0146880081906,40.74649552201785,-73.9815502269438,2.66,532
trip103882,2023-10-10 02:45:00,3,40.76456735030106,-73.97725605559049,40.79160041992004,-73.9904803715525,1.992,486
trip101795,2023-03-29 18:34:00,1,40.735343585046685,-73.96235863208742,40.73715565751552,-73.97433954803363,0.64,275
trip100177,2023-12-13 11:19:00,1,40.757199622610806,-73.96485193320177,40.821926611964855,-73.96188653676474,4.475,1616
trip103865,2023-07-13 06:30:00,2,40.70083505783275,-73.98218571699597,40.70137891128585,-73.98227370498823,0.038,261
trip102788,2023-12-17 04:14:00,1,40.72404856799826,-74.03,40.71973027490309,-74.02292156134304,0.476,178
trip100790,2023-04-25 13:24:00,1,40.71642557845064,-74.03,40.71624374620568,-74.02989134224812,0.014,168
trip101263,2023-03-02 04:03:00,1,40.72987790542015,-73.95607863064158,40.7209632867968,-73.96188684029954,0.687,176
trip100678,2023-02-20 21:27:00,3,40.76744664135679,-74.02228032338338,40.77338816052583,-74.03,0.576,323
trip103465,2023-06-09 22:47:00,4,40.84287525410455,-73.95996542803888,40.77148250388695,-73.97697331201832,5.012,1487
trip103126,2023-08-25 04:29:00,3,40.74807926066976,-73.997618959519,40.7462059078527,-73.99880518224515,0.144,100
trip101011,2023-04-11 06:53:00,4,40.81490371560338,-74.03,40.837937989044235,-74.00322147346296,2.12,629
trip102406,2023-04-07 21:45:00,3,40.763082993004005,-73.99957313246114,40.76548386273024,-73.99907908601176,0.168,101
trip101483,2023-04-19 02:20:00,2,40.764847459239576,-73.91623750128943,40.76463493975808,-73.91649745322067,0.02,136
trip103077,2023-07-16 23:53:00,4,40.67235905820965,-73.9950248171697,40.68613152922674,-73.9868570336245,1.043,253
trip102114,2023-11-12 07:49:00,1,40.772022277252226,-73.96025325644872,40.74394821785624,-73.96787786993401,1.98,707
trip100679,2023-09-01 13:26:00,1,40.74248824314512,-74.02929271601472,40.7457373174337,-74.03,0.228,308
trip103233,2023-02-17 06:14:00,2,40.78913925342242,-74.0104996365328,40.78931525661767,-74.0100184365368,0.028,113
trip100781,2023-02-26 00:53:00,4,40.746412169626446,-73.9247718984011,40.721522946895746,-73.90468752815802,2.016,640
trip102702,2023-06-26 14:19:00,2,40.7875919647256,-74.03,40.79186060933672,-74.03,0.295,218
trip103637,2023-01-31 08:47:00,3,40.81013707560446,-73.95020039781421,40.805057771707844,-73.95542471693331,0.445,253
trip101756,2023-07-19 05:06:00,1,40.826947477930545,-74.01815241964749,40.83274455330267,-74.01095817067491,0.549,210
trip102493,2023-03-06 19:47:00,3,40.71571038142778,-73.98194131548313,40.71312654404238,-74.00132141242803,1.031,577
trip101398,2023-09-10 03:10:00,2,40.77589959295,-74.03,40.76640613118709,-74.03,0.656,230
trip103988,2023-11-15 21:31:00,1,40.803848254104416,-73.98405046165156,40.80224911340635,-73.9770394899058,0.383,126
trip102155,2023-06-29 05:34:00,3,40.7770431678115,-73.88577995171298,40.76936799075585,-73.88395894868731,0.539,197
trip100883,2023-02-16 08:42:00,1,40.697261278319466,-73.99252648981356,40.696279332259884,-73.99673719563046,0.231,267
trip100382,2023-07-15 14:22:00,1,40.677898320652346,-73.95863326547116,40.726556478578026,-73.92589133650044,3.774,1070
trip103042,2023-02-25 13:15:00,2,40.70995882047932,-74.03,40.70911175153468,-74.03,0.059,169
trip102575,2023-04-02 23:35:00,2,40.76715721255364,-73.98342880524108,40.70559029436647,-73.94863689465544,4.627,1837
trip102447,2023-07-17 20:23:00,2,40.72938631892493,-73.98036791131155,40.74182189887809,-74.02421912117077,2.451,1092
trip100031,2023-07-15 06:19:00,1,40.73171132426269,-74.00077389913145,40.72994643534531,-73.99643740641162,0.258,193
trip102189,2023-07-18 12:08:00,3,40.77470422933346,-73.99035612869002,40.76736354119187,-74.01181189040346,1.232,341
trip101537,2023-02-05 07:33:00,2,40.6740693537514,-74.03,40.67451573380886,-74.03,0.031,150
trip103955,2023-03-17 01:06:00,2,40.65987338176634,-74.03,40.658910017106486,-74.02030926430659,0.512,356
trip100610,2023-09-19 09:11:00,4,40.70345613767465,-73.97560830326167,40.7209567490918,-73.97846825755475,1.218,524
trip100570,2023-08-07 13:53:00,4,40.684834273326324,-73.98461636757939,40.68415750777196,-73.9856799374607,0.073,165
trip100343,2023-09-21 05:34:00,1,40.76862506284177,-74.0018160179776,40.77192404683832,-74.0075258372031,0.376,238
trip103958,2023-05-12 14:21:00,2,40.72169745902802,-73.94956985491189,40.72177974308188,-73.95001433987439,0.024,78
trip101662,2023-04-26 16:19:00,3,40.745380205903174,-73.99189546637696,40.745346122595194,-73.98853397539148,0.176,251
trip103049,2023-07-12 21:32:00,3,40.81406017625193,-73.93511769373322,40.81312041638957,-73.93518351393506,0.065,67
trip102505,2023-01-04 22:13:00,2,40.79137406544911,-73.93618168679559,40.81105511218211,-73.97448328669978,2.421,821
trip101966,2023-06-14 03:52:00,1,40.760727476867686,-74.0159165567154,40.76688400532038,-74.02641109039048,0.695,367
trip102345,2023-10-13 18:01:00,3,40.70635898221982,-73.92652425357277,40.70749362196847,-73.93093938051943,0.244,265
trip101962,2023-12-18 20:03:00,1,40.73780978678181,-73.90822784294967,40.73807539014661,-73.90786291500964,0.026,67
trip101912,2023-06-02 12:15:00,1,40.77483364471891,-73.95415405725244,40.77353892105362,-73.95632910087188,0.145,133
trip102527,2023-07-26 12:00:00,1,40.733286201876304,-73.96307570846007,40.72745258848526,-73.96558848127592,0.424,323
trip102379,2023-08-11 13:40:00,1,40.74609828846211,-73.98258995981097,40.75053505465317,-73.9811241291943,0.316,190
trip100965,2023-01-18 20:22:00,1,40.68858662565093,-73.97433737751507,40.63,-73.96780567042383,4.062,951
trip100528,2023-11-03 18:41:00,1,40.76162029704952,-74.01168719719085,40.76693354715582,-74.01156175699883,0.367,160
trip100176,2023-05-19 02:10:00,1,40.82105910653847,-73.96155289867588,40.85240395038104,-73.90484034101952,3.671,1207
trip100422,2023-11-04 03:19:00,1,40.723251984151055,-74.03,40.72378047046763,-74.03,0.037,165
trip103756,2023-12-22 10:44:00,1,40.74105257786595,-73.95636055643762,40.738392296403546,-73.95721431236794,0.189,201
trip103253,2023-10-02 19:45:00,2,40.79347583564518,-73.98455461011072,40.78366023426279,-74.00186993484208,1.132,523
trip102390,2023-11-15 22:03:00,3,40.66176194806887,-73.98316268649064,40.67047521549002,-73.95358059264188,1.663,411
trip100572,2023-01-08 17:50:00,1,40.761791611543345,-73.96598820918953,40.76065685014736,-73.96791508087567,0.128,157
trip102309,2023-08-10 10:03:00,2,40.761763918572846,-74.03,40.859683606331,-73.97002835926126,7.457,3021
trip100288,2023-12-31 21:28:00,2,40.73685229663884,-73.98586774075139,40.72538751280273,-73.98937714472,0.813,269
trip103241,2023-10-30 09:47:00,2,40.711628809841436,-74.02239814486317,40.71061661206443,-74.02258274040544,0.071,109
trip101992,2023-03-26 22:14:00,3,40.760424719990645,-73.96906420973933,40.76034219175882,-73.96907996136095,0.006,33
trip103974,2023-03-05 07:18:00,2,40.71992477342404,-73.90895432670676,40.7310413107489,-73.92555958205985,1.16,533
trip101602,2023-10-13 05:45:00,1,40.80690429142021,-73.95152223904418,40.81478252522397,-73.95551042482522,0.583,301
trip103133,2023-05-27 09:15:00,3,40.72193788706668,-73.99904937970484,40.74239737197432,-74.01546898988009,1.655,769
trip102107,2023-09-26 21:38:00,2,40.70287207841273,-73.8699309624853,40.6958740027552,-73.86740203563485,0.501,204
trip103876,2023-06-15 21:19:00,1,40.69945699080604,-73.99851004045216,40.695872723471126,-74.00799046802506,0.555,480
trip103423,2023-07-18 07:12:00,1,40.70597016039814,-73.9709820224784,40.700782229257676,-74.02907922348092,3.064,1689
trip102517,2023-05-03 08:54:00,1,40.81461973079955,-74.01973373577513,40.82463861444207,-74.0256548028248,0.758,453
trip101983,2023-09-20 23:59:00,2,40.73865717330685,-73.94830147491498,40.745689224821284,-73.96170955274464,0.854,297
trip103362,2023-07-03 17:17:00,2,40.75969785861858,-74.00081604812792,40.78476046853089,-74.00928463508565,1.787,810
trip103111,2023-06-08 01:42:00,1,40.8046967087424,-73.93543800760328,40.811949696531464,-73.94070226772102,0.572,406
trip100370,2023-11-17 21:38:00,1,40.75051417250023,-74.03,40.739827715669946,-74.02601463709686,0.767,274
trip101835,2023-02-10 23:48:00,2,40.753958330334896,-74.03,40.75406273486918,-74.03,0.007,46
trip101720,2023-03-04 22:17:00,1,40.79712918787332,-73.97314648323537,40.83504910981777,-73.97948190666732,2.641,828
trip101395,2023-01-17 15:21:00,2,40.83380429026277,-73.95206603307118,40.83306790416224,-73.95672125617399,0.249,280
trip103224,2023-05-21 21:38:00,2,40.76147869197405,-74.01542029358433,40.759808777205826,-74.01593932984726,0.119,241
trip101991,2023-01-08 03:32:00,1,40.77453954678852,-73.93849884264726,40.77255997006828,-73.9407175784621,0.179,179
trip100141,2023-04-11 20:43:00,3,40.70547078459857,-73.82456791189901,40.727245002385395,-73.82987383443577,1.53,612
trip103367,2023-02-06 23:24:00,3,40.73725765020011,-73.95917099299854,40.741090985241726,-73.96856162570668,0.558,189
trip100491,2023-08-21 19:56:00,3,40.766493913325675,-74.02065671417508,40.762468036044794,-74.00740654221123,0.747,269
trip100198,2023-10-29 13:46:00,1,40.7497695159976,-74.03,40.796026865346015,-74.02700807450478,3.2,1355
trip102011,2023-05-18 05:15:00,3,40.8299732278116,-73.94829406123242,40.838357786482135,-73.96588124034157,1.087,471
trip101413,2023-01-18 00:27:00,3,40.80674217956033,-73.938274808144,40.80405741850678,-73.93073755011497,0.436,213
trip102955,2023-06-05 12:58:00,2,40.70418470748166,-73.98186017764338,40.68192005813334,-73.97327888807285,1.603,639
trip102356,2023-12-02 20:07:00,2,40.75675365086553,-73.94368062979554,40.740307103002095,-73.939726081056,1.155,603
trip101468,2023-09-16 00:26:00,4,40.68577886190162,-73.96327045617512,40.666150304622434,-73.98003056650701,1.616,415
trip100195,2023-08-11 03:33:00,2,40.70973728414699,-74.01794096961054,40.71783738179489,-74.02920549276872,0.813,649
trip100874,2023-02-22 19:52:00,2,40.66486241860096,-74.0268505411177,40.672436056152684,-74.03,0.549,320
trip103057,2023-03-24 12:00:00,3,40.72864691798714,-74.00584548488148,40.71732661258774,-73.99051865027324,1.121,324
trip103301,2023-11-20 19:34:00,1,40.842780961872926,-74.00694718554556,40.858447772394996,-74.03,1.62,718
trip100840,2023-12-02 09:36:00,2,40.8357277096329,-73.97156395475224,40.8218774458233,-73.98472357831764,1.179,483
trip100581,2023-10-28 09:25:00,1,40.69796435528806,-73.94394697324732,40.691356237962815,-73.94331818270255,0.458,196
trip103015,2023-07-09 13:56:00,2,40.72449791386104,-74.00977104979907,40.755114555655766,-74.00174271614478,2.157,598
trip100905,2023-06-08 15:06:00,1,40.842713417673586,-73.92417315542131,40.851199178489004,-73.95482341696142,1.706,530
trip100631,2023-06-07 07:18:00,1,40.86,-74.03,40.86,-74.03,0.0,177
trip102015,2023-03-22 04:23:00,3,40.757168400272334,-74.02407201018852,40.74855286153955,-74.03,0.671,266
trip100162,2023-08-03 15:38:00,4,40.845781137959584,-73.95600365904538,40.857628877295134,-73.98460159745711,1.704,573
trip103527,2023-06-03 06:05:00,1,40.690438526436935,-73.96106044411475,40.689412829700466,-73.96068847814638,0.074,204
trip103825,2023-08-23 01:34:00,4,40.738487958959084,-73.98036967411875,40.74202546718256,-73.97991490812572,0.246,359
trip103671,2023-10-14 18:58:00,1,40.773701411894706,-73.92447708926106,40.77206311958731,-73.91863403007065,0.326,276
trip102886,2023-12-18 20:12:00,1,40.773018116586364,-73.98566821946461,40.80874693177125,-73.98323875996692,2.472,760
trip100925,2023-01-11 04:42:00,1,40.83469786960918,-73.92948480584329,40.83336542063252,-73.92938805322312,0.092,97
trip101846,2023-03-09 01:06:00,4,40.7514712851364,-73.93670259555843,40.77845394694659,-73.9392751506212,1.869,802
trip100547,2023-11-05 12:42:00,1,40.70461587811256,-73.92407263272594,40.7056624246539,-73.91728445275128,0.363,249
trip103984,2023-02-27 16:13:00,2,40.713733699962205,-73.96388989046127,40.71039760623488,-73.95200034866937,0.664,380
trip101200,2023-12-24 05:28:00,1,40.69048564900187,-73.96864443758965,40.70959418018261,-73.94263380975089,1.897,545
trip101292,2023-06-02 09:55:00,3,40.73224422166588,-73.96474776648921,40.73152055527164,-73.94644419199504,0.96,405
trip103188,2023-01-02 11:57:00,4,40.73392127228799,-74.02078401718278,40.73727250715768,-74.02412493401442,0.29,299
trip100611,2023-01-06 12:26:00,1,40.76058742502147,-73.89040559040501,40.768452864454275,-73.8943165805773,0.581,292
trip102202,2023-02-04 04:16:00,4,40.754086001062454,-73.97346749488214,40.75180178047231,-73.9709128860568,0.207,131
trip103673,2023-09-28 12:54:00,1,40.66303349405767,-74.00725378882463,40.661182510271416,-74.00726813628296,0.128,85
trip103235,2023-01-04 22:05:00,1,40.774560719193246,-73.9273276307958,40.782136433271404,-73.9084483166718,1.118,336
trip102119,2023-02-24 20:16:00,1,40.784764291341226,-73.99965580020486,40.780265181293785,-74.00479395340392,0.411,167
trip100742,2023-08-03 08:33:00,2,40.7040719641219,-73.98471539941416,40.671556218184534,-73.9675308742384,2.42,1097
trip100637,2023-09-02 12:06:00,1,40.69989753811352,-74.02697602985653,40.66979292098811,-74.01886946137292,2.123,552
trip102289,2023-03-19 14:16:00,1,40.67888473069695,-74.01860010008964,40.65295782663153,-74.00690849674514,1.893,496
trip102029,2023-02-24 09:23:00,3,40.72848626240108,-74.03,40.72807729370589,-74.02908875785116,0.055,182
trip101882,2023-02-08 04:43:00,1,40.72944355086676,-73.98229391393875,40.72422365425626,-73.95849210997106,1.297,322
trip101097,2023-12-17 17:19:00,2,40.77225504948953,-73.87596759934608,40.77167137878372,-73.86625661411003,0.51,322
trip103754,2023-10-31 12:21:00,1,40.739766071615996,-73.965985678179,40.75722550267603,-73.92414432213748,2.5,728
trip100048,2023-03-06 01:23:00,1,40.78055111033824,-73.98796561137344,40.781233770542435,-73.97905001134205,0.469,225
trip103788,2023-07-05 05:24:00,2,40.83015521174117,-73.99505937859567,40.828053635236735,-73.99084646642144,0.264,266
trip100921,2023-07-24 18:02:00,1,40.71098476346545,-73.94274277796488,40.7023594037932,-73.90599461554098,2.015,980
trip103574,2023-05-29 21:48:00,2,40.72262346268432,-73.98063608666448,40.72351925741748,-73.99620348988937,0.818,252
trip100756,2023-12-03 16:26:00,2,40.70856173209859,-73.97243073868,40.72653728056067,-74.00915294895421,2.289,1266
trip101340,2023-11-30 17:56:00,3,40.71409527563717,-73.97153666845655,40.73441141152303,-73.97873304555598,1.453,544
trip102375,2023-08-04 04:42:00,1,40.64023376626423,-73.97355144741086,40.63976291562453,-73.97095914745186,0.14,370
trip103767,2023-01-23 11:29:00,1,40.77007634519114,-74.03,40.798529445889116,-74.01533090203704,2.11,562
trip102310,2023-07-24 09:34:00,2,40.7871883289452,-73.9544992241863,40.78237918789811,-73.95822082898793,0.385,230
trip103724,2023-02-05 23:04:00,3,40.74546499378243,-73.9944589459742,40.7386537673783,-73.9934867467169,0.473,303
trip101334,2023-09-13 07:32:00,1,40.7685387211957,-73.93038900685345,40.77038519160039,-73.92844991939285,0.163,143
trip101188,2023-04-29 04:20:00,4,40.777583442121355,-73.97504187399984,40.7762783850514,-73.9952466962068,1.061,296
trip101961,2023-11-29 15:14:00,1,40.7211779467665,-74.03,40.71956742193255,-74.03,0.111,58
trip102179,2023-08-29 03:51:00,1,40.73319659784293,-74.02882325865555,40.729294695843244,-74.03,0.277,183
trip103351,2023-02-19 21:39:00,3,40.76891452733992,-73.98471858245024,40.75421363028833,-73.97887695971133,1.061,274
trip102542,2023-11-09 09:27:00,1,40.73557568297481,-73.94942689088731,40.735678453206525,-73.94404721800254,0.282,188
trip102412,2023-01-02 03:56:00,1,40.6733749624648,-74.02510384949927,40.673081753981634,-74.03,0.257,100
trip102791,2023-09-14 05:27:00,2,40.74511585152917,-73.99689300737889,40.74960970856672,-73.98658181476506,0.623,178
trip101344,2023-11-09 06:15:00,2,40.703542134120035,-73.98361792772577,40.649456119957485,-73.99708591516973,3.803,1190
trip101070,2023-03-24 20:22:00,1,40.741140143558326,-74.00151742160322,40.735037842653846,-73.99118732871065,0.686,216
trip103693,2023-10-02 06:54:00,4,40.690497112184495,-73.9466131536131,40.6862730377465,-73.94777544016874,0.298,155
trip101965,2023-12-17 05:41:00,1,40.77182922408237,-73.92503897418091,40.76538111388934,-73.91786928670305,0.582,220
trip103689,2023-10-17 12:49:00,1,40.81075765230679,-74.01543319769847,40.80802941286336,-74.03,0.785,426
trip103615,2023-03-08 08:55:00,3,40.78877913223915,-74.01054049478532,40.81116865748636,-74.03,1.852,829
trip101727,2023-02-09 00:38:00,2,40.7261827461985,-74.00445526472866,40.725431649885934,-74.00209987415074,0.134,86
trip103033,2023-05-29 04:44:00,4,40.76607079043221,-73.99825391846308,40.761945008306014,-74.00054317675544,0.309,295
trip101869,2023-09-04 20:13:00,1,40.760600644178794,-73.88919857827774,40.74155344465668,-73.86282831617021,1.907,605
trip101161,2023-03-14 14:43:00,3,40.733653270859406,-74.03,40.749262712655735,-74.03,1.079,467
trip103097,2023-08-09 09:57:00,1,40.720458125193154,-73.98203118212308,40.718087893581746,-73.99062415093114,0.479,373
trip102236,2023-11-17 19:03:00,4,40.748240548545255,-73.9876964454728,40.73664217281009,-73.96305128279384,1.519,632
trip102270,2023-12-30 16:55:00,1,40.768736566666256,-73.9631951841053,40.76806512610697,-73.96365480814478,0.052,413
trip102619,2023-12-31 20:08:00,3,40.82458192541046,-74.00655497034708,40.782015455219614,-73.9937001552789,3.017,753
trip101563,2023-11-15 21:18:00,2,40.698392556302466,-74.03,40.650481864775436,-74.03,3.31,1134
trip102304,2023-01-14 02:50:00,1,40.766621112686494,-73.93541572194445,40.77232447646411,-73.96300113971047,1.496,395
trip101726,2023-06-15 23:50:00,3,40.707676140302446,-74.03,40.68554455406285,-74.016694161071,1.681,616
trip103254,2023-12-28 13:41:00,1,40.73333332256525,-73.97540592188004,40.73412802194361,-73.97862837981047,0.177,133
trip103675,2023-12-27 21:26:00,1,40.838808464656616,-74.03,40.82423898539653,-74.03,1.007,368
trip101627,2023-08-05 02:44:00,1,40.82157035340622,-74.03,40.821556661275295,-74.02998099073892,0.001,285
trip100867,2023-06-18 12:27:00,1,40.731687531305234,-73.99496684973472,40.73195983614493,-73.9948451765072,0.02,91
trip100926,2023-09-09 11:55:00,1,40.742362609161084,-73.92618071197282,40.74629313116573,-73.87819787752161,2.526,927
trip101498,2023-07-03 03:17:00,3,40.7820389660346,-73.94745316230794,40.77053558948145,-73.93951256743257,0.897,475
trip100997,2023-11-28 13:43:00,2,40.75545300771847,-73.94486935095334,40.750395424876025,-73.94396045949945,0.353,187
trip103030,2023-03-12 03:00:00,1,40.745507443877706,-73.98812025122072,40.7465854567111,-73.98962077601963,0.108,327
trip103708,2023-01-14 04:20:00,1,40.743608217629514,-74.00536115566968,40.744008355301446,-74.00549877909732,0.029,58
trip101132,2023-12-01 20:57:00,2,40.71913662957205,-73.9794125733446,40.715322886515644,-73.9782760331822,0.27,318
trip102892,2023-09-16 05:49:00,1,40.745769317166165,-74.03,40.72058404793732,-74.0262524621304,1.751,598
trip102802,2023-04-27 10:51:00,3,40.78934249555136,-73.98554311330915,40.792289493871706,-73.98427110257992,0.214,298
trip100210,2023-04-18 13:40:00,4,40.79121561440602,-73.9784620027924,40.77740825105159,-73.93259055948387,2.582,693
trip103868,2023-03-21 22:38:00,1,40.764176936625226,-73.94068051856748,40.75852177583581,-73.93956800339467,0.395,155
trip100059,2023-09-17 16:46:00,1,40.79357252595662,-73.9844287833896,40.77190076402685,-74.03,2.815,836
trip101747,2023-05-24 14:21:00,3,40.76412185590482,-74.03,40.76452729997158,-74.03,0.028,131
trip103682,2023-07-31 20:36:00,1,40.756154835279254,-73.9853771359698,40.758892921422,-73.98529038638866,0.189,133
trip103909,2023-04-07 07:22:00,3,40.68265027854747,-74.03,40.67986934736549,-74.0025661075794,1.45,420
trip101210,2023-10-14 07:21:00,1,40.78990415744821,-73.96291115151756,40.79519035645813,-73.98232537362252,1.079,486
trip100765,2023-06-19 22:07:00,1,40.66973749916286,-73.96343954835775,40.81403183174983,-74.03,10.561,3278
trip102110,2023-12-17 17:03:00,2,40.76757047194243,-73.99231267746171,40.766170577041294,-73.99210237768246,0.097,324
trip101517,2023-12-08 18:45:00,1,40.8090411367999,-73.91585063824331,40.77184603136814,-73.92290244951073,2.596,1349
trip101078,2023-04-05 10:27:00,1,40.72360367117181,-73.9418466768165,40.69817488289673,-73.95448776419335,1.878,771
trip103195,2023-12-05 15:46:00,3,40.797634876726384,-73.9235066530281,40.813206998345365,-73.89827790218087,1.703,897
trip101507,2023-10-29 07:23:00,1,40.74805898846616,-74.03,40.759663146604936,-74.03,0.802,723
trip102792,2023-03-08 11:00:00,3,40.71463916787778,-73.96399379780489,40.714075838024556,-73.96290675631046,0.069,79
trip102073,2023-01-15 23:27:00,4,40.73822971445201,-73.96694774587513,40.74697886748055,-73.96373960111742,0.627,260
trip100582,2023-05-08 21:32:00,1,40.73677994859315,-73.9733072320836,40.6837044555115,-73.98985470172276,3.768,1034
trip101909,2023-01-11 07:40:00,2,40.769595625118086,-73.91849943695767,40.816886539411364,-73.90217687128374,3.377,1394
trip101586,2023-09-09 21:09:00,1,40.64450455112115,-74.00539409569926,40.644598948221756,-74.00431737653857,0.057,111
trip101211,2023-11-23 21:30:00,4,40.72799151393465,-73.94668996213775,40.72128841793665,-73.94678783734214,0.463,178
trip100940,2023-11-25 09:39:00,3,40.759522437975775,-73.96332263510291,40.758716403931224,-73.9754313698844,0.636,664
trip101080,2023-12-20 08:37:00,1,40.760968861618075,-74.02428218353587,40.761914367639974,-74.03,0.306,252
trip100187,2023-06-09 04:23:00,3,40.69489889357258,-73.99654179597721,40.70959342058736,-73.99727768625937,1.016,282
trip103939,2023-12-23 20:37:00,1,40.81662038652688,-73.94541823181967,40.809179216499025,-73.92235426800741,1.311,439
trip102319,2023-12-05 10:02:00,1,40.73783213760571,-73.93603661323071,40.73871407633517,-73.93535310717938,0.071,68
trip102686,2023-04-06 21:01:00,2,40.670958547566414,-73.94312965859216,40.67722841297392,-73.94536713510968,0.449,367
trip101427,2023-02-23 00:09:00,2,40.79145178358777,-73.97554880345567,40.757419169300306,-73.9341050052668,3.199,789
trip103831,2023-06-11 06:23:00,3,40.84645510711496,-73.88450111230776,40.86,-73.88509264821087,0.936,456
trip101506,2023-09-18 04:53:00,3,40.65517634437016,-74.00310533941722,40.66757503760072,-73.9576557301166,2.532,669
trip102312,2023-12-29 19:00:00,4,40.81159530843566,-73.97647970335395,40.80903639937398,-73.98323560839401,0.395,240
trip100226,2023-12-31 08:09:00,1,40.86,-73.96212446761595,40.86,-73.99641218866674,1.792,734
trip103028,2023-07-24 22:54:00,3,40.712157288759826,-73.99180271794573,40.706307403408346,-73.99232864445374,0.405,191
trip100535,2023-04-17 17:52:00,2,40.778686190619304,-73.96351483639798,40.77654193810112,-73.96843463457739,0.297,468
trip101551,2023-04-13 14:14:00,1,40.71740458662663,-73.98711095529362,40.72114931885264,-73.98511130415397,0.279,179
trip103226,2023-08-16 13:17:00,1,40.70884406747527,-74.03,40.727849481066606,-74.03,1.313,296
trip102789,2023-05-13 06:18:00,1,40.72977324566036,-74.00802693764354,40.73784411690897,-73.97078769354815,2.028,588
trip100697,2023-05-15 14:16:00,2,40.7066362700034,-73.98422513219333,40.69965354122956,-73.9929193399729,0.663,217
trip103250,2023-07-19 02:01:00,4,40.8017219578431,-74.02360288300534,40.822961943478674,-74.03,1.505,480
trip102334,2023-04-19 08:25:00,4,40.727880662822926,-74.03,40.741397875768016,-74.03,0.934,297
trip102760,2023-12-16 05:57:00,1,40.71874906411336,-73.94022967674321,40.70121143501729,-73.9307762486775,1.309,398
trip103636,2023-04-25 23:16:00,1,40.73813844324288,-73.89917574094565,40.727877410482314,-73.92175358656803,1.378,386
trip101971,2023-09-15 19:27:00,1,40.73619862204783,-73.97206683205066,40.75605355477478,-73.95488375800134,1.64,886
trip101037,2023-08-28 16:48:00,1,40.72490028943048,-74.0147023242945,40.76360310814282,-74.02733311710837,2.755,1163
trip100208,2023-02-05 13:50:00,1,40.710483143488204,-73.92950423910743,40.71419238569739,-73.94985401273479,1.096,305
trip101915,2023-12-23 01:23:00,3,40.63,-73.96587156813754,40.662664701119816,-73.87795182994681,5.132,1175
trip100565,2023-04-12 21:13:00,3,40.78327357025354,-73.97468534407471,40.74145426247777,-73.98605813639989,2.95,1126
trip100313,2023-10-28 17:23:00,1,40.76975469214322,-73.96893237107717,40.763936530888,-74.00471578548985,1.915,877
trip100601,2023-09-13 00:04:00,1,40.724010750069,-73.97801374965005,40.651150535698825,-74.03,5.724,2013
trip100233,2023-11-26 19:43:00,1,40.80426341293997,-73.91665085376357,40.798386133341815,-73.92414055830503,0.564,323
trip101272,2023-10-01 09:12:00,1,40.73312748895679,-74.00786927960804,40.709161402312716,-73.99585467677028,1.771,862
trip100931,2023-08-24 06:29:00,2,40.77017458296879,-74.02100901699302,40.771349572607114,-74.02625041092335,0.286,236
trip103231,2023-07-12 20:35:00,4,40.81794418074041,-73.93218599176606,40.81778913035371,-73.93204614000287,0.013,67
trip101420,2023-06-15 11:08:00,3,40.74022482288016,-73.93756699097507,40.68863205555296,-73.88574331939257,4.48,1160
trip100111,2023-12-31 13:41:00,1,40.76069810210495,-73.95486681682766,40.77151333931387,-73.93930236424748,1.105,345
trip102358,2023-08-14 12:47:00,1,40.80441690557914,-73.92839167101825,40.756778160649155,-73.93729768220497,3.324,885
trip101089,2023-08-23 22:57:00,1,40.73754849594614,-73.88863321541585,40.7448864405863,-73.88794085488148,0.508,194
trip102752,2023-11-23 07:20:00,3,40.677141768094685,-74.01592506504325,40.6440809743639,-74.02318673940931,2.316,831
trip102042,2023-02-13 23:23:00,2,40.83624001945309,-74.03,40.834777913203304,-74.02743276073433,0.168,218
trip102564,2023-07-02 18:04:00,2,40.80101059162941,-73.9232309216335,40.801590636693916,-73.92535185095528,0.118,159
trip103936,2023-02-09 02:08:00,2,40.80398784011549,-74.00434039606183,40.78525989387034,-73.98221727642593,1.736,521
trip100472,2023-01-05 16:50:00,3,40.737203627288196,-73.89964706631204,40.755845434711965,-73.84105875261814,3.326,1179
trip102104,2023-02-08 12:10:00,4,40.73741454259902,-73.96616651550778,40.72565361263452,-73.97001564066933,0.837,298
trip101583,2023-06-03 02:42:00,2,40.7183618913596,-74.02746790504435,40.72543969666452,-74.03,0.507,310
trip101361,2023-03-11 21:02:00,3,40.79123401484836,-73.97380689276568,40.790857628647075,-73.97868982514902,0.257,164
trip101255,2023-12-25 01:01:00,4,40.72171818714384,-74.03,40.741539577131164,-74.03,1.37,331
trip101732,2023-03-15 23:11:00,4,40.74035312006327,-73.91831649716363,40.74281202977801,-73.92081850123445,0.215,193
trip103333,2023-03-17 21:51:00,1,40.732113249928176,-73.89121968653488,40.72900652560289,-73.89268442136331,0.228,214
trip100361,2023-10-17 18:46:00,2,40.76725272389591,-73.96474524702863,40.75734323549418,-73.96507844490662,0.685,299
trip100135,2023-06-25 21:22:00,1,40.70429894134566,-74.00740964147205,40.68094011931743,-73.99848070290922,1.68,388
trip101134,2023-04-18 03:32:00,1,40.74257780010717,-74.00427873613967,40.74500241515644,-74.02554466193426,1.126,276
trip101151,2023-02-18 16:28:00,2,40.79331959076191,-73.98374996821485,40.80418373904075,-74.0201031954786,2.044,1181
trip102477,2023-08-14 01:32:00,2,40.75952712028768,-74.03,40.86,-74.03,6.942,1981
trip101053,2023-07-17 16:34:00,2,40.86,-74.01288206138406,40.83806148211367,-74.0067964257572,1.549,742
trip103328,2023-09-14 18:51:00,2,40.719676674031874,-74.02667629258195,40.73121900327736,-74.03,0.816,444
trip100022,2023-11-09 11:56:00,1,40.80501436024033,-74.03,40.813982923383165,-74.02397611157492,0.695,296
trip101861,2023-06-20 06:41:00,1,40.70119252199037,-73.92575067459839,40.71008511956653,-73.9304146331702,0.661,234
trip101406,2023-02-18 03:44:00,1,40.76151580825469,-74.03,40.77095374783365,-74.03,0.652,334
trip103733,2023-02-06 16:03:00,2,40.733134221634444,-74.0236440610265,40.72795044873601,-74.02308837307712,0.359,390
trip100695,2023-02-10 20:58:00,1,40.71479126497174,-73.9637549503366,40.702037898239254,-73.94811230702825,1.203,478
trip100420,2023-01-18 16:13:00,3,40.75414569962953,-73.92796464163955,40.763934729157874,-73.90987668772058,1.163,480
trip102252,2023-02-08 21:26:00,1,40.78038150969527,-73.93467154196888,40.79467270948546,-73.90654480595846,1.772,674
trip100460,2023-06-28 22:00:00,3,40.76412586951559,-73.96282392594843,40.7690692452759,-73.96578516732133,0.375,260
trip101067,2023-01-09 17:25:00,1,40.770476067415636,-73.93990905832818,40.76616490583009,-73.9392724713907,0.3,305
trip100087,2023-05-29 07:28:00,1,40.75056223534275,-74.03,40.72940488067009,-73.99419939801125,2.377,892
trip100282,2023-03-14 03:58:00,3,40.79173473167012,-73.94409633598744,40.757201427200705,-73.8932083661064,3.575,1274
trip101345,2023-10-03 16:18:00,2,40.85394299899405,-74.01007127585046,40.8504085211458,-74.00649279701608,0.308,435
trip102372,2023-06-08 16:42:00,4,40.74483499229491,-74.00026973870217,40.70276421574443,-73.97615718174696,3.169,1895
trip101419,2023-05-08 18:42:00,4,40.751260998416164,-74.03,40.71284206247889,-74.03,2.655,1144
trip103806,2023-12-18 19:45:00,1,40.712570747158175,-74.03,40.70932996815922,-74.02717995955824,0.268,245
trip101512,2023-05-10 10:26:00,2,40.79030223594915,-74.03,40.814282975297665,-74.03,1.657,711
trip100859,2023-08-09 14:37:00,1,40.77999577008743,-73.99004803749243,40.76826955033745,-74.00706523644152,1.204,373
trip100533,2023-09-16 09:29:00,1,40.77035502777894,-74.03,40.756748648101414,-74.02691904321863,0.954,532
trip103259,2023-12-28 12:49:00,3,40.73481566106522,-74.02685576563405,40.70447089425408,-74.01677961349267,2.162,694
trip102463,2023-11-18 18:49:00,1,40.69650039308811,-73.94598803231153,40.69705318930098,-73.99912722561011,2.784,1272
trip101431,2023-06-15 20:41:00,2,40.708195487479124,-73.96580960919961,40.70025586387014,-73.94597038936777,1.175,543
trip103129,2023-05-18 08:22:00,1,40.76663676665376,-74.00421765974468,40.784454279003306,-73.9996289977081,1.254,462
trip103179,2023-06-20 23:15:00,1,40.767101048457185,-73.97667913582038,40.79302879712254,-73.96375726746759,1.915,727
trip102810,2023-06-16 22:45:00,2,40.72145510529135,-73.96426989231156,40.716511056300945,-73.97581694407843,0.695,373
trip101476,2023-11-06 06:00:00,4,40.84431994376015,-74.01967324571143,40.8050338717206,-74.01432542913801,2.729,818
trip103950,2023-12-11 06:45:00,1,40.71728525324167,-74.03,40.73389254907994,-74.01351284859282,1.436,464
trip101859,2023-09-11 14:38:00,1,40.6871367074012,-73.92081435170651,40.68391999489955,-73.91487766872888,0.382,166
trip101718,2023-08-01 11:32:00,1,40.77728310202489,-73.93336315908485,40.76945973014316,-73.92664987926464,0.645,296
trip101424,2023-01-23 18:48:00,2,40.758159139803766,-73.94780078767333,40.75079756865602,-73.9618845351138,0.896,439
trip103920,2023-02-22 20:35:00,2,40.76453874660721,-73.9809007663514,40.7742755182532,-73.98681890053871,0.741,345
trip102794,2023-12-13 07:13:00,2,40.79951668063138,-73.97706739201361,40.807084073489676,-73.9905178289699,0.877,821
trip100942,2023-07-27 18:58:00,3,40.77208450190472,-73.99189884207262,40.793167102872374,-74.03,2.469,1528
trip102260,2023-04-28 02:11:00,2,40.64302192787215,-74.00533950348662,40.647957674815466,-74.00719072326426,0.355,171
trip103855,2023-07-18 17:17:00,1,40.665753002390495,-74.0134019986721,40.66247790081615,-74.00719032171321,0.396,391
trip103804,2023-10-20 11:46:00,2,40.79423122929078,-74.03,40.796172230844185,-74.03,0.134,231
trip102223,2023-06-30 18:57:00,2,40.71426804062355,-73.94585723907056,40.71680568712908,-73.94168398923901,0.28,231
trip103644,2023-12-16 10:45:00,3,40.737670370579636,-73.95949395366503,40.63,-74.03,8.306,3856
trip100121,2023-05-09 06:48:00,1,40.75806740357304,-73.94703121950906,40.75279117357208,-73.95006217774713,0.398,137
trip100887,2023-06-05 04:17:00,2,40.73058972527922,-73.90832721947912,40.73117588921086,-73.9228137656482,0.76,338
trip102844,2023-07-21 23:10:00,2,40.72009359974836,-73.99474840875001,40.709327753255934,-74.00085862972406,0.81,439
trip100685,2023-08-25 15:00:00,4,40.72844035730896,-74.01190315594707,40.73080239311777,-74.01966749550976,0.438,379
trip102605,2023-11-22 17:41:00,4,40.70961281631154,-74.03,40.72739413641382,-74.03,1.229,565
trip100413,2023-02-26 17:57:00,4,40.78372452548775,-74.01384129251078,40.78761210270463,-74.01643672791282,0.301,210
trip100789,2023-05-17 01:18:00,1,40.74320266550769,-73.95393285846455,40.76037842988113,-73.9317186151473,1.661,389
trip103986,2023-10-09 19:48:00,1,40.69942127069068,-73.98326641262882,40.6867506367435,-73.98245741988535,0.876,270
trip102276,2023-06-03 09:33:00,1,40.69248602367797,-73.94653768499552,40.69128710033589,-73.94541946106169,0.101,141
trip102208,2023-09-21 16:01:00,2,40.77748802123849,-73.9338267613431,40.78613133842771,-73.93562520586391,0.605,420
trip103076,2023-01-23 13:23:00,2,40.74959797594486,-73.95347922742629,40.75611630897496,-73.96096366704195,0.597,312
trip101866,2023-11-26 14:11:00,2,40.74059354847876,-73.99293620094252,40.740335232105295,-73.99286634270602,0.018,91
trip103563,2023-02-11 00:18:00,2,40.74235564823891,-73.99592334093914,40.74140616873006,-73.99274185224502,0.179,123
trip100272,2023-06-24 00:15:00,2,40.74562210307139,-73.96224302603832,40.75071975923149,-73.97184923515259,0.614,228
trip101803,2023-05-27 23:30:00,1,40.73156579822344,-73.92969745197527,40.7315325248899,-73.92965059726451,0.003,84
trip100521,2023-01-12 02:01:00,1,40.710053695492846,-73.96567383480414,40.71526095384641,-73.97626974122997,0.661,336
trip100522,2023-04-25 01:22:00,1,40.81011029513441,-73.9862046985024,40.798403258255505,-73.98264448338267,0.83,226
trip101689,2023-02-24 15:28:00,2,40.78928754700417,-74.02032399634992,40.780594459056154,-74.01772251238391,0.616,326
trip101926,2023-03-15 14:10:00,3,40.72375982174638,-73.98464797867673,40.7243612178544,-73.98459204225513,0.042,118
trip100350,2023-05-13 10:57:00,1,40.76657604757153,-73.9889834321105,40.80357204018518,-73.97207765335085,2.705,909
trip102883,2023-05-24 12:32:00,1,40.80133657552126,-73.99702521155358,40.801503496638404,-73.99709589041825,0.012,172
trip102688,2023-05-08 03:58:00,2,40.80790790181905,-73.91280142970434,40.77389318533014,-73.9049287320226,2.386,711
trip103117,2023-01-02 00:26:00,2,40.74310460678838,-74.03,40.73162928624233,-74.03,0.793,380
trip101558,2023-12-16 20:05:00,3,40.78641045899456,-74.00606377430363,40.79741125938029,-74.01428092544862,0.873,540
trip100651,2023-04-18 13:53:00,2,40.74216222697878,-73.93536475471348,40.68658870269082,-73.96597702275186,4.161,1177
trip101461,2023-03-15 04:57:00,2,40.717392502681705,-73.98725055828554,40.702646697204905,-74.0238471038736,2.171,999
trip103454,2023-03-29 12:19:00,1,40.81578096253963,-73.99470116648642,40.827571996722085,-74.00990078622017,1.138,468
trip103712,2023-12-18 11:13:00,3,40.743381692522114,-73.91348856925529,40.757302988874834,-73.91840636297688,0.996,580
trip102475,2023-11-18 00:57:00,1,40.75164163400264,-74.01926515990867,40.76558176132056,-73.98272489157277,2.141,815
trip101967,2023-11-12 16:49:00,2,40.74601237246361,-73.98382454104215,40.73785225443897,-73.99528610636735,0.823,376
trip103691,2023-09-26 13:16:00,2,40.74614767160165,-74.0011551415096,40.74638486497564,-73.98889046121212,0.642,288
trip101947,2023-04-11 14:52:00,1,40.70909037001285,-74.01998630811407,40.66277220588126,-73.96913147747334,4.164,1098
trip100168,2023-02-19 19:17:00,1,40.74295129460538,-73.98423544790556,40.7149585467945,-73.97078745166868,2.058,1045
trip103718,2023-01-17 04:24:00,1,40.77048842972874,-73.98476918099949,40.77568648029088,-73.98545309883956,0.361,195
trip100962,2023-04-19 00:28:00,4,40.70489452086891,-73.96854506435193,40.6953983955894,-73.92311744695427,2.468,837
trip100945,2023-06-09 04:02:00,1,40.7339935757993,-73.89497792042923,40.73576478034019,-73.89556595519753,0.126,115
trip100462,2023-09-15 09:11:00,2,40.6784694628011,-73.93111533374072,40.668966707432084,-73.92932325575862,0.663,326
trip103407,2023-07-23 18:06:00,2,40.82520045528535,-74.00621475645067,40.82587425957079,-74.00584736145004,0.05,137
trip100328,2023-06-20 04:53:00,1,40.69725967633323,-73.95442157139414,40.64681257824008,-73.98414387983307,3.818,1376
trip102764,2023-02-20 13:09:00,1,40.72560982434133,-73.99592235169054,40.72328733062911,-74.00897989486951,0.702,291
trip103734,2023-07-06 01:27:00,2,40.75319476219412,-73.91219541335467,40.77971670292649,-73.96315639901263,3.236,896
trip102826,2023-12-25 04:09:00,4,40.83289677963557,-74.03,40.83110654853855,-74.01515733579167,0.786,360
trip102743,2023-05-09 08:46:00,2,40.67006345625192,-73.9133896558963,40.686544412275026,-73.86183169821149,2.932,1155
trip100367,2023-07-20 07:28:00,1,40.71299874922194,-73.98806246969461,40.695460966300644,-73.94836813409785,2.407,1052
trip103463,2023-01-30 01:05:00,4,40.68784762308292,-74.01596147248628,40.68831690924378,-74.01971842005679,0.199,226
trip103024,2023-07-30 07:32:00,1,40.74233156542443,-73.9781165485898,40.75048735945504,-73.97967784970243,0.569,287
trip102195,2023-04-26 04:53:00,4,40.66646597947985,-73.98625103157174,40.695513101318085,-73.9986514150042,2.11,557
trip102882,2023-03-08 01:25:00,1,40.78385726797207,-73.94421464016104,40.755888695655344,-73.92119042503002,2.277,636
trip100772,2023-12-30 00:23:00,2,40.76148460375851,-73.99532277427643,40.772286167859676,-73.98981140476658,0.8,290
trip101284,2023-09-03 23:24:00,3,40.75272108016528,-73.96657059437213,40.77969347752468,-73.97511082355683,1.916,486
trip102545,2023-12-12 00:00:00,1,40.728079889763315,-73.98178122217377,40.720185286089915,-74.00484948439387,1.325,375
trip103590,2023-09-18 21:04:00,4,40.747768436145314,-74.02306423800772,40.74856659746528,-74.0210167733827,0.121,81
trip103149,2023-06-06 20:32:00,1,40.760761717808506,-73.9604286144216,40.757477731835955,-73.98159053881521,1.131,449
trip100498,2023-01-30 04:19:00,1,40.660413460219424,-73.96918103906424,40.658754863926035,-73.97050800399657,0.134,185
trip101234,2023-07-17 07:50:00,1,40.76471544409552,-74.00817362086076,40.76070402321145,-74.00906674142631,0.281,181
trip103475,2023-11-12 23:35:00,1,40.777483397010826,-73.95140202999659,40.76029434970933,-73.9548863730963,1.202,452
trip100435,2023-05-05 23:10:00,3,40.722774967923606,-73.94184570197262,40.72161298414015,-73.94132242673872,0.085,162
trip101251,2023-11-15 22:08:00,4,40.818255669571265,-73.9158152860395,40.839712945915714,-73.95017791543314,2.329,743
trip100365,2023-03-19 19:34:00,1,40.81666549964466,-73.93640667606344,40.84233181964593,-73.94495710235257,1.829,821
trip101378,2023-01-25 08:37:00,2,40.76310541375813,-73.991285214038,40.75970366033696,-74.01628246972948,1.329,457
trip100276,2023-02-17 22:17:00,1,40.715662425563735,-73.94552172149174,40.711482891008586,-73.93874984181114,0.457,240
trip102649,2023-10-19 08:12:00,1,40.85767045253582,-74.03,40.86,-73.99835324937841,1.662,730
trip102245,2023-04-16 07:42:00,1,40.72207666207081,-73.92350778925915,40.71513797713551,-73.86963083264844,2.862,1200
trip102003,2023-11-04 23:22:00,4,40.761333448688276,-73.95269700701648,40.75083927271196,-73.90407426534588,2.646,710
trip100407,2023-01-28 08:13:00,2,40.78732835689108,-73.96898506722907,40.80179506670275,-73.96841312063613,1.0,403
trip101480,2023-06-13 16:29:00,2,40.77024902536059,-73.94982235602721,40.771519280931734,-73.94073508603341,0.484,240
trip101360,2023-05-15 13:15:00,2,40.732998706025874,-74.00257328503675,40.74993771278382,-73.99305708694084,1.272,441
trip102459,2023-02-10 22:05:00,1,40.66375311396168,-73.93932784401258,40.66506402454757,-73.93778638730777,0.121,247
trip100844,2023-03-27 06:33:00,2,40.75589760217208,-73.98194444221032,40.81033264795163,-73.97440968478469,3.782,1208
trip101924,2023-08-20 20:29:00,1,40.7475204055431,-74.03,40.75223624344237,-74.03,0.326,143
trip102420,2023-02-25 08:24:00,4,40.66624628419725,-73.98161904132863,40.65230053086578,-73.97526358086013,1.02,395
trip100086,2023-06-08 09:38:00,1,40.72887689469088,-74.01682215175134,40.712968810787906,-74.01367084800059,1.111,444
trip103879,2023-06-13 20:30:00,2,40.763337235905254,-73.94584272455151,40.73632319107988,-74.00523413529652,3.626,886
trip102053,2023-07-20 09:45:00,1,40.86,-73.89047881986383,40.83267949673126,-73.85011341561574,2.831,1207
trip101694,2023-07-04 03:34:00,4,40.69379230131949,-73.95034902369837,40.68737394262772,-73.94730031977662,0.471,192
trip103860,2023-01-30 15:20:00,1,40.695339925271114,-74.02956363950314,40.71387836688107,-74.0138576665815,1.522,552
trip101490,2023-08-25 13:41:00,4,40.72226681103135,-73.9914525474033,40.7196918738321,-73.97927852257492,0.662,596
trip100855,2023-05-06 00:34:00,4,40.75062933498394,-73.92547129917618,40.7548935868862,-73.94367590496785,0.997,293
trip103666,2023-06-19 14:18:00,1,40.75042985288156,-73.98597584038234,40.74794013520399,-73.97387744238208,0.656,374
trip100078,2023-12-01 14:53:00,2,40.77815156772853,-73.99780395993568,40.78736125174481,-74.00989221748023,0.897,326
trip100944,2023-04-07 13:29:00,3,40.76302116206307,-73.98725532440314,40.74506038044716,-73.9836299372161,1.255,421
trip100199,2023-09-17 16:07:00,2,40.7426450695664,-73.96567689588062,40.64718017828691,-74.02125980746517,7.21,3361
trip101725,2023-12-21 03:53:00,3,40.7543921796623,-73.97121230556797,40.759794336782946,-73.97309975448347,0.386,485
trip103592,2023-10-21 04:15:00,2,40.831044577030994,-73.97467108553536,40.86,-73.96844351580916,2.027,652
trip100801,2023-06-07 14:12:00,2,40.70123355276889,-73.95557956440479,40.66086568135338,-73.99849621131453,3.583,1024
trip102414,2023-03-12 02:38:00,1,40.799948633939756,-74.03,40.78102295386321,-74.02553276605353,1.328,466
trip101784,2023-01-17 13:45:00,3,40.78094925092199,-73.98251716473273,40.73753012083862,-73.99748407905108,3.101,726
trip102769,2023-09-21 05:46:00,3,40.78464531915736,-74.03,40.779617335524456,-74.03,0.347,172
trip103900,2023-06-02 07:05:00,1,40.77890427159252,-74.00367925374574,40.79787543928603,-74.03,1.901,580
trip100231,2023-04-18 12:23:00,4,40.723418184371646,-73.94829084755007,40.73534913273484,-73.92737188879035,1.371,315
trip102019,2023-01-10 19:29:00,3,40.77144713352958,-73.98743396216088,40.79689748738126,-74.00401096496854,1.961,902
trip102018,2023-07-25 05:10:00,1,40.77618326976882,-73.93209882926314,40.777876301111434,-73.93405140344362,0.155,218
trip102748,2023-08-11 06:17:00,2,40.74249509196991,-73.98069618432766,40.74234814372849,-73.9808433641401,0.013,34
trip102232,2023-09-25 07:13:00,4,40.692089165175865,-73.98449304182422,40.664846962758894,-73.96731812332152,2.086,900
trip102256,2023-09-07 03:10:00,3,40.764939797205564,-74.03,40.80236534898298,-74.03,2.586,904
trip103414,2023-06-26 02:18:00,1,40.700237416803155,-74.03,40.70027388420754,-74.03,0.003,125
trip101922,2023-12-15 03:33:00,2,40.66353229612531,-73.85802539540191,40.66770553278612,-73.86464997713053,0.451,197
trip102483,2023-04-02 01:20:00,4,40.74838788640003,-73.90242477773442,40.73912500534603,-73.92008459937695,1.124,559
trip103829,2023-01-11 06:43:00,2,40.69936494203291,-73.99944177927799,40.70231165459494,-74.00965263687601,0.572,192
trip101143,2023-10-17 16:10:00,3,40.725557312602476,-73.9314455111936,40.76563124234801,-73.90124763782909,3.188,1986
trip103571,2023-09-22 11:04:00,4,40.78532294299096,-73.95114133283593,40.789174214968334,-73.94930962608233,0.283,165
trip100191,2023-12-27 03:20:00,4,40.741921635402285,-73.94301282595012,40.74117923292598,-73.95217561884093,0.482,199
trip100104,2023-06-05 10:16:00,2,40.70798720439956,-73.99582557208248,40.71237375032321,-74.00892074863023,0.75,694
trip103623,2023-04-21 16:49:00,1,40.797343369871065,-73.96518070206245,40.86,-73.9634596251143,4.33,1235
trip102742,2023-01-29 16:38:00,2,40.71258147523001,-74.0150178427925,40.69132941473036,-74.0062654819226,1.538,565
trip103168,2023-07-31 09:45:00,2,40.70870309614749,-74.03,40.712141788703434,-74.03,0.238,358
trip101793,2023-04-25 00:06:00,1,40.7364655936819,-73.9293780223933,40.73614176823595,-73.92952173275282,0.024,208
trip101651,2023-11-15 20:56:00,1,40.80727972459396,-74.03,40.8129717251685,-74.03,0.393,333
trip102431,2023-12-12 15:58:00,1,40.79624114817492,-73.9711303537108,40.802169420957526,-73.9720963696214,0.413,223
trip103225,2023-08-25 03:18:00,1,40.723360953652154,-73.97486470929877,40.70970487913914,-73.97941693937122,0.973,438
trip103686,2023-07-01 12:25:00,2,40.69542765404309,-73.96901728983083,40.70807649244225,-74.0009576067078,1.888,501
trip103056,2023-09-19 12:07:00,2,40.730123869262215,-73.86250037947255,40.73641842774662,-73.86352247004132,0.438,333
trip102416,2023-07-18 10:04:00,1,40.716475767757345,-73.91878471174292,40.71601214849354,-73.92892949442134,0.532,261
trip101552,2023-03-29 23:43:00,1,40.7238225392859,-73.95477622761273,40.72719407043799,-73.9552362007016,0.234,116
trip101814,2023-04-04 13:18:00,4,40.75765796244364,-73.94530337024581,40.7437546724791,-73.94149543559713,0.981,457
trip103361,2023-10-06 07:53:00,1,40.648335375509006,-73.99828706466317,40.645667382945675,-73.9906075757143,0.443,284
trip101929,2023-07-13 01:56:00,1,40.78295925143933,-73.97225859884489,40.75072301248753,-73.92284072430871,3.413,1196
trip103913,2023-05-01 23:35:00,2,40.690580958392005,-74.03,40.695878802882284,-74.02367661890466,0.494,170
trip103014,2023-04-26 23:39:00,4,40.794426130884254,-73.97316533325198,40.77283100588086,-74.01663591309277,2.72,654
trip101657,2023-05-15 01:15:00,2,40.670808293153705,-73.99495179703293,40.635574082723565,-73.98169898278157,2.532,744
trip103368,2023-08-13 20:07:00,1,40.76363958482276,-73.91928068781972,40.74252488778362,-73.91418719890257,1.483,393
trip100994,2023-12-07 23:32:00,1,40.74506196182664,-73.96070634956459,40.74770956024914,-73.95064291184121,0.558,401
trip100464,2023-02-20 13:26:00,1,40.699717714915465,-73.93562216784493,40.70214521677951,-73.9359204651747,0.168,78
trip101511,2023-10-19 10:08:00,2,40.7746657770839,-73.97944374906427,40.75086266270661,-73.97050059941057,1.71,610
trip102614,2023-07-10 18:14:00,1,40.66644353191269,-73.90423133448188,40.68800278683244,-73.8989114290036,1.515,802
trip103213,2023-05-29 13:20:00,2,40.70386693625001,-73.99869716989076,40.69529084365017,-74.01242789454149,0.932,281
trip102167,2023-12-06 18:08:00,2,40.67308482532404,-74.03,40.666449229982014,-74.02259808829433,0.601,300
trip101236,2023-05-06 14:15:00,1,40.75119634035968,-74.01971614200076,40.7537175058605,-74.01421346892505,0.337,308
trip102461,2023-01-22 20:08:00,1,40.690907452681,-73.93635460378552,40.69012048370695,-73.93567182153963,0.065,106
trip103103,2023-01-27 02:03:00,4,40.7973689987927,-73.93358143012529,40.79783654219332,-73.93155145039893,0.111,172
trip100212,2023-11-12 07:38:00,1,40.75137841716675,-73.95507556558745,40.73647427019793,-74.01017102445445,3.062,987
trip101036,2023-06-21 18:43:00,1,40.79437613426323,-73.9479128595658,40.79582516588153,-73.93831164296027,0.512,207
trip103880,2023-08-09 19:51:00,1,40.72800928439667,-74.00609576222904,40.72276343023229,-74.03,1.303,551
trip100900,2023-01-25 11:06:00,1,40.7675361267394,-74.03,40.82123333124301,-74.03,3.71,1040
trip103248,2023-09-26 10:48:00,2,40.78925569059828,-73.93920938456344,40.77000744817741,-73.938985339523,1.33,461
trip103530,2023-11-20 07:52:00,1,40.82025339399294,-73.99426633289055,40.79807121276766,-73.9632391092116,2.232,991
trip100741,2023-06-05 17:54:00,3,40.80344762919679,-73.98503805754042,40.713374096356254,-73.96711216019959,6.294,2030
trip103522,2023-04-16 17:44:00,3,40.7359479312427,-73.96059675932824,40.77198923115144,-73.94667289612181,2.595,1326
trip103100,2023-08-26 08:21:00,1,40.70427925617663,-73.92423780007108,40.709490815496736,-73.93083655494115,0.499,332
trip102677,2023-09-27 13:14:00,2,40.77288967943581,-73.99790079326216,40.8076189989238,-74.00968619077213,2.478,966
trip101206,2023-12-08 09:02:00,1,40.71794483210143,-74.03,40.724900875393075,-74.01626911195297,0.865,483
trip100509,2023-01-15 14:14:00,1,40.770928609427514,-73.95275136576491,40.78588049248655,-73.95474684993428,1.038,296
trip100597,2023-08-31 05:17:00,2,40.786567057948915,-73.96513617095201,40.86,-73.92463180883149,5.498,1221
trip103058,2023-09-10 10:10:00,2,40.719766851710745,-73.91270051931592,40.715217688354066,-73.9101778792234,0.341,174
trip100981,2023-08-26 04:19:00,4,40.68111781342345,-73.97118817254534,40.67548259623142,-73.95600112595658,0.886,323
trip101487,2023-01-07 01:41:00,4,40.68821486424015,-74.01167457034724,40.66343012263056,-74.0210015018292,1.781,553
trip103528,2023-10-12 07:49:00,3,40.68068405308682,-73.95324136987482,40.68194885740435,-73.95563416899147,0.153,120
trip100518,2023-05-29 00:36:00,1,40.79040169337848,-73.99300076463837,40.79975289984601,-73.99136858194564,0.652,200
trip101501,2023-07-19 22:36:00,1,40.72189284663032,-74.03,40.72437534426058,-74.03,0.172,352
trip100767,2023-08-23 21:29:00,4,40.724971361851786,-73.93231108751318,40.72573995010933,-73.94840035848257,0.844,278
trip102646,2023-01-05 16:14:00,1,40.82381593422542,-74.01538287547437,40.81002056738143,-74.01876523497228,0.969,613
trip102753,2023-12-19 12:13:00,2,40.75512438373639,-73.95300779510427,40.74807985785274,-73.95995474117062,0.608,218
trip100421,2023-03-02 00:43:00,1,40.712317079927764,-73.94555958587387,40.710919475262344,-73.94453230116844,0.111,186
trip100123,2023-03-15 13:51:00,4,40.81116344088582,-73.96394793124338,40.79760131356956,-73.95857126907998,0.978,357
trip102751,2023-10-10 17:46:00,1,40.73228631379163,-73.98647874491496,40.728046068729675,-73.99655113080414,0.603,392
trip101446,2023-02-08 17:44:00,1,40.854660090634674,-74.03,40.86,-74.03,0.369,446
trip101813,2023-11-19 07:49:00,3,40.749679741519216,-73.94024701939804,40.776618162041196,-73.94043668684502,1.861,717
trip100819,2023-05-23 10:42:00,4,40.69872569495088,-74.03,40.71368688499563,-74.03,1.034,428
trip101403,2023-11-30 01:07:00,1,40.72787549732655,-73.9797769486346,40.731652001796675,-73.94729912499362,1.72,942
trip101382,2023-10-09 21:57:00,2,40.735715265032304,-74.01008645358515,40.7358099350695,-74.01050547845915,0.023,40
trip100100,2023-02-18 07:41:00,1,40.73298268506823,-73.9545776705904,40.734222505179616,-73.9478774611195,0.361,288
trip103525,2023-11-20 02:11:00,1,40.820569290117874,-73.91296249865054,40.82429041485962,-73.91564582932249,0.293,230
trip101283,2023-05-21 16:28:00,3,40.78581273948489,-73.93912823658297,40.79409407873293,-73.94985880649942,0.802,491
trip103701,2023-01-12 07:13:00,4,40.70988117453976,-73.99007919736856,40.70011014690109,-73.98679377166334,0.697,359
trip103047,2023-02-03 06:36:00,3,40.773527969233704,-73.94732419247481,40.76930975178169,-73.93638261069681,0.642,296
trip103502,2023-06-28 14:01:00,1,40.77861295022197,-74.00496567045563,40.76159664507281,-73.98727993294317,1.496,518
trip101103,2023-09-02 13:36:00,1,40.77338472580059,-73.98609875180072,40.80332033465576,-73.9715491555267,2.204,704
trip101666,2023-06-16 19:18:00,4,40.76007853427681,-73.96570822991258,40.76010743126319,-73.95904460262699,0.349,338
trip102943,2023-12-09 20:36:00,2,40.736796860902125,-73.9638078450171,40.74045465915192,-73.9424633958961,1.146,361
trip103214,2023-02-01 18:47:00,1,40.7957639671707,-74.0228641499833,40.791783055195594,-74.01394485784337,0.542,341
trip103405,2023-03-06 04:58:00,1,40.69385674903853,-73.99228937777802,40.69784504202873,-73.99920442457008,0.455,200
trip101352,2023-02-02 13:34:00,2,40.691865297929574,-73.93538537580072,40.7199149737086,-73.9510141642259,2.104,706
trip102153,2023-10-06 16:39:00,4,40.70159924712357,-73.98919617464414,40.71197944096286,-73.95547693250424,1.906,974
trip103318,2023-08-19 07:19:00,2,40.80108736292439,-74.02216537928682,40.80114919206188,-74.01965800030086,0.131,150
trip103373,2023-11-12 02:47:00,4,40.72372508774085,-74.01942534742646,40.70198548120356,-74.03,1.601,627
trip100982,2023-01-11 03:26:00,4,40.76032667719586,-74.03,40.77706531365184,-74.0214527360774,1.24,382
trip100456,2023-06-24 03:34:00,3,40.798430807085985,-74.0079826195772,40.79041275744346,-74.00872923068663,0.555,171
trip102971,2023-11-11 08:34:00,1,40.747601370895396,-73.91587143003186,40.74829215492626,-73.91502950315834,0.065,93
trip103399,2023-11-06 08:07:00,3,40.72775470224178,-73.97920120625068,40.719552491520375,-73.95557355944423,1.361,589
trip102830,2023-04-23 01:00:00,3,40.7088148425481,-73.99064724860018,40.70533002027774,-73.98955598831333,0.247,175
trip100381,2023-08-12 07:58:00,3,40.80892978081872,-73.96593570387078,40.809050220013994,-73.96592523678709,0.008,251
trip103993,2023-08-07 22:17:00,4,40.718935168937,-74.03,40.73253034609985,-74.03,0.939,362
trip101896,2023-12-17 04:55:00,3,40.68020412644434,-73.95407687233974,40.69562615807288,-73.96107762332896,1.127,450
trip102453,2023-02-19 02:10:00,1,40.71275870916694,-73.96507365395784,40.71192717652186,-73.9636047075237,0.096,86
trip101010,2023-06-10 22:27:00,3,40.69443341108899,-73.94485807898509,40.69969887971512,-73.95047596737481,0.468,299
trip102812,2023-05-23 22:16:00,1,40.73107712454534,-73.97775108113821,40.74701663748333,-73.97772812630444,1.101,551
trip104001,2023-09-18 23:38:00,1,40.70701098210311,-73.9892034692628,40.712494477008946,-74.03,2.17,624
trip100662,2023-01-15 17:38:00,2,40.70939096073434,-73.95448632031874,40.709591974917785,-73.9535648248865,0.05,103
trip101703,2023-08-10 13:29:00,2,40.64535828813066,-73.97908613970479,40.63,-73.98145505401904,1.068,284
trip102821,2023-12-28 13:35:00,2,40.76345131686629,-74.02524983734027,40.75989947297888,-74.01412984445388,0.632,340
trip103631,2023-08-20 12:59:00,1,40.80357703054906,-74.03,40.78652944187371,-74.03,1.178,360
trip103883,2023-05-18 14:49:00,1,40.80561023018473,-73.9115570819974,40.78112995911806,-73.93306568265002,2.031,682
trip102997,2023-11-06 18:53:00,3,40.85489611022011,-74.02698999070093,40.859190875653525,-74.02924428407862,0.319,224
trip103132,2023-06-11 06:45:00,2,40.75233244445468,-73.98858239450136,40.77910249683423,-74.00703955501656,2.087,729
trip103038,2023-12-23 12:04:00,1,40.71243169812528,-73.93058332865155,40.70574466565883,-73.92310652761543,0.606,280
trip102215,2023-03-07 10:16:00,2,40.75062541941996,-73.99298487511155,40.732403433228484,-73.98810022138196,1.285,600
trip100845,2023-12-13 11:52:00,1,40.766446351268925,-73.9409320449123,40.76578378536954,-73.92704246242171,0.728,326
trip100542,2023-08-07 16:57:00,1,40.7611449655499,-74.03,40.70739884682527,-74.03,3.714,1509
trip100091,2023-05-15 17:34:00,2,40.74556815319708,-73.97722753442147,40.72779266524324,-73.94865661166266,1.935,662
trip102554,2023-04-29 10:30:00,1,40.76750669156952,-74.00959587489567,40.76399986602759,-74.009240174563,0.243,160
trip101593,2023-04-09 13:26:00,1,40.717169026263896,-73.96230865935837,40.73118750004684,-73.9701660701545,1.052,385
trip101196,2023-05-24 01:41:00,2,40.69474000536299,-73.97679174239262,40.63,-73.93809511027895,4.911,1329
trip101102,2023-12-08 12:03:00,1,40.77692561711837,-73.93309401073367,40.77994372173872,-73.96172273867761,1.512,757
trip103774,2023-08-02 11:14:00,3,40.79907123960123,-73.98414152065776,40.798399492093566,-73.98033198160454,0.205,209
trip102714,2023-11-09 23:41:00,2,40.74363687981286,-74.02461976406586,40.73453585571101,-74.02165151688915,0.648,226
trip102258,2023-07-25 14:57:00,2,40.798806387615876,-74.03,40.796719649466716,-74.03,0.144,188
trip101840,2023-10-04 13:50:00,1,40.72357056567563,-74.00620591197577,40.725260151979896,-74.00773357353664,0.142,58
trip102157,2023-03-31 12:04:00,2,40.71357458219062,-73.99595015981893,40.71175510540375,-73.99457822949606,0.145,100
trip102494,2023-07-02 17:40:00,3,40.799079697123965,-73.97468956110919,40.80675237009611,-73.98067675051492,0.616,408
trip101788,2023-04-27 06:00:00,1,40.76356985380658,-74.01275912184138,40.765632885977475,-74.01236784098712,0.144,90
trip101048,2023-05-19 22:30:00,1,40.706996867466934,-73.98013498395618,40.69490287658987,-73.98607265822118,0.892,416
trip103161,2023-01-03 01:42:00,4,40.774600016467744,-73.97004660815965,40.81492706283116,-73.926172353346,3.61,910
trip101691,2023-09-10 04:35:00,3,40.67923622874989,-73.99582736226847,40.68292500711235,-73.99964631414595,0.324,195
trip100898,2023-05-13 08:15:00,2,40.77154939923342,-73.96613212100738,40.77452185299067,-73.96545095338158,0.208,220
trip101459,2023-06-25 19:41:00,1,40.76607937402198,-73.9395346017685,40.75783063119103,-73.93433795885602,0.632,366
trip101623,2023-08-29 08:49:00,4,40.8028977959429,-74.03,40.80197313373574,-74.0272828580909,0.156,124
trip100237,2023-10-30 02:46:00,2,40.74268003357548,-73.969825139548,40.732878248556325,-73.97006280011297,0.677,245
trip101513,2023-05-12 22:05:00,1,40.66011399881996,-74.00789791487519,40.65948108858095,-74.02460670642056,0.877,590
trip101789,2023-06-08 07:01:00,1,40.79569818474173,-73.91813630925462,40.82936762833564,-73.96650853291835,3.437,1292
trip101133,2023-05-01 05:37:00,2,40.812176841702,-74.03,40.80987271920564,-74.03,0.159,129
trip102607,2023-12-16 17:12:00,1,40.741157571082084,-73.98261173375576,40.709335043140634,-73.96500320846259,2.384,1160
trip102728,2023-09-26 09:00:00,3,40.83285650264921,-73.89759148557403,40.81383022612986,-73.94209529789977,2.673,1412
trip100163,2023-04-21 23:38:00,1,40.713037599434905,-74.03,40.692552911521425,-74.00802541128557,1.824,551
trip102297,2023-08-14 21:16:00,1,40.716249921868815,-73.974961834135,40.71303268409666,-73.94689012403651,1.487,531
trip101849,2023-10-24 21:41:00,1,40.77976201854513,-73.98165182380286,40.833123128254606,-73.97399489084242,3.709,1146
trip100252,2023-06-24 03:45:00,2,40.827791393998254,-73.95829261932005,40.82748624077886,-73.95595684399973,0.124,232
trip102499,2023-08-03 21:52:00,4,40.80543438104302,-73.87965921981623,40.80847388630569,-73.90379159531015,1.279,521
trip102884,2023-08-22 05:34:00,3,40.74991367199959,-73.99011292893961,40.73407177944645,-73.99010378493301,1.095,394
trip101957,2023-06-17 00:57:00,4,40.69587865363445,-73.94487565007266,40.673404285616165,-73.94561878091498,1.553,537
trip101550,2023-03-29 13:44:00,1,40.67948237873941,-73.9476620268574,40.75120100417826,-73.95983788212511,4.996,1448
trip100930,2023-05-29 20:51:00,1,40.75027075061962,-73.94923670717341,40.750694876170485,-73.94504687332011,0.221,280
trip102829,2023-07-17 12:26:00,1,40.86,-74.03,40.859041838940655,-74.03,0.066,266
trip102218,2023-12-30 17:20:00,3,40.720783168617544,-73.93931707728149,40.71169019762441,-73.92963162629205,0.807,509
trip103469,2023-10-27 13:51:00,4,40.79213801876566,-73.94450194290815,40.792480680129074,-73.9449182745587,0.032,82
trip102988,2023-10-16 12:02:00,4,40.75998922499543,-74.00983347211364,40.75318237244578,-74.01041349978388,0.471,220
trip101786,2023-12-13 09:19:00,2,40.799912641517146,-73.95588032377837,40.81227391606688,-73.98664761620647,1.822,838
trip103790,2023-12-24 02:10:00,2,40.7285402189635,-74.00049496482013,40.73486813294497,-74.01076290770091,0.693,283
trip102380,2023-09-15 09:02:00,3,40.737683320188204,-73.99756639460699,40.74417900279096,-73.95901247501476,2.068,935
trip102233,2023-03-29 10:17:00,1,40.8212273251048,-73.89862654074778,40.82500751333608,-73.89573935078464,0.302,249
trip101090,2023-09-01 11:00:00,3,40.72317599951547,-73.96628987253952,40.73765740050813,-73.97091028572487,1.029,277
trip103189,2023-05-08 14:42:00,4,40.68870771261163,-74.00576549932296,40.68984012074742,-74.00507590693337,0.086,152
trip103838,2023-08-22 05:11:00,1,40.73565971092405,-73.96767051872072,40.73897884658791,-73.96495586739499,0.27,115
trip103043,2023-12-02 19:58:00,3,40.727848881005556,-73.88917805052935,40.76528966186738,-73.9006276441981,2.655,1023
trip101181,2023-06-07 14:12:00,1,40.7884608578561,-73.98359308638476,40.81428334149291,-73.96056889503879,2.153,665
trip101452,2023-12-14 21:15:00,3,40.745264913958714,-73.90090050899937,40.74327363221366,-73.89958720419386,0.154,224
trip100593,2023-06-18 20:18:00,3,40.67567083833193,-73.99317168739897,40.69036002058976,-73.99631850284322,1.028,497
trip100677,2023-07-06 12:03:00,2,40.76890848694262,-73.9440489182584,40.767726807731854,-73.9437718522275,0.083,97
trip100041,2023-01-15 15:14:00,1,40.774441942073736,-73.98680257713107,40.77230365927096,-73.98261582053378,0.264,142
trip102903,2023-07-31 15:04:00,1,40.72583063546953,-73.95901986948068,40.73456145002373,-73.95099802198872,0.735,321
trip102398,2023-09-12 05:07:00,3,40.72101062873261,-74.02626041840534,40.719511104771314,-74.02802199310787,0.139,123
trip103613,2023-01-03 20:16:00,2,40.72914499238686,-74.0036195328664,40.70469671432375,-74.00623150489717,1.695,598
trip102726,2023-06-21 21:26:00,3,40.709283662355354,-73.93004306478528,40.69154816385971,-73.91774491117388,1.384,343
trip100243,2023-06-14 15:20:00,2,40.683982963957405,-74.01384163141435,40.68397840159327,-74.01376893311581,0.004,37
trip101124,2023-01-05 14:39:00,2,40.74171209140682,-74.00297060401628,40.74763478819086,-73.98856371479744,0.858,389
trip101339,2023-04-09 16:57:00,1,40.74037879488593,-73.92908590332738,40.73502703314562,-73.92799295439698,0.374,339
trip102025,2023-08-18 23:46:00,4,40.68376844419041,-73.95756138597368,40.683978292807275,-73.9517476698465,0.305,417
trip103514,2023-10-06 18:39:00,1,40.766054033063874,-73.93677952151378,40.76462419181037,-73.93729170103566,0.102,276
trip102985,2023-03-28 03:56:00,1,40.72988173336594,-73.96184149436458,40.72467539707029,-73.96920764082401,0.527,139
trip101442,2023-12-09 20:50:00,2,40.687419155651114,-73.94724962323605,40.69913832414991,-73.95931022064757,1.027,410
trip100261,2023-09-19 07:41:00,4,40.7380125629496,-73.92964108118171,40.74771871939974,-73.90495324822574,1.456,442
trip101601,2023-12-13 02:51:00,3,40.80097104192338,-73.91960179673521,40.823281919676184,-73.94949043721135,2.195,942
trip102992,2023-11-23 00:55:00,2,40.74734310022127,-73.9924808967869,40.74784532110043,-73.99122460985568,0.074,135
trip102251,2023-04-30 18:06:00,3,40.74619660533198,-73.94767434174011,40.73995804787465,-73.9522975794587,0.494,238
trip102698,2023-10-21 23:27:00,4,40.76769533996432,-73.99463217313517,40.753060217303265,-74.00269397535831,1.096,282
trip102664,2023-06-29 18:13:00,2,40.73098475577406,-74.01235261643413,40.72430313449159,-74.00762315453056,0.524,224
trip100834,2023-05-23 06:21:00,3,40.716119863724714,-74.03,40.7167488878207,-74.02713288101025,0.156,180
trip103078,2023-10-15 03:14:00,2,40.6933537093142,-74.02105431560491,40.68022650859184,-74.02653859579857,0.951,354
trip101675,2023-06-06 00:01:00,1,40.677322709923686,-74.00286544465871,40.673734971195884,-74.00965720999464,0.434,221
trip103010,2023-08-09 21:22:00,3,40.85618973704483,-74.03,40.86,-73.9652675512228,3.393,975
trip101616,2023-10-26 13:39:00,1,40.86,-73.98482450260285,40.86,-73.98539582512123,0.03,145
trip100340,2023-05-16 19:17:00,1,40.64689197211309,-74.03,40.64889904568755,-74.03,0.139,129
trip101886,2023-01-27 21:11:00,1,40.70213981217544,-73.96343340501608,40.70079555100406,-73.9740490274393,0.564,167
trip100748,2023-01-19 16:13:00,3,40.73327274865365,-74.0272798754655,40.757891827764226,-74.02622719507768,1.702,652
trip102077,2023-02-12 06:05:00,1,40.752418865334576,-74.02024224018692,40.739106903677076,-74.00238176987502,1.312,417
trip100480,2023-07-23 20:38:00,3,40.76003858841814,-73.97029355787514,40.77915651205822,-73.96609828370362,1.339,356
trip101672,2023-01-04 06:58:00,1,40.756080555334066,-73.97872850828205,40.76528999526888,-74.01018303976832,1.765,528
trip102226,2023-06-20 02:04:00,1,40.75679146870629,-73.98135105515138,40.77421874179456,-73.93148627685297,2.874,861
trip103503,2023-06-10 08:08:00,1,40.69642823103902,-73.98245766963825,40.66624371527426,-73.98850843892538,2.11,1327
trip102495,2023-08-03 17:37:00,3,40.84947883948269,-74.03,40.853130057304575,-74.01729985405055,0.71,516
trip100783,2023-07-13 12:56:00,2,40.790239599783106,-73.96590754767004,40.78174679103757,-73.96312589281565,0.605,223
trip103591,2023-09-10 14:13:00,3,40.81062954587261,-73.92842520124267,40.780694790021755,-73.91525012572737,2.18,757
trip102662,2023-10-30 07:33:00,3,40.73436777248806,-74.03,40.74862987196233,-74.03,0.985,334
trip103271,2023-07-04 22:44:00,2,40.73531903432693,-73.94975302598097,40.74120010379014,-73.92376935987853,1.42,495
trip103206,2023-01-25 09:44:00,4,40.77158607387689,-73.92195425129573,40.770968630694256,-73.92027102825169,0.098,163
trip103316,2023-05-27 00:44:00,2,40.74272255486314,-74.03,40.74340709839352,-74.03,0.047,118
trip103288,2023-06-19 11:30:00,3,40.731723985953806,-74.00727841264354,40.73561939512221,-73.98798083961661,1.046,539
trip101738,2023-08-13 03:26:00,2,40.71311107320531,-74.03,40.71353858579915,-74.03,0.03,104
trip102864,2023-06-24 19:44:00,1,40.70112668878244,-73.99301239792848,40.70521772075552,-73.99096786562521,0.302,181
trip102630,2023-09-05 07:00:00,1,40.75405705724504,-73.96474671453416,40.77567100388829,-73.9847688986876,1.824,867
trip102820,2023-06-20 16:59:00,1,40.680666947668115,-73.98579413590784,40.68526065276183,-73.97998204294964,0.44,239
trip102629,2023-11-15 01:03:00,2,40.74809047854644,-74.0094423158693,40.71563797409939,-74.01426087875146,2.256,696
trip101271,2023-12-01 03:56:00,1,40.81522051605563,-73.9301243589954,40.82604947867205,-73.93556899926564,0.801,289
trip103240,2023-04-27 16:23:00,2,40.80011468680336,-73.93055545699367,40.7939103179514,-73.92758772755538,0.456,245
trip102016,2023-05-07 22:34:00,1,40.748736261620316,-73.93383305407889,40.763298154295285,-73.93878238511068,1.039,490
trip101127,2023-02-01 14:18:00,2,40.74556992989614,-73.91820712869502,40.75581695289245,-73.92783437547014,0.869,270
trip100626,2023-05-17 15:41:00,1,40.73147627550027,-74.00429047363559,40.73775823742698,-73.99832468427329,0.535,241
trip100347,2023-12-26 20:11:00,4,40.7765907845257,-74.03,40.789757849322825,-74.01925138263907,1.07,498
trip102221,2023-11-02 07:04:00,3,40.71542399532034,-73.9942125375744,40.71505220059858,-74.01772607294635,1.232,638
trip103849,2023-04-15 19:45:00,1,40.71350999752861,-73.95342106140015,40.6956082712916,-73.92306644142582,2.014,694
trip101565,2023-01-02 03:39:00,2,40.721433407621284,-73.9570897093927,40.71238022255717,-73.94085750952526,1.055,452
trip102555,2023-03-06 18:10:00,4,40.73289828720135,-73.97709889832538,40.734818383853174,-73.94797907208918,1.53,720
trip100979,2023-12-02 11:59:00,2,40.76997157192224,-74.01205821930085,40.76627828286029,-74.01598251871042,0.328,273
trip101423,2023-12-18 20:41:00,1,40.81305338237652,-73.98180558260115,40.81377800654806,-73.98139849336252,0.054,179
trip103449,2023-07-06 12:00:00,2,40.74830102344982,-73.97965177495104,40.751024847814044,-73.98972394213531,0.56,269
trip102130,2023-04-27 13:03:00,1,40.75441008613447,-73.98638006157903,40.76955967022857,-73.98318724644761,1.06,408
trip100911,2023-08-12 04:53:00,2,40.767866498500695,-73.95747909637568,40.77066958286137,-73.9541076580499,0.262,187
trip103085,2023-03-13 00:12:00,1,40.783269671155374,-73.9839317071722,40.779225670180466,-73.97243894453844,0.663,233
trip100632,2023-12-05 22:49:00,3,40.73176288305478,-74.0203400320256,40.74060412717144,-74.03,0.793,277
trip103125,2023-09-13 20:26:00,2,40.77504774995549,-73.95676135727605,40.77731277323251,-73.95806856463417,0.171,82
trip100445,2023-06-26 03:52:00,3,40.68354139824194,-74.02849813611213,40.678975571204575,-74.03,0.325,287
trip100617,2023-02-18 07:48:00,1,40.76087400347545,-74.0251232105467,40.748030576114935,-74.03,0.923,378
trip102111,2023-11-25 13:53:00,1,40.77233543654533,-73.9896410044517,40.78923128910827,-73.97689572926534,1.344,424
trip101910,2023-03-02 10:23:00,2,40.714880494541,-73.90689759693196,40.71573323210341,-73.90930162163936,0.139,93
trip102178,2023-07-15 01:27:00,1,40.7771353084042,-74.03,40.761869509255334,-74.01081191480236,1.456,532
trip102862,2023-07-02 02:13:00,1,40.71474695257465,-73.91041047467299,40.70608969709131,-73.90637480781831,0.634,291
trip102020,2023-04-30 19:38:00,2,40.750660606295035,-73.98431255248393,40.75429712643019,-73.9886190760678,0.338,253
trip102440,2023-03-17 00:22:00,4,40.753155092143,-73.95260929141888,40.74284076012481,-73.9490005023817,0.737,258
trip103401,2023-12-06 12:59:00,1,40.78712220503264,-73.91037931742058,40.791400713595536,-73.91247274891168,0.315,186
trip102579,2023-05-08 12:04:00,1,40.811755405429,-73.95796682352575,40.81330724734333,-73.95906545091061,0.122,66
trip101465,2023-12-04 18:46:00,1,40.75181154259002,-73.95812301104657,40.752296887574275,-73.9593475097772,0.072,63
trip103991,2023-11-19 20:58:00,1,40.70346499872117,-74.00897613955637,40.657873508628846,-74.02283832635177,3.233,896
trip102121,2023-01-18 03:39:00,4,40.75198976513051,-73.93492308509934,40.744419481052674,-73.93718562544123,0.536,227
trip100115,2023-11-10 19:36:00,1,40.72617282809213,-74.00739406156404,40.71330104750326,-73.9989198251844,0.994,451
trip101494,2023-07-07 07:27:00,1,40.73408733662738,-73.9447308104671,40.68012158684074,-73.92479925578057,3.872,1580
trip100353,2023-03-04 19:37:00,3,40.78661936604848,-74.03,40.789121538971465,-74.02973438165793,0.173,142
trip101232,2023-01-27 23:01:00,3,40.696714225064575,-74.00437091378075,40.69669365501443,-74.00391325713126,0.024,107
trip100613,2023-02-27 17:47:00,3,40.77008449663944,-74.00997071162823,40.76032480119468,-74.00915514314981,0.676,341
trip102852,2023-12-14 07:21:00,4,40.81158112271943,-73.9807887711727,40.81501657765951,-73.96824393572204,0.698,321
trip101735,2023-04-07 12:43:00,1,40.791158082429405,-74.03,40.79494065244138,-74.02736058282518,0.296,139
trip102353,2023-12-18 11:04:00,1,40.75889003271374,-74.00608289854543,40.76022369467579,-74.00479255235562,0.114,218
trip103726,2023-01-17 00:08:00,3,40.760280730677955,-73.98978791429836,40.7710991139015,-74.02044036913024,1.77,543
trip103812,2023-02-28 10:12:00,3,40.726291606180574,-74.02389876805567,40.76006993373348,-74.01643226472083,2.366,1157
trip103770,2023-01-17 04:04:00,4,40.73022414189939,-73.92468475887182,40.761951862196945,-73.93633466550885,2.275,928
trip100057,2023-11-22 20:42:00,2,40.81727235900555,-73.94789427919,40.80879501519951,-73.94652317565749,0.59,396
trip102046,2023-06-10 00:08:00,2,40.77971991549468,-73.94054260967712,40.78653764152321,-73.94501897383843,0.526,420
trip102177,2023-03-31 05:41:00,2,40.77284778032372,-73.97846289254066,40.77343520447215,-73.98634161597421,0.414,327
trip102915,2023-04-08 03:34:00,1,40.83750690065171,-74.0179116919156,40.83675949629403,-74.0188896206481,0.073,103
trip103923,2023-06-14 02:29:00,3,40.7799624894013,-74.03,40.78399549970367,-74.03,0.279,179
trip101253,2023-10-29 17:17:00,1,40.76358868341337,-73.9134751904802,40.71716460465516,-73.87624748346768,3.753,1350
trip103341,2023-01-30 21:45:00,3,40.78438514824758,-73.94998199172637,40.7465357603572,-73.96395925056564,2.716,892
trip102512,2023-01-03 02:42:00,1,40.75972921043452,-73.96139370181025,40.769100590948746,-73.96639633678859,0.698,403
trip102342,2023-04-10 14:55:00,1,40.65753574115461,-73.95199835632785,40.63,-73.9292737532277,2.245,565
trip102399,2023-11-13 11:35:00,3,40.776491647519684,-73.94752521180858,40.79166083815551,-73.93838451978645,1.152,304
trip102922,2023-06-06 06:26:00,4,40.69271714070671,-73.98900957643302,40.69454028937534,-73.98953070312528,0.129,55
trip101916,2023-11-14 04:10:00,1,40.722277793849976,-73.97737810257368,40.72299997988196,-73.97576335189154,0.098,150
trip102928,2023-03-13 15:50:00,2,40.68923103618751,-74.01406633046328,40.7002096629953,-74.01341417655038,0.759,353
trip101839,2023-10-27 04:19:00,2,40.70946885173293,-74.03,40.71792406100019,-74.0186731511603,0.833,319
trip100560,2023-01-15 18:22:00,2,40.746819382825656,-73.95101332482817,40.72483901085902,-73.93524287591977,1.729,781
trip100707,2023-11-20 11:12:00,3,40.77513470316734,-73.99568641346798,40.782705847453045,-73.98753937109059,0.675,247
trip101659,2023-12-30 11:01:00,4,40.75578797166211,-73.97240635821474,40.75493692247855,-73.96651461429232,0.314,187
trip100424,2023-08-24 13:00:00,3,40.71003397658198,-74.02517496612052,40.710987775369645,-74.02577909818653,0.073,56
trip101093,2023-09-04 15:18:00,1,40.75811637743619,-73.98005264950531,40.823296312714895,-73.97749604190285,4.506,1039
trip101376,2023-01-17 18:47:00,2,40.775023387322044,-73.98059001439485,40.79565625619651,-73.98810351605948,1.479,569
trip100647,2023-11-01 22:41:00,1,40.67211977775217,-74.01442932571038,40.65372313933943,-74.00448377737062,1.374,436
trip100072,2023-12-10 05:58:00,1,40.70862464712993,-73.98721318242704,40.73717118592953,-74.01563302068796,2.471,543
trip103345,2023-08-06 02:58:00,3,40.73954347422804,-74.03,40.71331373141691,-74.01735573910477,1.929,937
trip103961,2023-09-27 21:23:00,2,40.81031144804283,-74.03,40.81330611787698,-74.03,0.207,87
trip101739,2023-02-27 07:31:00,4,40.755010769322915,-73.92894603980864,40.77909296428107,-73.98650996501858,3.441,1156
trip101005,2023-01-06 00:20:00,1,40.76530944895907,-74.03,40.765806843069214,-74.03,0.034,95
trip100620,2023-01-31 10:00:00,2,40.73017064102936,-74.02976932272027,40.731217276792016,-74.03,0.073,175
trip103363,2023-11-29 17:29:00,2,40.708225414114494,-73.92440346311412,40.71060936622958,-73.92448046825159,0.165,258
trip100287,2023-05-12 05:30:00,3,40.75236100592603,-74.01060311193129,40.77622364250522,-73.98718443147004,2.054,467
trip100553,2023-03-28 17:57:00,1,40.8415782986229,-73.96387413070437,40.827739160131486,-73.97388548264982,1.09,461
trip102720,2023-01-28 14:07:00,4,40.75790652052742,-73.91177886939528,40.74892040135185,-73.90079501271683,0.846,423
trip102807,2023-12-28 14:20:00,1,40.66379956759889,-74.01415431887969,40.64054778709496,-74.007372078971,1.645,493
trip102889,2023-07-20 20:44:00,1,40.73504008595471,-73.93526670734974,40.78188463599144,-73.9425137951375,3.259,686
trip101554,2023-01-13 05:30:00,2,40.68808388851293,-73.9877819900778,40.689140921580275,-73.98831715653724,0.078,210
trip103557,2023-05-19 23:22:00,4,40.76843880488305,-73.91113209893457,40.82194838565685,-73.92425108068124,3.76,901
trip102266,2023-12-01 07:22:00,4,40.77738032813934,-73.96070385519748,40.76666937923049,-73.8659064049079,5.015,1981
trip103628,2023-06-09 09:47:00,3,40.80521233943962,-73.98851941451557,40.81864446032133,-73.98643033537013,0.934,364
trip100998,2023-12-05 12:07:00,4,40.75588438845602,-73.977761670055,40.75400929596147,-73.9594919109304,0.965,299
trip102113,2023-06-27 12:06:00,3,40.75893603793067,-74.01155516966841,40.77048542349144,-74.02263004702493,0.986,398
trip101702,2023-07-11 18:59:00,1,40.75636387630033,-73.95305246223047,40.74496203981836,-73.95450712451051,0.791,343
trip102059,2023-08-12 23:59:00,4,40.700819714150555,-73.93044633599794,40.705366247254865,-73.91601986694556,0.818,291
trip101397,2023-10-19 13:48:00,2,40.74178750708074,-73.92709415685461,40.69729777500792,-73.94744893430303,3.254,899
trip101577,2023-10-14 16:15:00,2,40.79629514138855,-74.00135210532422,40.79543185626117,-74.00199838190485,0.069,137
trip101620,2023-01-05 00:29:00,2,40.77598311598837,-73.86592532642551,40.748216492501854,-73.85853853473358,1.957,673
trip103665,2023-09-21 16:36:00,3,40.678812136715294,-73.93163219209339,40.68780344577133,-73.92923324414942,0.634,239
trip102168,2023-12-06 22:01:00,2,40.71677305386053,-73.9830054905473,40.71293497074749,-73.97824092545943,0.364,332
trip103989,2023-01-03 09:39:00,1,40.709137190545185,-73.99654648295609,40.72451942632795,-73.9694896537689,1.771,636
trip102330,2023-05-30 08:18:00,3,40.70940499878185,-73.91522989029549,40.710091757686904,-73.9144150979594,0.064,102
trip103150,2023-10-26 16:51:00,4,40.76217184237496,-74.00000000357069,40.760947905228655,-74.0059120916299,0.321,293
trip100440,2023-02-28 21:54:00,1,40.74148400465786,-73.96500858605663,40.74347587514576,-73.96309620778831,0.17,114
trip100508,2023-05-11 17:03:00,1,40.724819247127776,-74.02126871484947,40.72835386528218,-74.01892342551747,0.273,276
trip101100,2023-07-17 08:03:00,1,40.8008544692382,-74.01949902294879,40.802815707683585,-74.02079678117403,0.152,132
trip100589,2023-10-12 10:28:00,3,40.822500226682486,-74.0006283723549,40.82627450731142,-73.99799234120191,0.295,147
trip103565,2023-06-13 10:55:00,2,40.82544676592106,-74.03,40.86,-74.03,2.387,1167
trip100649,2023-12-18 23:53:00,1,40.732429122274176,-73.99063123346806,40.735456444234806,-73.97670770412287,0.758,229
trip101546,2023-07-04 21:15:00,4,40.66986678515964,-73.90285583940071,40.68380697832675,-73.93032466110576,1.732,573
trip103651,2023-09-20 02:47:00,2,40.76155125245694,-74.03,40.76159579803082,-74.03,0.003,63
trip103931,2023-06-27 02:25:00,3,40.783986329918925,-74.03,40.78338447214504,-74.03,0.042,85
trip102633,2023-12-13 10:17:00,2,40.75023952872033,-74.03,40.743797338159794,-74.02340717016884,0.563,357
trip103867,2023-04-23 06:59:00,1,40.824890496317394,-74.01539318012996,40.824721855890914,-74.01294654624428,0.128,120
trip103498,2023-06-12 23:32:00,2,40.739584894104006,-74.00310733130392,40.73777186777956,-74.00540144276779,0.174,367
trip102543,2023-01-19 13:03:00,2,40.78543672169735,-73.93256812817263,40.78329997365666,-73.9404034608391,0.436,158
trip101455,2023-09-11 02:12:00,2,40.744860554869994,-73.95434846117622,40.75464899366868,-73.96780476393667,0.976,398
trip102092,2023-03-20 02:58:00,2,40.75593432159045,-73.9950767560231,40.73175594377042,-73.99643004197263,1.672,480
trip100660,2023-09-07 14:53:00,2,40.67386168078736,-74.03,40.6727371428261,-74.03,0.078,50
trip100630,2023-10-09 05:51:00,1,40.82249216477553,-74.03,40.83066901138957,-74.03,0.565,391
trip100672,2023-09-30 10:47:00,2,40.71787563291836,-73.95488016410036,40.72521986618874,-73.96055245704893,0.588,268
trip101249,2023-03-08 18:14:00,3,40.67982775441125,-74.01941659863368,40.67778474443879,-74.0271994236315,0.432,270
trip103848,2023-01-26 17:37:00,2,40.78898648057433,-74.03,40.80121615108966,-74.00314624583915,1.639,652
trip100482,2023-02-02 23:21:00,4,40.754118408017796,-73.96060254783302,40.750347595037546,-73.95367275533754,0.447,134
trip101584,2023-03-09 05:58:00,4,40.74462852103254,-74.00484118206718,40.76244230103707,-74.0205517041151,1.48,398
trip104002,2023-10-18 22:45:00,1,40.75591686175625,-73.9715080066465,40.79136882309543,-73.94427993107743,2.834,776
trip103559,2023-03-17 23:16:00,2,40.7128145570427,-73.96239088798077,40.68045924476461,-73.97822193086861,2.384,815
trip101952,2023-10-29 16:02:00,2,40.6700620766646,-74.03,40.67639195041808,-74.02673170198487,0.47,287
trip101462,2023-07-23 09:02:00,2,40.711580834983565,-74.027841691957,40.718464639025676,-74.02724019394793,0.477,373
trip103344,2023-11-04 01:39:00,3,40.6839281308059,-73.95496923892621,40.74219024851867,-73.98850553004283,4.392,872
trip102580,2023-04-14 05:15:00,1,40.70540021579857,-74.03,40.65679988996486,-74.03,3.358,886
trip103395,2023-03-14 18:17:00,1,40.77704913268364,-73.97933841786242,40.77432724625832,-73.97707210067715,0.222,150
trip100856,2023-10-08 06:34:00,1,40.76514624069724,-74.03,40.7597094336835,-74.01866674872262,0.702,317
trip101225,2023-07-28 16:01:00,4,40.77357779293867,-73.96257771993977,40.785179740597215,-73.95467471246644,0.902,501
trip101190,2023-02-11 09:27:00,1,40.81893005007705,-73.97520812124289,40.79955303377025,-73.96105375598059,1.53,1047
trip102582,2023-01-20 23:56:00,2,40.74608680109773,-73.97270586861485,40.74709280206,-73.97137514367186,0.098,68
trip103293,2023-08-16 00:48:00,3,40.774927907769786,-73.9625118626635,40.81921105986894,-73.95075412652191,3.121,749
trip100530,2023-10-21 07:27:00,1,40.73372032851501,-73.93911359392742,40.70932900768346,-73.9618378782986,2.063,1089
trip102667,2023-04-08 15:37:00,1,40.73778805781807,-73.94347084056844,40.7435034927449,-73.94084827465714,0.418,211
trip100049,2023-05-16 03:51:00,1,40.753041058127,-73.97725433150636,40.755869375139746,-73.97596546648911,0.207,78
trip102916,2023-03-01 01:13:00,3,40.820916412984545,-73.9906603901601,40.81442109679615,-73.9885082586471,0.463,207
trip101807,2023-12-10 09:03:00,3,40.74997466062947,-73.98674710202104,40.738550132735,-73.97871848431916,0.894,383
trip100858,2023-06-21 12:31:00,4,40.662836488028255,-74.00380673239054,40.664810036654316,-74.0029300233909,0.144,350
trip101812,2023-05-08 06:16:00,1,40.76232117303956,-73.95424222013868,40.75762698830755,-73.92522522933535,1.553,583
trip101072,2023-08-22 12:09:00,1,40.73968183059014,-73.89387962819693,40.74415413698757,-73.89937131732049,0.422,185
trip100719,2023-05-30 12:49:00,4,40.70399738732587,-73.97303434899644,40.70146247492344,-73.96276930863664,0.565,221
trip100151,2023-11-24 03:09:00,3,40.70339558112284,-73.91454668815685,40.67952758675393,-73.93110045202255,1.863,591
trip102174,2023-07-26 21:12:00,1,40.765076906539186,-73.90300042978367,40.7498038043805,-73.87887817428295,1.645,412
trip102990,2023-08-10 11:54:00,1,40.778832809959134,-74.0037514115862,40.77512634622331,-74.01711067216733,0.744,271
trip101660,2023-01-02 07:56:00,4,40.85741283098083,-73.96295053895909,40.86,-73.98851052533011,1.348,502
trip101656,2023-05-17 03:46:00,2,40.76748133903832,-74.03,40.83023618057119,-74.03,4.336,1007
trip102185,2023-10-13 03:36:00,1,40.75078005831181,-74.03,40.74382350169467,-74.00540861175476,1.374,440
trip102321,2023-01-10 09:29:00,4,40.80660005278912,-73.99136583170962,40.82127173099883,-73.99472390827354,1.029,608
trip102828,2023-03-15 01:27:00,1,40.67510396230014,-73.99796809777875,40.68309485699539,-73.99614657906723,0.56,200
trip102285,2023-05-13 11:14:00,4,40.76633541614715,-74.03,40.767939813842645,-74.0081157531174,1.151,403
trip102965,2023-10-30 21:03:00,2,40.67800227996621,-73.96648679531515,40.67497160681449,-73.96699015616606,0.211,94
trip103624,2023-03-19 10:32:00,2,40.7471258236694,-74.01743491273487,40.70113978933689,-74.01327545898499,3.185,1273
trip102953,2023-10-30 00:19:00,2,40.63677571619023,-73.9482128934109,40.63,-73.93086770505188,1.023,517
trip103611,2023-07-25 03:47:00,1,40.7155527114531,-73.99822973272788,40.67698782758827,-73.94394659760907,3.897,1630
trip103358,2023-10-07 20:26:00,3,40.704118697132465,-74.03,40.684205293172646,-74.02328307343167,1.42,708
trip102611,2023-07-23 04:09:00,3,40.78706744171697,-74.02867648729574,40.78426555472316,-74.03,0.206,153
trip101873,2023-04-27 06:05:00,2,40.6962535533674,-73.97898838667308,40.694991209193155,-73.97600362006128,0.179,138
trip102355,2023-02-10 00:44:00,2,40.65161011095623,-73.98849909821871,40.6308152799421,-73.97034194874333,1.724,586
trip103107,2023-02-25 15:18:00,1,40.75593092921549,-73.96448323149497,40.74614327327586,-73.94391975168827,1.271,357
trip101385,2023-06-27 00:10:00,1,40.754238237620456,-73.92843043612594,40.768545305089994,-73.92391743743767,1.016,308
trip102522,2023-11-05 00:41:00,2,40.74037914121675,-73.93176436697179,40.74742767788496,-73.94972891566017,1.059,286
trip101399,2023-02-15 10:18:00,3,40.686558125697346,-73.92652485577385,40.661703880981754,-73.9089066702433,1.95,954
trip101195,2023-10-26 12:56:00,4,40.83822180703524,-73.93783650561386,40.83363972312865,-73.94338342562816,0.429,176
trip103777,2023-03-26 05:53:00,4,40.77069551198385,-74.02853667435016,40.79579014207795,-74.03,1.736,812
trip101475,2023-10-23 03:30:00,2,40.74267404515153,-74.0277536485201,40.75095274968443,-74.03,0.584,177
trip103567,2023-08-06 14:33:00,2,40.696434543032424,-73.96801996569145,40.696523956039854,-73.96807787916791,0.007,33
trip104010,2023-09-01 00:34:00,1,40.748184592605966,-73.96915856793947,40.72902032053873,-73.95743613815127,1.459,387
trip102333,2023-09-22 13:59:00,3,40.74848784520197,-74.03,40.76714860574769,-74.03,1.289,560
trip100297,2023-12-12 22:16:00,2,40.73326384384054,-74.0096773963278,40.73273077307441,-74.00961443594248,0.037,113
trip103593,2023-04-27 03:08:00,1,40.7701663965082,-73.9989054026262,40.77527795167033,-73.99534203354571,0.399,259
trip101264,2023-09-21 04:55:00,1,40.74776985231018,-74.02430936632466,40.746989910378126,-74.03,0.303,294
trip102090,2023-04-25 00:04:00,1,40.75877967879143,-73.9701531283029,40.75393929404591,-73.97686642180241,0.485,145
trip100958,2023-11-21 09:41:00,1,40.749913606607066,-73.95259992675403,40.75271168767633,-73.95242494661746,0.194,278
trip101606,2023-06-23 21:02:00,2,40.772863559733956,-73.9897277500495,40.76931568264263,-73.99986918834911,0.585,295
trip102078,2023-07-15 03:22:00,1,40.65297963972733,-73.88766842598275,40.631687778088114,-73.88923440412603,1.473,527
trip100908,2023-10-06 22:00:00,2,40.75314638114477,-74.00308476371386,40.749232273463925,-74.0058220078062,0.306,282
trip102815,2023-10-12 01:11:00,1,40.72591349950162,-73.97801154742682,40.72482623243242,-73.98073182089396,0.161,451
trip101609,2023-02-01 01:03:00,2,40.73272895834315,-73.9588708634843,40.72908137686509,-73.95858100336066,0.252,98
trip102856,2023-02-25 04:39:00,1,40.74725421920372,-74.02531672009283,40.74267187142951,-74.02375380578559,0.327,146
trip101374,2023-10-24 18:58:00,2,40.74890661773031,-73.97658938025161,40.754622399354716,-73.96246889755494,0.838,430
trip101286,2023-07-29 02:31:00,3,40.69031217535066,-74.0225200327921,40.69116114242913,-74.03,0.396,234
trip103998,2023-05-19 21:32:00,4,40.72076783306823,-73.96083349659062,40.7133958396115,-73.96975485458698,0.691,255
trip100349,2023-04-03 10:14:00,2,40.81641770716241,-73.95664036509194,40.82074628489555,-73.95828558376067,0.311,355
trip101368,2023-06-27 22:51:00,3,40.806053573207734,-73.97976046470178,40.81039063403641,-73.97890888035913,0.303,186
trip102138,2023-03-22 23:56:00,2,40.76435926753106,-73.98614131703452,40.79801676878246,-73.98663147274905,2.326,688
trip100643,2023-09-15 08:11:00,1,40.757738214959666,-73.98085421698565,40.76237661287783,-73.9682333591496,0.734,412
trip101872,2023-07-03 23:29:00,4,40.722271326700415,-73.97201154485174,40.726974710504656,-73.97400740661696,0.341,158
trip103347,2023-11-10 09:27:00,2,40.75799160026156,-73.9957092373503,40.7321098127635,-74.01905266396666,2.166,893
trip101681,2023-09-13 14:18:00,2,40.703856544249994,-73.89470773685355,40.70251191653568,-73.89340776455946,0.115,88
trip100669,2023-06-09 11:34:00,2,40.63458650461808,-74.01541508925627,40.63,-74.00792849928492,0.505,274
trip103634,2023-03-09 12:19:00,3,40.74228475758305,-73.93679680662353,40.75708613345337,-73.92191741536053,1.285,466
trip103997,2023-06-08 18:48:00,2,40.7389425651852,-74.03,40.739676889031294,-74.02976499563371,0.052,93
trip103700,2023-06-09 15:44:00,3,40.74772866672484,-74.0029910697795,40.747632755826466,-74.00024625145261,0.144,89
trip101902,2023-08-02 10:41:00,3,40.77713216246899,-73.98729605279898,40.78444641523745,-73.99106459197318,0.542,354
trip101832,2023-03-19 08:26:00,2,40.69972025790769,-73.97089568187488,40.69448311874714,-73.96700847667886,0.415,263
trip101179,2023-10-03 08:35:00,3,40.76878623814339,-74.00996785780917,40.77825269972328,-74.0007896557078,0.811,417
trip102498,2023-10-06 09:32:00,4,40.72533671800398,-73.95969467765153,40.714207131408195,-73.9423665126705,1.189,560
trip102757,2023-01-07 09:22:00,1,40.764919376281014,-74.03,40.778238109144624,-74.03,0.92,671
trip102216,2023-08-31 09:10:00,1,40.750507496347836,-73.98037654324736,40.747917030308265,-73.96236154198269,0.96,650
trip101864,2023-06-24 23:50:00,2,40.76304484641633,-74.007338806843,40.7599833989503,-74.00550882853877,0.232,400
trip101587,2023-12-18 19:53:00,2,40.792424461055134,-73.94475885591274,40.76520665110466,-73.918046518019,2.343,1194
trip103156,2023-07-19 16:09:00,1,40.86,-73.97046078526029,40.86,-73.9677241179895,0.143,227
trip102344,2023-04-17 09:59:00,1,40.786528106949845,-74.02434201018315,40.81514532052031,-74.01831321465804,2.002,808
trip102381,2023-04-08 14:34:00,1,40.78556532618031,-74.02026392943156,40.804749559185225,-74.03,1.42,392
trip101357,2023-12-16 04:44:00,1,40.72718026238073,-73.98259063930824,40.7278215443485,-73.97897206780057,0.195,157
trip100786,2023-03-01 10:53:00,1,40.75198955701469,-74.03,40.77139405028717,-74.00241319496546,1.97,763
trip103598,2023-10-02 20:19:00,4,40.670127562993954,-73.99779497074414,40.63,-74.03,3.246,1097
trip100140,2023-03-30 01:42:00,4,40.76864842449742,-73.98657513142176,40.767176662434615,-73.98630762456253,0.103,137
trip100788,2023-02-23 04:58:00,1,40.701290776117524,-73.89084600005908,40.70204120154856,-73.8890976429991,0.105,192
trip100323,2023-08-15 05:37:00,4,40.783789104492904,-73.97475892132269,40.825062921299,-73.95910367244463,2.967,976
trip102699,2023-09-17 03:05:00,3,40.711210794010896,-73.93726440437327,40.70541817058783,-73.93473586428219,0.422,233
trip100714,2023-07-09 06:51:00,4,40.74051894935366,-74.0062585520456,40.74017210819424,-74.00093287994743,0.28,191
trip102655,2023-02-02 04:53:00,2,40.72363368052968,-73.91812915298395,40.72442071215051,-73.91327489287048,0.26,191
trip102382,2023-08-22 10:09:00,4,40.68102108047413,-73.94725291895853,40.70569456513315,-73.9639098136222,1.915,726
trip103699,2023-05-19 10:01:00,2,40.694795406945175,-73.95059244053077,40.67608916788548,-73.87127026829728,4.352,1852
trip103190,2023-01-23 03:43:00,2,40.68600767052369,-74.00380162766156,40.68655136882107,-74.00386559825964,0.038,128
trip103371,2023-10-06 13:37:00,2,40.68086774586801,-73.95271964073521,40.674770082778565,-73.912290910281,2.16,622
trip101921,2023-03-05 11:53:00,3,40.79621075858443,-73.90316870938479,40.79469751926453,-73.90576625800334,0.171,103
trip100618,2023-10-21 04:04:00,1,40.72237104393732,-73.85709200808782,40.71949829121575,-73.85553576472081,0.215,180
trip100406,2023-09-21 00:44:00,1,40.744710602470235,-74.00399634822072,40.74648465963707,-74.00153436908604,0.178,92
trip103684,2023-12-28 18:43:00,2,40.70274225461437,-74.01357542542044,40.70194203737056,-74.01375835011417,0.056,63
trip101004,2023-07-07 11:31:00,3,40.750134698104,-73.96944092155329,40.74567214230705,-74.03,3.185,732
trip101907,2023-05-04 03:14:00,2,40.75662950487189,-74.01894199471829,40.73359619596221,-74.01214543692522,1.631,637
trip103663,2023-09-28 21:43:00,1,40.76416358375153,-74.01913728130462,40.76825255656609,-74.00960264652295,0.573,242
trip102426,2023-07-31 15:53:00,1,40.84480981299752,-73.93658942726265,40.84829016278694,-73.93712506576513,0.242,116
trip100497,2023-02-24 19:29:00,2,40.73489766843466,-74.03,40.73673568174522,-74.02575283972378,0.256,185
trip102638,2023-09-15 03:46:00,1,40.7798931535925,-73.94633989817689,40.77967650227057,-73.94487109793718,0.078,190
trip100342,2023-03-16 12:04:00,1,40.75324151079547,-73.98364982204473,40.75074273745131,-73.98451317798788,0.178,192
trip102587,2023-12-10 01:00:00,1,40.81345728978859,-73.96716573331355,40.80497253379101,-73.97695038596696,0.778,342
trip103013,2023-02-24 06:47:00,4,40.75533988763758,-73.997698407616,40.718367941888744,-73.94705499564222,3.682,1149
trip100782,2023-11-13 19:57:00,2,40.83089025249901,-74.01825933188127,40.86,-74.03,2.103,1011
trip102181,2023-06-09 23:15:00,2,40.76054940024169,-73.9419446084196,40.727613817974486,-73.93715457836387,2.289,695
trip101323,2023-02-09 21:19:00,1,40.679670204459704,-74.0178218323048,40.689189786700126,-74.00432614715876,0.966,338
trip102320,2023-04-18 10:18:00,3,40.768875920178395,-74.03,40.76205691590805,-74.0171026497767,0.823,397
trip101972,2023-10-20 07:19:00,2,40.75471105134496,-73.98899458141943,40.77821267445887,-74.00967292351686,1.951,1080
trip100303,2023-10-29 22:48:00,4,40.73521636495947,-74.00676273046983,40.7382110798896,-74.00736792711147,0.209,365
trip103263,2023-09-02 17:19:00,1,40.82253597148604,-73.99891160539651,40.82638301287091,-73.99561243173905,0.317,167
trip102468,2023-03-16 01:22:00,2,40.77978764152437,-73.86329033990688,40.77823552190203,-73.86225173104587,0.12,162
trip100664,2023-07-08 17:11:00,1,40.74632855036417,-73.86656810885289,40.79501672193302,-73.85669798186024,3.403,1257
trip101177,2023-10-08 11:11:00,3,40.75668821928863,-73.91729162206755,40.739725163991324,-73.95551390338937,2.319,533
trip101244,2023-04-30 06:18:00,2,40.79701927656045,-73.93252697573763,40.7957574038695,-73.93132625772454,0.107,96
trip103265,2023-12-09 13:48:00,1,40.76778142685643,-73.96104694123511,40.76459220186087,-73.97622623727133,0.824,213
trip102314,2023-10-25 04:52:00,2,40.772325431864,-73.90075939262427,40.75996974948907,-73.88744422111911,1.102,613
trip103016,2023-11-19 11:32:00,3,40.72160672812905,-73.91349736649963,40.71799944904452,-73.88614944945842,1.454,338
trip103576,2023-12-31 10:26:00,3,40.7652838795021,-73.9846006077583,40.7836675141915,-73.99305415910122,1.345,482
trip102600,2023-01-31 04:36:00,1,40.725529773804126,-73.94024917630085,40.71793630094853,-73.94430583296572,0.566,229
trip102784,2023-01-18 13:55:00,2,40.76731458448923,-73.99646692771712,40.76106021570833,-73.99193818390734,0.493,246
trip100084,2023-09-02 15:43:00,1,40.69618721594849,-73.93382146493519,40.69282262373044,-73.93899864622463,0.357,150
trip102941,2023-07-06 23:56:00,1,40.80693219754698,-74.03,40.81173837037626,-74.03,0.332,220
trip101800,2023-10-15 07:25:00,2,40.748213217294385,-74.0011503923557,40.74252467043364,-73.9867069486037,0.852,357
trip100941,2023-07-28 20:51:00,4,40.78988772818056,-74.00347291518112,40.78041330965789,-74.01204710742961,0.794,374
trip100961,2023-11-28 16:18:00,2,40.755896220228706,-73.9518040624594,40.750793584296176,-73.94440292227065,0.524,292
trip100841,2023-08-01 15:15:00,4,40.75160094146431,-74.02512503503256,40.86,-73.97336653745545,7.964,2165
trip103246,2023-02-15 13:39:00,1,40.71202855096639,-74.03,40.7038259515216,-74.00376764258907,1.486,319
trip103875,2023-08-10 03:51:00,1,40.76807870136939,-73.94794959122406,40.76912013358458,-73.94793096345799,0.072,230
trip103160,2023-11-03 01:04:00,2,40.74767944722357,-73.98405324881139,40.74570397103388,-73.9830324113417,0.147,129
trip100866,2023-12-10 09:18:00,2,40.68960211751331,-74.02047481078061,40.68950954913388,-74.01979632440644,0.036,80
trip102335,2023-10-12 07:22:00,1,40.75380975763297,-74.03,40.703653562806494,-74.03,3.465,1342
trip103683,2023-12-20 09:08:00,1,40.72982696018601,-74.03,40.72908348942256,-74.03,0.051,343
trip100290,2023-10-21 22:29:00,3,40.73866101798069,-73.99988351020318,40.71311523794905,-73.99257841802233,1.806,715
trip102093,2023-06-11 06:55:00,4,40.78684437776563,-74.00334803909766,40.79295722959093,-74.01345666799601,0.677,322
trip102553,2023-03-28 12:53:00,4,40.656173726649406,-73.98567339913664,40.65851209119704,-73.98242529921139,0.235,104
trip102665,2023-05-21 18:02:00,1,40.75534584429563,-73.99191472969072,40.748461416525835,-73.981006319911,0.743,493
trip103355,2023-12-27 16:30:00,1,40.63,-74.02654173866131,40.63,-74.03,0.181,181
trip103789,2023-03-28 04:54:00,4,40.727820897347904,-73.995964365256,40.73067563952433,-73.97665664894335,1.03,361
trip100604,2023-09-19 13:04:00,4,40.7213523122604,-73.98520527791158,40.71593968256164,-73.99294291499011,0.551,220
trip102707,2023-08-20 09:21:00,2,40.63,-73.99546779021921,40.63984700208732,-73.99068112907318,0.725,326
trip100916,2023-01-05 10:29:00,2,40.81463357904535,-74.03,40.83481949710337,-74.03,1.395,853
trip103046,2023-06-26 00:50:00,1,40.771838647737844,-73.95428478485177,40.78253140739302,-73.92391821069177,1.752,442
trip102451,2023-05-22 18:40:00,3,40.731857679538145,-73.96579884356112,40.719362731255295,-73.96450985723732,0.866,383
trip101099,2023-09-09 07:24:00,1,40.805888199856625,-74.02599392606895,40.80847311971125,-74.03,0.275,328
trip101088,2023-08-11 16:00:00,2,40.77939601974766,-74.03,40.86,-74.03,5.569,3380
trip103808,2023-03-11 21:10:00,1,40.7455511597817,-73.97485429005808,40.748593287757856,-73.97385057230224,0.217,315
trip102793,2023-01-15 05:32:00,3,40.72676660814123,-74.01255005967896,40.73536946510917,-74.03,1.09,304
trip101624,2023-01-27 22:27:00,1,40.75865895029957,-74.00182049967505,40.7727936552713,-74.03,1.769,598
trip102647,2023-06-07 20:52:00,2,40.72688636826783,-73.97567742873971,40.734064388038284,-73.99150434221578,0.966,395
trip100821,2023-12-11 12:03:00,1,40.81469996229624,-74.01025421398442,40.8076279156833,-73.97959721816308,1.676,616
trip102547,2023-02-21 18:09:00,2,40.84092878644491,-73.90404020513392,40.82206161611147,-73.88653403134272,1.593,788
trip102487,2023-02-18 19:21:00,4,40.78815814345587,-73.98127410010436,40.777776249316354,-73.97140054714012,0.884,390
trip103786,2023-06-14 09:31:00,1,40.73517738081643,-73.9898995912971,40.73178960906723,-74.00730240442682,0.941,534
trip103262,2023-04-19 20:03:00,2,40.76487337878644,-73.9290889281486,40.78857189741543,-73.93467061450022,1.663,706
trip103284,2023-05-02 08:52:00,2,40.71667678807745,-74.03,40.71549660759405,-74.03,0.082,305
trip101302,2023-12-29 01:45:00,2,40.777642169726064,-73.93552720186038,40.795276298582,-73.94199369392713,1.265,485
trip101000,2023-05-04 12:26:00,2,40.74733228092883,-73.99160784419585,40.74004184073676,-74.00307356457846,0.784,284
trip103297,2023-11-17 06:07:00,3,40.74725846253814,-73.9910280407217,40.75831978959227,-73.99476042874366,0.789,342
trip103131,2023-02-21 10:19:00,2,40.71986433573675,-73.97334186905589,40.70547343158291,-73.97084915480353,1.003,375
trip101505,2023-10-16 12:09:00,3,40.77244237484814,-74.0225422205712,40.832754129589134,-74.01541405740421,4.184,1139
trip101477,2023-07-27 01:21:00,4,40.68442879391862,-73.95140658145418,40.696803372414564,-73.93729805105959,1.13,528
trip100018,2023-11-24 23:23:00,2,40.789530263558824,-73.99444409281728,40.78825769254567,-73.99308891661644,0.113,242
trip101637,2023-01-24 04:01:00,3,40.793821858227275,-73.92821221128816,40.75829907586664,-73.8922516263867,3.093,865
trip101667,2023-12-20 22:01:00,1,40.750089971038676,-73.98837769781989,40.74443393844043,-74.00325849789027,0.871,375
trip100493,2023-09-21 06:21:00,2,40.77042845106889,-74.02364181284679,40.77487614628517,-74.02488638118112,0.314,178
trip101125,2023-11-23 22:20:00,1,40.73784301917983,-73.91332189824561,40.752705699685414,-73.93793147439375,1.647,672
trip101404,2023-01-12 22:40:00,3,40.723870686876445,-73.9693678153235,40.70498067768198,-73.94153928843855,1.956,598
trip103602,2023-07-18 02:11:00,1,40.68747144915019,-73.94168303428889,40.67075192656835,-73.94889772938501,1.216,321
trip103258,2023-08-14 16:36:00,2,40.710554582911755,-73.91738550693351,40.71846039904312,-73.90762204711133,0.748,342
trip102102,2023-10-29 01:49:00,1,40.71787812262516,-74.00519711074628,40.73204784519506,-73.99100605113763,1.229,331
trip102456,2023-10-25 22:07:00,2,40.794817240817004,-73.97419309521358,40.78572696553851,-73.98360129083602,0.798,259
trip103729,2023-10-31 04:21:00,2,40.76111530183679,-74.0287925820376,40.76358567531261,-74.03,0.182,126
trip103840,2023-12-11 07:15:00,3,40.68777678233656,-73.97949945137036,40.689372565845574,-73.97630313628486,0.2,199
trip103818,2023-06-21 09:49:00,1,40.82021579184435,-73.95897888549426,40.819834663083356,-73.94621831527796,0.668,438
trip100584,2023-09-27 04:33:00,1,40.78214784171838,-73.99328475182044,40.78369511633392,-73.98226060982692,0.587,212
trip102341,2023-04-06 13:10:00,2,40.74144677471946,-74.01797347838419,40.74860549842544,-73.99816253740343,1.149,434
trip100687,2023-06-30 05:16:00,2,40.81742684981335,-74.03,40.81716784853992,-74.02687269668772,0.165,58
trip102458,2023-06-22 08:15:00,1,40.66709269920862,-73.99689277801141,40.6565974456832,-73.99234987893794,0.763,330
trip102293,2023-04-18 20:26:00,3,40.73080277576234,-74.00516411131765,40.73945463399945,-74.01819918136545,0.907,520
trip101960,2023-11-10 05:42:00,3,40.75739442967219,-73.99841626379747,40.76124937612513,-73.99585687689907,0.298,165
trip101608,2023-07-27 18:18:00,2,40.74020418879544,-73.96967445864999,40.742343604092206,-73.98461022004942,0.796,428
trip102682,2023-03-07 01:12:00,2,40.794803566275306,-74.03,40.77735775734401,-73.97188966534853,3.27,1123
trip102240,2023-08-25 07:07:00,2,40.80532190729426,-73.92888765680175,40.80285711630383,-73.94291536942791,0.753,457
trip101009,2023-08-26 18:41:00,2,40.76704791715563,-73.96640814802049,40.76852673072543,-73.98357624950714,0.904,489
trip103210,2023-03-12 12:28:00,2,40.75185427300517,-73.99350517918433,40.76911708072365,-73.97171860876736,1.65,664
trip102316,2023-03-17 08:38:00,1,40.73702715438427,-73.98278852458655,40.70196009510484,-73.9894282678167,2.448,1211
trip100360,2023-12-05 02:12:00,1,40.743136486039646,-73.96413918762651,40.745001139788876,-73.97207800371069,0.435,187
trip103408,2023-02-16 14:17:00,2,40.77220443946827,-74.03,40.76373718621765,-74.03,0.585,335
trip103655,2023-01-19 22:40:00,4,40.76565705147322,-74.00472692299024,40.769653042343144,-73.98599531998188,1.018,296
trip102561,2023-07-05 11:11:00,2,40.75207261623597,-74.03,40.74345423606151,-74.03,0.595,218
trip101677,2023-01-21 22:04:00,1,40.766403626709675,-73.96276972071773,40.688482562774716,-74.0011582143772,5.747,1196
trip101310,2023-11-02 14:19:00,1,40.69689996496897,-74.02421048664004,40.71683572695979,-74.01975618592562,1.397,416
trip101170,2023-03-30 17:49:00,1,40.69828582012653,-73.94731215690605,40.71274552119686,-73.97926907063716,1.949,1258
trip102981,2023-07-31 12:19:00,1,40.81953544682634,-74.0051761834417,40.8250897713462,-74.0126976438809,0.549,373
trip100800,2023-07-20 00:41:00,1,40.71197296024139,-73.97886317260058,40.73341652862508,-73.97167139668866,1.529,410
trip102409,2023-05-14 12:24:00,2,40.72589283072538,-74.00917612861312,40.72057367924105,-74.01193605922477,0.395,260
trip100344,2023-06-24 12:26:00,2,40.822729435674304,-74.00521472547734,40.81595144815214,-73.99684698766289,0.641,374
trip102704,2023-03-08 09:50:00,2,40.75948890709397,-74.0257429779858,40.74522366332902,-74.03,1.011,361
trip100986,2023-11-16 00:40:00,1,40.68680789058592,-73.96245180251111,40.682484551060405,-73.96443756111287,0.316,97
trip102534,2023-01-28 10:47:00,4,40.74212643834786,-74.03,40.74845425933729,-74.03,0.437,240
trip100743,2023-03-06 11:11:00,1,40.66630740670545,-73.98352678626566,40.673189754164746,-73.96572151297158,1.047,379
trip103873,2023-10-05 16:42:00,1,40.69546406260084,-74.00532520821068,40.69941792511743,-74.00362573043306,0.287,226
trip101671,2023-10-18 14:33:00,2,40.67808764311255,-73.96262338945536,40.68211565998572,-73.96325734959717,0.28,182
trip103512,2023-09-28 03:54:00,4,40.721846915211934,-73.96645593265029,40.713709668181124,-73.95808345540445,0.713,297
trip103139,2023-03-05 18:51:00,2,40.83874881783747,-73.96105440138928,40.83544343426947,-73.95952327098722,0.242,116
trip100113,2023-05-01 04:46:00,1,40.68492739655252,-73.95537949625523,40.683529621830594,-73.96024399162077,0.273,143
trip101437,2023-01-15 13:09:00,2,40.63,-73.98342895224239,40.66311303751781,-73.98853565863226,2.304,612
trip101978,2023-01-02 08:31:00,1,40.820878727242395,-74.00491943192263,40.85178769466708,-74.01044581332555,2.155,789
trip101241,2023-11-05 16:33:00,3,40.704941885525955,-74.01144435384667,40.74573736470249,-74.03,2.981,1231
trip101142,2023-05-21 00:59:00,1,40.65993044150026,-74.00181159143783,40.643852682418014,-74.0030720070821,1.113,349
trip103837,2023-06-19 09:19:00,2,40.743787881612334,-73.92346114887641,40.74079563967308,-73.92649762441656,0.261,191
trip101216,2023-02-12 05:00:00,3,40.66852215940088,-74.01522302602189,40.66789957524454,-74.0108121606519,0.235,128
trip101825,2023-07-09 04:40:00,1,40.78032074771505,-73.95715522040001,40.78669944880177,-73.95808288960293,0.443,141
trip101198,2023-07-13 08:09:00,2,40.81682134540302,-74.007000237362,40.82906020380665,-74.00496000964255,0.852,484
trip100085,2023-07-02 17:15:00,2,40.77191376163535,-73.98088910369262,40.77055561123297,-73.98149382530556,0.099,284
trip101518,2023-05-02 04:57:00,1,40.73581715245516,-73.9434556704292,40.72073149451211,-73.96146696517135,1.406,364
trip102741,2023-12-02 00:35:00,1,40.77914083463778,-73.91370490444623,40.77747947594593,-73.91281558768263,0.124,63
trip101381,2023-01-08 20:30:00,2,40.63,-74.01002177311958,40.63480369858557,-73.99823188584611,0.702,264
trip101375,2023-12-22 03:48:00,2,40.7664040520065,-73.93961873434411,40.75808569931874,-73.93175172443597,0.707,371
trip100668,2023-04-11 09:38:00,1,40.726477658672366,-73.89662107612777,40.77021263407564,-73.87941826853583,3.153,1304
trip102004,2023-12-27 22:20:00,1,40.68678438035754,-74.03,40.69819501776485,-74.02586994750743,0.818,289
trip101014,2023-07-04 01:37:00,2,40.702973033068616,-73.9641793147667,40.70729050473545,-73.94792016794767,0.902,371
trip100128,2023-08-12 21:08:00,2,40.72121118102626,-73.98962350204474,40.70256728753811,-73.99482360468149,1.317,550
trip101364,2023-10-02 11:20:00,3,40.73291410636858,-73.96687300459077,40.73452233306366,-73.96757533591877,0.117,227
trip103155,2023-12-20 10:56:00,4,40.71505865163332,-73.94172807585592,40.72776828267755,-73.92351826263652,1.296,546
trip103745,2023-01-25 02:16:00,1,40.73349945428573,-73.99020810270143,40.733689630953194,-73.98947626024145,0.041,245
trip100891,2023-12-31 07:22:00,2,40.724902200062715,-74.03,40.72019997679733,-74.01886371232958,0.668,287
trip102573,2023-07-15 15:07:00,3,40.75823116285579,-74.03,40.75862343705283,-74.02848298703762,0.084,139
trip101359,2023-07-05 10:10:00,2,40.73857167948785,-73.98602234359898,40.830647718894376,-74.03,6.765,2588
trip100307,2023-09-28 14:24:00,3,40.80850200676145,-73.8858748909772,40.796441663794205,-73.84649015172964,2.222,706
trip102978,2023-08-10 08:00:00,1,40.72254555102743,-73.89138483824301,40.77509066446036,-73.89031315119908,3.631,1108
trip103727,2023-07-16 11:10:00,2,40.77845692866546,-73.91296628591442,40.77503019917137,-73.88415336015764,1.526,325
trip100383,2023-08-02 10:33:00,2,40.69367587536522,-74.01114067271546,40.69897431368709,-74.01474938782862,0.412,259
trip100150,2023-08-15 11:02:00,4,40.74286143233326,-73.99781630839848,40.710883869177685,-74.0107148986328,2.31,576
trip103858,2023-11-15 23:50:00,2,40.731632207080494,-73.99053369328861,40.734122295231984,-73.98236944798431,0.461,333
trip101317,2023-01-22 12:33:00,1,40.766921996633016,-73.92015570382118,40.787850239827314,-73.95152379012971,2.187,578
trip101451,2023-07-06 03:47:00,1,40.77294542118145,-74.01916561579459,40.80404477913403,-74.03,2.222,815
trip102022,2023-03-07 18:09:00,1,40.755846843437475,-73.9866022483558,40.69800010009434,-73.91993075251679,5.307,2074
trip102643,2023-07-07 00:07:00,4,40.70694234792042,-74.02697620385952,40.70508298022553,-74.02638615881025,0.132,63
trip100426,2023-10-06 20:49:00,2,40.78616132587204,-73.97232066262126,40.81398580060037,-73.94645185412807,2.351,711
trip100494,2023-07-23 09:05:00,1,40.73610971250041,-73.96544407270723,40.73448209819583,-73.97396715151406,0.46,360
trip101207,2023-02-22 23:04:00,3,40.71042206671035,-74.02502365578708,40.718507197886076,-74.02255920063146,0.573,195
trip102873,2023-07-05 12:18:00,2,40.66472293675235,-73.98612898689528,40.674658760863856,-73.97894654494317,0.783,380
trip102480,2023-06-15 21:11:00,1,40.8317437148263,-73.98969419490685,40.769506954236014,-73.99668053867343,4.316,1292
trip101208,2023-06-20 21:29:00,1,40.852673479477424,-73.997725584278,40.83488826181858,-73.96987016089476,1.905,518
trip101820,2023-08-08 16:14:00,1,40.655153977557354,-73.9972197117389,40.63,-73.97573499592637,2.071,689
trip103295,2023-04-07 00:16:00,4,40.77791675772691,-73.96783672739815,40.763495272172726,-73.95023275870135,1.357,611
trip103228,2023-08-12 18:17:00,3,40.77770133795376,-74.0221717142931,40.777309031640904,-74.02245267470505,0.031,48
trip102921,2023-03-22 16:31:00,1,40.76009302297376,-74.03,40.758400583483144,-74.02935014818512,0.122,159
trip103089,2023-10-09 12:11:00,2,40.793623440583666,-73.98189660661707,40.79551790127014,-73.98181107342964,0.131,52
trip103568,2023-08-22 17:32:00,4,40.77207731061051,-73.92303253871331,40.74511328193047,-73.93519986595933,1.969,1046
trip101239,2023-12-10 00:04:00,1,40.81983460540551,-73.98835249206633,40.816531713863974,-73.99021088238416,0.248,325
trip102144,2023-06-28 12:50:00,1,40.71762333043097,-73.93710134017608,40.70842133150091,-73.9154491215081,1.3,308
trip102843,2023-12-03 10:53:00,2,40.78293160274444,-73.98268508162523,40.817266216749594,-73.94030819060315,3.247,1680
trip100275,2023-02-23 07:01:00,1,40.76736309486504,-73.99741034477931,40.76314994118367,-73.99773318720139,0.292,233
trip100489,2023-01-20 19:10:00,2,40.7799513356341,-73.99441083340356,40.78580810031288,-73.99277956390975,0.414,337
trip103164,2023-09-28 19:08:00,4,40.72098128620132,-73.97904116293402,40.69095770175423,-73.93964075469609,2.926,1067
trip101229,2023-01-31 21:21:00,4,40.77547844913587,-73.9940286559007,40.770673076335356,-73.98424837967688,0.61,203
trip100690,2023-03-29 11:08:00,4,40.76413347507414,-73.93017783215505,40.77536221464222,-73.92462322310895,0.828,282
trip103315,2023-12-02 19:30:00,2,40.788841783241686,-73.98071005141679,40.792287530895,-73.965660173206,0.822,508
trip102661,2023-09-26 06:03:00,2,40.71849621866593,-73.87001548639532,40.7110231532843,-73.86373032967934,0.612,313
trip100836,2023-08-20 15:32:00,1,40.735318209773965,-74.03,40.76165476682807,-74.02249103699674,1.862,842
trip102637,2023-11-21 00:39:00,1,40.740372108526266,-73.97105531951301,40.743074280005594,-73.96357598322234,0.434,221
trip101780,2023-05-30 06:35:00,1,40.78641376293339,-73.99252429018703,40.78848038724252,-73.99350752374322,0.152,132
trip102929,2023-02-13 18:55:00,2,40.735976225472264,-73.97076460087337,40.73880014043267,-73.96898272515803,0.216,124
trip102765,2023-03-23 04:46:00,3,40.718768050426405,-74.00846502163563,40.7407620805959,-74.01890327469472,1.615,540
trip101058,2023-09-30 22:41:00,3,40.75532565610247,-73.97672092929773,40.76563164595257,-73.90977275390662,3.575,1327
trip100118,2023-02-04 16:05:00,1,40.82208005010944,-74.01178689759521,40.8277597259563,-74.01092412886561,0.395,338
trip101024,2023-02-19 08:01:00,1,40.655142099620015,-73.99918357146062,40.653443233962825,-73.99946915421886,0.118,139
trip103026,2023-06-13 03:17:00,1,40.78310800121261,-73.92190988463123,40.77828774451541,-73.9308195686812,0.573,239
trip100281,2023-10-05 12:13:00,2,40.67149363058616,-74.03,40.669776131282504,-74.03,0.119,93
trip102351,2023-06-16 03:43:00,4,40.777972059090445,-74.0167581556069,40.774191725316875,-74.023982037695,0.459,268
trip101316,2023-08-31 11:16:00,1,40.74086761253461,-73.94584332847568,40.73816205832374,-73.9460298064285,0.187,182
trip103102,2023-02-06 14:58:00,3,40.78515315423507,-73.95435909230824,40.753325358122105,-73.96005544558801,2.219,889
trip100968,2023-03-16 20:28:00,4,40.79159609907344,-73.99496534316653,40.7932962040187,-73.99434446087618,0.122,138
trip101665,2023-12-02 00:42:00,3,40.718670457678904,-73.98429741329893,40.67640488442203,-73.9908208079964,2.94,826
trip103391,2023-11-21 18:16:00,4,40.67230269934943,-73.98486543771976,40.69555474380322,-73.9528523879465,2.323,1255
trip101905,2023-05-16 16:31:00,1,40.6977589619626,-73.99078712003389,40.69366725789095,-73.98323655089699,0.486,241
trip102574,2023-05-13 17:38:00,1,40.74670517542073,-74.00062249507428,40.74044995903732,-74.00900719612254,0.616,296
trip103558,2023-07-31 04:42:00,1,40.77615394653974,-74.0015055692898,40.77414070803356,-74.00049271992604,0.149,120
trip102318,2023-08-21 20:19:00,2,40.8505473810789,-74.02139910499832,40.834853926970474,-74.02426129841508,1.095,314
trip100619,2023-07-24 02:21:00,4,40.81530304820595,-73.95341030669287,40.81220125492061,-73.98843356724481,1.844,504
trip102230,2023-12-24 07:13:00,4,40.77182867951789,-73.97953709726981,40.76623595501714,-73.98244050427951,0.415,272
trip101742,2023-08-04 06:09:00,2,40.772796241938565,-73.9537413708675,40.75685836904636,-73.9530931993815,1.102,380
trip103283,2023-12-01 05:39:00,2,40.8087031163702,-73.97807545956114,40.829849629873394,-73.97365015577243,1.479,426
trip100155,2023-10-26 03:38:00,1,40.829556846111096,-74.00518651220175,40.74446209375177,-73.93466698698103,6.941,1446
trip101847,2023-05-11 15:16:00,3,40.699676238225706,-73.91492531505256,40.69131415764004,-73.9242793234615,0.758,282
trip103910,2023-11-13 16:00:00,1,40.81086672593904,-73.95320759157096,40.814574486532514,-73.94790007079105,0.378,330
trip101655,2023-08-18 12:32:00,1,40.67947703092366,-73.98776348936929,40.670137373182236,-74.00068412676004,0.935,273
trip103137,2023-03-20 05:30:00,2,40.7979558328624,-74.00510874038459,40.77062987982381,-74.00058339856312,1.903,721
trip100304,2023-10-18 13:18:00,1,40.747240404437704,-73.97953889921925,40.73633983757463,-73.98043926340378,0.755,345
trip102592,2023-09-27 15:06:00,2,40.77114212154422,-73.94461543492689,40.8149804278404,-73.94420337995764,3.029,941
trip103400,2023-01-04 07:28:00,3,40.76795418553161,-73.97171338621898,40.78455148778358,-73.96999608166243,1.15,476
trip102246,2023-04-24 09:50:00,1,40.678802484274286,-74.01838904987558,40.72787713357692,-74.03,3.445,1412
trip101956,2023-08-17 23:29:00,4,40.79086282795831,-74.02102588243477,40.81617201513955,-74.0091430744606,1.856,502
trip104007,2023-10-03 21:37:00,2,40.69031232770172,-73.9664723336956,40.77448857717807,-73.98845539929371,5.929,1641
trip102974,2023-08-06 13:00:00,4,40.75536057682148,-73.9150087321619,40.75125273471336,-73.88224259550377,1.738,608
trip101307,2023-11-27 15:33:00,1,40.80548058703462,-73.99400396599043,40.79128314705898,-73.95612548939896,2.211,581
trip103411,2023-04-10 11:00:00,1,40.658989882478046,-74.0210248069276,40.66092395293802,-74.02235423049373,0.151,200
trip100575,2023-02-13 07:06:00,1,40.6845329881634,-73.96368331501365,40.70358507829968,-73.96276297106328,1.317,678
trip102606,2023-01-26 15:37:00,1,40.70532189364747,-73.98655474829388,40.71065086533881,-73.98480205668675,0.379,285
trip103432,2023-09-17 02:01:00,1,40.73465965392497,-73.91499861152822,40.75446709339552,-73.86801700804628,2.815,719
trip103500,2023-02-25 01:53:00,4,40.73904123812238,-73.93787490937817,40.72995820872973,-73.94810194766566,0.825,403
trip101706,2023-12-04 07:29:00,3,40.72959527657341,-73.9344233832662,40.72877646104951,-73.93474463037737,0.059,74
trip102464,2023-05-12 23:45:00,4,40.718376026808045,-73.9764917371143,40.70596414510724,-74.00904965358801,1.909,429
trip101299,2023-12-24 21:21:00,2,40.706559196233606,-73.96212022612818,40.7186216404736,-73.92236540753501,2.243,582
trip100132,2023-01-15 12:27:00,1,40.77858179260665,-73.96426026820282,40.783400001128335,-73.97104243451797,0.487,383
trip102963,2023-03-05 09:08:00,1,40.716867709755775,-73.95949888031986,40.69759867968096,-73.95618535593071,1.343,589
trip103203,2023-05-22 09:26:00,2,40.79970227613425,-73.97668849000412,40.79900247885029,-73.98862944885518,0.626,249
trip100861,2023-07-02 05:55:00,2,40.68509653889983,-73.95321212728479,40.688166019267136,-73.95188242131509,0.223,161
trip100843,2023-02-07 12:50:00,1,40.74580156076559,-74.03,40.74969171010419,-74.03,0.269,206
trip101801,2023-04-15 16:12:00,2,40.76991045722364,-74.03,40.79828100438153,-74.03,1.96,865
trip101628,2023-12-31 12:03:00,3,40.76687779683515,-73.94966895589577,40.747708333283626,-73.93859466683166,1.446,440
trip101993,2023-09-18 19:45:00,2,40.79343267217279,-73.99412741046366,40.787234360955466,-74.00063038387047,0.547,245
trip103894,2023-02-24 16:02:00,1,40.77823722535023,-73.90573338744815,40.76979894651491,-73.92328209848503,1.088,478
trip100269,2023-05-04 07:56:00,2,40.75000379768911,-73.98828508194528,40.70524635255856,-74.02915465741656,3.761,1493
trip100629,2023-06-02 03:04:00,4,40.64142488510817,-74.02650018731951,40.63675340946905,-74.01845328628389,0.531,157
trip101730,2023-05-09 18:01:00,1,40.74591080816683,-74.03,40.74725290105068,-74.02638216711595,0.211,114
trip101033,2023-05-28 00:57:00,1,40.771832250064556,-73.98237246192019,40.780054329720535,-73.9971177720901,0.958,338
trip102323,2023-07-18 13:44:00,2,40.750527238797375,-74.00263511307234,40.74567995956239,-73.9965153514569,0.463,222
trip100286,2023-09-21 18:37:00,2,40.76186727419604,-74.012135899149,40.76953353917518,-74.00940067712882,0.549,306
trip101326,2023-08-06 03:28:00,4,40.76318202205738,-73.88898347679009,40.795567050109675,-73.89220759249852,2.244,925
trip103824,2023-08-24 13:28:00,1,40.73519258475783,-74.02779481989407,40.75238452338623,-74.00729960729,1.601,673
trip100300,2023-11-17 06:04:00,2,40.82773075963739,-73.99995164457873,40.82534478433992,-74.00405515597382,0.271,209
trip103176,2023-01-23 12:06:00,1,40.78883893831204,-73.96000229683901,40.78383445344635,-73.94197227736043,1.005,341
trip102897,2023-03-25 13:09:00,2,40.75353779512893,-74.03,40.71772721938079,-74.03,2.474,1022
trip103600,2023-09-10 02:11:00,4,40.793571051656706,-73.96856141955492,40.76510135669634,-73.9441604760408,2.345,630
trip101447,2023-05-21 15:08:00,1,40.81823980452652,-73.98153117012075,40.81713585034871,-73.982933659645,0.106,174
trip101472,2023-10-15 13:49:00,1,40.74939628958838,-73.95868476491324,40.760750800014684,-73.97271376231585,1.075,425
trip102827,2023-06-20 02:05:00,1,40.836602321665566,-74.03,40.83235412210741,-74.02745392612387,0.322,205
trip102478,2023-01-19 10:56:00,1,40.78429671588814,-74.00449448065228,40.7883393793806,-73.99579940876032,0.534,316
trip101186,2023-07-19 16:54:00,3,40.73577110329385,-73.95225715158895,40.74881752786031,-73.96433122581905,1.101,590
trip100065,2023-05-05 12:57:00,1,40.785700625584,-73.96131241393806,40.82142559260496,-73.98949005682707,2.875,949
trip103508,2023-11-07 11:37:00,2,40.77456454769826,-74.0136941094429,40.76393245373569,-74.02769444331551,1.037,416
trip101880,2023-10-21 13:36:00,2,40.78261846022003,-73.92905768847552,40.78583072645395,-73.92535986983206,0.294,179
trip100890,2023-09-10 12:29:00,2,40.71251334747418,-73.95482834697117,40.76487925005177,-73.93317537453102,3.792,991
trip103086,2023-01-21 06:43:00,1,40.69772199884795,-74.01118862483948,40.68115051398995,-74.01462620280921,1.159,316
trip103811,2023-01-29 23:59:00,1,40.736280946165294,-74.02201518529881,40.717764442095806,-74.0044254844329,1.576,795
trip101766,2023-04-28 16:25:00,3,40.69524767117261,-74.00192021146789,40.67318074415437,-74.03,2.119,1038
trip102519,2023-03-03 16:30:00,1,40.67298370781213,-73.97014775188178,40.676892688331705,-73.9540485693714,0.886,383
trip102112,2023-03-26 06:09:00,4,40.7910057120056,-73.97343576097728,40.71991370692834,-73.99739619568987,5.07,1646
trip102008,2023-04-09 23:39:00,1,40.80349528514592,-73.98848130346681,40.8067260298193,-73.97361035271342,0.809,196
trip100230,2023-10-11 13:30:00,1,40.68414510991734,-73.92768916478931,40.69174511203453,-73.93956418976511,0.814,311
trip100503,2023-01-19 21:15:00,2,40.68238734447816,-73.94413753394873,40.66096048848073,-73.94507502128896,1.481,568
trip102103,2023-12-04 22:04:00,1,40.78473434315664,-73.90159587692118,40.808667257701316,-73.93393304185022,2.365,634
trip102758,2023-01-22 23:54:00,3,40.78375667184545,-73.90192167168686,40.77619244648454,-73.9014299805248,0.523,259
trip100380,2023-04-13 03:58:00,3,40.754854619995434,-73.89248569930574,40.73197575673829,-73.88017939324062,1.707,439
trip102905,2023-04-20 14:10:00,1,40.75185310091571,-73.94582098144066,40.748385674802726,-73.94817702200069,0.269,232
trip101525,2023-04-15 13:56:00,2,40.798549556756335,-74.03,40.799584216966586,-74.03,0.071,95
trip102123,2023-09-28 09:53:00,2,40.753045206612825,-73.99189645620811,40.747789458757694,-73.99737935233699,0.463,458
trip100374,2023-12-04 23:14:00,1,40.774935242559586,-73.94059550106661,40.7748323882943,-73.94099697131477,0.022,132
trip103008,2023-03-23 14:34:00,3,40.73783215498885,-73.99502499651803,40.72343093555363,-74.02792098729431,1.989,706
trip102946,2023-12-05 02:05:00,1,40.82200212765938,-73.89200310552164,40.81477944142769,-73.89196390909076,0.499,137
trip100939,2023-09-11 16:32:00,1,40.78896858872877,-74.02291068666123,40.80471222870807,-74.01761696573001,1.122,493
trip102533,2023-06-26 16:34:00,4,40.7565481662401,-73.90928722513722,40.85385752659233,-73.90452228229094,6.728,2504
trip102754,2023-05-05 18:36:00,2,40.79855543376563,-73.98287935450328,40.8172362017344,-73.95356555577858,2.004,839
trip102514,2023-11-10 19:03:00,4,40.75556830064851,-74.03,40.767430508890996,-73.99292662583639,2.106,831
trip100529,2023-07-04 10:55:00,1,40.820412310975144,-73.91558352987327,40.8203352808619,-73.91541308920267,0.01,124
trip102457,2023-05-27 01:44:00,1,40.72279306227192,-73.96805591794622,40.722711634820925,-73.96821017529565,0.01,91
trip100636,2023-02-10 13:34:00,2,40.741453427154,-74.03,40.69462832211382,-74.03,3.235,611
trip101269,2023-03-05 05:53:00,1,40.776709961270754,-74.0138905977206,40.7309760869219,-74.00031808443008,3.239,876
trip100185,2023-09-06 11:38:00,2,40.81910901963982,-73.9627049718309,40.81961370181087,-73.94464578526042,0.945,345
trip102515,2023-05-28 09:24:00,1,40.723606795708605,-74.03,40.72522361689046,-74.02628042813264,0.225,90
trip103549,2023-06-02 22:51:00,1,40.775579993751755,-73.95880197263178,40.76757470337783,-73.92224948890794,1.991,524
trip103601,2023-07-06 04:19:00,4,40.85880124912524,-74.03,40.85322893072643,-74.02726552432608,0.411,207
trip101797,2023-04-06 19:55:00,2,40.74333674179535,-73.97075899429869,40.74683450934268,-73.97557775633854,0.349,221
trip101441,2023-12-30 01:40:00,3,40.76622662549456,-74.03,40.760152769503776,-74.03,0.42,136
trip101535,2023-09-20 09:20:00,1,40.70682575110862,-74.03,40.71264973118869,-74.03,0.402,217
trip101273,2023-09-07 14:00:00,1,40.76678735432954,-73.95343600074501,40.77353855818631,-73.95792379083558,0.522,184
trip100607,2023-02-10 15:16:00,1,40.77016447137713,-73.9216324261579,40.77768213501081,-73.96662739010523,2.411,787
trip101712,2023-05-31 12:38:00,3,40.77884458237278,-73.96277194310107,40.79357701998867,-73.96805176718779,1.055,427
trip103982,2023-06-12 14:20:00,4,40.733911145115044,-73.97966853279674,40.737578778803126,-73.99801082619409,0.993,390
trip103970,2023-12-21 21:49:00,4,40.67963326966556,-73.97659222388693,40.680372228922856,-73.97806076989079,0.092,75
trip102225,2023-06-06 02:11:00,2,40.76054342621696,-73.99340587414284,40.76160620972145,-73.99370752135705,0.075,48
trip103642,2023-04-16 13:46:00,1,40.74593564453852,-74.03,40.751083745958624,-74.02952184330329,0.357,219
trip102071,2023-12-12 06:57:00,3,40.68668886254792,-74.03,40.6866419444319,-74.03,0.003,97
trip103532,2023-04-04 19:24:00,2,40.80881497990318,-74.03,40.81581606952639,-74.01895643954008,0.753,438
trip101977,2023-11-28 15:47:00,2,40.75977729212029,-74.00540282245262,40.73311999200723,-74.03,2.247,669
trip100158,2023-02-25 13:19:00,3,40.72753169806574,-73.93264096442404,40.699721380740925,-73.9216121963926,2.006,667
trip101748,2023-01-05 04:21:00,4,40.72787136611215,-74.01312035550855,40.72270980780775,-74.02467812767897,0.702,310
trip102329,2023-10-01 14:59:00,4,40.79498533089424,-73.96921873601346,40.80286727527537,-73.95527208071755,0.91,346
trip100902,2023-03-29 07:07:00,4,40.743365087953684,-73.97884034128373,40.72358796368852,-74.03,3.007,1128
trip100352,2023-09-17 03:22:00,1,40.72430753523152,-73.97599790065999,40.702040238015186,-73.99099967815411,1.728,413
trip101230,2023-06-08 15:19:00,1,40.72527013204915,-73.94094557549707,40.738641532941855,-73.92642366446277,1.197,379
trip103491,2023-09-18 23:38:00,1,40.70701098210311,-73.9892034692628,40.712494477008946,-74.03,2.17,624
trip100444,2023-12-18 12:07:00,3,40.7345746232111,-73.97544118251811,40.738087671584715,-73.97233778363994,0.292,137
trip103927,2023-01-10 18:56:00,3,40.68602070689288,-74.0151204356029,40.69272841521573,-74.03,0.907,525
trip100754,2023-12-08 18:13:00,4,40.83033257809325,-73.8996773344704,40.829910146715086,-73.88900223232322,0.559,246
trip101737,2023-04-22 01:25:00,3,40.74147000198073,-73.95024262010027,40.73059496710845,-73.94998384645736,0.752,507
trip103971,2023-04-12 02:40:00,1,40.75987312013893,-73.95926171191653,40.7616214277133,-73.95813963366007,0.134,259
trip100311,2023-10-23 23:43:00,2,40.76975890055183,-73.97829540024797,40.77261420164907,-73.93063276066331,2.502,769
trip100548,2023-06-23 13:31:00,2,40.78180823384046,-73.97385045721857,40.780170228693656,-73.97359165092945,0.114,148
trip102656,2023-04-13 05:17:00,1,40.762067325142986,-73.99813832374528,40.74816555694891,-74.00055513484418,0.969,370
trip102894,2023-07-14 16:33:00,2,40.720198983130395,-73.98415611930771,40.72013066489578,-73.99474730633354,0.555,295
trip100306,2023-01-08 02:41:00,3,40.73494947224398,-73.96831748934436,40.70242896454544,-73.97269370562532,2.259,827
trip100694,2023-09-22 11:06:00,1,40.71279827288874,-73.9854462787101,40.71842856551597,-73.98377557388764,0.399,252
trip101927,2023-05-12 01:21:00,1,40.704224904650424,-73.93968987700333,40.684471116496404,-73.94497960600167,1.393,447
trip103081,2023-08-07 12:50:00,2,40.70010386612779,-73.93323852758321,40.711712122849384,-73.93257226531637,0.803,399
trip100749,2023-12-08 12:52:00,1,40.70980912202868,-74.03,40.71089945497838,-74.01948963745004,0.556,227
trip101266,2023-04-13 04:48:00,2,40.71237742983194,-74.03,40.71097449870775,-74.03,0.097,166
trip102622,2023-08-22 23:02:00,2,40.8191810898354,-73.91614922780872,40.819329336533855,-73.91792782469581,0.094,282
trip102890,2023-11-15 22:43:00,1,40.713209872075154,-74.02730291762703,40.719791620271636,-74.03,0.476,330
trip100970,2023-08-02 16:06:00,2,40.73727419128836,-73.98801465600688,40.75148309079834,-73.98862115754416,0.982,532
trip100013,2023-08-10 13:34:00,3,40.80072585431356,-73.9024726552484,40.76226652660033,-73.9082627032377,2.675,873
trip100873,2023-10-05 03:01:00,1,40.75283510657506,-74.03,40.75483238910146,-73.99811449734442,1.675,727
trip100808,2023-08-19 23:30:00,1,40.73564020313451,-74.0055798937673,40.73414820855685,-74.02185264699402,0.858,290
trip100514,2023-05-12 11:15:00,1,40.78558627547606,-73.97589178025211,40.785272234741214,-73.96147266154503,0.755,362
trip103204,2023-05-24 20:28:00,2,40.76930344260072,-74.00359695001221,40.818946049613814,-74.01494073299015,3.481,1065
trip100409,2023-01-14 14:10:00,1,40.69165874523664,-74.03,40.68938692461217,-74.02955716144939,0.159,66
trip102242,2023-05-04 00:57:00,4,40.68728473820352,-74.00180898853272,40.69885786509783,-73.9927646970471,0.929,397
trip103960,2023-10-11 23:00:00,2,40.80892865364315,-74.03,40.793968593620114,-74.03,1.034,367
trip100207,2023-02-15 23:58:00,2,40.69515341228094,-73.94005321844473,40.71011930338872,-73.95509670855982,1.3,391
trip102118,2023-11-01 16:30:00,1,40.75967941611186,-74.00174213498838,40.76000145016874,-74.00156442421242,0.024,108
trip100458,2023-03-28 18:15:00,1,40.76498816676782,-74.00590913359973,40.76487978204636,-74.00965378653365,0.196,171
trip102972,2023-07-04 23:11:00,2,40.74861652754828,-74.03,40.75281970052805,-74.02852306952059,0.301,207
trip102415,2023-03-09 20:08:00,2,40.81105434208588,-74.02563718614631,40.79584076972286,-74.03,1.076,320
trip102909,2023-04-27 16:14:00,1,40.77447446518505,-73.87524875986081,40.782957218845105,-73.84131769660085,1.87,764
trip102694,2023-06-13 05:04:00,2,40.81296113717632,-74.00241865905456,40.82968568963742,-74.01413058029532,1.308,325
trip102651,2023-01-20 11:50:00,1,40.66459834750451,-74.00134865679146,40.68603674196969,-74.01954111047642,1.762,489
trip101883,2023-01-02 07:58:00,4,40.754565134379256,-73.98269344789632,40.75581451466579,-73.97876243658912,0.223,185
trip101713,2023-04-25 16:16:00,2,40.744907421562196,-73.8643355108575,40.7086681711864,-73.83961205535081,2.819,853
trip102599,2023-12-21 08:30:00,1,40.796723046804274,-73.92303298680494,40.810754029473365,-73.90495194916576,1.354,674
trip103779,2023-11-21 11:08:00,3,40.665140727524296,-73.96439903297885,40.65563281785836,-73.9757132109734,0.885,319
trip100552,2023-09-29 14:40:00,2,40.76333881003639,-74.0109803452922,40.77867265744828,-74.00375722697314,1.125,309
trip103720,2023-06-17 07:20:00,1,40.75207914741167,-74.03,40.72963211576851,-74.03,1.551,625
trip103649,2023-11-13 08:15:00,4,40.75232432715013,-74.03,40.75016780890811,-74.03,0.149,130
trip101925,2023-09-05 12:30:00,2,40.69634221013009,-74.02307187725137,40.68633983981021,-74.02377170729685,0.692,420
trip100634,2023-03-27 03:11:00,3,40.73602822107118,-73.96590435626814,40.720311039565,-73.95519122786772,1.222,391
trip103687,2023-10-24 14:26:00,2,40.769236646895436,-73.95735071861756,40.7587801895772,-73.95945578856552,0.731,333
trip100316,2023-11-14 00:16:00,2,40.75299456171366,-73.95241301056032,40.74974110908227,-73.98385804075336,1.661,466
trip103377,2023-01-22 17:50:00,2,40.73743505863548,-74.03,40.73751666324157,-74.03,0.006,30
trip103535,2023-05-06 14:04:00,2,40.689892577081295,-73.95961225023476,40.714512915208054,-73.98370990551673,2.118,620
trip101328,2023-05-15 15:49:00,4,40.744428581755166,-73.9563049237278,40.748769556487375,-73.96103268262212,0.389,216
trip100427,2023-05-26 22:24:00,2,40.82743464240247,-74.03,40.823015620903895,-74.03,0.305,203
trip102222,2023-06-20 19:21:00,2,40.753869706633644,-73.97907711461927,40.75520407591571,-73.97355330621838,0.303,189
trip100105,2023-04-20 21:36:00,2,40.74075530989596,-73.94509114647975,40.746593745434545,-73.94546366697621,0.404,129
trip100142,2023-04-12 23:57:00,1,40.65405791736709,-73.9671694271396,40.66363500973786,-73.95649198025829,0.867,259
trip102772,2023-11-19 10:53:00,2,40.739005201516925,-73.97866121649035,40.73674191964142,-73.98149005708974,0.215,247
trip103151,2023-06-29 15:48:00,1,40.70909510374688,-73.95248905108838,40.71443925645908,-73.95497537630999,0.392,197
trip102244,2023-05-11 21:51:00,1,40.77215336103721,-73.91019702901986,40.77186858197729,-73.90725486318577,0.155,139
trip101949,2023-01-10 10:17:00,4,40.84004333957156,-73.83563275887376,40.84969122383936,-73.84954639116948,0.987,369
trip103562,2023-04-24 19:26:00,4,40.69347753432094,-74.01635200733902,40.69983710631359,-74.00617156394168,0.691,586
trip103736,2023-02-05 07:10:00,1,40.72803910442971,-73.93147037656162,40.73018704888566,-73.93064400966517,0.155,239
trip102159,2023-04-16 03:45:00,2,40.716526258280695,-73.93552480164549,40.71640924594174,-73.95741360747719,1.146,340
trip103941,2023-12-08 18:28:00,1,40.736304672778694,-73.95621224753005,40.73501243690519,-73.95697908492618,0.098,103
trip101951,2023-04-07 13:37:00,3,40.76104169540479,-73.94870802834627,40.72919290644297,-73.96176730276466,2.304,495
trip102689,2023-08-31 13:25:00,1,40.664060669241415,-73.89807153312574,40.6664095889526,-73.9035465803158,0.33,296
trip102927,2023-11-01 07:03:00,3,40.76245688781989,-73.99034996382126,40.74659271417479,-73.97603738725601,1.328,1060
trip103938,2023-06-25 12:47:00,2,40.7530645433547,-73.95330512786832,40.75583439796902,-73.94341695691688,0.552,221
trip101109,2023-08-13 17:23:00,2,40.78780990732124,-73.9526044602812,40.77652848822365,-73.9465013909648,0.842,417
trip102364,2023-01-02 09:59:00,1,40.86,-74.0035550989116,40.83999785864199,-73.98422493401857,1.712,853
trip100591,2023-09-12 05:41:00,1,40.76120662550381,-73.91043465840997,40.76109984233464,-73.91489831027094,0.234,85
trip103722,2023-07-07 20:00:00,4,40.79207989424602,-73.95527979366992,40.80277119206339,-73.96129825250333,0.803,392
trip101576,2023-07-14 10:10:00,2,40.751324060901325,-73.96176419589122,40.74337904171422,-73.9649144367767,0.573,345
trip103186,2023-02-03 16:56:00,2,40.705850528463934,-74.0078611630864,40.68474377828016,-74.03,1.863,701
trip100213,2023-03-24 23:13:00,2,40.728212375499986,-73.9859884398905,40.726273294904736,-73.98449687132464,0.155,150
trip100778,2023-12-19 12:00:00,2,40.7527173667791,-73.98321504313715,40.75196507692231,-73.98336879955939,0.053,157
trip102855,2023-12-12 08:34:00,1,40.8208919492246,-73.97948589680874,40.82653633014284,-74.00102109325951,1.192,564
trip102474,2023-02-03 12:57:00,2,40.70915721222547,-74.03,40.704780489322204,-74.03,0.302,311
trip102043,2023-08-28 10:55:00,3,40.71564523072102,-74.03,40.70995242865842,-74.01728870891172,0.773,672
trip103299,2023-12-02 21:51:00,1,40.75681933580944,-73.97679308779897,40.758739720639774,-73.96890126529966,0.434,124
trip102307,2023-07-24 09:33:00,1,40.75060191157221,-73.99557729308856,40.744335392238504,-73.99169434315878,0.478,350
trip102510,2023-02-05 12:54:00,1,40.72293426347984,-74.00933590896089,40.73009276320599,-74.01881153021787,0.701,383
trip101567,2023-06-09 14:10:00,3,40.75729268015783,-74.03,40.74737570842857,-74.01850571099803,0.912,311
trip103034,2023-07-05 09:35:00,1,40.799121262871985,-74.00068267887333,40.80279663720156,-74.00163212378526,0.259,153
trip103555,2023-02-27 09:32:00,1,40.73862749593421,-73.97267765692352,40.75497966360272,-73.89240938580551,4.351,1864
trip103424,2023-08-27 17:26:00,4,40.86,-73.97069894673768,40.86,-73.98752072895604,0.879,316
trip103620,2023-08-28 21:22:00,1,40.764772328293645,-73.94634259970302,40.82470949507693,-73.93060274384065,4.222,845
trip101343,2023-12-12 04:14:00,2,40.72629780736242,-74.03,40.72448244345766,-74.03,0.125,107
trip102013,2023-04-28 17:27:00,2,40.749541174796875,-73.97788607116652,40.751910635058536,-73.97943128525351,0.183,105
trip100273,2023-11-24 06:07:00,1,40.84419257390188,-73.89701476139726,40.83639355329435,-73.9028107296654,0.618,244
trip100071,2023-03-15 01:22:00,2,40.69900207536984,-73.98707930247818,40.707530690989614,-73.98564441529811,0.594,264
trip101087,2023-01-22 09:11:00,1,40.68053686588651,-74.01302769562263,40.679542357777144,-74.013108698584,0.069,91
trip100394,2023-03-27 20:34:00,1,40.781587913179955,-74.03,40.79962288107592,-74.0280470657197,1.25,651
trip100583,2023-08-19 04:12:00,1,40.70175401403579,-73.92203702683821,40.72101708832625,-73.93009467141347,1.396,476
trip103878,2023-04-07 20:44:00,4,40.69141797615005,-74.01657361324706,40.66991171951685,-74.01943547240246,1.494,361
trip102684,2023-12-19 19:07:00,2,40.6831507378215,-73.992070493979,40.68782942620144,-74.00424348035097,0.715,402
trip102700,2023-07-12 16:57:00,2,40.788574465910045,-74.01533884166861,40.7728034248514,-74.01964711336169,1.113,469
trip103660,2023-10-06 06:59:00,1,40.75066986438434,-74.01551241146726,40.762582443789825,-74.00730416783408,0.928,347
trip103819,2023-08-22 16:56:00,1,40.73648612837937,-73.91732301678074,40.69193162965561,-73.92605913941044,3.112,1667
trip103560,2023-12-31 23:31:00,1,40.78229765239375,-73.96137412151674,40.78181233196898,-73.96192871102615,0.044,60
trip101763,2023-11-23 17:52:00,1,40.702428030663775,-73.89326836101465,40.70270455930125,-73.9079291902242,0.768,303
trip103020,2023-12-24 07:02:00,1,40.69485736902389,-73.97441931066275,40.69094627330367,-73.95944118954817,0.83,278
trip101259,2023-08-19 19:31:00,2,40.728299538458366,-73.96923785919402,40.72736961473656,-73.97577011567255,0.348,320
trip100526,2023-03-02 16:40:00,2,40.81547705093218,-73.99062811360048,40.813406580422644,-73.97901625764541,0.624,408
trip100377,2023-10-07 09:46:00,1,40.659841496857005,-73.98595555530109,40.65593008739645,-73.9872906603327,0.279,161
trip101559,2023-01-26 19:29:00,1,40.743438529386005,-74.03,40.74338592612565,-74.03,0.004,165
trip102968,2023-09-10 03:36:00,1,40.841413007415035,-73.87211805346811,40.84098721522444,-73.8777966879901,0.298,96
trip101963,2023-04-26 18:16:00,1,40.73937414586999,-73.98303041937642,40.75707975352359,-73.9941689875683,1.355,479
trip103580,2023-03-30 23:35:00,1,40.77902575101918,-73.93115087400685,40.77904536889001,-73.92633541299061,0.252,208
trip100348,2023-06-22 18:34:00,1,40.67882825202457,-73.96167915885563,40.641401677298965,-74.00871745101071,3.573,1497
trip102755,2023-03-15 05:19:00,2,40.69610852699346,-73.9579990494709,40.705790961225034,-73.9667283161281,0.81,385
trip101709,2023-01-11 22:43:00,1,40.742622092498785,-74.01586309439766,40.71278126570607,-74.03,2.191,687
trip101050,2023-01-16 12:56:00,1,40.69412100120047,-73.96113597262692,40.69138982835674,-73.95697884933445,0.288,131
trip100590,2023-01-17 10:23:00,1,40.694993155935705,-73.94181677525752,40.686689290598494,-73.9228788007463,1.146,523
trip100519,2023-12-25 03:22:00,1,40.82330216264308,-74.03,40.82813233254298,-74.02770856010424,0.355,202
trip103230,2023-12-06 13:22:00,1,40.72980050708738,-73.99523050858089,40.72302081743181,-74.00848358266836,0.837,366
trip102891,2023-11-28 10:28:00,1,40.76897275734594,-73.99685168502687,40.791486335040084,-74.03,2.33,782
trip101083,2023-05-24 04:53:00,1,40.7527862417656,-73.98993684534977,40.75831001504828,-73.98376681796096,0.5,184
trip103178,2023-01-28 22:13:00,2,40.778219932006714,-73.95213969067439,40.777901357629894,-73.93877766917396,0.699,210
trip104008,2023-08-30 20:18:00,1,40.77894970576101,-73.96725209408322,40.77617086009796,-73.9755458574386,0.475,158
trip101809,2023-10-17 22:29:00,1,40.79323304384175,-74.02549647090164,40.792965649505895,-74.02554380456762,0.019,210
trip103889,2023-09-06 01:33:00,1,40.71733638006908,-73.9520302157793,40.70765455964951,-73.95471525368713,0.684,306
trip100792,2023-02-17 17:05:00,1,40.77300498165464,-73.9470125883148,40.76381409489824,-73.9202296188781,1.539,544
trip102800,2023-07-19 22:04:00,4,40.73831736858944,-74.00147429830253,40.716277983695235,-74.03,2.133,580
trip101980,2023-05-20 14:37:00,1,40.75767812853429,-74.0137668888747,40.758597532046885,-74.0188525355782,0.274,243
trip103564,2023-08-06 04:12:00,2,40.81215755570015,-74.0021497583929,40.81380977956557,-73.99989849425164,0.164,171
trip102229,2023-11-16 16:48:00,1,40.76247802890449,-73.9856806653273,40.75618738158303,-73.99292265500269,0.577,285
trip101530,2023-03-12 23:31:00,4,40.774991210282884,-74.01235884654999,40.77419365135652,-74.01405096577464,0.104,141
trip101410,2023-12-27 06:54:00,1,40.73115180652337,-73.94502525585948,40.719502212170376,-73.94058944183539,0.838,298
trip102925,2023-03-08 22:51:00,4,40.79043498760642,-74.02407273751062,40.78077170819952,-74.02381969168475,0.668,241
trip104011,2023-10-25 15:20:00,3,40.776016971258905,-74.03,40.783906277545775,-74.02978933438303,0.545,170
trip100083,2023-06-02 22:01:00,4,40.732821794770075,-73.9966775874093,40.72589330073381,-74.00177993066117,0.548,219
trip103416,2023-12-18 02:35:00,1,40.75518091153785,-73.99026518317721,40.75138328039457,-74.00652667950988,0.891,262
trip100020,2023-12-16 05:30:00,2,40.74168119364046,-73.97120785878276,40.74671274492704,-73.98032471281165,0.59,420
trip103926,2023-12-30 12:32:00,4,40.78555339972625,-73.9793397074774,40.781809065574166,-73.98052319976502,0.266,271
trip101562,2023-09-26 10:58:00,2,40.7132541201645,-73.9598660679959,40.69042334121251,-73.92848573410338,2.278,1029
trip100973,2023-12-08 16:01:00,3,40.77775663898604,-74.03,40.77636717383201,-74.03,0.096,295
trip101710,2023-10-05 03:33:00,2,40.723856791516084,-73.94097681836496,40.71327618943436,-73.94543893227083,0.767,257
trip102609,2023-10-16 22:53:00,3,40.69011052363239,-74.0082796920532,40.68358605459909,-73.99904231663285,0.661,209
trip101098,2023-06-23 03:24:00,1,40.793814858010485,-74.02261782721924,40.791705931789224,-74.03,0.413,144
trip102750,2023-01-09 13:53:00,3,40.76761732168067,-73.94867978460084,40.75574193116113,-73.96047642895444,1.027,359
trip100886,2023-12-08 15:49:00,3,40.80602263203909,-73.96982731849042,40.83385192534838,-73.99034726142287,2.202,1035
trip102425,2023-03-11 00:06:00,1,40.80102051726538,-73.91312824979182,40.80935697983696,-73.90989923317905,0.6,311
trip103277,2023-11-25 23:06:00,4,40.655052220890404,-73.99139677243465,40.630786308380486,-74.00223862625144,1.77,579
trip103374,2023-01-18 22:27:00,2,40.749627405223166,-73.98922443271196,40.75316771284609,-73.98527656572234,0.32,203
trip100737,2023-02-24 15:43:00,2,40.786315372687504,-73.93950783755423,40.7854422831102,-73.94085820415943,0.093,311
trip101453,2023-04-12 18:45:00,1,40.732214013474845,-74.02633211676982,40.73387142022631,-74.02529423011131,0.127,107
trip102603,2023-05-31 14:38:00,2,40.75921180087092,-73.96996953766484,40.76244715667569,-73.98184721873342,0.661,240
trip103537,2023-05-26 05:15:00,1,40.73492805832269,-73.96537298664661,40.73540659297287,-73.96610792795322,0.051,179
trip102126,2023-02-02 19:14:00,2,40.849293638821315,-73.94482168973785,40.84059443847665,-73.93083910553382,0.946,658
trip100906,2023-08-11 09:45:00,1,40.739855584784735,-73.94467225867875,40.72504889026071,-73.98887618957598,2.53,788
trip102408,2023-04-02 00:15:00,1,40.64325120123714,-74.03,40.63,-74.03,0.916,232
trip102942,2023-03-22 09:04:00,1,40.75110019248639,-74.00524180503956,40.759895785000715,-73.99461811763214,0.824,458
trip100947,2023-06-06 23:06:00,4,40.63,-73.9640484470252,40.63,-73.94933844697637,0.771,258
trip102507,2023-08-14 02:42:00,1,40.76614582377578,-73.97515411562273,40.76562576920352,-73.9746463068236,0.045,157
trip102670,2023-09-29 22:53:00,1,40.78109781546401,-73.98774833225828,40.73393986176058,-73.9406015435235,4.087,870
trip100715,2023-05-10 21:41:00,1,40.69528490841532,-73.90636086544463,40.69386255900283,-73.89716172521719,0.492,262
trip102659,2023-03-15 16:38:00,2,40.77024168969504,-74.03,40.737917079543344,-74.00276932278825,2.649,1238
trip100686,2023-03-28 20:31:00,1,40.785586077453054,-74.03,40.78466826627669,-74.03,0.063,81
trip103422,2023-04-24 23:46:00,1,40.797894048381124,-73.95528642775952,40.78778517664286,-73.95895833785295,0.724,228
trip102951,2023-07-31 12:25:00,2,40.783968785161335,-73.8967115864569,40.78765910921861,-73.89508667654238,0.269,226
trip103977,2023-03-17 18:31:00,1,40.73857730974935,-74.00752181137706,40.76321003281746,-74.03,2.069,1115
trip100885,2023-09-08 05:59:00,4,40.76300125002259,-73.99569477065407,40.75356614380427,-73.99708343823978,0.656,301
trip100917,2023-02-28 09:17:00,1,40.77382360332066,-73.98231042862552,40.77376996053577,-73.98127183314378,0.054,109
trip102471,2023-02-04 04:37:00,1,40.73050453045197,-73.96878732744203,40.73155469205812,-73.97872006489257,0.525,272
trip103320,2023-09-20 23:41:00,3,40.67771844317671,-74.03,40.68207365539805,-74.02657214498892,0.35,245
trip102529,2023-02-23 19:14:00,2,40.72561074698982,-74.03,40.72033226270698,-74.02593499916219,0.422,205
trip101265,2023-06-22 21:36:00,1,40.74480255043155,-73.98472395081082,40.74543442320791,-73.98239090962015,0.13,307
trip100483,2023-02-27 22:47:00,2,40.77613496928984,-73.96967755523285,40.77583477709953,-73.96877953632205,0.051,172
trip103000,2023-05-22 13:24:00,1,40.80620602135931,-74.03,40.81291857222965,-74.03,0.464,176
trip103466,2023-07-21 10:49:00,1,40.81131062098001,-73.99801047644577,40.80862551889569,-73.99482393174245,0.249,107
trip100277,2023-01-22 15:51:00,2,40.699941483760746,-73.99077743860141,40.693132161673006,-73.97853275862504,0.795,261
trip100988,2023-07-01 06:16:00,2,40.73638211082383,-74.00225595969728,40.70098658192232,-73.99595869250987,2.468,783
trip102084,2023-01-06 22:43:00,2,40.79600832514122,-74.02828500693442,40.787001736028174,-74.03,0.629,323
trip101245,2023-05-20 11:33:00,1,40.7530593981723,-73.97367565522869,40.768544398109356,-73.98232669493503,1.162,373
trip100571,2023-05-15 04:03:00,2,40.7469408884807,-73.90610272386314,40.77822291966308,-73.9100945218097,2.171,932
trip101435,2023-02-21 11:50:00,3,40.7462448047548,-74.0103591698182,40.75801776780904,-74.03,1.311,426
trip100993,2023-12-31 04:50:00,2,40.809166354217766,-74.01047840739302,40.80901439863504,-74.01046849474326,0.011,125
trip103504,2023-11-12 08:02:00,2,40.75726860934692,-73.96962796604566,40.77481267624653,-73.94855596600176,1.639,684
trip102269,2023-02-05 10:14:00,1,40.72950334380153,-73.98911920469851,40.73781883352164,-73.98192664418714,0.687,566
trip100585,2023-11-18 04:01:00,2,40.83987834388366,-73.95895733280446,40.83888646485494,-73.97984921065677,1.094,372
trip101349,2023-07-26 11:13:00,2,40.74508846817974,-73.98134239864251,40.74266043199749,-73.98873975294542,0.422,156
trip101007,2023-10-06 08:01:00,2,40.73313213416961,-73.96088919960575,40.73858179647729,-73.9802354373952,1.081,415
trip100674,2023-04-12 00:45:00,1,40.78761135533414,-73.96760373250645,40.78744210618135,-73.96819366824322,0.033,69
trip100447,2023-03-22 00:54:00,1,40.73508303225562,-73.97913026593497,40.702698963957644,-73.9906943134483,2.318,809
trip102287,2023-10-13 04:07:00,2,40.852484370185024,-74.02301471646126,40.86,-74.03,0.635,289
trip103004,2023-02-03 03:49:00,1,40.73805879512586,-74.01424652566321,40.75245285340986,-74.01566681519465,0.997,338
trip102064,2023-10-17 04:58:00,2,40.73609399356617,-73.90607183240161,40.74581544169617,-73.87726943489645,1.651,398
trip103384,2023-05-22 12:04:00,2,40.746693460228435,-73.93092418856818,40.746941239954694,-73.89635588783403,1.81,602
trip102509,2023-05-30 12:54:00,1,40.73617928171114,-73.96209069490968,40.726891823856484,-73.95018214219546,0.895,419
trip101690,2023-07-20 11:19:00,1,40.72593348978017,-73.89849295432984,40.74557845394888,-73.93207834736211,2.221,1132
trip103309,2023-02-08 01:19:00,1,40.730024426361155,-73.99259675217914,40.68129853128068,-73.99119106495635,3.367,1233
trip101247,2023-03-25 03:34:00,2,40.66865364131013,-73.93254598365561,40.66556716762397,-73.92079165265183,0.652,161
trip101985,2023-03-19 13:36:00,1,40.736955597303634,-73.95442599109654,40.73773950408388,-73.95091498036695,0.192,192
trip100294,2023-08-07 21:15:00,1,40.73934173809707,-73.9766350444889,40.739027739327796,-73.97355212575583,0.163,100
trip101547,2023-11-10 22:44:00,1,40.713854195862176,-73.93557046076879,40.710780126099166,-73.9316353744088,0.296,303
trip102012,2023-06-07 10:44:00,3,40.77964588157648,-73.94564975186108,40.716231464682934,-73.91117003398965,4.739,1884
trip100588,2023-02-17 20:24:00,1,40.76059517657394,-74.03,40.74709849820511,-74.0026074782618,1.71,526
trip102129,2023-12-23 07:51:00,1,40.798080793025996,-73.98948733710102,40.76255083958441,-73.98976040370727,2.455,885
trip103201,2023-06-01 17:40:00,2,40.80235731164379,-73.94674743431445,40.825230114436955,-74.00453907010215,3.41,1613
trip100425,2023-11-18 18:33:00,3,40.73388924903665,-73.94726098378685,40.7241432759175,-73.93158344610839,1.062,740
trip101054,2023-03-06 23:03:00,1,40.688020795501586,-73.9785969698101,40.669970698405514,-73.96281070539023,1.497,530
trip103332,2023-11-03 15:18:00,2,40.66514921930004,-73.99642940892049,40.6517160444181,-73.99378851269304,0.938,385
trip100556,2023-09-11 08:11:00,3,40.71609125888392,-73.96381298254931,40.66296333902574,-73.98582083270261,3.848,2019
trip103027,2023-06-29 20:05:00,2,40.68887814723136,-73.97113593129333,40.67921380317343,-73.958805187314,0.929,245
trip102585,2023-03-31 06:12:00,1,40.79474577106559,-73.99645905235714,40.81007144199024,-73.99731321669051,1.06,266
trip103553,2023-08-26 10:31:00,4,40.67331551684587,-73.94984003443538,40.64645256170485,-73.97154386999232,2.177,870
trip103550,2023-01-19 21:13:00,1,40.71657945153845,-73.9675939170266,40.70692828966484,-73.97422814586197,0.752,194
trip102706,2023-10-07 04:05:00,1,40.76801394587393,-74.00205882510652,40.76887069361669,-74.00722510429225,0.277,179
trip101193,2023-09-09 19:51:00,1,40.783755481546166,-73.95434095932396,40.79767669745105,-73.97822199947827,1.577,575
trip101716,2023-11-03 16:04:00,1,40.72373438394372,-73.98035599455562,40.71074243260961,-73.97341429150367,0.968,537
trip103932,2023-02-07 06:08:00,1,40.76580893541946,-73.93958226942718,40.76634469818484,-73.9387058148911,0.059,107
trip103616,2023-01-20 02:39:00,1,40.80362171263822,-73.92029514297954,40.762986585543594,-73.95178994680009,3.255,801
trip103934,2023-03-28 23:00:00,2,40.76784190678349,-73.93094252848393,40.7424870316938,-73.92151450149015,1.82,519
trip102466,2023-09-13 01:27:00,1,40.73017714626184,-73.9497271779676,40.67389786588208,-73.93913404776427,3.928,902
trip101285,2023-05-24 15:30:00,2,40.76127008351173,-73.96292950428688,40.75620873952006,-73.95372646053285,0.595,368
trip102500,2023-01-07 14:07:00,1,40.77488845541614,-73.92370007329596,40.73117067274277,-73.91944361536497,3.029,1002
trip102525,2023-01-26 12:57:00,1,40.78070766294157,-73.93052917159706,40.77986859211867,-73.93172187463355,0.085,71
trip103199,2023-12-18 04:24:00,1,40.73117792243363,-73.94251719565699,40.7200096720236,-73.95244032543283,0.93,371
trip102087,2023-08-08 22:18:00,4,40.72894106590041,-73.94798413567946,40.75657999392903,-73.90672526523744,2.883,774
trip101889,2023-09-29 00:43:00,1,40.77442862010149,-73.99056597273515,40.80014629256046,-74.00347894464622,1.901,874
trip101591,2023-05-07 22:52:00,1,40.686551363361225,-73.9723347553137,40.690219987248774,-73.9640359947446,0.503,301
trip103536,2023-11-27 19:15:00,1,40.792188531478736,-73.83974830914043,40.78759169058617,-73.83475543490427,0.411,300
trip102162,2023-03-11 23:50:00,3,40.80855212568934,-73.97673421137341,40.79267285200372,-73.96976686489626,1.156,363
trip102404,2023-10-18 17:59:00,2,40.711032705227545,-73.98815489218374,40.711633618344,-74.0000430872439,0.624,556
trip102271,2023-10-23 03:45:00,1,40.700929873635225,-74.03,40.72030518219831,-74.02348417825634,1.382,481
trip103227,2023-05-23 16:04:00,1,40.74717639922141,-73.95572526657135,40.740318993298516,-73.96525411876846,0.688,519
trip101137,2023-03-17 07:16:00,1,40.75167525263897,-73.95923924496064,40.75054792266224,-73.96190995979795,0.16,269
trip103929,2023-11-12 16:24:00,1,40.71600066765668,-73.9018788684363,40.71721007851668,-73.90128519707,0.089,135
trip104005,2023-07-18 20:30:00,1,40.69259411544979,-73.98988172951665,40.697910982220876,-73.99528092622805,0.464,242
trip103792,2023-11-03 19:39:00,2,40.733134488127675,-73.98722795130544,40.73285725829827,-73.97357474619416,0.715,384
trip101711,2023-09-23 04:35:00,2,40.647591861832524,-74.03,40.64754046829496,-74.02991672645646,0.006,54
trip103310,2023-08-28 06:35:00,4,40.727222382998846,-74.01852518341639,40.72579245578706,-74.01585888459668,0.171,108
trip100453,2023-08-16 02:29:00,1,40.84346412380742,-73.96172382353826,40.85037788679686,-73.99688415362675,1.899,586
trip100913,2023-11-10 19:06:00,4,40.72200245348856,-74.02897385068746,40.73164971336816,-74.02812211821798,0.668,235
trip102679,2023-03-19 13:37:00,1,40.77042980341511,-73.90022445346091,40.77051970756469,-73.9024176527089,0.115,185
trip101199,2023-09-21 23:31:00,1,40.702377352712304,-73.9898834018363,40.70808500292633,-73.99030253335539,0.395,171
trip101274,2023-09-17 11:17:00,1,40.72193796898338,-74.00975205278762,40.715000106664064,-74.0169700546296,0.61,281
trip100037,2023-01-04 09:01:00,2,40.71219295853668,-73.9807919068165,40.749006827416714,-73.96109791592492,2.745,1131
trip100974,2023-10-25 21:41:00,1,40.705012949709875,-74.00008643197629,40.70430194373047,-74.00055064050805,0.055,185
trip100983,2023-11-16 10:07:00,3,40.78310123915928,-73.89447568850547,40.783501827712385,-73.89419009762464,0.031,86
trip102672,2023-07-06 00:03:00,3,40.72910288235121,-74.03,40.75970787388077,-73.99451441579461,2.815,1666
trip101418,2023-05-24 00:03:00,1,40.79370125530703,-73.99164268738744,40.78916002878283,-73.99271566579026,0.319,145
trip101560,2023-09-30 21:44:00,2,40.73235820918582,-73.90688467320452,40.72520927696105,-73.92209049278506,0.937,262
trip100039,2023-08-15 21:16:00,3,40.77927667545211,-73.9878193075213,40.778207075055924,-73.97156403892227,0.854,256
trip101486,2023-09-04 01:47:00,3,40.789512636050866,-73.89410443386944,40.745689138310475,-73.90738678941085,3.107,1341
trip102552,2023-08-28 02:41:00,2,40.73048676316806,-73.9916244160772,40.734007547615256,-74.03,2.024,584
trip100169,2023-06-24 00:10:00,2,40.74816568632391,-73.95733573706143,40.74678058801869,-73.95843415384726,0.112,214
trip101355,2023-03-11 22:54:00,4,40.770977994798876,-73.9409370075517,40.80322437926387,-73.92506593036963,2.378,614
trip102396,2023-08-08 10:48:00,2,40.73011404923141,-73.92743984766031,40.76032468033547,-73.92274826850198,2.102,899
trip103605,2023-04-05 16:56:00,2,40.786274509756005,-73.9463995663241,40.7690887754793,-73.96142026220888,1.424,611
trip102624,2023-06-22 09:24:00,1,40.72515888719448,-74.01183854832018,40.73186838133727,-74.0260871021394,0.878,457
trip102636,2023-01-14 10:17:00,1,40.73518557707384,-73.9944741756889,40.77294393911039,-73.96051363636009,3.157,1488
trip101640,2023-11-05 01:37:00,1,40.68379981445268,-73.99852542505526,40.67778123593824,-73.97608501180775,1.247,439
trip101290,2023-12-16 13:37:00,3,40.75763679453143,-73.95838614822492,40.79286084449607,-73.9252009417743,2.99,667
trip101380,2023-07-05 02:54:00,3,40.80517152594598,-73.9248677345205,40.80352402330514,-73.9246269918764,0.115,118
trip101933,2023-03-12 18:47:00,3,40.80820794858067,-73.98090425467691,40.83088279900162,-74.01860561081979,2.518,777
trip100579,2023-05-11 23:01:00,2,40.766355445202755,-73.94575745133535,40.776738654234826,-73.93797026935708,0.825,300
trip102030,2023-05-09 13:23:00,1,40.8088710973096,-73.96439936630654,40.79825708447334,-73.96263496297348,0.739,212
trip100892,2023-08-06 20:31:00,4,40.73162251177354,-74.02959616631686,40.718637478187006,-74.03,0.897,365
trip100780,2023-07-08 21:26:00,1,40.747696129968254,-73.9956772957978,40.72836294720926,-73.99626227975423,1.336,631
trip100159,2023-06-29 00:41:00,1,40.69667753051123,-73.9594794518051,40.69595701605184,-73.960708527879,0.081,126
trip100002,2023-02-06 22:45:00,3,40.78377030381129,-73.96770054345585,40.78810269560093,-73.96428922316409,0.349,186
trip103534,2023-06-26 04:31:00,1,40.77120627060307,-73.96103650918282,40.76916397401282,-73.93558881716058,1.339,462
trip103780,2023-02-19 02:35:00,1,40.766879867368935,-73.96795721209361,40.78347174373333,-73.96842125131447,1.147,413
trip100849,2023-07-22 19:27:00,1,40.793604904162414,-73.97889525754182,40.79741756068444,-73.9752752239653,0.324,292
trip102937,2023-02-21 01:24:00,1,40.8139732140137,-74.00464936327562,40.81830314596489,-74.03,1.359,478
trip101596,2023-08-24 19:02:00,1,40.76443823408461,-73.98847001345814,40.76441830001229,-73.98892200224263,0.024,268
trip101776,2023-12-19 20:54:00,1,40.689393885304916,-73.97474579604574,40.69075530749511,-73.97467448015735,0.094,56
trip101913,2023-12-07 00:34:00,2,40.63,-73.98690976449765,40.63,-74.0128075531612,1.358,511
trip101043,2023-04-03 23:32:00,4,40.75458666493177,-74.03,40.703169635858046,-74.03,3.553,983
trip101544,2023-04-17 10:59:00,1,40.81137326462197,-73.98293227281634,40.80912377616495,-73.9793830170814,0.242,197
trip102441,2023-02-19 19:01:00,4,40.7757028329831,-73.97245568408731,40.77888855775927,-73.96631788814634,0.389,310
trip100053,2023-06-29 21:49:00,3,40.73561479526392,-74.00437201356453,40.72791600347195,-74.00290350034224,0.537,208
trip103864,2023-04-04 01:43:00,2,40.67279087720298,-74.03,40.6871672674247,-74.0227160132531,1.064,309
trip101911,2023-01-21 22:46:00,2,40.77294193184993,-73.97084859638869,40.75903265754312,-73.93225930490212,2.236,651
trip103021,2023-10-31 00:58:00,3,40.81755561387222,-73.9253375336476,40.823477853710564,-73.93681937329954,0.727,261
trip102683,2023-05-05 06:37:00,4,40.71894480064816,-73.99795341488972,40.7290147715492,-74.02005474922369,1.35,569
trip102711,2023-12-05 22:09:00,1,40.7817939630804,-73.99821853495538,40.753450176471546,-73.97189190905225,2.394,829
trip100824,2023-05-01 19:40:00,1,40.66621696810409,-73.9458864005877,40.66910774424954,-73.94585581425271,0.2,316
trip103585,2023-02-19 22:47:00,1,40.84145516611196,-74.0006055582361,40.804904601819885,-73.9030611790384,5.691,1367
trip101389,2023-05-11 17:52:00,1,40.70878794352166,-73.99203806348619,40.69028805707251,-74.0057211475733,1.465,813
trip103281,2023-10-04 03:20:00,2,40.784587169447335,-74.00013386148854,40.80299049825535,-73.99886997213646,1.273,348
trip102506,2023-06-08 21:20:00,1,40.81847652037316,-74.00516563950278,40.81477936551643,-74.01368658919034,0.514,151
trip101607,2023-05-20 07:59:00,1,40.75878683641659,-73.97543699849676,40.740963467608985,-74.00676175333324,2.051,1108
trip101594,2023-03-23 11:17:00,1,40.76700869490976,-73.95924841238882,40.75450941342283,-73.91811989070789,2.319,573
trip100771,2023-03-01 22:45:00,2,40.8111649270133,-74.03,40.814876035003635,-74.02023752176386,0.571,256
trip102273,2023-04-02 06:56:00,3,40.79087769837703,-73.84041513883149,40.790690237266034,-73.84171340171113,0.069,54
trip101868,2023-03-30 21:40:00,2,40.73331498237421,-73.95926660954467,40.70883894488932,-73.92785423374741,2.359,631
trip101085,2023-07-29 06:03:00,2,40.7316250076728,-73.92128707350804,40.724657199682206,-73.91883331634865,0.498,303
trip102721,2023-06-13 22:32:00,1,40.80804683643782,-73.92951400189168,40.836299386667456,-73.88715702587672,2.952,760
trip101325,2023-06-19 15:53:00,1,40.793535982281625,-73.90674657140877,40.77948766183852,-73.90246275975257,0.996,369
trip101463,2023-10-30 06:10:00,2,40.770686767975675,-73.98630339485513,40.787511455217384,-73.97396882710927,1.33,538
trip100806,2023-06-24 00:09:00,2,40.744049710456096,-73.89103610843492,40.74109515881809,-73.89009485510125,0.21,182
trip102460,2023-09-04 23:43:00,2,40.69332641199822,-73.92200254234601,40.701655520996994,-73.93619925663886,0.94,296
trip102484,2023-01-22 21:34:00,2,40.745486604965045,-73.95020346233292,40.74730807150766,-73.90636544600561,2.298,634
trip102108,2023-01-06 08:36:00,1,40.714083098901035,-73.92127452800192,40.70242892565553,-73.90923656748927,1.023,316
trip102836,2023-07-23 23:47:00,2,40.774944850208456,-73.96436208105301,40.811206347391966,-73.96431771604423,2.505,773
trip103940,2023-10-26 07:53:00,1,40.755183139741874,-73.98403835124283,40.81361298460055,-73.99497993481452,4.078,1905
trip102234,2023-08-27 16:01:00,4,40.708443409903005,-73.98704423599719,40.72213615346808,-73.99174681674806,0.978,460
trip100963,2023-08-17 01:39:00,3,40.745062264673756,-74.00196489489024,40.70677785112585,-74.03,3.025,1020
trip100398,2023-09-04 21:23:00,1,40.773852911752066,-74.02563311367985,40.773063207979746,-74.02100022991402,0.248,155
trip103758,2023-09-15 16:33:00,2,40.76786642210323,-74.00437444167295,40.7669748270552,-74.00362364664676,0.073,78
trip100704,2023-10-31 04:50:00,4,40.79721281296486,-73.94736041715841,40.80768915084594,-73.95493953614663,0.825,282
trip100431,2023-12-26 09:41:00,3,40.77136136898084,-74.03,40.774756264554625,-74.02965365876224,0.235,300
trip100292,2023-12-08 06:50:00,1,40.816217138784694,-74.01895641813968,40.81701799775551,-74.02442748339766,0.291,157
trip103787,2023-05-20 02:52:00,3,40.75191801353854,-73.95313810532296,40.695582106023494,-73.93911376036543,3.961,1197
trip100145,2023-08-01 16:27:00,2,40.73130892329191,-74.03,40.72364022238134,-74.03,0.53,292
trip102730,2023-03-17 17:58:00,1,40.697367549888455,-73.93868341986565,40.69282365399786,-73.93443648933325,0.385,257
trip102033,2023-05-17 22:31:00,2,40.7321388771443,-73.96245869757577,40.74477916430563,-73.95000740342867,1.09,334
trip103517,2023-09-08 18:06:00,1,40.74729584885102,-73.98774990621423,40.752769913038094,-73.9991689506178,0.707,394
trip101165,2023-11-23 03:20:00,1,40.71126212446644,-74.01143845865981,40.74487154262878,-73.997685222147,2.431,649
trip102050,2023-06-26 08:37:00,1,40.78450902819981,-74.01296268248959,40.78779242365419,-74.02039937152095,0.45,226
trip103061,2023-04-17 11:51:00,1,40.75896571185621,-74.01098155098896,40.80406056678153,-74.00337235333521,3.141,1145
trip100339,2023-02-09 23:23:00,1,40.7773942662501,-73.99124425165886,40.778040640078515,-73.991030943188,0.046,119
trip102423,2023-09-18 18:09:00,3,40.7303921460325,-73.9707777304356,40.72442001745644,-73.9490369230224,1.211,516
trip100265,2023-11-23 03:09:00,1,40.79557221180189,-74.0014921032,40.78129275149304,-74.01326140622231,1.163,434
trip103114,2023-11-27 18:00:00,1,40.76292808424664,-74.03,40.73608970681252,-74.03,1.854,751
trip101771,2023-10-11 03:13:00,3,40.75324079388627,-73.95366872441426,40.72746659435751,-73.94645085071284,1.82,583
trip100271,2023-04-03 21:42:00,1,40.7642422417753,-74.02872180700291,40.763963651747154,-74.02771881203928,0.056,66
trip100696,2023-04-04 03:30:00,3,40.64558397944263,-73.94777119171293,40.66460579977507,-73.99876207152276,2.978,790
trip103975,2023-08-07 13:54:00,2,40.76332452653305,-73.98590786719305,40.766911622068534,-73.9844929713906,0.259,144
trip100244,2023-01-28 04:53:00,4,40.84581612004127,-73.97000404908528,40.8484338887774,-73.98133614930407,0.619,235
trip103764,2023-12-20 02:58:00,1,40.747072944727655,-73.91621999774546,40.804526354428916,-73.93086121498526,4.043,1184
trip100476,2023-12-24 04:09:00,1,40.797873318973046,-73.96840369254257,40.79708934457826,-73.96893544617694,0.061,87
trip102032,2023-04-06 02:50:00,1,40.779676789641336,-73.91520255874048,40.7757652306956,-73.89818534005434,0.93,382
trip103403,2023-08-04 07:45:00,1,40.797333468723735,-74.02099961452821,40.79003869278851,-74.00650472183045,0.91,485
trip102513,2023-12-24 13:06:00,1,40.78621962546381,-73.98619701483513,40.783077851278996,-74.00445650876557,0.98,313
trip100813,2023-07-14 01:31:00,1,40.72732190163652,-73.98178930041428,40.72761158374605,-73.98188037148954,0.021,90
trip101914,2023-01-27 00:25:00,4,40.80356375665796,-73.95623915941376,40.80434108763062,-73.94354359066027,0.666,268
trip103378,2023-10-16 16:44:00,1,40.70657442738492,-74.03,40.69672619238132,-74.02476909522973,0.734,468
trip103946,2023-01-06 18:30:00,1,40.80885620307009,-73.95303716294491,40.80869510260389,-73.94960570339398,0.18,165
trip101804,2023-01-09 01:55:00,2,40.75415593172145,-73.99399080024327,40.75521127417303,-73.99426340517374,0.074,30
trip102880,2023-06-23 09:12:00,1,40.76375110863561,-74.03,40.73328164992152,-74.03,2.105,663
trip100250,2023-04-20 20:59:00,1,40.73342879694454,-73.99204698721714,40.73647264969587,-73.9963420761001,0.308,217
trip100545,2023-03-06 22:37:00,1,40.742836680787896,-73.97904606104194,40.74187245026073,-73.97769208044429,0.097,212
trip100738,2023-09-29 05:59:00,2,40.67710576025237,-73.94340340445763,40.67561564667153,-73.93741150096864,0.33,130
trip100310,2023-09-18 11:26:00,2,40.802983535003996,-73.96531654754558,40.79938209400258,-73.96739946821481,0.272,224
trip101131,2023-02-26 23:23:00,1,40.738161695899464,-73.97946317100616,40.754590498974245,-73.96489807763889,1.367,602
trip101449,2023-01-07 03:04:00,2,40.723305091680835,-73.97275760385229,40.723207012414335,-73.97265800701703,0.009,88
trip103884,2023-09-25 12:42:00,1,40.71599589776087,-74.03,40.71600262827469,-74.00884144967436,1.108,389
trip100015,2023-12-07 01:32:00,1,40.711331839170256,-73.98508681668922,40.71560286155029,-73.99776059588076,0.726,307
trip103513,2023-08-08 02:13:00,2,40.79840753353724,-73.9728766333252,40.79115258732739,-73.95132035254494,1.234,284
trip103136,2023-02-08 19:28:00,1,40.80695987163249,-74.01468263181742,40.805559094271565,-74.01815407295896,0.206,116
trip103215,2023-01-31 09:44:00,1,40.77098479474767,-74.03,40.77598530518751,-74.03,0.346,256
trip100363,2023-04-14 03:16:00,3,40.70236587631097,-74.00683672504366,40.70611544479597,-74.00395993318831,0.3,150
trip100182,2023-06-29 15:20:00,1,40.73150827461248,-74.03,40.73143264537161,-74.03,0.005,99
trip101194,2023-04-16 04:20:00,2,40.83702070683347,-73.91643264447137,40.831146218762,-73.92815032195053,0.735,244
trip103396,2023-12-11 17:47:00,1,40.709325431968864,-73.95424129878467,40.70965224343908,-73.9513185251971,0.155,240
trip101121,2023-04-06 07:38:00,3,40.750139884758354,-74.03,40.73929446085475,-73.99782671959835,1.843,888
trip103886,2023-05-11 19:11:00,1,40.705851077884766,-74.0077297760689,40.70494089343122,-74.03,1.168,754
trip101182,2023-01-21 09:08:00,1,40.71399047365291,-73.98271414139012,40.70027818356113,-73.97992123766079,0.959,456
trip102924,2023-09-21 02:50:00,3,40.71956889861864,-73.98135831857157,40.73103051507199,-73.96917787079285,1.017,350
trip100614,2023-04-30 00:19:00,1,40.71370304930617,-74.00478676128003,40.71752481626622,-74.00749127937685,0.3,143
trip101466,2023-09-01 12:43:00,2,40.692112299921234,-73.94369490762534,40.66620662952562,-73.92181584898789,2.126,651
trip100401,2023-07-06 16:26:00,1,40.75885492434956,-74.0009514050815,40.75016488892244,-73.9926912905177,0.74,308
trip100934,2023-01-14 09:45:00,2,40.76393290368591,-73.99736274485753,40.742285103078764,-73.96856821100029,2.123,785
trip102419,2023-02-23 09:10:00,4,40.645280509137464,-73.98429065273233,40.630827802466854,-73.94874706344733,2.114,1028
trip102639,2023-03-01 10:18:00,1,40.723666519798286,-73.94842955376268,40.71193796692287,-73.99827926772934,2.733,1042
trip102631,2023-10-01 06:25:00,1,40.705619195026756,-73.99611244256448,40.70606661529352,-73.99586678998111,0.033,139
trip100726,2023-06-17 16:17:00,4,40.76271641423137,-73.99446911030942,40.75042423639801,-73.98762958599418,0.922,370
trip100826,2023-12-31 09:44:00,1,40.75139127751147,-74.00036785228443,40.74764809498948,-73.99973330247552,0.261,230
trip101521,2023-05-17 21:58:00,1,40.63,-73.95118639345505,40.63,-73.95012130656617,0.056,257
trip100136,2023-11-26 02:43:00,1,40.76410812313526,-73.91777074924318,40.82558966255213,-73.96398994060264,4.888,1116
trip100628,2023-03-27 17:48:00,3,40.70317362763694,-74.01142137135884,40.702582169237914,-74.01410047841114,0.146,207
trip100334,2023-07-02 20:33:00,1,40.751475194179434,-73.95402002661969,40.75267417908281,-73.9538049065906,0.084,118
trip100390,2023-07-26 21:08:00,2,40.64604534535153,-73.97179248533743,40.65490102472271,-73.97226010310463,0.612,347
trip103070,2023-04-06 11:57:00,1,40.788657072618,-73.96993732921021,40.78644938679853,-73.96550404296487,0.278,207
trip101817,2023-09-30 00:10:00,4,40.791968747934604,-73.99210637179173,40.78209555859107,-73.99991137785133,0.795,356
trip103604,2023-03-21 18:16:00,1,40.75315609832648,-74.00439833707843,40.758406388966215,-74.00135559300152,0.396,205
trip100710,2023-03-09 19:03:00,4,40.74938589436921,-73.96080986627108,40.749332912722195,-73.96082842329044,0.004,51
trip101039,2023-10-25 04:33:00,1,40.780483061591156,-74.03,40.821290347943496,-74.03,2.82,754
trip102615,2023-03-07 08:25:00,2,40.719445930854164,-73.95377641017039,40.712720439223915,-73.96907419551061,0.926,424
trip103460,2023-01-11 21:14:00,1,40.75458192758965,-73.96420891635854,40.75745439215877,-73.92853974186436,1.877,704
trip101561,2023-07-03 19:43:00,1,40.75629659404176,-73.86798356239396,40.75612321286565,-73.8649427993304,0.16,227
trip103680,2023-10-14 13:16:00,1,40.72150356089769,-73.9929193563688,40.701037802012834,-73.91437867574125,4.35,1240
trip103410,2023-09-30 10:39:00,3,40.6512167314065,-73.94355968578748,40.646765047828474,-73.94215490051273,0.316,153
trip101112,2023-11-23 02:22:00,1,40.69814880214255,-73.97952411575119,40.71458701326043,-73.98502485250408,1.172,405
trip101223,2023-10-15 00:55:00,1,40.78521514715718,-73.96235720475373,40.83203846551756,-73.98644210278286,3.472,817
trip102663,2023-08-05 00:51:00,2,40.68570330545982,-73.98438764530125,40.69248941242707,-74.02582280537369,2.221,775
trip102421,2023-10-05 15:39:00,3,40.73736699696172,-73.95115976286561,40.7551271542351,-73.96551474303726,1.439,650
trip101508,2023-01-19 09:23:00,4,40.839888138001214,-73.97229987456609,40.81776276486819,-73.95824478051115,1.696,1225
trip101750,2023-01-17 23:49:00,2,40.715147047231895,-73.96253383845114,40.71770323321128,-73.96582747971196,0.247,128
trip103588,2023-12-22 16:23:00,1,40.714015415996606,-74.03,40.709739230185114,-74.03,0.295,216
trip100338,2023-06-07 15:35:00,2,40.8019890416248,-73.97869321928226,40.79758952307865,-73.98007427408555,0.312,183
trip100215,2023-10-31 16:23:00,2,40.79512410213871,-73.91790754516106,40.832633763099,-73.93636434332286,2.766,1318
trip101341,2023-01-08 05:39:00,4,40.76925083792112,-73.97097895255158,40.76915647130579,-73.97115334513903,0.011,82
trip103350,2023-07-04 12:13:00,4,40.752922438939784,-73.91831415476562,40.762545889432396,-73.91263279070081,0.728,196
trip103750,2023-06-19 17:16:00,2,40.73730869284945,-74.01099024181453,40.74037685626182,-74.03,1.018,650
trip102584,2023-07-22 09:29:00,1,40.77070983877458,-73.98637731429947,40.75760393443489,-73.99687515970139,1.059,594
trip102488,2023-12-26 09:38:00,2,40.81199813063236,-74.01455799451831,40.812359519003955,-74.00981735960556,0.249,323
trip102696,2023-12-18 18:46:00,4,40.77228728257309,-73.99302007447139,40.760050050555925,-73.9758821827765,1.233,603
trip102322,2023-04-04 02:12:00,1,40.80131139764249,-73.97537896030705,40.76667168121983,-73.95443472899551,2.632,1328
trip100101,2023-10-26 03:49:00,2,40.80846527340037,-73.97230777329924,40.79418574873564,-73.98260608074274,1.124,395
trip102854,2023-06-19 02:09:00,1,40.71301487028056,-73.9988812729193,40.733651305234304,-73.99552689444644,1.437,713
trip100171,2023-02-26 03:34:00,3,40.77007324906669,-73.95268259543533,40.774683569524335,-73.96876407844562,0.9,395
trip100107,2023-01-19 11:10:00,4,40.734743511584476,-73.92255881027486,40.76582806435074,-73.8864669387635,2.86,765
trip103275,2023-05-25 01:51:00,4,40.69906061019654,-74.0065449123314,40.705948098488655,-74.00778105095925,0.48,269
trip103992,2023-09-04 02:08:00,2,40.73627850230774,-73.86044357288385,40.72938328373137,-73.87090542929623,0.726,270
trip103746,2023-12-19 13:48:00,1,40.67499589301544,-73.94155906566067,40.68684190807433,-73.96639910091368,1.538,466
trip102666,2023-01-16 22:52:00,1,40.73202029762852,-73.99882732813272,40.732146330173265,-73.99873188225584,0.01,190
trip102540,2023-03-11 08:23:00,4,40.77161085186303,-74.03,40.78037774919016,-74.02147516037346,0.752,394
trip102708,2023-02-22 14:47:00,1,40.763601619831846,-73.943938924364,40.78426587824439,-73.93926290319139,1.449,488
trip102673,2023-03-15 04:37:00,4,40.7718339204165,-74.03,40.777143641579784,-74.03,0.367,127
trip103276,2023-05-28 00:23:00,3,40.79324920687541,-73.88271261984652,40.8073691144536,-73.8796557417141,0.989,459
trip103109,2023-06-26 01:10:00,2,40.71341616889119,-73.95474237631196,40.78525199144498,-73.94052308569641,5.019,1219
trip103435,2023-07-26 08:30:00,4,40.77367909081558,-74.03,40.775578142011454,-74.03,0.131,145
trip101040,2023-04-15 11:07:00,1,40.70703436822911,-73.97975109876168,40.71604423277011,-73.97923495979147,0.623,388
trip103162,2023-02-09 13:26:00,2,40.77496584347764,-73.998723830457,40.76691122486123,-74.00870631180781,0.763,336
trip102120,2023-01-12 15:58:00,4,40.77498155568752,-73.89006903563644,40.847999934472696,-73.93435629560281,5.551,1558
trip101524,2023-02-16 14:59:00,2,40.730899178059815,-73.98721694861754,40.74779849948821,-73.98667856538161,1.168,295
trip103415,2023-03-25 16:53:00,3,40.75294896613735,-74.03,40.751707754557295,-74.03,0.086,108
trip102248,2023-04-09 14:43:00,1,40.74753830034178,-73.89838187683584,40.76587863558078,-73.89600851063402,1.273,592
trip100481,2023-09-05 15:59:00,2,40.81449465279728,-73.98188638700591,40.80042277572801,-73.9527903096374,1.806,521
trip102833,2023-09-22 02:02:00,3,40.70519393979212,-74.03,40.698573955898105,-74.03,0.457,247
trip102948,2023-02-15 15:50:00,4,40.78267130648676,-73.91778657109164,40.73600073205703,-73.94022492064683,3.432,1494
trip101762,2023-04-04 02:39:00,1,40.721646287038496,-74.0068066473936,40.72510037493393,-74.00091014839934,0.39,212
trip103257,2023-06-09 13:09:00,4,40.82399357696052,-74.01237317188591,40.81647038948971,-74.01512223180032,0.539,182
trip103387,2023-08-26 11:25:00,3,40.727472183430514,-73.97085538069675,40.72977598380833,-73.9758266240948,0.305,247
trip103095,2023-05-04 20:05:00,3,40.69898030385611,-73.9242131891819,40.68728312014934,-73.93163019109971,0.897,349
trip103739,2023-04-19 04:26:00,2,40.72866637869851,-73.95471700117926,40.750805019714846,-73.97026348564552,1.733,498
trip100405,2023-02-02 17:32:00,1,40.73803725436381,-73.92284806797329,40.73371303885926,-73.91285800924436,0.602,511
trip100757,2023-08-27 21:13:00,1,40.78847586959338,-73.94155269026948,40.7979776409412,-73.94347410732927,0.664,459
trip102610,2023-10-27 13:42:00,4,40.67493844300499,-74.03,40.67812223114447,-74.01134917024915,1.002,465
trip100097,2023-08-26 03:09:00,1,40.70512389275793,-73.94320297771817,40.705656953369385,-73.94821302151028,0.265,218
trip101333,2023-04-27 04:46:00,2,40.76215429453888,-73.90405934456372,40.76087156286203,-73.90564862629557,0.122,50
trip103524,2023-04-27 15:47:00,4,40.70857949096878,-74.00362196316397,40.69286114652125,-73.96197358306536,2.437,797
trip103698,2023-02-25 04:47:00,3,40.7022079183519,-74.00221120130976,40.69865572887079,-74.00498159479905,0.285,97
trip102623,2023-03-13 11:59:00,2,40.75951570685638,-73.96233754783493,40.74514037707416,-73.95638471266004,1.041,571
trip102058,2023-11-27 10:28:00,1,40.72287762866364,-73.99052462299132,40.72323665620188,-73.99003493466441,0.036,110
trip102801,2023-09-11 02:57:00,2,40.79364120193263,-73.93272598575422,40.770614234739426,-73.91794877532013,1.769,538
trip100148,2023-05-02 03:39:00,2,40.797969110385445,-73.98522896779619,40.79829148558566,-73.98366077502433,0.085,54
trip100028,2023-05-05 07:12:00,1,40.76857296752182,-73.98760181203461,40.76656925926513,-73.98974871815356,0.178,121
trip102725,2023-03-31 10:35:00,1,40.73331803269871,-74.03,40.664858669138376,-73.98138665427963,5.372,2640
trip102627,2023-12-17 04:28:00,1,40.81597912688316,-73.99128235107251,40.819491132867206,-74.00393631595772,0.705,366
trip100692,2023-01-25 13:48:00,1,40.792842414391295,-73.96806070439649,40.7990124133932,-73.98668877383285,1.064,479
trip101386,2023-12-07 12:58:00,1,40.80619409975847,-74.03,40.797313062659455,-74.03,0.614,186
trip101845,2023-02-20 23:45:00,2,40.658302217151935,-73.94702800757538,40.64513355879217,-73.93894577831152,1.004,401
trip103797,2023-11-24 18:05:00,4,40.702505479856995,-74.02042982100394,40.70453282917533,-74.00952326473632,0.588,487
trip101599,2023-04-16 21:51:00,1,40.70195828039298,-73.99499061446477,40.660251910131215,-74.01881978268206,3.141,1290
trip100701,2023-12-02 18:59:00,1,40.738972270696415,-74.00204334938651,40.74870539618258,-74.01088262068811,0.816,412
trip101708,2023-12-03 07:40:00,2,40.79612147619064,-73.9724969173665,40.79717649608524,-73.97988604869187,0.393,261
trip100454,2023-04-12 15:38:00,2,40.75312215108097,-73.95345673891582,40.69502651325607,-73.94722173565322,4.027,1290
trip102040,2023-11-14 10:00:00,1,40.791518787525455,-73.88400777668986,40.771133006761154,-73.88059498672372,1.42,531
trip102787,2023-03-23 12:10:00,4,40.74746015064008,-74.00906843093523,40.74637762848796,-73.99126333825659,0.935,355
trip102315,2023-02-28 06:57:00,4,40.766484982014255,-73.89232080506545,40.73534381852919,-73.91728865756153,2.517,528
trip100609,2023-01-09 09:40:00,3,40.774211549796775,-73.9994450292204,40.77390217626913,-73.99314674955463,0.33,271
trip100167,2023-10-06 16:21:00,1,40.76732279347476,-74.02609180504615,40.77164258355326,-74.03,0.362,285
trip100730,2023-09-15 18:28:00,4,40.77015161725252,-73.98702285753699,40.7738865650413,-73.98686893522766,0.258,159
trip102866,2023-12-26 03:25:00,1,40.7729562422026,-74.00635701880452,40.78902225215196,-74.01491529288059,1.197,430
trip103586,2023-04-10 18:55:00,4,40.703935850723504,-73.94779227235163,40.670079910937076,-73.97812050155109,2.828,1344
trip102648,2023-12-05 04:35:00,4,40.763104234050914,-74.02344555050604,40.7358891336214,-74.00585598716982,2.094,646
trip101622,2023-04-08 16:34:00,2,40.78428346483191,-73.95018308323087,40.78958974650837,-73.91360939145726,1.948,800
trip100587,2023-08-16 05:38:00,2,40.71231414681617,-73.9124279157316,40.71687150919573,-73.91359258614015,0.321,265
trip101401,2023-01-06 02:29:00,2,40.73542068510266,-73.94708275605879,40.73569423037836,-73.94813049233834,0.058,123
trip101700,2023-09-19 09:41:00,1,40.69924211394225,-73.99253680977628,40.706193422100334,-73.99909494017344,0.59,255
trip102907,2023-01-25 14:26:00,1,40.75090167808899,-73.97823474325072,40.76610267357845,-73.97920498397218,1.052,311
trip103329,2023-11-12 00:53:00,2,40.738243102403146,-73.92839649275477,40.74668816702593,-73.88937511509756,2.124,621
trip101379,2023-10-31 08:18:00,1,40.816312512651386,-73.93533855238877,40.82313714279608,-73.92836440334094,0.596,246
trip102089,2023-04-11 14:02:00,2,40.771051890230936,-74.01085679794829,40.78006083304224,-73.99540388160254,1.02,647
trip102175,2023-01-03 02:45:00,2,40.752326424464286,-73.9690074772976,40.75772885582593,-73.96186642911307,0.528,178
trip103619,2023-12-19 13:59:00,3,40.738050678641684,-73.91820351862619,40.758539964124594,-73.9160866528742,1.42,493
trip102566,2023-02-16 23:29:00,2,40.75906051839467,-73.92734701181011,40.76082671977406,-73.92876346303395,0.143,245
trip103239,2023-09-22 09:16:00,1,40.698178290996644,-73.99303490474215,40.692972417689326,-74.0050745284755,0.726,356
trip100441,2023-07-01 08:00:00,2,40.76478979010271,-74.03,40.77253669826109,-74.02032893116538,0.737,411
trip102051,2023-04-09 17:02:00,1,40.694888285005725,-73.9980449315461,40.707273263815075,-74.00070442276466,0.867,457
trip102541,2023-05-05 12:51:00,3,40.768347776632815,-73.95075549119284,40.77667847945069,-73.97170029318521,1.238,475
trip101301,2023-02-24 13:27:00,1,40.65620190302552,-74.01642828557088,40.63,-74.02868590270606,1.921,737
trip103978,2023-09-14 06:46:00,2,40.783495011493734,-73.94561567822917,40.79113843179418,-73.95829331268551,0.848,293
trip101304,2023-05-03 03:52:00,2,40.73870038353834,-73.91195353988452,40.73980189843712,-73.9159301696383,0.222,122
trip100236,2023-05-19 01:02:00,3,40.65337199366176,-73.9708043540756,40.67986145133068,-73.98751543266287,2.029,544
trip100520,2023-10-15 22:21:00,1,40.70634327161569,-74.02753102466994,40.696648421181045,-74.03,0.682,299
trip100735,2023-08-01 18:50:00,2,40.75711535882073,-73.98016600615418,40.77327433823312,-73.98592725553847,1.156,480
trip103542,2023-09-29 02:06:00,1,40.743068500754084,-73.99811653212396,40.74700161360097,-73.98594108869098,0.693,429
trip102106,2023-09-17 00:43:00,2,40.81303968371408,-73.99180110863416,40.783655522808395,-74.00352106725131,2.121,496
trip100592,2023-03-18 06:53:00,2,40.83195844828659,-73.96919678193112,40.828410866758574,-73.96699885600297,0.271,122
trip101303,2023-01-16 00:09:00,1,40.78392347814702,-73.92638021343075,40.75398194002617,-73.88883265918793,2.853,1455
trip101387,2023-08-31 20:05:00,1,40.701104446318425,-73.99188341864964,40.69928833877424,-73.97761268892906,0.758,494
trip103266,2023-09-30 21:19:00,1,40.63,-74.00429726303668,40.63014670983872,-73.99604720745367,0.433,178
trip103382,2023-06-26 03:07:00,3,40.83452706093969,-73.97644836542926,40.82913333610437,-73.94086578874558,1.897,585
trip103725,2023-07-22 17:31:00,2,40.8124146728459,-73.90717668496993,40.81078254566897,-73.90750814184665,0.114,113
trip100904,2023-12-02 19:00:00,4,40.72200066496174,-73.88521918660335,40.69635059612554,-73.88768710498994,1.777,906
trip103390,2023-04-13 14:04:00,4,40.7016833914277,-74.03,40.71570427451637,-74.03,0.969,210
trip101279,2023-08-07 12:00:00,2,40.7401886892353,-73.89110955969696,40.743727898920795,-73.88994903611811,0.252,172
trip103639,2023-10-16 13:11:00,1,40.68942724024698,-73.96921535865485,40.702231359387184,-73.97831326957272,1.005,352
trip103847,2023-12-04 22:57:00,1,40.86,-73.96220436080404,40.86,-73.96394430944655,0.091,254
trip102308,2023-07-13 08:45:00,3,40.80809630748329,-73.92308490688275,40.801154267118875,-73.92009073749041,0.505,462
trip103173,2023-09-25 05:34:00,2,40.75176908797109,-74.00197852452295,40.7653142377983,-74.01203670420894,1.074,440
trip103278,2023-12-07 08:55:00,4,40.715515809267295,-74.01330783469325,40.7160729562301,-74.01006901548166,0.174,209
trip103166,2023-05-20 17:35:00,4,40.71057732411502,-73.95015994285204,40.717382933504084,-73.9327895084861,1.024,745
trip100706,2023-01-16 17:44:00,2,40.70902413022353,-73.96100160023532,40.73873551957746,-73.9829002008435,2.351,869
trip103526,2023-06-19 10:40:00,1,40.76731254915634,-74.00069450170817,40.77368911122914,-74.00109589743123,0.441,338
trip100745,2023-03-13 07:40:00,2,40.79188772018578,-73.96863978084335,40.78699788979478,-73.97169927085004,0.374,304
trip101939,2023-01-04 18:33:00,1,40.71392715216542,-73.95250224599668,40.70697568444155,-73.95513742072939,0.5,329
trip102618,2023-03-15 23:43:00,1,40.71529464251944,-73.93031174780236,40.73488575260964,-73.92083900493157,1.442,536
trip100513,2023-11-13 00:36:00,3,40.746125470668055,-74.01369099930166,40.74546693967716,-74.03,0.855,328
trip100081,2023-01-14 14:44:00,1,40.720213332652,-73.94127221149483,40.715297614630614,-73.96924985253897,1.504,479
trip101308,2023-09-05 11:33:00,1,40.63,-73.91920540775497,40.64409749041572,-73.89967698724706,1.413,414
trip103317,2023-10-05 12:35:00,2,40.71985022064048,-73.98764176662428,40.72008942304492,-73.98780558261275,0.019,215
trip100914,2023-08-19 16:42:00,2,40.79443323152709,-73.92614324809068,40.808470278769974,-73.91014143168121,1.281,691
trip103685,2023-09-19 08:45:00,1,40.762049838887165,-74.03,40.77270229247649,-74.03,0.736,394
trip103669,2023-05-27 05:01:00,4,40.75615929943102,-73.88357631570231,40.75812004137618,-73.90069257342168,0.906,350
trip100774,2023-12-21 20:55:00,1,40.750542393127084,-73.99066607428679,40.78128972705763,-74.02406091209527,2.751,833
trip100329,2023-05-18 01:14:00,1,40.72667740709352,-74.03,40.728759269047394,-74.03,0.144,91
trip102054,2023-05-21 11:22:00,4,40.76649030159572,-73.98433718161013,40.76846769665136,-74.01939019101681,1.839,731
trip102001,2023-07-19 15:50:00,1,40.72003550299958,-73.98240043330111,40.75819945958552,-73.99869271051243,2.771,773
trip100943,2023-07-23 11:55:00,1,40.80401378162167,-74.01406094427443,40.82435389972849,-74.03,1.634,630
trip100822,2023-12-12 19:32:00,2,40.69770642192696,-73.91386243059712,40.71460548655164,-73.90178343965381,1.328,705
trip100909,2023-01-15 02:09:00,1,40.70156896598566,-73.98426800731178,40.700289527352695,-73.98427661860357,0.088,277
trip102516,2023-01-02 13:54:00,2,40.75049423016621,-74.03,40.76835586761018,-74.03,1.234,490
trip100181,2023-08-27 20:44:00,2,40.759872212561376,-73.97643532284881,40.66540063731444,-74.0043620227796,6.689,1678
trip100164,2023-01-04 16:14:00,4,40.787732014168135,-73.99015051594809,40.80835560445078,-73.98559922851075,1.445,725
trip101523,2023-06-28 03:50:00,2,40.7415227142731,-73.94180103348141,40.73576519865356,-73.93590980459662,0.503,254
trip100451,2023-03-25 17:48:00,2,40.76569491523208,-73.99110986351224,40.77332306749262,-73.9953352241464,0.572,514
trip102538,2023-10-01 18:45:00,4,40.77764980553016,-73.99054285660473,40.779424777052576,-73.98928563297441,0.139,208
trip101311,2023-10-29 02:47:00,1,40.786205663571316,-74.02651360494835,40.78701766538283,-74.00730011769296,1.007,523
trip101111,2023-03-20 16:47:00,1,40.737774652734075,-73.99057346970741,40.761984073366996,-74.00404420774522,1.815,1127
trip103801,2023-10-18 04:15:00,3,40.71630626692086,-73.93634273369673,40.70108863018344,-73.91937816744517,1.377,409
trip101287,2023-01-05 14:31:00,2,40.74895448301174,-74.01445145609797,40.738792814653195,-74.02607659155598,0.929,428
trip100327,2023-07-03 12:29:00,2,40.74698710721958,-73.958759569423,40.749721546824084,-73.95516337230804,0.267,209
trip101790,2023-10-05 13:17:00,2,40.6753748995488,-73.92930253431169,40.69652132508705,-73.87871739431807,3.026,820
trip102490,2023-12-07 22:24:00,3,40.78668922324773,-73.9345264190853,40.78713604592863,-73.93594416262702,0.08,72
trip103546,2023-02-28 18:04:00,4,40.82224675222573,-73.96655183800027,40.82211938821598,-73.96615504086543,0.023,45
trip102007,2023-01-22 18:03:00,1,40.700008100715294,-74.03,40.74882646846356,-73.93761337677833,5.898,2322
trip101858,2023-03-13 19:46:00,2,40.767701959161435,-73.92884091149473,40.78986683566565,-73.9390785238084,1.622,744
trip100312,2023-02-02 01:44:00,1,40.82847705367755,-73.97804474890418,40.82742412545886,-73.97779543450706,0.074,87
trip100832,2023-08-22 00:15:00,2,40.69924986557987,-74.02893759538927,40.701533412241055,-74.03,0.167,204
trip101201,2023-12-29 22:14:00,1,40.72812126411854,-74.00152497426748,40.68526191822595,-74.00532538133719,2.968,871
trip103075,2023-01-04 05:37:00,4,40.711427061830015,-74.03,40.73134537945781,-74.03,1.376,353
trip103483,2023-03-06 19:05:00,2,40.808951786179016,-74.03,40.81369566224753,-74.01674093646493,0.767,358
trip102134,2023-08-22 12:34:00,1,40.714053741479816,-73.94687747398177,40.717892694695394,-73.95031247582581,0.32,111
trip102209,2023-04-26 07:32:00,4,40.73046098050335,-74.00796194736215,40.71051983343083,-73.97522889225516,2.199,1077
trip103084,2023-01-01 10:08:00,1,40.7288130254001,-73.94093694456994,40.7338066547132,-73.93711890597937,0.399,418
trip101481,2023-04-17 17:40:00,2,40.77534908830824,-74.00397310528659,40.775699808290064,-74.00244849056321,0.083,53
trip100777,2023-07-19 04:39:00,2,40.767864608702446,-74.03,40.780750958820875,-74.03,0.89,351
trip100799,2023-10-23 05:09:00,1,40.75175109431056,-73.9991738506604,40.7190229981183,-73.92492848374233,4.497,928
trip100054,2023-08-29 19:55:00,1,40.72883323055682,-73.95425569243807,40.75766176427193,-73.95506766315638,1.992,739
trip101920,2023-08-02 15:04:00,3,40.70078183222275,-73.99091235564352,40.66511393598191,-74.03,3.204,946
trip103447,2023-08-17 01:59:00,1,40.79403667886492,-73.92386581484294,40.77480079976429,-73.93366095578754,1.424,380
trip102861,2023-10-12 01:14:00,2,40.778479074560074,-74.03,40.78177437787437,-74.01695777436699,0.719,319
trip101701,2023-05-12 02:33:00,1,40.72779693968278,-73.92849329975277,40.71701621854366,-74.00733194502058,4.195,1120
trip102161,2023-08-12 11:31:00,3,40.70752209138751,-74.00864561973209,40.744944575436385,-73.98760762648317,2.811,846
trip103752,2023-07-30 01:37:00,1,40.74199190999144,-74.03,40.76750646739234,-74.03,1.763,563
trip100987,2023-11-27 00:37:00,2,40.76489680697483,-73.9675963447952,40.76551641123887,-73.96019500078071,0.39,173
trip103143,2023-12-13 17:19:00,2,40.76148370082902,-73.93909223214878,40.76318716470417,-73.93744834631288,0.146,257
trip102858,2023-06-30 00:10:00,4,40.734717773847706,-73.87922237041603,40.73051439245365,-73.8849784485835,0.419,209
trip101394,2023-05-31 08:24:00,1,40.66579518477725,-73.96707102288408,40.69019369370393,-73.92790066729982,2.656,1419
trip100768,2023-07-22 21:09:00,2,40.6924071569062,-74.03,40.65645078387726,-74.0275172432294,2.488,887
trip103541,2023-02-16 02:39:00,1,40.765840132927195,-73.99781407775623,40.768494275130934,-74.01785660029411,1.065,291
trip100285,2023-12-27 06:36:00,1,40.72878138366475,-73.9038458179747,40.72527289096295,-73.90539622501028,0.256,127
trip103519,2023-12-17 01:45:00,4,40.77955683370241,-74.03,40.776038607824304,-74.02266226726877,0.454,233
trip100428,2023-05-08 02:59:00,1,40.68780183180803,-73.98849348958551,40.68804207009307,-73.98831454479028,0.019,64
trip102332,2023-12-18 18:28:00,1,40.76173394728635,-73.9911790443587,40.796618729451424,-74.01099981735045,2.624,987
trip102079,2023-10-09 21:49:00,1,40.70881939032342,-74.03,40.70870103488294,-74.02975068308487,0.015,77
trip100722,2023-11-09 00:47:00,4,40.647366796958266,-73.98228809776992,40.64366546349712,-73.98671492380254,0.345,131
trip100951,2023-06-15 00:12:00,1,40.77032958704235,-74.01734182719935,40.768004286665985,-74.02961725325886,0.662,250
trip103039,2023-10-01 16:39:00,4,40.74676006334021,-74.03,40.73836999372853,-74.03,0.58,427
trip102262,2023-10-28 21:42:00,1,40.756219230820896,-73.99449101828873,40.77262235942921,-73.99827323453589,1.151,487
trip100989,2023-08-30 11:32:00,3,40.72827444285739,-73.94277363069868,40.78712713194358,-73.9127957929171,4.359,1089
trip103731,2023-12-07 05:49:00,1,40.78156078772552,-73.98579124073451,40.76379074629833,-73.9626654829394,1.724,604
trip102697,2023-04-08 00:17:00,1,40.756553364145475,-74.00095866037825,40.752280561754546,-74.00078610164779,0.295,139
trip100326,2023-07-20 20:18:00,3,40.6792581884956,-73.93297209004031,40.65411263866196,-73.93126382548053,1.74,509
trip102608,2023-03-30 00:12:00,2,40.787222775982954,-73.95193610551748,40.79406540684171,-73.94189618771688,0.707,288
trip101383,2023-10-07 09:27:00,2,40.74259070376052,-73.96292884861498,40.7415690791338,-73.96015551858625,0.161,198
trip101724,2023-09-22 21:31:00,4,40.80073096427391,-73.97318938798546,40.80077801705742,-73.97303544116919,0.009,107
trip101086,2023-06-03 17:34:00,1,40.68708506530905,-74.02391272517558,40.69344625359552,-74.02331814916194,0.441,248
trip103207,2023-08-20 00:21:00,2,40.76442022812307,-73.94558380777231,40.76462849313631,-73.94527991414837,0.021,39
trip100341,2023-04-04 07:02:00,2,40.76369650280636,-73.92951971320569,40.78991360715338,-73.87177237073199,3.523,1361
trip100147,2023-07-19 06:20:00,4,40.743664410111265,-73.89025071773935,40.75758280415125,-73.88724030198485,0.975,334
trip103106,2023-07-01 09:52:00,1,40.784125886468985,-73.96116977839569,40.7637109239651,-73.97352016118023,1.552,990
trip101107,2023-04-23 03:20:00,2,40.71424302451937,-73.9970955820849,40.74722051380335,-74.02048555218208,2.587,662
trip100848,2023-05-28 13:47:00,1,40.718173096152185,-74.01319005888305,40.72158050672699,-74.03,0.911,309
trip100966,2023-07-11 17:24:00,3,40.738487556789664,-73.99842594986306,40.734927350219415,-74.02204131058093,1.261,607
trip103274,2023-05-15 03:25:00,1,40.66374328577057,-74.02575418086774,40.65783996498414,-74.0291678364196,0.445,316
trip102203,2023-06-25 22:13:00,3,40.77721562121477,-73.98869223046225,40.78442170753842,-73.98722007205002,0.504,220
trip100661,2023-10-14 22:57:00,2,40.74920967280851,-73.99613733090925,40.74339624190795,-73.9867987361313,0.633,311
trip101002,2023-07-30 21:51:00,3,40.73134871203739,-74.01134969606275,40.73509967635122,-74.01146648935445,0.259,272
trip103520,2023-10-11 20:51:00,1,40.717268451670336,-74.03,40.735590280007806,-74.03,1.266,586
trip103352,2023-05-11 01:22:00,1,40.787155192898666,-74.03,40.78832220624043,-74.01801225998575,0.632,175
trip103113,2023-04-29 12:59:00,1,40.78507882393472,-73.97162626978394,40.78306836073391,-73.96490933182871,0.378,305
trip103545,2023-07-16 04:45:00,1,40.720792311113144,-73.90833742648475,40.72330659098829,-73.9080550844327,0.174,157
trip101879,2023-09-27 21:06:00,1,40.67682619801181,-73.92787997990419,40.6544498881236,-73.90336549005977,2.01,554
trip103768,2023-03-25 03:16:00,2,40.791739559979106,-73.96895143885523,40.81934853481651,-73.8353569019076,7.243,1821
trip101203,2023-12-18 08:21:00,4,40.7453921482025,-74.03,40.7391464140573,-74.03,0.432,221
trip101990,2023-12-19 07:20:00,2,40.767582626174,-74.03,40.770540017847345,-74.02491846573895,0.335,225
trip100024,2023-04-20 13:16:00,1,40.73072524800266,-74.01993255099012,40.750064133931936,-74.01794555986265,1.34,520
trip103759,2023-01-05 20:11:00,2,40.66959730327698,-74.03,40.64487237831657,-74.02900221353643,1.709,526
trip103793,2023-10-12 16:11:00,3,40.78249907690349,-73.99831534444438,40.78198552686644,-73.99723167513588,0.067,235
trip102761,2023-05-28 07:25:00,2,40.677236826992576,-73.99745148084185,40.716662812550396,-73.96755170155139,3.142,1420
trip103402,2023-07-31 04:45:00,1,40.71791288132389,-74.03,40.70494418435315,-74.03,0.896,247
trip100875,2023-04-27 16:02:00,3,40.66186338518213,-73.9999939253488,40.66050938608941,-73.99927225574457,0.101,225
trip103599,2023-07-03 14:04:00,3,40.812824120616014,-73.93836151962137,40.768732295530675,-73.98478745764878,3.896,1111
trip100938,2023-10-22 12:32:00,1,40.79231302591976,-73.94851470260913,40.80412904274753,-73.95589992854866,0.903,519
trip102394,2023-10-16 23:13:00,1,40.710064127886604,-73.89385535661283,40.72090088093747,-73.90014214142865,0.818,375
trip103336,2023-01-20 14:21:00,1,40.73889292920198,-73.90364887182454,40.73646971412663,-73.90777302738718,0.273,168
trip103972,2023-03-08 10:02:00,3,40.760556801140204,-73.99204231536086,40.75147090799233,-73.95485262489525,2.045,750
trip100385,2023-07-16 10:01:00,4,40.714263866948855,-73.9971194742442,40.704729348198356,-74.00290614033875,0.725,417
trip103476,2023-11-04 02:10:00,4,40.65381247317637,-74.02603343248,40.65371932495466,-74.02624684638815,0.013,100
trip103338,2023-11-29 04:49:00,2,40.70144692658281,-74.0018249135231,40.6935070197359,-74.00823581771911,0.643,222
trip103674,2023-06-29 09:00:00,1,40.688754238244165,-73.97880146187858,40.69048682099104,-73.98385844598442,0.291,199
trip102291,2023-12-18 10:37:00,1,40.801366634564644,-73.91312322093628,40.81863080472599,-73.92730240915208,1.405,577
trip102776,2023-10-22 23:09:00,1,40.77501604140848,-74.01465576371884,40.81235301354278,-74.03,2.702,731
trip100936,2023-10-02 17:19:00,1,40.69821109708665,-73.96844472983189,40.72413863012794,-73.95316962435521,1.962,776
trip103441,2023-02-14 03:12:00,2,40.75209309265966,-73.9990869866204,40.75444229119156,-73.93521160792686,3.347,992
trip102360,2023-10-29 18:44:00,1,40.82064993182495,-73.93159640694246,40.80454332379972,-73.90210074934511,1.902,639
trip103908,2023-07-01 00:10:00,1,40.70317296153213,-74.03,40.71158491243536,-74.03,0.581,388
trip101332,2023-10-21 06:23:00,2,40.78944446218367,-73.96633158738969,40.79440509294539,-74.01286794924124,2.458,782
trip101934,2023-07-17 19:30:00,1,40.68924553968431,-74.03,40.68517281379034,-74.02734725038815,0.314,264
trip100935,2023-06-07 06:08:00,2,40.7765296098716,-74.01007215023874,40.79087056009343,-74.02211889310932,1.174,394
trip102418,2023-12-18 11:38:00,1,40.7777305928449,-73.89491714207546,40.777564444805435,-73.89549133799905,0.032,150
trip100566,2023-04-12 00:49:00,1,40.74281582616601,-74.03,40.72804326774431,-74.02221819465497,1.099,448
trip101854,2023-01-03 07:57:00,1,40.77138076303066,-74.01786570688927,40.779651960670556,-74.00302344074936,0.964,434
trip103220,2023-10-19 03:43:00,4,40.81421431452519,-73.95071672575543,40.81430101655025,-73.95069749323171,0.006,197
trip102467,2023-01-01 22:35:00,3,40.80951269491854,-73.97342407615695,40.800586968384586,-73.96289576881384,0.827,284
trip101645,2023-05-16 16:20:00,3,40.75240560606779,-74.03,40.74835603777365,-74.02809672799366,0.297,202
trip104004,2023-05-15 20:22:00,4,40.81226741625368,-74.03,40.81480868114684,-74.03,0.176,124
trip101792,2023-05-06 07:28:00,3,40.76232290792388,-73.99991369094926,40.767914927785775,-73.96204667420872,2.019,810
trip101430,2023-06-06 21:48:00,3,40.737808234142896,-74.03,40.73606323423762,-74.02844611688086,0.145,95
trip103082,2023-08-19 09:48:00,4,40.76032571640063,-73.9860800863908,40.76575570915575,-73.98310517251352,0.406,290
trip101013,2023-09-09 11:09:00,3,40.675520709556665,-73.90465057429222,40.63,-73.92737668714467,3.363,1025
trip101928,2023-02-16 23:12:00,1,40.78898013403863,-73.95339361760783,40.789814903456545,-73.94465227402056,0.461,164
trip102991,2023-08-31 20:13:00,4,40.82323306027591,-73.96484817637096,40.81642612440341,-73.9655477614766,0.472,254
trip100126,2023-02-15 02:16:00,2,40.81584863010488,-73.93454713364108,40.79181222346068,-73.92004611333458,1.826,570
trip103285,2023-07-20 23:37:00,1,40.79540949116803,-73.95552046735548,40.80829403478085,-73.94603177340278,1.019,323
trip101347,2023-03-15 09:40:00,2,40.71704715783691,-73.91546917718672,40.75350259325628,-73.90568661971953,2.57,894
trip100355,2023-02-17 18:29:00,2,40.76047951090617,-74.01378140714269,40.757737583978056,-73.99269641959216,1.12,714
trip100827,2023-11-05 20:58:00,1,40.74470751150587,-73.99104975743404,40.75094087134269,-73.99932150866053,0.611,349
trip101639,2023-09-11 16:23:00,2,40.740829816249395,-73.95368275633233,40.732056599730015,-73.94806703212848,0.674,307
trip100984,2023-06-28 18:00:00,1,40.76684739032678,-74.03,40.81687053801898,-74.03,3.456,1401
trip102188,2023-09-30 16:24:00,1,40.840491675058026,-73.90285288558395,40.803453565616344,-73.93622174256268,3.097,1557
trip103398,2023-04-23 08:08:00,1,40.66637908020493,-74.0143875491048,40.63,-74.01396018406615,2.514,1078
trip102443,2023-03-12 14:26:00,2,40.78328616287858,-73.9840903263037,40.79452042416576,-73.97977625653179,0.808,259
trip100362,2023-12-18 04:33:00,4,40.79499209111096,-73.9966365335344,40.86,-74.01742921409803,4.621,1248
trip102349,2023-03-30 18:50:00,4,40.783725565693295,-73.97959806571002,40.77584188944032,-73.95395881529068,1.448,902
trip100345,2023-10-17 15:50:00,2,40.65715427754379,-73.9638693190635,40.68266410507039,-73.96774420610237,1.774,647
trip102736,2023-11-09 07:38:00,1,40.70750097047186,-73.89966924891154,40.702178318937655,-73.86447123174351,1.88,806
trip103388,2023-11-06 05:58:00,1,40.68028342706451,-74.03,40.63,-74.03,3.474,1092
trip100711,2023-04-09 23:39:00,4,40.78157486416403,-74.00524045908797,40.77764618240568,-73.99671373088162,0.522,440
trip102749,2023-06-24 03:21:00,2,40.78373944991461,-73.9966145981161,40.76353646603132,-74.03,2.236,576
trip103052,2023-01-08 04:52:00,1,40.70934094990407,-73.95649526057154,40.71386221339023,-73.93711326318807,1.062,331
trip100010,2023-01-27 09:22:00,1,40.78957290886883,-73.96372797651705,40.78997052311905,-73.96971855241426,0.315,212
trip103208,2023-10-08 12:25:00,4,40.795939726945115,-74.01119869022402,40.79473180149301,-74.00777065078873,0.198,275
trip102116,2023-05-01 20:49:00,3,40.75282142364565,-74.03,40.74656728527459,-74.03,0.432,157
trip101834,2023-06-03 17:17:00,1,40.77603977352168,-73.98787184469018,40.77267066348682,-73.97811315474432,0.561,664
trip100793,2023-08-28 14:01:00,3,40.767606909696994,-73.98432960673178,40.767434667673484,-73.98503723948744,0.039,100
trip103690,2023-03-11 08:10:00,2,40.78232565491024,-73.9688915731891,40.78769326244746,-73.96751657504728,0.378,217
trip102674,2023-08-04 19:13:00,4,40.739217228005444,-73.89032657396241,40.64911882573838,-73.81858642614075,7.272,2507
trip100094,2023-10-30 15:12:00,1,40.67406995047189,-73.95516202966625,40.694313829966575,-73.94539710039133,1.489,346
trip100129,2023-06-28 23:05:00,3,40.70830408263675,-74.02397608040094,40.701992781366584,-74.03,0.538,214
trip102371,2023-10-26 14:53:00,1,40.739270364205886,-73.88458333879309,40.74746041633268,-73.88081405793895,0.599,257
trip103967,2023-06-01 14:42:00,4,40.70300125802612,-73.951865628318,40.72000372900373,-73.95397257213969,1.18,526
trip103881,2023-09-19 12:50:00,4,40.81329769901428,-73.9416744057047,40.81132220312288,-73.93542196577293,0.354,158
trip102263,2023-09-26 09:39:00,1,40.74122590512461,-74.00917881562359,40.659235320834966,-74.03,5.769,3271
trip101900,2023-06-19 22:25:00,2,40.72504424174618,-73.97768709655574,40.72354436105172,-73.96891075336141,0.471,243
trip102910,2023-07-04 03:34:00,1,40.728175462408224,-73.9516308620409,40.712669433316485,-73.9263249757077,1.704,508
trip103629,2023-04-27 05:15:00,2,40.77838600738657,-73.99363752834147,40.788856322282044,-74.0143479996763,1.303,334
trip101932,2023-09-10 13:52:00,3,40.71115664519451,-73.99098552472887,40.71515807687952,-74.00572811599946,0.82,468
trip103383,2023-12-02 07:08:00,2,40.71989907969984,-73.99952251384089,40.74294399524868,-74.00832889838865,1.658,659
trip101865,2023-04-29 20:05:00,2,40.75707547795463,-74.03,40.764755873708175,-74.01007691907523,1.17,417
trip101658,2023-06-21 05:54:00,4,40.783830840962594,-73.97966767616414,40.70290598373544,-74.00506780064492,5.747,1149
trip100516,2023-02-09 17:57:00,4,40.78007467081486,-73.94358971302265,40.78264097380311,-73.94771882977825,0.279,227
trip101857,2023-03-15 22:28:00,1,40.796968452897424,-73.98096058885818,40.79388536210898,-73.98738054730511,0.398,192
trip102645,2023-05-02 08:47:00,1,40.742961033438554,-73.97911574571886,40.71700455042201,-73.98046050177024,1.795,903
trip102243,2023-05-07 13:26:00,1,40.79241671294049,-73.92480593644771,40.79579265304047,-73.9252151040185,0.234,101
trip101277,2023-11-20 07:15:00,1,40.82290316391112,-74.00118932458722,40.831044221458335,-74.01664335743205,0.984,479
trip103866,2023-12-18 09:56:00,2,40.768781686136435,-73.98744705875839,40.76919506120622,-73.98627817446966,0.068,342
trip100950,2023-12-15 06:22:00,1,40.672444146666756,-73.92915133226516,40.66845110548754,-73.91737481594761,0.676,238
trip101120,2023-11-21 23:20:00,4,40.77026427751197,-73.97229416289298,40.77330644881396,-73.97317306007157,0.215,158
trip102597,2023-09-05 07:23:00,1,40.76291010032317,-73.98646076909873,40.76539576789956,-73.9892199939911,0.224,228
trip102204,2023-03-08 01:56:00,3,40.79863852922279,-73.98283522571266,40.834959728219246,-73.9576564548582,2.834,609
trip100419,2023-04-17 17:29:00,1,40.81091136503062,-73.91888171338027,40.80418647751812,-73.91438371594018,0.521,247
trip100922,2023-06-30 13:36:00,1,40.75536516375073,-73.97157861059534,40.8134950858122,-73.96380549773228,4.037,1027
trip103221,2023-06-30 09:46:00,4,40.75384171217212,-73.98294959438024,40.74186567554946,-74.01723363368816,1.976,804
trip100477,2023-07-05 17:24:00,1,40.69861277982359,-74.00324811428887,40.704772545060585,-73.9951010133998,0.603,296
trip102035,2023-03-25 14:28:00,1,40.7831576438914,-74.00861111504464,40.79202284203801,-74.00290472870587,0.681,419
trip102893,2023-06-04 15:52:00,1,40.720157181221346,-73.93763781222793,40.72028905755104,-73.90727476237663,1.59,453
trip101692,2023-07-02 02:15:00,1,40.687812293588635,-73.99210616240521,40.71748521569693,-74.00003224210943,2.092,799
trip102940,2023-08-24 12:08:00,1,40.82391971320463,-74.01738139814708,40.82527116284092,-74.00605538574877,0.599,361
trip101471,2023-12-25 16:18:00,2,40.80062697647686,-74.00152247121038,40.80822258497048,-73.97729088899766,1.372,705
trip102601,2023-09-17 02:05:00,1,40.813509264364455,-73.99375550375858,40.81375429001892,-73.9950374585288,0.069,122
trip101202,2023-08-03 07:46:00,2,40.76891020192635,-74.0221079939633,40.77424847118319,-74.01530937177526,0.512,282
trip102438,2023-03-21 10:00:00,1,40.79479926976732,-73.94473777075663,40.86,-73.93450713200313,4.537,2004
trip102626,2023-05-14 03:23:00,1,40.81088831098939,-73.95706571565572,40.793250574717675,-73.9621268138778,1.247,365
trip101669,2023-08-02 00:39:00,2,40.71855938038068,-73.95647041498871,40.72322409230574,-73.96152195709132,0.417,243
trip103707,2023-11-01 18:25:00,1,40.7768625653789,-74.03,40.78130296845385,-74.02464016388038,0.416,212
trip101970,2023-01-04 19:11:00,4,40.739387459028364,-73.96031170289848,40.73677969297266,-73.95740190303249,0.236,159
trip102151,2023-11-06 02:14:00,2,40.78291715835734,-74.01606474508898,40.78408706714341,-74.01969918483346,0.207,88
trip100820,2023-08-13 04:09:00,2,40.72834414942606,-74.00119501175622,40.72923379135548,-73.99584249963739,0.287,297
trip101997,2023-02-08 00:19:00,1,40.74588069912618,-73.90739515678986,40.743426604264975,-73.90527871613644,0.203,222
trip103834,2023-03-21 02:44:00,2,40.81439946245152,-73.9263747853969,40.81033107683118,-73.91061184874997,0.871,353
trip101248,2023-02-20 13:20:00,1,40.742279597040266,-73.9653805069017,40.728110363594546,-73.9719745805796,1.038,491
trip102918,2023-09-06 12:25:00,1,40.70411079165783,-73.99497405142485,40.703348138652224,-73.99209280398523,0.16,243
trip102712,2023-05-09 09:12:00,4,40.746635398529584,-73.9717085149918,40.748966522202764,-73.96530787616543,0.372,214
trip103552,2023-12-07 15:35:00,3,40.79652142486295,-73.97397293653087,40.79626666972773,-73.96945735712718,0.237,221
trip102190,2023-02-21 16:31:00,1,40.78267442626508,-73.98772202692689,40.78197880794838,-73.98858970419546,0.066,141
trip103488,2023-06-17 15:15:00,1,40.75402790498937,-73.9894615988298,40.74923210301157,-73.96146515788897,1.502,350
trip101046,2023-10-10 15:29:00,1,40.725805184039366,-73.93932899417693,40.72429400364514,-73.96053385073384,1.115,452
trip101888,2023-05-14 23:40:00,3,40.6797458685015,-73.93962625118851,40.70416078760928,-73.94239282580547,1.693,711
trip102469,2023-08-23 00:56:00,1,40.75072582368742,-73.91442281115246,40.76129138511225,-73.93214135605552,1.18,452
trip100615,2023-01-08 06:15:00,2,40.69228144073828,-73.9053496274575,40.65836758630474,-73.9221659169482,2.503,712
trip101318,2023-06-06 09:24:00,1,40.683172503439266,-74.03,40.687876776640024,-74.02651329810497,0.373,154
trip103856,2023-09-09 12:31:00,1,40.69828783192576,-73.97223717652268,40.6524405518319,-73.97526951329297,3.172,1242
trip103896,2023-05-28 03:48:00,1,40.688434471918605,-74.03,40.684816686768805,-74.03,0.25,210
trip103912,2023-05-30 08:15:00,1,40.728591289630934,-73.98729676894389,40.72927171076682,-74.0078535155605,1.077,566
trip102136,2023-11-01 00:54:00,1,40.76120202596785,-74.02763867705792,40.74841345518757,-74.03,0.892,351
trip103268,2023-06-01 16:11:00,2,40.73591309713332,-73.89618785225765,40.739096770050175,-73.92553855597805,1.552,747
trip101772,2023-09-17 06:03:00,1,40.69170964669903,-73.98244566293104,40.694263424145596,-73.98261539585405,0.177,87
trip103944,2023-07-28 13:08:00,4,40.80566727438291,-73.98641961509689,40.7893371604481,-73.97577869467739,1.258,458
trip100131,2023-11-05 04:21:00,1,40.68804912335997,-74.01449342011405,40.70736566484698,-74.01177936639141,1.342,539
trip102860,2023-05-05 12:22:00,1,40.68391122563581,-73.98048886860143,40.68417665221574,-73.98163403312358,0.063,248
trip100077,2023-06-18 14:03:00,2,40.75713428609845,-74.00164124997784,40.75035566194419,-74.0065322600627,0.534,218
trip102052,2023-08-23 05:33:00,2,40.80215273120696,-74.03,40.758999398333074,-74.03,2.982,876
trip100724,2023-01-23 09:52:00,1,40.70847011011471,-73.96888038458263,40.711059112854386,-73.96364721649243,0.327,263
trip101314,2023-03-30 09:29:00,2,40.775445718862606,-73.98118934796334,40.82166409697894,-73.94352973227217,3.752,1415
trip101851,2023-08-20 12:16:00,2,40.76040769102345,-73.93171458213173,40.75679558042462,-73.94318149156994,0.65,262
trip103905,2023-09-20 04:37:00,1,40.86,-73.94663850610812,40.86,-73.93536594653148,0.589,267
trip103053,2023-08-22 00:58:00,3,40.74659028355931,-73.89159140160527,40.75697948454897,-73.89947574707195,0.828,427
trip103305,2023-12-23 10:51:00,1,40.773218131454556,-73.9997482202976,40.76207988416508,-74.00939300700932,0.92,444
trip101372,2023-11-15 03:56:00,1,40.76821847894361,-73.9829533806849,40.810520458096065,-74.0124666847736,3.306,898
trip101855,2023-12-29 23:10:00,2,40.718862983672146,-73.99236843468138,40.72080855384814,-74.01669055161703,1.281,477
trip101319,2023-08-01 10:02:00,3,40.80356861034822,-73.96859709372505,40.82880653231382,-73.9654088633831,1.752,630
trip102560,2023-07-08 12:14:00,2,40.76615303982932,-73.98033463559905,40.73294481439762,-73.99359828217713,2.397,889
trip103842,2023-01-16 16:32:00,1,40.763321488466914,-73.98857530415057,40.76267476258082,-73.98834394482198,0.046,90
trip103256,2023-03-26 18:02:00,1,40.72086432571842,-73.90465383419159,40.82076215581932,-73.88172762554545,7.006,2651
trip102881,2023-05-01 08:34:00,4,40.79022094356709,-73.99038626394696,40.7350123706465,-74.03,4.342,1999
trip100375,2023-04-27 19:36:00,4,40.854744389515574,-74.03,40.85253237337728,-74.03,0.153,169
trip101908,2023-07-28 02:58:00,1,40.728857357117555,-73.94775160200871,40.735156143183175,-73.94577922866698,0.447,312
trip100333,2023-01-17 18:08:00,4,40.70438271851018,-73.93403052603084,40.70252308527756,-73.92851131669887,0.316,182
trip102996,2023-06-19 07:08:00,2,40.69554762176399,-73.99395428888653,40.687380623272674,-74.00410826410149,0.776,492
trip103650,2023-12-28 20:36:00,1,40.81432893885558,-74.03,40.80213378743946,-74.03,0.843,334
trip102365,2023-03-29 19:34:00,2,40.81660446416713,-73.99558963134834,40.80535360295648,-73.97613773474774,1.28,756
trip101604,2023-12-20 15:52:00,4,40.73594400512549,-73.98395815729415,40.73270107507298,-73.98922147818492,0.355,139
trip101118,2023-06-23 07:48:00,3,40.765841551231134,-74.0118509038426,40.72407796725462,-73.98717205410816,3.162,1181
trip103783,2023-09-02 15:44:00,4,40.81082566177871,-73.99057193398296,40.80429582982398,-73.98448082372933,0.552,303
trip101943,2023-06-06 15:09:00,1,40.65188352060678,-74.03,40.64579614774451,-74.03,0.421,227
trip103007,2023-07-02 15:38:00,1,40.79771472421508,-74.03,40.797976601049626,-74.0193559160258,0.557,224
trip102376,2023-08-18 23:34:00,1,40.77270000914481,-74.03,40.75564486222832,-74.03,1.178,449
trip103357,2023-05-12 13:00:00,1,40.726401329816305,-73.99624582956268,40.727254630869,-73.991501218006,0.255,105
trip101342,2023-03-07 14:25:00,1,40.7697545963225,-73.97454417548954,40.76294299924177,-73.96075629620388,0.861,273
trip100320,2023-05-17 03:36:00,1,40.7852057654088,-74.01221358497016,40.77367646778664,-73.99736758512252,1.113,311
trip101619,2023-04-08 10:27:00,1,40.71579144601215,-73.95872926084927,40.71673155184678,-73.95627244142817,0.144,148
trip103521,2023-02-28 23:03:00,2,40.75181513824996,-73.96301039158953,40.760540506744725,-73.9666469150776,0.632,234
trip102060,2023-08-27 15:33:00,1,40.684884794061325,-74.00343293061293,40.671133617841264,-74.01461544293385,1.116,389
trip102219,2023-04-13 10:13:00,4,40.683149709854604,-74.01120359990253,40.68413737882637,-74.00891443635084,0.138,102
trip101673,2023-08-20 16:33:00,3,40.77025093030398,-73.99367706044342,40.83673092607064,-73.99290219530022,4.594,2243
trip101942,2023-01-07 23:53:00,3,40.694743800218866,-73.95015530518846,40.65000536528645,-73.91988100087842,3.475,1020
trip100260,2023-11-07 01:43:00,3,40.73928218152114,-73.96686842546582,40.751011762373956,-73.97324826914497,0.877,447
trip103471,2023-09-29 20:04:00,3,40.73635592724803,-73.96306179428308,40.744953261353196,-73.93348641463774,1.658,608
trip102039,2023-01-01 10:25:00,2,40.76325667791513,-73.94591592818773,40.76529092566501,-73.94603332798688,0.141,155
trip100689,2023-07-12 20:10:00,2,40.73088518224931,-74.00668166416442,40.742182132028724,-74.00539514009267,0.783,351
trip100901,2023-11-23 22:58:00,1,40.75461489326768,-73.97682346910622,40.727145675847765,-74.00042495257757,2.265,632
trip102306,2023-12-23 00:35:00,1,40.83709215325881,-74.03,40.83829696057741,-74.0259235479749,0.229,154
trip102026,2023-06-23 09:06:00,1,40.77543190204644,-73.97599444858444,40.76758479167118,-73.97595078638815,0.542,316
trip100138,2023-01-09 05:46:00,3,40.83985289012613,-74.02541176536151,40.85278440811178,-74.00158873946494,1.533,542
trip101917,2023-01-03 01:25:00,1,40.7961406615416,-73.97380108384753,40.77862615774271,-73.96560743016838,1.284,416
trip101828,2023-01-25 03:19:00,3,40.71057505340974,-73.99760388764943,40.7220559272072,-73.96293440111134,1.981,890
trip101573,2023-09-25 11:05:00,1,40.74941775543534,-73.95204610982462,40.75827699424804,-73.96286286638026,0.834,317
trip100319,2023-12-21 03:09:00,3,40.69697633695983,-73.843929834632,40.704424470565904,-73.8565778329488,0.839,339
trip100653,2023-10-14 09:52:00,3,40.70033166859981,-74.0001628230364,40.713463291044334,-73.9905410207663,1.038,807
trip102137,2023-01-11 08:53:00,2,40.78808368280385,-74.03,40.756814849077976,-74.03,2.16,1360
trip103083,2023-04-16 23:15:00,4,40.726491440585605,-73.94059165663076,40.735276862943586,-73.94773250147661,0.713,267
trip100558,2023-11-14 02:57:00,1,40.69399876955795,-73.94438254805618,40.692882065389746,-73.94337785767424,0.093,185
trip102187,2023-01-18 04:21:00,1,40.72892084359452,-73.97703114736024,40.69428239898405,-74.00361031774038,2.769,784
trip100112,2023-04-06 20:07:00,1,40.72326325199364,-74.00892526063383,40.72344238988769,-74.0073652225875,0.083,55
trip100531,2023-11-19 23:02:00,1,40.70764950568338,-73.966944000281,40.70904670918564,-73.96121142012906,0.315,190
trip100224,2023-05-09 22:52:00,3,40.754072040173256,-74.01102053634979,40.79561606527661,-74.03,3.037,937
trip100723,2023-12-15 07:45:00,1,40.68265125895435,-73.99604751644517,40.67740724340676,-73.9584941715244,2.001,886
trip103223,2023-02-11 19:59:00,2,40.66701457969746,-73.98823098555845,40.66197692296697,-73.98829834368635,0.348,308
trip103429,2023-07-17 07:20:00,1,40.785662833525265,-73.93282810306242,40.78629035810858,-73.93600458720748,0.172,234
trip101433,2023-10-18 06:07:00,1,40.6764041538194,-73.9341534940557,40.71184017562129,-73.92079995978726,2.546,983
trip102373,2023-03-19 08:49:00,1,40.821681044010525,-73.97431734882431,40.830272010840346,-74.0094097338629,1.928,773
trip103094,2023-08-25 16:24:00,1,40.83217942061081,-73.96513255099549,40.832455299353306,-73.96054665973466,0.24,214
trip103185,2023-05-24 19:56:00,4,40.68844259751781,-73.9528678790434,40.69307292423673,-73.94511265404589,0.517,335
trip101458,2023-08-16 19:05:00,2,40.83033932774011,-73.95191130986022,40.832252568879426,-73.92310801733115,1.512,501
trip103607,2023-12-24 13:04:00,1,40.81606368201994,-74.03,40.824074384279925,-74.01497155010324,0.961,315
trip102762,2023-07-05 08:26:00,4,40.72599162134427,-73.99351430879226,40.71861434169366,-73.9926109336653,0.512,235
trip100846,2023-09-10 21:11:00,1,40.86,-73.93939346622892,40.86,-73.93279066381031,0.345,170
trip100193,2023-09-20 22:23:00,1,40.8157649931509,-74.02514928256628,40.81738045725311,-74.02303005145014,0.157,114
trip101464,2023-05-31 17:50:00,1,40.79448489591094,-74.02388563402887,40.79389469397005,-74.0244511460677,0.05,191
trip102621,2023-08-31 18:37:00,3,40.719260868928664,-74.02901661540622,40.72033504584791,-74.01607185114209,0.682,336
trip100946,2023-03-03 13:55:00,1,40.765112856561984,-73.91767231678281,40.761948638818346,-73.920926519162,0.277,100
trip102021,2023-10-30 17:03:00,1,40.71445061407596,-74.03,40.71667665681913,-73.99818506332049,1.673,766
trip102551,2023-07-18 19:22:00,1,40.745129499775466,-74.02885066057121,40.738859139696814,-74.0168920940542,0.761,354
trip101629,2023-03-07 20:13:00,2,40.79850295100853,-73.89368260224171,40.79780256716057,-73.88943428895031,0.227,218
trip100117,2023-02-01 07:24:00,2,40.75098334654856,-73.9361404039185,40.75603501531344,-73.9472164077816,0.677,366
trip100645,2023-04-16 15:53:00,4,40.743609855351664,-74.01759211299816,40.74739888477328,-74.00835260469616,0.55,221
trip101870,2023-08-14 16:12:00,2,40.789237046493376,-73.97202464346294,40.774744315733685,-73.96949285869039,1.01,375
trip100003,2023-08-01 23:05:00,1,40.7923254122376,-73.87925257501135,40.809931920561475,-73.8763152026606,1.226,396
trip100074,2023-05-11 01:25:00,3,40.756409158123176,-74.03,40.754672719528095,-74.03,0.12,162
trip101755,2023-08-27 17:55:00,1,40.77829583321246,-73.96926407504773,40.778305404576486,-73.98146019571826,0.638,500
trip100467,2023-04-05 00:29:00,1,40.83717540230933,-73.99417214883408,40.83737894219542,-74.00124260796987,0.37,167
trip100005,2023-08-21 00:35:00,2,40.6914019221912,-73.99383874941228,40.692655016020005,-73.99398892788034,0.087,122
trip101246,2023-01-15 18:14:00,1,40.731453277969436,-73.83414334153605,40.747836370830264,-73.7946958629048,2.355,1018
trip100919,2023-07-09 01:35:00,1,40.66536407074117,-73.93622434373539,40.68840158682012,-73.9434761827843,1.636,518
trip102595,2023-10-25 10:40:00,3,40.71297840896144,-74.00358823078147,40.71575452468005,-74.0197469920469,0.868,369
trip100228,2023-07-31 18:04:00,2,40.71160404922485,-74.01007686074848,40.71160171928689,-74.01014245036767,0.003,80
trip101063,2023-03-31 10:18:00,2,40.80095055574807,-73.98982050500463,40.80215642041152,-74.03,2.103,915
trip102590,2023-02-22 12:42:00,4,40.712503183380825,-73.96275739398048,40.7208937521027,-73.96129930600543,0.585,246
trip100242,2023-12-19 03:08:00,1,40.67090222238895,-74.02718662401725,40.67646184505076,-74.03,0.411,218
trip103706,2023-10-02 08:55:00,1,40.74196426144478,-73.90097153693617,40.71453639732678,-73.88567771888196,2.057,611
trip101160,2023-05-01 13:03:00,1,40.69658183081315,-73.98239583593876,40.69595347299355,-73.98178639967047,0.054,124
trip103859,2023-11-14 03:31:00,1,40.76776650720157,-73.93375780373695,40.768368249912484,-73.93041080587254,0.18,395
trip103349,2023-04-25 21:58:00,1,40.70873279740927,-73.95206792223472,40.73988289175389,-73.93464150532597,2.338,707
trip102970,2023-09-25 21:24:00,3,40.796262410442964,-73.97058588783811,40.81104189083636,-73.96456154280776,1.069,577
trip102563,2023-11-04 08:06:00,4,40.825707261340305,-74.00029505532511,40.807502964108735,-73.98682819075712,1.442,548
trip102671,2023-05-09 23:36:00,2,40.81461901561608,-73.95683470933669,40.79761989058096,-73.98764578983666,1.994,552
trip101526,2023-11-05 14:43:00,1,40.80393339264325,-73.95951587739134,40.80616200807343,-73.9873112477375,1.462,605
trip101605,2023-09-14 23:53:00,1,40.81111544931402,-74.03,40.8081542204325,-74.02789971976817,0.232,140
trip103721,2023-02-21 00:41:00,3,40.78133853508702,-73.9723216747327,40.78692366275978,-73.99703518163132,1.349,361
trip103981,2023-09-10 17:54:00,1,40.738496213272846,-73.97037856329132,40.73763765591947,-73.97721792132981,0.363,385
trip102709,2023-07-05 17:00:00,1,40.74489907009721,-73.9125077941247,40.739592430504494,-73.90884967257696,0.414,393
trip103091,2023-11-30 02:14:00,1,40.720072222583724,-74.03,40.74317042213496,-74.03,1.596,653
trip103392,2023-08-07 14:47:00,1,40.71419445212482,-74.01353088677538,40.69992891181807,-74.00599344211102,1.062,373
trip101989,2023-12-20 06:08:00,1,40.688789045308354,-74.00231213642155,40.68393715581098,-73.98566075521907,0.935,315
trip103121,2023-06-24 23:03:00,1,40.75834809879631,-73.97253201082941,40.754956062360385,-74.00571823550283,1.753,561
trip102362,2023-04-05 01:35:00,3,40.734148073427264,-73.99164118406588,40.73201752635612,-73.99531172309163,0.242,99
trip101975,2023-03-13 06:11:00,3,40.78464356018749,-73.97983325921412,40.78278117804353,-73.97306198070578,0.377,147
trip101761,2023-11-12 10:27:00,3,40.715007733251326,-73.95451160951711,40.71509593733696,-73.95274856946419,0.093,134
trip101305,2023-10-01 08:37:00,4,40.638368117050696,-73.89882312825362,40.66930244362989,-73.88039152890448,2.346,1118
trip102739,2023-06-28 11:51:00,3,40.81264319144384,-74.0251738162628,40.81232539661718,-74.03,0.253,105
trip101541,2023-09-29 10:39:00,2,40.78779651723097,-73.96330552987773,40.78600821569317,-73.96542628762418,0.166,156
trip103728,2023-03-24 11:48:00,1,40.76269395508757,-73.950792924197,40.75841829067318,-73.95188871545209,0.301,138
trip102472,2023-09-07 21:24:00,2,40.764748591147836,-73.97263249852239,40.784189040859815,-73.95139177404084,1.743,818
trip102642,2023-06-12 05:01:00,1,40.706377064001764,-74.00551492511735,40.71505315202558,-74.01201352952774,0.689,345
trip102795,2023-09-13 15:37:00,1,40.780402298492405,-73.89355946300613,40.80859088088051,-73.89765192340504,1.959,593
trip100622,2023-02-21 04:38:00,2,40.76210110514554,-73.97696454452695,40.75861376467857,-74.01174563423014,1.836,617
trip103074,2023-03-07 00:20:00,2,40.807043060236175,-73.92684479560133,40.811318706310026,-73.92732332906628,0.296,261
trip101493,2023-04-01 20:47:00,4,40.70177344029122,-74.00450568293527,40.721189639411534,-74.00603629999972,1.344,520
trip100110,2023-04-21 02:36:00,2,40.769549063959566,-73.9548553034368,40.76896615496531,-73.97842883200991,1.234,365
trip102275,2023-12-16 00:26:00,2,40.63,-73.98536062651723,40.63,-73.98691190305824,0.081,178
trip103011,2023-09-07 20:09:00,2,40.73410403386776,-74.00730369791914,40.72263625620246,-74.01961336212848,1.021,277
trip101169,2023-09-21 18:57:00,2,40.73363875193619,-73.87956962345285,40.72369914838481,-73.89021418741613,0.884,462
trip103269,2023-08-11 05:36:00,4,40.713167607891535,-73.95877347007219,40.689544443461514,-73.97755913183596,1.906,727
trip100232,2023-09-29 16:33:00,1,40.76420222516157,-74.02324483538659,40.76618711864433,-74.02391655377998,0.142,238
trip100066,2023-04-23 05:10:00,3,40.73430737174882,-74.01708479246689,40.73359619741742,-74.0231058651165,0.319,254
trip103614,2023-03-16 05:13:00,2,40.66662724622394,-74.03,40.6760200609015,-74.02341326557575,0.735,295
trip102072,2023-03-14 02:43:00,3,40.66100129219348,-73.94420430563083,40.66643760313441,-73.93924234427273,0.457,230
trip102192,2023-04-01 19:09:00,2,40.705038479890106,-74.03,40.70559564348627,-74.02795873115258,0.114,114
trip100536,2023-11-13 17:14:00,3,40.7257552907072,-74.02115497710572,40.68028869717446,-73.97281980683026,4.035,1596
trip102859,2023-05-30 09:52:00,1,40.70995943531663,-73.95847736846714,40.70854694367729,-73.94838365516769,0.538,433
trip100125,2023-05-16 23:09:00,1,40.766059197661725,-73.98397104526319,40.77678472365629,-73.98592280896295,0.748,278
trip102133,2023-05-07 23:36:00,1,40.7645840150044,-74.03,40.753512312250336,-74.03,0.765,239
trip101254,2023-10-25 08:29:00,1,40.71735738150964,-73.94466634619717,40.7454103599597,-73.95011731474764,1.959,1248
trip103303,2023-08-08 13:17:00,2,40.793919547741716,-73.98533644149713,40.78264252641595,-73.98668196682772,0.782,373
trip101976,2023-11-27 06:12:00,2,40.66480729774428,-73.99777487720843,40.64420344724636,-74.01141089242374,1.593,959
trip103270,2023-03-04 09:18:00,2,40.79866527113328,-73.95451396294182,40.801490337040214,-73.94181691901211,0.692,368
trip103088,2023-07-03 15:13:00,2,40.7569335996467,-73.94229659930093,40.71330003501646,-73.94283298217489,3.015,1188
trip102075,2023-03-16 19:44:00,2,40.69212414834811,-74.03,40.709917030983604,-74.01240510213162,1.536,786
trip100484,2023-01-17 12:01:00,4,40.74744475625233,-73.97734080001388,40.74792866391844,-73.97747466246314,0.034,30
trip101654,2023-08-06 18:26:00,2,40.739359911101594,-74.00466716061797,40.731904737781136,-73.9931074463247,0.795,348
trip103573,2023-12-11 03:28:00,1,40.74674144475262,-73.95961139663905,40.74976518765209,-73.95074597629007,0.509,315
trip103012,2023-01-23 08:26:00,1,40.731048115780425,-73.99804697178386,40.7640852088085,-73.98842952854355,2.338,741
trip103319,2023-08-25 08:41:00,2,40.784825103140946,-73.99248316131403,40.78427803533538,-73.99210060704243,0.043,73
trip103045,2023-01-29 05:32:00,2,40.73319187012686,-73.9736507078027,40.70814721079604,-73.94850163034415,2.175,682
trip103194,2023-10-09 18:58:00,3,40.74478884205127,-74.0114512351833,40.673705295924854,-74.01113647408968,4.911,1797
trip101774,2023-07-23 14:04:00,1,40.80037753063613,-73.86576825467574,40.80007637908323,-73.86740205629638,0.088,132
trip102410,2023-09-25 17:23:00,2,40.70945346868353,-73.90088500877036,40.719160975686954,-73.90236678468968,0.675,480
trip103595,2023-07-05 14:55:00,4,40.86,-74.03,40.86,-74.0081133000506,1.144,275
trip100918,2023-08-31 07:49:00,3,40.81135429204386,-73.96734570948347,40.81781687810173,-73.96308663873954,0.499,256
trip101646,2023-04-19 14:25:00,4,40.744637402320244,-74.03,40.765441916823775,-74.03,1.437,488
trip101026,2023-08-25 09:34:00,1,40.65189054709797,-73.98543458595033,40.64608871453274,-73.9784827045744,0.542,280
trip101030,2023-06-08 19:50:00,1,40.80344354767245,-73.92771601376114,40.78639170159695,-73.97384345480151,2.685,918
trip100882,2023-02-02 04:17:00,1,40.70000027945871,-74.00827439934248,40.684887432900524,-73.98954347601628,1.433,406
trip101335,2023-08-31 23:20:00,2,40.83367726634305,-74.02770692539193,40.830114745123446,-74.03,0.274,113
trip102746,2023-10-28 05:47:00,2,40.79707235129715,-73.99380907406521,40.79389392551912,-73.99005639851532,0.295,271
trip102952,2023-07-31 21:29:00,1,40.73674440604023,-73.93719756731495,40.73223401903004,-73.93590965346436,0.319,233
trip102713,2023-06-03 21:10:00,4,40.6986906914507,-74.01519350431508,40.7099543681187,-74.02910152163935,1.066,307
trip100364,2023-11-07 11:41:00,1,40.74437459363562,-74.03,40.681019930760904,-74.03,4.377,993
trip102125,2023-09-08 07:57:00,2,40.75869317109159,-74.03,40.75811970741788,-74.02983754573526,0.041,62
trip100027,2023-07-02 19:28:00,3,40.76644498289638,-73.95143802110596,40.768826319482514,-73.96115099205531,0.534,510
trip100473,2023-05-11 14:04:00,3,40.75833965422369,-73.94009281520404,40.74865115456455,-73.96522856855881,1.476,548
trip100525,2023-12-31 16:03:00,1,40.73008589296485,-74.03,40.695146135410475,-74.03,2.414,1264
trip100725,2023-04-09 15:54:00,3,40.81575304900242,-73.92917329591735,40.81610662071436,-73.92891490099302,0.028,69
trip100055,2023-04-11 20:10:00,2,40.72125049682905,-73.96309213660744,40.71638465791259,-73.96206028707546,0.341,128
trip100638,2023-02-06 20:18:00,1,40.77608025141144,-74.00123368414746,40.76870018524221,-74.00039495556346,0.512,288
trip100302,2023-05-22 12:22:00,3,40.788872260616415,-74.01250621614903,40.84549408273392,-74.02100453549136,3.937,1138
trip102766,2023-04-19 22:19:00,3,40.66803923461339,-73.89574943959636,40.64164294160038,-73.91834153539108,2.175,648
trip103480,2023-08-16 09:59:00,2,40.727547810251714,-73.93675375455211,40.71573496949411,-73.93230760673397,0.849,331
trip101276,2023-06-13 11:16:00,2,40.72301127478965,-73.9744510768001,40.72379640886741,-73.97217219388773,0.131,161
trip103515,2023-12-17 14:30:00,2,40.73629849865141,-73.98599093422817,40.735363672003366,-73.99045239181895,0.242,180
trip100624,2023-08-05 06:32:00,2,40.771201133203,-73.897222409873,40.74074466624581,-73.87692177886888,2.357,536
trip102055,2023-07-15 02:37:00,2,40.776239866104596,-73.9509968660093,40.77341621693728,-73.95901799533591,0.463,269
trip101280,2023-01-31 06:23:00,1,40.803712835733535,-74.03,40.75803441593287,-74.03,3.156,1009
trip102851,2023-06-18 16:18:00,1,40.81439135584709,-73.89506965741849,40.86,-73.90299023921706,3.178,1296
trip101049,2023-05-29 12:16:00,1,40.76968805118789,-73.93412218229095,40.768665053750766,-73.93172484203292,0.144,144
trip100336,2023-10-02 22:00:00,1,40.719798687517155,-73.97317845698312,40.72347185017753,-73.97505799346766,0.272,192
trip100047,2023-12-31 13:54:00,1,40.76006179969486,-74.0054785173687,40.76050931164478,-74.0051700900578,0.035,422
trip102878,2023-08-03 03:01:00,3,40.7125921373822,-73.97995287662629,40.69318335049495,-73.97618152243547,1.356,465
trip100106,2023-05-08 14:10:00,4,40.70724900752902,-74.03,40.68710978875087,-74.0147592701241,1.604,631
trip102397,2023-06-08 11:40:00,2,40.74175160996077,-74.03,40.693952075458846,-74.03,3.303,709
trip101079,2023-11-15 13:18:00,3,40.814588507049045,-74.01084892257839,40.8214625777428,-73.99737375146879,0.85,373
trip102286,2023-03-16 23:52:00,1,40.781386974036444,-73.9245238339829,40.793145587699165,-73.93071328344207,0.875,281
trip102261,2023-12-03 07:38:00,4,40.71468493387798,-73.95852962079543,40.64794553214684,-73.96654808382837,4.63,1776
trip101144,2023-09-27 06:06:00,2,40.75065375468719,-74.03,40.754105748779295,-74.02990343086093,0.239,215
trip103172,2023-02-22 11:29:00,4,40.79394994164902,-73.99541343819148,40.797896366003016,-73.99678543364135,0.282,105
trip102296,2023-08-11 22:40:00,1,40.86,-74.03,40.858526016111334,-74.03,0.102,109
trip102841,2023-08-20 17:26:00,2,40.79932289048757,-74.0155674894157,40.842891151343835,-73.99960483276178,3.124,1480
trip101836,2023-01-31 15:10:00,2,40.7598813217231,-73.9383130463475,40.746935192453954,-73.95137522772255,1.126,318
trip101753,2023-01-26 05:22:00,2,40.724546256324025,-73.92831771156389,40.72893249271327,-73.93741970766942,0.565,181
trip101101,2023-01-21 18:58:00,2,40.77763446297007,-73.90772103779926,40.777484563639185,-73.90683459686626,0.048,257
trip101968,2023-08-25 09:56:00,1,40.73062937499421,-73.97455329271514,40.683162832129085,-73.92721839689617,4.111,1738
trip103165,2023-08-27 05:27:00,1,40.76531981995757,-73.94518386490056,40.72913999590914,-73.95506931992615,2.553,795
trip103662,2023-01-28 07:50:00,3,40.73067373093475,-74.00796285472758,40.72732698114675,-74.01414840436749,0.398,215
trip100523,2023-09-22 14:42:00,1,40.74138952059872,-73.97662828146453,40.76105745757005,-73.90385493569318,4.044,1089
trip102280,2023-11-25 12:42:00,3,40.80558613247396,-73.95464705230518,40.78118758418599,-73.93714028330547,1.918,527
trip102692,2023-06-09 06:11:00,4,40.74715060631301,-74.03,40.7308196474054,-74.01572413222272,1.353,368
trip102885,2023-08-01 20:14:00,1,40.76365601053675,-73.97269172771207,40.72574156050816,-73.97221528789895,2.62,745
trip101428,2023-10-11 20:14:00,1,40.77945967878015,-73.93471242850711,40.79046848390804,-73.91807192070122,1.156,629
trip102581,2023-09-01 06:07:00,1,40.79355994620492,-74.00010588327625,40.777697891944975,-74.01130587169538,1.243,450
trip103479,2023-09-25 01:08:00,2,40.75082773970071,-74.00582730736647,40.743673443914425,-74.00643508457956,0.495,267
trip100603,2023-04-06 16:31:00,2,40.72175856086034,-73.95491715492629,40.72894940732024,-73.94123029989713,0.872,413
trip101489,2023-03-04 00:15:00,2,40.758043343347886,-74.01249550216029,40.75726321911243,-74.02015833141654,0.405,235
trip103572,2023-05-12 01:06:00,4,40.766346838566136,-74.00511683036531,40.77037852306859,-74.00328353031672,0.295,147
trip103807,2023-01-06 09:28:00,1,40.7571593308985,-73.96235880250231,40.809157573288225,-73.99442523517182,3.965,1719
trip100060,2023-07-14 16:26:00,1,40.67427086027729,-73.968977734783,40.689027309790816,-73.98501389953535,1.321,924
trip103670,2023-09-28 06:54:00,1,40.77195475039088,-73.9705642814561,40.76658631235073,-73.98061407364834,0.644,335
trip100671,2023-02-01 23:08:00,2,40.76225663898734,-74.00007565237588,40.76154783705794,-73.99924895192798,0.065,50
trip100092,2023-04-10 20:09:00,1,40.73095157595802,-74.01444099818042,40.731377475630275,-73.98851571678824,1.358,510
trip100666,2023-11-17 23:02:00,1,40.67729537473057,-73.92130514403028,40.67993667644126,-73.92640796777833,0.324,222
trip101887,2023-10-12 04:21:00,2,40.75898357580602,-73.89112990115892,40.76307788450037,-73.88436476024053,0.453,163
trip100280,2023-10-05 16:57:00,1,40.77160645315262,-73.91661980200892,40.74357762448806,-73.91575139712481,1.937,839
trip101719,2023-07-21 04:17:00,4,40.68977279149043,-73.95873970435402,40.672078964185715,-73.95109857815794,1.286,333
trip103025,2023-06-16 18:45:00,2,40.750595650276075,-73.91287950675981,40.77047701408189,-73.90057275454788,1.517,595
trip100359,2023-06-12 17:50:00,2,40.743361209389185,-73.89203883680649,40.75195068312872,-73.88281353575375,0.765,452
trip100899,2023-06-29 13:15:00,2,40.680896106853325,-74.0000555800224,40.678327772422264,-74.00456228591487,0.295,213
trip101935,2023-12-29 21:41:00,2,40.82219030971083,-74.03,40.82163305791506,-74.03,0.039,101
trip101994,2023-12-05 06:44:00,2,40.753954043668635,-74.02347834174326,40.75194219943352,-74.03,0.369,196
trip103921,2023-06-18 12:31:00,1,40.73577438076142,-73.92980688016064,40.7309028564825,-73.95168861143281,1.194,399
trip102895,2023-08-26 19:44:00,2,40.69553205724977,-74.01825898351227,40.754460846408406,-73.99246792129037,4.29,1696
trip100760,2023-11-23 22:17:00,2,40.80623493701697,-73.97193727014296,40.77449321788674,-73.97619845783903,2.204,814
trip102158,2023-01-12 03:24:00,1,40.780486817894115,-74.02654609965423,40.7843736188498,-74.02713257005696,0.27,141
trip103930,2023-05-14 10:38:00,1,40.70246805662692,-74.00419027708975,40.72559696064141,-73.9853073444112,1.879,801
trip100042,2023-03-22 06:53:00,3,40.720052063172005,-73.98141096153044,40.73797084653726,-73.977210106292,1.257,519
trip102173,2023-12-15 22:00:00,1,40.695252832811974,-74.03,40.70785708727851,-74.03,0.871,295
trip100204,2023-05-12 01:04:00,2,40.657742255453606,-73.9174697883639,40.68204578201962,-73.90272689578438,1.848,708
trip101473,2023-02-21 20:55:00,3,40.6482813359198,-73.99739127927226,40.67236551290277,-73.98467530451477,1.793,521
trip102100,2023-08-14 08:46:00,3,40.76154964288205,-73.99460686031537,40.762331979411755,-73.99666870329919,0.121,218
trip102593,2023-03-12 08:03:00,3,40.78208488414053,-73.92534494148208,40.73959667854653,-73.90609278439986,3.104,1284
trip100068,2023-12-20 04:34:00,1,40.78860891465657,-73.9842299448403,40.79825104264665,-73.95718029199351,1.564,298
trip101875,2023-02-13 06:46:00,2,40.66772221098513,-73.93002467668683,40.66599678120594,-73.93696881337097,0.383,296
trip102832,2023-02-02 06:28:00,3,40.79367240913887,-73.93858134757468,40.81531643888333,-73.95509993453709,1.727,1076
trip103163,2023-08-18 10:37:00,2,40.78044765482994,-73.96480453415829,40.791784322282666,-73.97326202292352,0.9,365
trip102231,2023-01-21 00:14:00,1,40.70150974020097,-73.94109366620125,40.70164875822116,-73.94040061896897,0.038,30
trip100137,2023-12-25 07:55:00,4,40.78771569555525,-73.97092541058146,40.7919962795949,-73.96667183583085,0.37,404
trip102947,2023-01-15 20:57:00,2,40.769011034090674,-73.94582998028437,40.76938651163418,-73.94499118091866,0.051,79
trip100796,2023-04-13 13:50:00,3,40.794806562365494,-73.96424043759637,40.7945738811867,-73.96513312882887,0.049,100
trip102180,2023-01-11 03:19:00,2,40.845451453118514,-73.97836003233782,40.84190312254598,-73.98026926989178,0.265,214
trip102128,2023-09-29 22:58:00,1,40.76900300586064,-73.92213011858948,40.76845905335817,-73.92325746439178,0.07,111
trip100758,2023-12-02 07:55:00,2,40.778783188427404,-74.02441408901083,40.774227022268704,-74.02896183433039,0.395,249
trip100541,2023-05-17 03:23:00,1,40.71281967401362,-73.96774499694924,40.750148004305956,-73.97133288362475,2.586,774
trip101019,2023-11-13 04:07:00,1,40.77788658844671,-73.94024645216592,40.81014489040568,-73.91894404981849,2.492,678
trip103041,2023-05-13 20:43:00,1,40.744643717203,-73.92823993086762,40.73194725231847,-73.92339072653863,0.913,372
trip103031,2023-01-28 06:32:00,1,40.77573366321865,-73.90438618023097,40.77651930077958,-73.88078444611402,1.236,401
trip100165,2023-05-22 19:05:00,2,40.70936827698608,-73.96631322992162,40.709400104900894,-73.92575835550313,2.124,717
trip100248,2023-05-31 14:02:00,1,40.86,-74.00822944166626,40.86,-74.00816508117457,0.003,199
trip101331,2023-06-01 04:22:00,2,40.7016355293782,-73.96204591643674,40.69316351338689,-73.93359051357353,1.601,547
trip102017,2023-11-03 15:31:00,1,40.72028649477901,-74.03,40.7239835109551,-74.03,0.255,71
trip100446,2023-11-17 20:14:00,2,40.79802500874574,-73.96090883381451,40.804785699974374,-73.96174606651772,0.469,269
trip102482,2023-10-12 19:34:00,1,40.759784818688644,-73.99536812164716,40.7613030757337,-73.95260520374211,2.24,891
trip102906,2023-03-11 01:11:00,2,40.80141651502556,-74.02617369004192,40.79946566346369,-74.02397555195608,0.177,118
trip101358,2023-10-20 22:41:00,1,40.73153470119947,-73.99931811167464,40.728303389780784,-73.99988808671286,0.225,165
trip102845,2023-09-27 08:21:00,1,40.702963174837066,-73.95154580967896,40.70459101473962,-73.95380724392946,0.163,179
trip102145,2023-11-05 12:51:00,1,40.71875813069884,-74.00030539000079,40.76615994677183,-74.02496644266091,3.52,1033
trip101329,2023-09-21 21:04:00,1,40.78339130063408,-73.9548540966536,40.78418471938106,-73.95531248724937,0.06,167
trip103985,2023-12-21 08:04:00,2,40.72200966142442,-73.97341697042512,40.68271085563902,-73.98489570782624,2.781,1121
trip102785,2023-07-25 09:57:00,4,40.754251149631884,-74.02973421783679,40.75978933586488,-74.02819439139475,0.391,423
trip103887,2023-03-01 17:45:00,1,40.7313877640765,-74.03,40.744921903117486,-74.0263782431227,0.954,393
trip102150,2023-03-19 20:46:00,2,40.74714210965028,-74.00887345976122,40.74289860331591,-74.00757809589194,0.301,295
trip100434,2023-11-06 15:44:00,3,40.79177336462058,-73.89414231779939,40.82715040066891,-73.94649304413315,3.67,1214
trip102122,2023-02-23 01:25:00,3,40.71358933067766,-73.93750549415468,40.66110511162508,-73.96015504851124,3.816,1472
trip100577,2023-08-30 01:17:00,4,40.806157749327674,-74.03,40.80118201291523,-74.02885913134784,0.349,187
trip102900,2023-02-02 04:15:00,2,40.72477980355925,-74.02800506569008,40.732241213494575,-74.03,0.526,262
trip103177,2023-12-29 09:16:00,3,40.757970392350224,-73.98483750694939,40.77553049430391,-74.01523387808828,2.001,779
trip102966,2023-02-12 17:11:00,2,40.813445779777375,-73.9150045334058,40.83498255462609,-73.88192492201397,2.282,865
trip103833,2023-01-17 14:13:00,1,40.71513526019898,-73.95513294688405,40.6687402422769,-73.88389734286132,4.92,1527
trip103661,2023-04-21 10:57:00,3,40.76810983390046,-73.93943489848492,40.762718257316024,-73.94033851626672,0.376,262
trip102448,2023-02-22 08:17:00,1,40.784603464220815,-74.00040982097876,40.80262389582017,-74.00619522262701,1.281,687
trip101848,2023-01-16 22:19:00,1,40.73269524504919,-73.95436314533148,40.73220312086078,-73.95567521942344,0.077,68
trip100762,2023-05-08 18:47:00,1,40.7833006406337,-73.96644938657167,40.78584861049607,-73.96408200719227,0.215,234
trip103037,2023-07-14 05:35:00,2,40.74568523788453,-74.01690050411878,40.712669289515176,-74.03,2.382,786
trip100388,2023-02-03 08:42:00,2,40.762432338069786,-74.03,40.761437517741896,-74.03,0.069,151
trip100235,2023-03-24 13:19:00,1,40.72056341019695,-73.95301869660943,40.73147515308146,-73.95432676683303,0.757,423
trip103477,2023-05-25 17:19:00,1,40.73997300209093,-73.97186114589054,40.740009212865786,-73.97193673833559,0.005,92
trip101984,2023-02-12 14:25:00,4,40.71463105264309,-74.03,40.72015743845962,-74.03,0.382,137
trip100267,2023-11-20 07:08:00,3,40.765829038377966,-73.96458087603624,40.76320406535621,-73.96402895924268,0.184,187
trip100770,2023-05-19 08:34:00,2,40.827804790339854,-73.97099976113019,40.80524940430092,-74.03,3.456,1787
trip102165,2023-04-29 18:06:00,1,40.80612451395141,-73.95538682182428,40.787263354111325,-73.95352003051906,1.307,711
trip100437,2023-11-23 04:07:00,2,40.70186114149196,-73.94318684580266,40.726105059445516,-73.99303051942005,3.102,1020
trip100673,2023-12-26 00:59:00,1,40.69074264050238,-73.97318173627134,40.68536057787255,-73.96977975768279,0.412,389
trip100249,2023-04-13 18:01:00,1,40.69727950170286,-73.91404529242446,40.693650355973745,-73.91858045455284,0.345,262
trip102201,2023-12-06 03:50:00,1,40.742041336289226,-74.01741145644588,40.74056844515075,-74.01328622781462,0.239,297
trip101574,2023-08-20 01:13:00,1,40.68458803240308,-73.9293841815673,40.684485948713245,-73.92964648059996,0.015,61
trip102142,2023-09-04 07:42:00,2,40.86,-73.8917097451271,40.86,-73.89151912330685,0.01,80
trip102081,2023-01-17 15:07:00,4,40.76741764282281,-74.03,40.80455459169131,-74.03,2.566,1017
trip103493,2023-12-16 16:31:00,4,40.76086534718211,-74.03,40.77141134488533,-73.96491149925716,3.483,2182
trip103427,2023-11-14 07:37:00,1,40.77362931882877,-73.9948889880812,40.77371024476076,-73.99947898413342,0.24,113
trip103658,2023-12-21 00:30:00,3,40.70918783567068,-73.97848753708898,40.716224809138225,-73.96658188090134,0.791,224
trip100448,2023-05-08 08:51:00,1,40.80015666000598,-73.91698353374035,40.80411154287169,-73.89494711070947,1.185,694
trip101469,2023-06-13 20:11:00,1,40.67045700491773,-73.93839410895322,40.677131535392796,-73.93834558816614,0.461,174
trip100716,2023-08-26 11:49:00,1,40.67964349234591,-73.94091381280198,40.682414411306254,-73.95461214709324,0.743,276
trip103187,2023-08-05 16:15:00,1,40.71745439413266,-73.94804386412056,40.71742312741353,-73.94535584925971,0.141,224
trip103489,2023-04-07 00:18:00,1,40.739323312640614,-73.98745451156809,40.769785507007924,-73.94146323800999,3.198,867
trip102048,2023-11-10 08:49:00,3,40.75460154968413,-73.94262194036071,40.78425764568199,-73.91201788738367,2.601,1049
trip101901,2023-08-15 19:35:00,1,40.798208704251834,-73.99475509781841,40.80569278599124,-73.91202802291535,4.358,1817
trip103322,2023-04-22 06:15:00,2,40.75744819579075,-73.91412331179686,40.74194163405166,-73.9106901279808,1.086,308
trip101168,2023-08-28 21:59:00,1,40.73147127620419,-73.93426545588568,40.763210848438405,-73.97873281638859,3.198,762
trip100082,2023-12-30 09:26:00,2,40.73366257690457,-73.97649644740798,40.744508442380045,-73.97348172048817,0.766,383
trip103217,2023-12-19 20:40:00,1,40.804371827146625,-73.99671417574626,40.83806425516086,-73.99193206185934,2.341,571
trip102724,2023-07-26 00:37:00,3,40.723657967411214,-73.95930763620909,40.717360418287726,-73.90963291157038,2.637,876
trip103044,2023-07-22 00:35:00,1,40.75903826337742,-73.99913783387392,40.76974998861269,-74.00248057817306,0.761,233
trip101460,2023-03-28 14:51:00,3,40.793333225796225,-73.95488473446227,40.783355970400834,-73.95790756056029,0.707,297
trip102818,2023-05-07 20:26:00,2,40.783879247521696,-73.97396979857245,40.785512464745416,-73.97896218642039,0.285,232
trip101893,2023-06-21 15:47:00,1,40.65297896308525,-73.92658988949304,40.63,-73.93177446866376,1.611,520
trip101668,2023-02-26 07:00:00,1,40.76268801403274,-74.00910415124159,40.775708486509394,-74.02027262899435,1.073,365
trip102756,2023-08-27 17:00:00,2,40.77874417217542,-74.00042369362595,40.76210611432919,-74.03,1.928,662
trip102000,2023-10-23 03:28:00,1,40.72966220590659,-73.96986974728327,40.68567305917654,-74.0082068267436,3.643,865
trip100475,2023-01-25 03:02:00,1,40.73473336822522,-73.9569332252956,40.73182903876414,-73.95051257858356,0.392,177
trip100517,2023-10-23 15:43:00,4,40.71902324729962,-73.98718257003843,40.71480683032086,-73.97825248078263,0.551,309
trip103744,2023-06-14 17:24:00,1,40.86,-74.03,40.86,-74.00240053161987,1.442,752
trip100404,2023-11-02 12:55:00,1,40.773452526507945,-73.98370465551868,40.76533841551054,-73.98967631495412,0.642,379
trip100384,2023-04-02 00:43:00,1,40.67794249282965,-73.94749766337699,40.68840797427917,-73.94774964123772,0.723,229
trip103229,2023-10-08 04:43:00,1,40.6846259103957,-73.938679536306,40.65032409384798,-73.95460698157034,2.513,858
trip102152,2023-05-05 07:51:00,1,40.71189651582022,-74.03,40.70072605270635,-74.0230096446457,0.854,404
trip101633,2023-01-19 04:29:00,4,40.74923329497982,-73.9377900474726,40.702368049834334,-73.9372366525309,3.238,853
trip103823,2023-08-26 16:47:00,2,40.740517645941544,-73.90856568023365,40.75477156154352,-73.90836349429676,0.985,367
trip100688,2023-09-18 05:20:00,1,40.72935217780828,-73.98877519699445,40.74309406915661,-73.98969925529052,0.951,384
trip103570,2023-07-11 16:32:00,4,40.78265685924934,-74.03,40.76954678686965,-74.02295213597341,0.978,419
trip102874,2023-05-26 20:49:00,3,40.75526411053107,-74.03,40.72811227605209,-74.03,1.876,451
trip101240,2023-06-22 00:45:00,4,40.80746413744891,-73.94180100587843,40.79494703282259,-73.9426531544098,0.866,315
trip100062,2023-06-04 03:07:00,1,40.75732388792972,-74.00934335562313,40.73433413506893,-74.03,1.922,567
trip100852,2023-07-26 19:16:00,1,40.79088706119514,-73.88832924463681,40.81522222724183,-73.90684570846533,1.94,852
trip103672,2023-02-15 21:47:00,1,40.775522681815886,-73.93337649222414,40.784849924062655,-73.93940166367403,0.717,315
trip103381,2023-08-07 11:44:00,1,40.76461981234711,-74.01568741992588,40.75784388407387,-74.02468051119192,0.664,322
trip101262,2023-01-21 23:55:00,1,40.78581001043849,-73.95762886918263,40.73728857438434,-73.94719128325208,3.397,774
trip100223,2023-06-18 00:16:00,1,40.7012025367495,-74.03,40.704024107301976,-74.02498288532027,0.327,271
trip102193,2023-08-21 03:01:00,3,40.751656247459366,-73.98993974429479,40.75244476765257,-73.98867753757823,0.086,55
trip100373,2023-03-02 16:14:00,2,40.78788190301005,-73.9002820822881,40.7667321199054,-73.89726261600005,1.47,697
trip101824,2023-02-07 20:23:00,2,40.71041609076846,-74.03,40.69413248892317,-74.02434940458353,1.163,385
trip103376,2023-01-25 12:29:00,3,40.778134536876074,-74.02790416611403,40.76580894831324,-73.99926989612327,1.723,664
trip103836,2023-10-25 15:20:00,3,40.776016971258905,-74.03,40.783906277545775,-74.02978933438303,0.545,170
trip103523,2023-03-24 07:00:00,4,40.67864784814299,-73.95860239500817,40.67710377623606,-73.92625672689712,1.698,817
trip103583,2023-04-12 07:40:00,1,40.74722506063571,-74.03,40.759543991260614,-74.03,0.851,516
trip102871,2023-08-18 11:51:00,3,40.71951198044387,-73.92785396127147,40.71773389746609,-73.92354085929527,0.257,238
trip100009,2023-02-04 21:26:00,1,40.71161302325919,-73.92751702620605,40.71347865396413,-73.92446776537142,0.205,266
trip102497,2023-10-18 07:04:00,2,40.651335542913664,-73.94094090295434,40.65855650328095,-73.94863468327877,0.642,428
trip101944,2023-05-01 10:15:00,1,40.732914558811835,-73.92489167890801,40.731720073282496,-73.92975105562117,0.267,331
trip101838,2023-12-08 02:38:00,1,40.81652255210722,-73.98155953581359,40.80572092973749,-73.98494274924505,0.767,269
trip100708,2023-12-20 02:36:00,4,40.74003087479211,-74.01630358131506,40.75499150005283,-74.00196608350294,1.277,520
trip100255,2023-03-16 20:51:00,2,40.78498019092278,-73.93585172405888,40.7963566234475,-73.92861868226532,0.872,446
trip102930,2023-10-27 17:50:00,1,40.71642475826758,-74.03,40.717754317424806,-74.02721571983544,0.172,185
trip101617,2023-02-07 16:58:00,2,40.670035601230325,-73.98462212760037,40.63,-73.99709579726985,2.842,1431
trip100389,2023-08-31 07:25:00,1,40.68642553522484,-73.9081337463067,40.6864709991826,-73.90810177238848,0.004,147
trip101581,2023-10-28 20:14:00,1,40.74311383557072,-73.95793341302692,40.7736050837681,-74.00713120148272,3.327,1223
trip102956,2023-07-20 11:28:00,4,40.77390504528667,-73.99520267991076,40.79558723983723,-73.97318223668702,1.89,686
trip100924,2023-01-03 16:06:00,2,40.74252289711226,-74.03,40.75930762054731,-74.0159211657114,1.374,667
trip103703,2023-01-15 02:51:00,2,40.71484640382339,-73.99358609464876,40.705437093968925,-74.00289842124154,0.813,272
trip103148,2023-03-07 08:16:00,2,40.829952393120294,-73.9362154753148,40.81599437654306,-73.9187698111814,1.327,451
trip102508,2023-04-01 08:10:00,3,40.79073667306723,-74.00914774393853,40.79625239616709,-74.00854208512723,0.382,359
trip102036,2023-03-11 05:52:00,1,40.7291849927654,-73.99363166072575,40.74850789431465,-73.97962811211718,1.523,485
trip103192,2023-01-25 14:42:00,1,40.75388142263012,-73.93429519724765,40.74985717009906,-73.94299401157114,0.533,299
trip101224,2023-04-05 18:54:00,1,40.709459635211296,-73.93451483771975,40.725455544803914,-73.93746009306197,1.116,545
trip103006,2023-01-04 22:43:00,1,40.66118427956161,-74.03,40.635329269258904,-74.03,1.786,572
trip102549,2023-06-23 09:27:00,2,40.77249046469331,-74.02306249570451,40.77466247332966,-74.02690233865577,0.251,282
trip101946,2023-04-05 04:36:00,1,40.716152760936964,-73.94204947986339,40.71614863841282,-73.94204810407835,0.0,30
trip100739,2023-11-13 21:41:00,2,40.64887291500966,-73.98214895783198,40.66282718320668,-73.99228812477206,1.101,326
trip100040,2023-05-16 08:14:00,2,40.78344643770416,-73.97585203016129,40.77199240211568,-73.96071964306812,1.119,814
trip100868,2023-11-26 00:32:00,1,40.723680663928015,-73.88309394327732,40.72477806976404,-73.88393908376906,0.088,302
trip102779,2023-08-15 19:39:00,1,40.70451089869647,-73.90993974299562,40.72290073152679,-73.94760502873233,2.346,1092
trip100539,2023-07-07 01:53:00,1,40.71460454012031,-73.94892492067767,40.71014812173076,-73.95405684257508,0.409,118
trip102745,2023-10-18 04:10:00,1,40.80220417809896,-73.96515437032828,40.80468031549687,-73.94610182229815,1.011,474
trip103903,2023-04-28 16:41:00,1,40.73960231440452,-74.00346011244909,40.75497228787472,-74.0027145681572,1.063,500
trip102723,2023-04-06 16:26:00,2,40.7580841006351,-74.03,40.75540961365177,-74.03,0.185,109
trip101371,2023-01-22 03:14:00,1,40.78731044819797,-73.9661801236838,40.800916201743014,-73.95756933636798,1.042,337
trip101145,2023-12-30 20:15:00,4,40.78105469911438,-73.97492889598131,40.77339124694552,-73.98043403779604,0.603,236
trip101031,2023-04-22 06:41:00,2,40.75912487717136,-73.9430730317251,40.77595150423624,-73.93909239761292,1.181,378
trip100372,2023-08-07 07:35:00,2,40.788555729215496,-74.03,40.76024257609898,-74.02973702989384,1.956,1169
trip100667,2023-08-17 17:27:00,1,40.77169300759865,-73.94421406445669,40.78623406520338,-73.96178661239922,1.362,771
trip103019,2023-08-18 15:46:00,3,40.657987228164785,-73.97574698279847,40.657530329383654,-73.97994790350207,0.222,183
trip100357,2023-09-24 03:49:00,1,40.76216544576768,-73.99631749276966,40.785572783201864,-73.89142659710164,5.722,1502
trip100967,2023-08-29 12:49:00,3,40.716601355770116,-74.02991567101213,40.67713609999343,-74.03,2.727,670
trip102831,2023-03-07 13:04:00,1,40.79413029824473,-73.97074545117323,40.81402713381261,-73.98000136538879,1.457,456
trip102783,2023-06-28 18:23:00,3,40.79796899333844,-73.91088418278409,40.799468273781635,-73.91746506866848,0.359,168
trip101353,2023-02-15 23:39:00,4,40.76586822417627,-74.01721346295962,40.7654286507197,-74.01905659295522,0.101,197
trip101035,2023-04-20 11:16:00,1,40.74993733068505,-74.03,40.75525231114146,-74.02704772537179,0.398,168
trip103018,2023-01-25 18:34:00,2,40.767038769572714,-74.01632010842886,40.78250807604787,-74.00723342259617,1.17,445
trip100470,2023-03-09 09:09:00,2,40.76564688036029,-73.96659300703642,40.744382676996565,-73.98612981920596,1.79,853
trip103456,2023-08-24 09:10:00,3,40.76063459269127,-73.91386931869073,40.74029667493822,-73.94737685124504,2.247,1031
trip101396,2023-05-25 18:44:00,2,40.777119360083795,-73.96031482043124,40.85481178986736,-73.95415362672823,5.378,2001
trip103497,2023-05-22 11:40:00,1,40.79856920453945,-73.97010551866396,40.79828544709379,-73.97275779776298,0.14,199
trip101549,2023-12-20 08:46:00,1,40.76779790978631,-74.02522978749805,40.767252753706686,-74.02869163177397,0.185,235
trip101256,2023-07-05 15:31:00,3,40.78485226167394,-73.95807771819784,40.810721726842,-73.96229892424662,1.801,614
trip102094,2023-12-15 04:52:00,2,40.7542566639831,-73.95909975191272,40.778517229068804,-73.95264338907606,1.71,448
trip101555,2023-11-10 23:45:00,2,40.72172330013462,-73.97261336879656,40.7201762521025,-73.97317516044629,0.111,116
trip103450,2023-08-05 01:49:00,1,40.678841014832,-74.03,40.66459913989596,-74.02008631474204,1.113,351
trip101250,2023-04-23 13:24:00,1,40.79352846561292,-73.98436766066435,40.7830110814919,-73.9786622616334,0.786,354
trip101699,2023-05-17 03:49:00,4,40.75916349304194,-74.03,40.73515422310964,-74.03,1.659,559
trip101252,2023-05-19 03:57:00,1,40.71413900548165,-73.90307094229682,40.71250249339802,-73.88562296979255,0.921,287
trip103692,2023-05-08 00:35:00,4,40.66275613178484,-74.03,40.6619716592165,-74.03,0.054,63
trip103716,2023-01-05 20:53:00,3,40.784611637588505,-73.92121715760663,40.78517270734202,-73.93119823789168,0.524,462
trip102933,2023-01-17 18:14:00,2,40.79753735137139,-73.97145736225414,40.82558856597343,-73.96188631705459,2.002,963
trip100079,2023-04-27 00:42:00,1,40.73607940571259,-74.00294897293504,40.73400927854598,-73.99817110412253,0.288,80
trip101172,2023-07-20 19:38:00,3,40.744740391611614,-73.99943817190443,40.759714367913475,-74.02934412020593,1.876,871
trip100814,2023-04-14 22:14:00,1,40.72173702623236,-73.97213313028406,40.7134634479223,-73.96786565471021,0.614,282
trip101852,2023-03-06 01:07:00,1,40.736529794151174,-73.95081453729154,40.681298719522744,-73.92594361662016,4.032,1514
trip102220,2023-12-13 06:51:00,1,40.754170575071306,-73.91316796447781,40.74841137655481,-73.9294653239815,0.941,399
trip102719,2023-08-09 18:59:00,1,40.70112844511346,-73.98208591661614,40.68923235339315,-74.00294989905545,1.368,651
trip103506,2023-11-22 15:16:00,2,40.7418446034454,-74.03,40.80940379078939,-74.03,4.668,1500
trip102105,2023-10-17 18:45:00,4,40.72695723613064,-73.97214246686245,40.73838715934131,-73.97928518038943,0.874,393
trip100133,2023-11-27 07:19:00,1,40.73999997863056,-73.98320922302067,40.713970089301974,-73.97542774068833,1.844,981
trip101140,2023-02-23 15:06:00,1,40.827345775137246,-73.98819355182069,40.840286166401924,-73.96347812722387,1.571,509
trip100933,2023-07-24 02:07:00,4,40.82413272989215,-73.95586643555063,40.828045963148384,-73.94291641783448,0.729,182
trip100928,2023-03-29 12:50:00,2,40.73954788015341,-73.9126931975469,40.79804164834342,-73.91171372204273,4.042,1261
trip100823,2023-09-13 19:11:00,1,40.654750549796326,-74.00636161230761,40.654011391569405,-74.01758498886875,0.591,343
trip101531,2023-02-03 19:46:00,3,40.76392262065706,-73.95254412732913,40.75708419464073,-73.94130127387763,0.755,309
trip101214,2023-04-09 20:13:00,1,40.630673124928634,-73.95581566034375,40.63,-73.9435247521497,0.646,282
trip100504,2023-12-11 23:07:00,4,40.63,-74.01154683707945,40.639262594678826,-74.00335047173695,0.771,378
trip103963,2023-08-11 06:09:00,1,40.72951971996826,-74.02916411926975,40.73513079964123,-74.0090060597716,1.124,473
trip102395,2023-08-15 21:00:00,1,40.697807232140484,-73.99139529161779,40.69331420323891,-73.98673212760188,0.395,254
trip101996,2023-09-20 21:30:00,1,40.76367268415369,-73.96992482818195,40.7553370974394,-73.97325243873203,0.602,326
trip102434,2023-10-29 03:49:00,1,40.73908214286699,-73.9646720087179,40.739735795472996,-73.96591225666175,0.079,324
trip103072,2023-09-16 17:25:00,1,40.67930060158432,-73.99646569103119,40.71021465361914,-73.99944520898218,2.142,730
trip101958,2023-02-02 08:29:00,2,40.737113523886066,-74.03,40.68926503264902,-74.03,3.306,1483
trip101384,2023-12-04 14:18:00,3,40.671155564227284,-73.91126105708592,40.69357390721482,-73.89682939742774,1.724,572
trip100894,2023-05-24 15:37:00,1,40.73597141511299,-74.01846757126198,40.73515633536309,-74.02615988969494,0.407,154
trip100828,2023-11-15 16:43:00,1,40.80463854230178,-73.92222696929268,40.785199550993134,-73.93483061417898,1.496,724
trip103902,2023-04-02 05:03:00,1,40.681495859622636,-73.93130112012304,40.68132211455777,-73.93107868061651,0.017,133
trip102523,2023-11-09 11:00:00,1,40.66897845887196,-73.95262217138435,40.70153016220554,-73.95197470508342,2.249,633
trip101683,2023-02-12 14:18:00,3,40.805278936552604,-74.01937993389876,40.804263893800965,-74.01545613950675,0.217,161
trip103434,2023-08-30 13:35:00,2,40.69243357125211,-74.02412793648453,40.74105490485628,-74.03,3.373,877
trip103409,2023-09-01 00:34:00,1,40.748184592605966,-73.96915856793947,40.72902032053873,-73.95743613815127,1.459,387
trip103346,2023-04-14 20:48:00,1,40.76154854714867,-73.92209552982193,40.77207288033233,-73.89686242738077,1.507,556
trip100652,2023-09-11 12:27:00,2,40.82505494250038,-73.96079217839905,40.82505494551946,-73.96116036241646,0.019,139
trip100172,2023-02-14 12:29:00,1,40.72952574338466,-73.97668545322536,40.73989710407471,-73.98935383848489,0.976,270
trip103197,2023-07-01 03:06:00,2,40.740709940871525,-73.98846642083122,40.74120450284178,-73.98944768289678,0.062,260
trip100038,2023-05-23 13:12:00,1,40.712898345293894,-74.01119341257642,40.70059726625264,-74.02401318372307,1.083,539
trip103826,2023-11-15 10:47:00,2,40.78844079372596,-73.94970772777314,40.798141069815195,-73.93894985511128,0.875,497
trip100713,2023-08-11 14:39:00,2,40.749456190714525,-74.01972894815465,40.760982793373095,-74.00304059544465,1.182,417
trip100090,2023-05-19 22:34:00,1,40.779942329903776,-73.87755575897056,40.77088647238517,-73.83586745650155,2.269,628
trip103947,2023-10-24 10:35:00,4,40.66134932356128,-73.97810218353865,40.66293664229189,-73.97502796511962,0.195,295
trip101205,2023-04-09 03:06:00,2,40.719660439222395,-73.99057278166985,40.704715186382586,-73.98718243805575,1.048,259
trip102923,2023-05-23 20:10:00,1,40.720999490580276,-73.93293762337078,40.71260964012588,-73.94785156384907,0.973,333
trip103291,2023-10-23 09:07:00,4,40.76248048808741,-74.01829244507152,40.7579282262612,-74.00221956732481,0.898,313
trip103597,2023-03-21 02:55:00,2,40.72429888385381,-74.02872331412532,40.73070295795698,-74.01823267369457,0.705,337
trip103141,2023-12-11 16:23:00,3,40.86,-73.94207907582103,40.849944289364785,-73.93123865450538,0.896,367
trip101827,2023-04-24 01:37:00,1,40.820146731150956,-73.8662239586156,40.81342848096215,-73.85569372762261,0.72,268
trip101155,2023-07-14 00:05:00,1,40.75497759051604,-74.01940329296235,40.76056704492468,-74.02345787209318,0.441,239
trip101324,2023-12-27 17:16:00,3,40.760294651301805,-73.9790235823023,40.763919023252356,-73.9924724718745,0.747,248
trip100216,2023-09-16 00:15:00,2,40.774215194665175,-73.92557156839007,40.764362995520784,-73.95438488693168,1.654,424
trip100510,2023-05-01 03:21:00,1,40.67975687411525,-73.99180701588196,40.68263425145016,-73.98902012682832,0.247,103
trip101680,2023-11-23 18:39:00,2,40.68246987687482,-74.00391556060382,40.66859953594258,-73.99598303790137,1.045,433
trip100499,2023-11-28 03:45:00,2,40.68272226263978,-74.00250966864404,40.68217954716566,-74.00286900026596,0.042,175
trip103630,2023-06-02 02:47:00,4,40.78270927886634,-73.93373693910179,40.74399598995038,-73.88799902040006,3.589,955
trip101856,2023-09-23 06:40:00,2,40.74241067109698,-73.94491705406689,40.71082045896494,-73.92543521406192,2.409,668
trip101388,2023-07-11 23:39:00,4,40.76513804224104,-74.02187715996104,40.77619628432076,-74.03,0.874,263
trip101519,2023-11-22 13:04:00,3,40.66294611689291,-74.0244383000932,40.66096479894344,-74.02448853088043,0.137,213
trip102386,2023-04-23 03:57:00,2,40.67760369808285,-73.91315153301102,40.650532897507176,-73.94960825687255,2.674,1213
trip103633,2023-07-01 03:36:00,1,40.744273601095664,-74.00167895913141,40.74672843572141,-74.00217100042637,0.172,105
trip103236,2023-07-23 16:58:00,2,40.79937973782413,-73.90500259912584,40.798215925274405,-73.90333654254064,0.119,183
trip102076,2023-12-16 13:10:00,3,40.748448631073444,-73.88750354136216,40.76351660085468,-73.89039694526998,1.052,442
trip101540,2023-02-09 14:31:00,1,40.73825950796496,-73.9740343630547,40.74118104772452,-73.97111204576966,0.253,199
trip101217,2023-07-13 13:50:00,3,40.64875972999218,-73.92615756848163,40.67626431864405,-73.90985681786957,2.084,570
trip102681,2023-03-23 10:51:00,1,40.74002817235009,-74.03,40.796991471217574,-74.03,3.936,1308
trip103830,2023-06-27 10:57:00,3,40.706462946518116,-73.8868782981767,40.69540447522843,-73.88087013291072,0.826,537
trip102993,2023-03-13 17:11:00,1,40.85756002197933,-73.97846054467503,40.86,-74.00734317621854,1.519,628
trip101416,2023-03-21 09:01:00,1,40.85031731247502,-73.95244447859558,40.82827562006954,-73.9834660971856,2.225,811
trip102217,2023-05-01 18:10:00,1,40.74558668941604,-74.00977309766087,40.712880253418184,-74.03,2.496,1416
trip103587,2023-05-15 18:24:00,1,40.759144312002725,-74.02376397749582,40.76213907530017,-74.02409755588012,0.208,176
trip101676,2023-01-20 11:35:00,3,40.79448393382832,-74.03,40.780076261250336,-74.03,0.995,416
trip101197,2023-09-26 23:38:00,1,40.708306009997926,-74.03,40.70738544958521,-74.03,0.064,252
trip101542,2023-10-18 23:48:00,2,40.760662992492364,-73.95289412224984,40.754478494149275,-73.94962787682536,0.46,164
trip102960,2023-06-27 12:03:00,4,40.69289096733131,-74.03,40.727039909750914,-74.00986149872736,2.585,671
trip102539,2023-11-29 09:31:00,2,40.77840572476302,-73.99431929124597,40.77934567227024,-73.9936508357798,0.074,226
trip100953,2023-06-10 05:51:00,1,40.6976907048937,-74.03,40.69871438450773,-74.03,0.071,190
trip103145,2023-02-24 11:18:00,2,40.766754650202714,-73.99979081322702,40.76939752472945,-73.99933897682887,0.184,164
trip103080,2023-12-17 18:06:00,3,40.729011257229665,-73.92476469164362,40.69433080654344,-73.88036536822814,3.339,1539
trip102635,2023-07-03 17:49:00,1,40.80433412627401,-73.98815505474563,40.86,-73.98154108303835,3.862,1352
trip100750,2023-10-18 13:57:00,1,40.75051530812518,-73.94101211698391,40.72853599642686,-73.9211606501676,1.84,508
trip102705,2023-08-02 22:46:00,2,40.74207041234671,-73.98004559546415,40.7327010151255,-73.96940495232984,0.854,265
trip100234,2023-03-04 16:00:00,4,40.71719122730154,-73.92468037809081,40.728358674326344,-73.9251033440982,0.772,404
trip100732,2023-09-05 08:02:00,2,40.774693246848884,-73.8791172989995,40.766175515988444,-73.89838361230146,1.167,734
trip104000,2023-02-16 18:29:00,1,40.73618125517494,-73.90693857699122,40.74845571885951,-73.89096335094999,1.191,463
trip103618,2023-09-07 15:02:00,3,40.765669135717516,-73.99147570436969,40.74935899886652,-73.99660587370393,1.158,347
trip101156,2023-07-25 13:28:00,4,40.75006029310395,-74.00912750658394,40.75621202058431,-74.00538980255698,0.468,279
trip103433,2023-12-05 06:53:00,1,40.75482197827777,-73.9461247003186,40.73427335299161,-73.95173242958866,1.45,586
trip102445,2023-10-12 20:37:00,2,40.86,-73.90252903872164,40.86,-73.91230457147788,0.511,276
trip102982,2023-01-03 02:12:00,2,40.741196995113654,-74.00011542569604,40.72649660340217,-73.99136179532933,1.114,259
trip101209,2023-02-25 22:53:00,1,40.76338799820335,-74.03,40.75497765141055,-74.03,0.581,228
trip101065,2023-10-06 20:05:00,4,40.74728866691194,-73.96388533743034,40.6941339048715,-73.94903544271311,3.754,1214
trip102156,2023-12-13 21:22:00,3,40.764963954089396,-74.03,40.764018032669476,-74.03,0.065,187
trip101062,2023-01-01 11:44:00,2,40.72945879850989,-74.02393733434948,40.72750244758231,-74.02256964821366,0.153,178
trip102616,2023-06-08 14:47:00,1,40.7496594716516,-73.97633113743458,40.72465670064965,-73.93316333578218,2.845,818
trip101167,2023-06-14 20:39:00,1,40.831078387648624,-74.02947578490513,40.79781273395742,-74.01295589851797,2.455,767
trip103222,2023-05-14 01:23:00,1,40.675232278611766,-73.95404016102306,40.6802979687744,-73.95795135913926,0.406,200
trip101492,2023-10-15 13:25:00,2,40.72198569313005,-73.98933427065136,40.71127122408357,-73.98269439684212,0.818,544
trip102938,2023-10-21 21:08:00,1,40.73194352773061,-73.98866369562855,40.74041144134314,-73.9892433644214,0.586,457
trip102995,2023-05-29 02:23:00,1,40.715509217461104,-73.93129103467724,40.71478223277507,-73.93140615177877,0.051,119
trip103096,2023-08-17 13:17:00,1,40.80978154648563,-74.03,40.81861443141827,-74.0271338911017,0.628,344
trip103292,2023-03-02 12:14:00,3,40.72773632062634,-73.98869458593413,40.74623528916282,-73.98308315684368,1.311,770
trip103554,2023-07-15 07:54:00,1,40.791708516110944,-73.94610994646051,40.76187400521285,-73.93997766880916,2.086,747
trip103140,2023-07-01 09:17:00,1,40.74148394365442,-74.03,40.751404931359794,-74.00401744211894,1.523,634
trip100884,2023-10-06 06:44:00,1,40.70080042639507,-73.96013885883616,40.67728887573973,-73.92612197399824,2.411,823
trip100143,2023-06-02 02:23:00,2,40.76204701580547,-73.99712811811798,40.77471645669939,-73.99690794397722,0.875,242
trip103933,2023-05-09 03:52:00,2,40.79946327972034,-74.01278764631427,40.792272299667594,-74.009234135902,0.53,135
trip100850,2023-07-19 09:28:00,3,40.733717535831204,-73.99446041385168,40.742255235874154,-73.98519360957793,0.764,522
trip102782,2023-10-31 20:22:00,2,40.77254884446801,-74.03,40.779802465432546,-74.02945074917257,0.502,235
trip100717,2023-08-16 04:17:00,2,40.78085870658736,-73.9961104187651,40.791709791959555,-73.98263025747615,1.029,389
trip103799,2023-06-18 22:21:00,4,40.7477542574011,-74.01912338001847,40.73894639822041,-74.02887993896461,0.794,223
trip102502,2023-10-27 02:09:00,1,40.795390076017966,-73.85399613288386,40.8048498673154,-73.84067503877378,0.955,311
trip100264,2023-09-29 01:01:00,2,40.77121923351453,-74.01020169578088,40.74902673629385,-74.00730577313655,1.541,587
trip100075,2023-11-20 05:47:00,1,40.78107184093305,-74.01710801570421,40.76893985784602,-74.02360588292548,0.905,366
trip102492,2023-02-14 23:11:00,4,40.78446799537268,-74.02926133741639,40.77832735059246,-74.01299151988131,0.951,392
trip100395,2023-10-25 03:47:00,4,40.75622086444264,-73.96873660473008,40.76971030017332,-73.97266283736211,0.954,387
trip103393,2023-10-31 19:42:00,3,40.70288087256551,-73.96281166349318,40.703855729822116,-73.97211145363,0.492,248
trip102224,2023-05-10 03:11:00,1,40.700515374437,-73.97892610104647,40.70347451432937,-73.95749637560634,1.141,361
trip103090,2023-02-24 01:12:00,1,40.80571721356704,-74.02707819988788,40.80803539288963,-74.02517649035595,0.189,239
trip103738,2023-06-06 16:44:00,2,40.719716304202265,-73.98115376984475,40.72865669634858,-73.98954053950989,0.758,492
trip100396,2023-12-16 18:06:00,3,40.78420598884191,-73.97703075141368,40.79308150552825,-73.9639914880291,0.917,476
trip101365,2023-06-21 18:13:00,2,40.76696265035629,-73.8902364111716,40.767957178911715,-73.85050991160956,2.08,828
trip103544,2023-02-03 17:38:00,3,40.73801213161634,-74.03,40.73266236068306,-74.02090437886592,0.603,291
trip101903,2023-12-12 15:00:00,1,40.74414882723257,-73.97390583066395,40.72465129738221,-73.97082636737778,1.357,412
trip100595,2023-09-09 08:47:00,1,40.73093770270926,-73.94090837961458,40.73073711505745,-73.94144855652561,0.031,75
trip102109,2023-06-28 00:26:00,3,40.75951239137717,-74.01244779516595,40.7716647992004,-73.97034209164374,2.358,681
trip101296,2023-05-28 06:03:00,1,40.67909713027732,-74.01331482146274,40.67755418078718,-74.0178166982436,0.259,116
trip101821,2023-01-26 11:34:00,1,40.78461562936167,-74.03,40.80088785007735,-74.03,1.124,357
trip100872,2023-05-31 02:49:00,2,40.78259272048553,-74.03,40.77118245459978,-74.0232742048231,0.863,294
trip103922,2023-05-31 09:59:00,3,40.700427017669156,-74.01734877496409,40.70626168650112,-74.00531766269313,0.748,382
trip103888,2023-04-08 01:08:00,2,40.73820530997649,-74.03,40.738226569793454,-74.02776009469503,0.117,127
trip102326,2023-11-30 15:39:00,2,40.65012365836196,-73.9854719365656,40.653643604472244,-73.98116486642265,0.332,134
trip101548,2023-08-05 05:09:00,3,40.77480362779158,-73.96481280875315,40.77348021165995,-73.96307766831742,0.129,120
trip100036,2023-02-08 00:23:00,2,40.74487236440553,-73.8810518465933,40.74348010553795,-73.88802164740201,0.377,290
trip103487,2023-12-05 01:20:00,2,40.761948789210244,-73.93669399298996,40.7645798403017,-73.93803798799908,0.195,138
trip102710,2023-03-08 19:08:00,2,40.74772173491244,-73.926426388277,40.747836182331106,-73.92433984613506,0.11,94
trip103364,2023-03-28 17:31:00,1,40.77185600316357,-73.9818412272798,40.76651254351265,-73.95020380074595,1.696,722
trip102143,2023-01-02 13:55:00,1,40.76774069422489,-73.98193234873305,40.79133722941363,-73.98975784283154,1.681,497
trip103406,2023-09-21 00:35:00,4,40.7819347839537,-74.03,40.77994573323137,-74.03,0.137,149
trip100977,2023-07-27 06:21:00,1,40.73144484075079,-73.95472521864887,40.73041901660743,-73.94995039331587,0.26,166
trip101571,2023-07-12 04:03:00,1,40.74010288921301,-73.99546204924802,40.75367395938329,-74.01155848251028,1.261,304
trip101122,2023-08-04 10:29:00,2,40.716258399777196,-73.99476313305415,40.71751616522222,-73.99352953383077,0.108,213
trip102786,2023-11-10 09:49:00,1,40.75048609381852,-74.03,40.75745701392953,-74.03,0.482,255
trip102239,2023-10-20 10:07:00,1,40.736276205157914,-74.00388001003826,40.72228011913337,-74.00570943025106,0.972,579
trip102967,2023-03-19 12:57:00,1,40.71932734513613,-74.03,40.69986245663225,-74.03,1.345,500
trip102504,2023-11-01 13:49:00,1,40.8047976334353,-73.97266184064303,40.8018883539882,-73.9689729901584,0.279,197
trip101892,2023-02-19 23:51:00,2,40.69883848383653,-73.89007699574964,40.69854523865969,-73.89025787354234,0.022,194
trip100675,2023-03-31 07:14:00,2,40.76572077801522,-73.92055904987986,40.78487640437751,-73.94245968468243,1.751,961
trip102808,2023-01-03 06:59:00,1,40.762524982280674,-73.94499296009876,40.76229288941892,-73.99381500716137,2.555,869
trip103068,2023-11-19 04:27:00,4,40.84345200966366,-73.9838507705905,40.83989855142645,-73.9938201707468,0.576,225
trip100728,2023-10-14 23:35:00,1,40.69869275863932,-73.96538167536701,40.7053742346876,-73.97279875235034,0.603,297
trip100412,2023-09-09 23:37:00,1,40.719478100193015,-73.94641118011653,40.71234884832011,-73.92665318267159,1.146,428
trip103146,2023-03-06 05:53:00,2,40.78760267175488,-73.90758757640276,40.78921696323285,-73.90986199137147,0.163,74
trip101516,2023-08-21 14:09:00,1,40.71783055471461,-73.97662584519045,40.690838491481465,-74.01470417016397,2.731,800
trip101649,2023-02-14 04:12:00,1,40.718763764748445,-73.97801145361998,40.72118892828657,-73.97667821928361,0.182,161
trip100825,2023-12-19 13:01:00,2,40.75130994759595,-74.0092689203703,40.749446491915045,-74.00941593895564,0.129,98
trip103267,2023-10-10 05:15:00,1,40.748248185978184,-73.95228225282834,40.718137426594254,-74.03,4.57,1137
trip100616,2023-08-18 21:41:00,1,40.78212190614171,-74.03,40.78463793997303,-74.03,0.174,148
trip100114,2023-12-01 01:13:00,1,40.753245827847124,-74.01638837114427,40.75698543832233,-74.0226087297288,0.416,222
trip100417,2023-11-25 02:49:00,4,40.809745875952046,-73.96598657936472,40.816625662649045,-73.96401771918802,0.486,213
trip103069,2023-09-17 13:29:00,1,40.711960579076006,-73.96152517642238,40.76312329973371,-73.95012568125084,3.585,1110
trip101625,2023-03-11 03:52:00,3,40.80094235297864,-73.92470332487775,40.799887745840074,-73.92314579533382,0.109,112
trip103017,2023-02-20 15:38:00,1,40.79757351716086,-73.958030791212,40.79233131211786,-73.97548298179157,0.982,404
trip102652,2023-10-04 05:50:00,4,40.807896555907924,-74.01766651439507,40.80335222730835,-74.02799398864408,0.625,299
trip103928,2023-11-09 16:13:00,2,40.685460000664406,-74.03,40.685599474833374,-74.02970697906181,0.018,114
trip100089,2023-04-12 06:32:00,1,40.770093902921346,-73.94604103722723,40.762394593059774,-73.95325430149111,0.652,179
trip102896,2023-10-22 03:41:00,1,40.794047860355676,-73.97584804799357,40.7774689068657,-73.98840340083748,1.32,385
trip103492,2023-09-01 02:02:00,2,40.73730934831291,-74.03,40.74728224531334,-74.03,0.689,301
trip102082,2023-07-22 01:31:00,1,40.69808462876201,-73.96370437608259,40.666211293348525,-73.99275178016518,2.677,786
trip100753,2023-01-29 18:32:00,2,40.84219400428885,-74.03,40.828113121867474,-74.03,0.973,496
trip102546,2023-02-06 11:31:00,3,40.73596489094851,-73.98136922242062,40.709785870427055,-73.92042666750409,3.668,742
trip103324,2023-11-09 13:37:00,3,40.79095456727229,-73.92064322988382,40.79277593411072,-73.91963223472595,0.137,172
trip101630,2023-11-22 02:51:00,1,40.69510559148213,-74.03,40.63786926991667,-74.03,3.955,1089
trip100011,2023-04-05 10:17:00,1,40.7850006370943,-73.96845934901137,40.78728870359003,-73.96499503098768,0.24,145
trip102444,2023-03-12 04:07:00,2,40.78687043936769,-73.97850390676449,40.79664054761604,-73.98306896245944,0.716,287
trip100284,2023-10-07 01:02:00,1,40.70003061920135,-73.99846533291533,40.667555346693874,-73.97548220028585,2.547,569
trip101066,2023-07-05 06:00:00,3,40.70176168514694,-74.03,40.699057260347175,-74.02748548285562,0.229,187
trip101191,2023-03-02 02:22:00,4,40.79533798469439,-73.95698704517216,40.796616099741584,-73.95779988858851,0.098,214
trip101440,2023-05-29 18:49:00,1,40.72009182999716,-73.98025953957823,40.710653308457346,-73.99008617048416,0.831,462
trip103747,2023-11-03 00:02:00,2,40.79049998489934,-73.95199671122738,40.800961748986175,-73.98755631508743,1.996,425
trip103742,2023-02-26 16:57:00,2,40.6731220048171,-74.03,40.64161772850257,-74.01268718621375,2.358,954
trip102738,2023-10-10 16:59:00,2,40.86,-74.00672528980301,40.86,-73.99897192731409,0.405,430
trip103617,2023-05-11 04:00:00,1,40.71843951326063,-73.94255405273444,40.72830051062338,-73.94261382531187,0.681,204
trip101568,2023-06-17 10:38:00,1,40.78283720532027,-73.9855949769382,40.783983644656765,-73.99424016131799,0.459,454
trip102427,2023-07-15 23:01:00,1,40.72404181870833,-74.03,40.72968737632973,-74.03,0.39,234
trip102737,2023-07-24 08:10:00,2,40.73941822090235,-73.93463773817128,40.731769276742,-73.96110445873599,1.483,718
trip103437,2023-04-10 02:36:00,1,40.75450763370971,-73.9749876722401,40.75776257682209,-73.97871790042082,0.298,168
trip101687,2023-09-25 05:26:00,3,40.76115764023834,-73.91830196741542,40.75740220809014,-73.91740446870205,0.264,198
trip100851,2023-03-14 04:54:00,1,40.72796124176944,-73.98905353935727,40.727944234042496,-73.99819660765087,0.479,266
trip102207,2023-08-01 00:25:00,1,40.76969450530904,-74.01484583553997,40.76068359649803,-74.03,1.008,525
trip100895,2023-12-25 15:39:00,1,40.797220282474456,-73.98406303857482,40.78181997548439,-74.02726742316835,2.498,795
trip100496,2023-06-27 12:31:00,3,40.66758672621032,-74.0015337822641,40.67190590042427,-74.0022857530786,0.301,121
trip102305,2023-08-14 22:27:00,2,40.72780501695223,-73.885612022368,40.75907521620205,-73.87808202023008,2.196,656
trip101782,2023-09-05 03:37:00,1,40.64036309515387,-74.03,40.64667170301737,-74.02888784379617,0.44,188
trip100335,2023-07-20 10:18:00,1,40.69525479327785,-74.01847431514088,40.692109443062684,-74.00809886561238,0.585,375
trip102839,2023-06-15 16:49:00,1,40.75339297944157,-73.98465788917935,40.752091789233674,-74.01278197815648,1.475,551
trip103087,2023-09-08 00:08:00,4,40.709258565429316,-74.00858553140051,40.70758779810291,-74.00808653322099,0.118,172
trip100515,2023-01-05 21:08:00,1,40.76550903518062,-73.93704174928565,40.76368208388477,-73.94114681422795,0.249,242
trip101348,2023-06-28 13:23:00,1,40.791216863602585,-73.95731066166596,40.793202600783104,-73.95660754121985,0.142,97
trip101015,2023-02-17 18:41:00,3,40.70405296776948,-73.9988658295503,40.70474128138475,-73.99809282470616,0.062,148
trip102816,2023-06-10 18:51:00,2,40.684189417681566,-74.00430690993326,40.67292315811856,-73.97309453504636,1.811,658
trip103755,2023-04-23 20:47:00,4,40.72764738837429,-73.99273667313919,40.75907076652791,-73.98431115221723,2.216,912
trip103749,2023-02-07 10:36:00,3,40.80847061187491,-74.03,40.79899111949309,-74.03,0.655,569
trip102809,2023-06-17 04:57:00,3,40.688078050079206,-73.9975592382375,40.671874566316795,-74.03,2.035,602
trip103294,2023-10-07 10:59:00,2,40.72376527523512,-74.01858055886494,40.73938237308719,-74.02418431515667,1.118,350
trip103251,2023-12-19 07:12:00,3,40.74798701796155,-74.00133839771347,40.74775040283893,-73.99711463629893,0.222,284
trip103431,2023-02-04 08:34:00,4,40.81315616731454,-73.91919670521935,40.81903007788765,-73.92017907555156,0.409,303
trip103995,2023-10-26 08:21:00,3,40.7194545321771,-74.00275839470596,40.70181323889087,-73.99650585302902,1.262,672
trip101781,2023-07-04 07:29:00,4,40.75429475673195,-74.03,40.73027238413109,-74.02714620183066,1.667,680
trip102569,2023-05-31 14:33:00,1,40.77112122968293,-74.03,40.775591576681954,-74.03,0.309,129
trip101785,2023-10-28 04:29:00,2,40.80457976612754,-73.90039125034035,40.79892298068246,-73.87181066214782,1.545,557
trip102070,2023-07-04 09:24:00,2,40.73460311991706,-74.02877533303226,40.74294876163488,-74.02715303410227,0.583,297
trip100356,2023-04-11 12:15:00,1,40.76054804017144,-73.94202274180988,40.78830322208027,-73.95423314898605,2.021,612
trip103813,2023-05-04 11:23:00,3,40.7389524329619,-73.94782827896549,40.74370792965038,-73.9453146931429,0.354,119
trip103325,2023-04-12 00:12:00,2,40.7627757700529,-73.91755254286481,40.74775517523919,-73.9339125117659,1.345,354
trip101312,2023-03-25 00:54:00,2,40.719619872153544,-73.95786314093897,40.72500942167989,-73.95822309631448,0.373,203
trip101635,2023-07-13 08:51:00,1,40.79880318224185,-74.03,40.79600355204718,-74.02406574917019,0.366,360
trip100550,2023-08-25 03:21:00,1,40.76732670719453,-73.9352269981095,40.77241687641339,-73.94193233848395,0.497,172
trip102388,2023-11-01 08:31:00,2,40.80053925836987,-74.00415321271545,40.808314156079014,-74.00078916967776,0.565,217
trip102479,2023-08-12 19:14:00,1,40.73739691179036,-73.9911425864906,40.73619800914346,-73.99265674415763,0.115,71
trip102521,2023-12-31 04:25:00,2,40.83020322067171,-73.94612391796763,40.86,-73.937183348702,2.111,843
trip102265,2023-07-31 00:30:00,4,40.785521495005135,-74.03,40.773039050805615,-74.00486968271646,1.572,585
trip102959,2023-03-04 10:32:00,1,40.8377924567209,-73.9885997794401,40.84642201454187,-73.98651797823449,0.606,555
trip101227,2023-11-07 15:10:00,1,40.724050871849485,-73.9923889145563,40.730187204658876,-73.9770927977437,0.906,348
trip103578,2023-02-07 01:55:00,1,40.77509091292712,-73.91950177625594,40.76905017419658,-73.90142986353113,1.034,355
trip103059,2023-10-01 10:11:00,1,40.73578947312303,-73.97879429505963,40.74330731412827,-73.96919872397156,0.723,377
trip100957,2023-09-22 13:34:00,1,40.85093141405813,-74.03,40.84966707701985,-73.9552549002924,3.907,900
trip101773,2023-10-17 00:18:00,1,40.82677412911574,-73.93003240624392,40.81536431893861,-73.90764875630622,1.411,579
trip102141,2023-11-26 09:17:00,2,40.735052416157245,-73.96400807051985,40.74780622936672,-73.95212903101176,1.079,508
trip101008,2023-09-11 01:36:00,4,40.78403116736334,-74.01668788929575,40.78576228992108,-74.0174870271276,0.127,114
trip103118,2023-09-05 17:30:00,1,40.712914117539725,-73.99620621286097,40.71900487815288,-73.99682370713867,0.422,196
trip101092,2023-09-14 23:38:00,1,40.7857719513812,-74.03,40.786888987360385,-74.03,0.077,48
trip103569,2023-11-01 06:59:00,1,40.788288740673664,-73.95505238991718,40.759464452861415,-73.95040932134881,2.006,693
trip103356,2023-10-11 03:14:00,1,40.722034211459,-73.97336292055053,40.74677405077235,-74.01208676676667,2.652,913
trip102744,2023-02-13 10:44:00,3,40.79587799129491,-73.95637175816121,40.803200468409166,-73.98073094652307,1.371,566
trip103800,2023-03-09 06:47:00,2,40.735640241675114,-73.95469650698733,40.72935884459636,-73.95295659720345,0.443,139
trip100996,2023-05-12 11:57:00,1,40.78450702923029,-73.99544650928266,40.788041388850445,-73.97040897583875,1.332,457
trip101679,2023-09-19 23:26:00,2,40.737372979892285,-73.94176483863983,40.73873337125827,-73.93635219328154,0.299,236
trip100153,2023-04-12 07:28:00,1,40.7281161440917,-74.01774852492807,40.727730282010945,-74.01596580327094,0.097,181
trip103147,2023-10-08 20:24:00,1,40.74487376231261,-73.95451193913034,40.74080179361429,-73.95726125540844,0.316,273
trip103719,2023-08-21 07:42:00,1,40.76263844569265,-74.03,40.74797285632102,-74.02542932765141,1.041,533
trip102908,2023-06-17 15:59:00,4,40.696039729323466,-73.9776216910559,40.69595032084636,-73.97992344401139,0.121,233
trip102837,2023-11-20 03:13:00,1,40.76038025360713,-74.00338973778392,40.7298810541276,-74.00506633711957,2.109,978
trip100580,2023-04-11 17:34:00,3,40.64155351153901,-73.99588933491381,40.63,-73.98145540013243,1.1,692
trip101470,2023-10-04 04:31:00,2,40.75492684117512,-73.99337151317536,40.71420152436964,-74.02868106451724,3.367,1053
trip100703,2023-10-26 01:05:00,2,40.74743704564539,-73.96792384553918,40.75188196969455,-73.9677723639669,0.307,146
trip101212,2023-10-26 20:29:00,1,40.74163194952663,-74.0047242158899,40.716670597132435,-73.96919335534584,2.537,960
trip103343,2023-08-21 19:49:00,2,40.785195770759266,-73.97764351545645,40.82577283260641,-73.97596802877302,2.805,891
trip100896,2023-07-15 21:13:00,4,40.71957922124434,-73.95234101783632,40.71169335419374,-73.9568275248599,0.593,309
trip103308,2023-07-05 21:40:00,1,40.70459653100853,-74.0128709816509,40.697746005818026,-74.00541549543199,0.614,302
trip100487,2023-11-26 03:05:00,3,40.76936356115309,-74.02726889745068,40.770086909309924,-74.02408952818749,0.174,133
trip100559,2023-08-17 07:11:00,2,40.71000412090461,-74.03,40.705659330282494,-74.02220905137047,0.507,244
trip101141,2023-10-08 11:56:00,1,40.645617517296195,-74.03,40.68538305139662,-74.01944006722141,2.803,701
trip101119,2023-07-14 12:45:00,1,40.705511778275444,-73.95057061954942,40.71279773660513,-73.96116308776733,0.749,243
trip102849,2023-05-27 23:27:00,3,40.79391928226323,-73.92274100278722,40.79792866038422,-73.91172545908667,0.639,307
trip100512,2023-04-02 11:03:00,1,40.75447648628571,-73.92274925122025,40.80408848220118,-73.93493045090443,3.487,1106
trip100633,2023-05-13 04:08:00,1,40.662842288172094,-74.03,40.659596071562675,-74.01419741113138,0.858,196
trip103757,2023-02-06 18:32:00,4,40.69276651669746,-73.96993241287532,40.68703626215107,-73.97195478510541,0.41,341
trip101664,2023-01-02 10:41:00,2,40.803612533813116,-73.93490856030104,40.824450835391914,-73.93113523114467,1.453,626
trip101012,2023-04-23 10:33:00,2,40.727466486530936,-74.03,40.704979732700195,-74.00973772618096,1.881,931
trip101931,2023-08-18 01:16:00,1,40.73183835466663,-74.01114387704828,40.73227007917273,-73.98323159863956,1.462,438
trip101150,2023-02-19 09:07:00,1,40.75828260240722,-73.90677459862515,40.75487428782624,-73.91194236600765,0.359,247
trip102838,2023-10-26 14:27:00,2,40.80383527684166,-73.91775891870621,40.84184252215425,-73.95195164513513,3.177,918
trip103751,2023-10-28 18:53:00,1,40.721568293991275,-73.97162028619388,40.72308509094156,-73.96860193918992,0.19,181
trip100116,2023-01-21 18:00:00,1,40.76047042951096,-73.92928755855544,40.733541458652475,-73.95091582299784,2.178,915
trip100740,2023-10-29 06:09:00,2,40.795078542894316,-73.99218031899046,40.79566126364404,-73.95167585189411,2.119,642
trip103688,2023-01-06 08:27:00,2,40.86,-73.96845533001657,40.86,-73.96369363078998,0.249,174
trip101974,2023-09-26 10:11:00,1,40.689683970639045,-73.92129335614447,40.679597270332565,-73.94634100924347,1.486,795
trip101081,2023-06-23 11:18:00,1,40.743193855896415,-74.00873592856696,40.748258671568564,-74.00612553922562,0.376,226
trip101810,2023-05-23 13:43:00,4,40.66212330114783,-73.89485240263203,40.6657847107638,-73.92548384183081,1.625,504
trip100830,2023-10-05 10:38:00,2,40.767817024349384,-74.03,40.76460689475572,-74.0286154215293,0.233,173
trip100119,2023-06-17 19:04:00,2,40.739228996763714,-74.01301093545754,40.74045354352549,-74.02291545724276,0.525,356
trip100656,2023-09-14 04:41:00,1,40.710892873846085,-74.01904159217685,40.7115212581299,-74.01786639869795,0.075,90
trip103821,2023-09-11 07:37:00,2,40.80543907314693,-73.93519053757514,40.80720391836418,-73.93245763101746,0.188,266
trip103594,2023-02-06 06:28:00,2,40.73305323746394,-73.98201729979486,40.71531476804194,-73.95796437743353,1.757,588
trip103917,2023-05-19 17:45:00,1,40.72069167431379,-73.97469737660171,40.70859794661523,-73.96346764558864,1.022,586
trip100635,2023-06-30 21:21:00,2,40.73711996725717,-74.03,40.75657875962982,-74.01580023829132,1.536,625
trip100369,2023-02-12 02:07:00,4,40.78799733357184,-73.94687350819825,40.78596414121383,-73.97272508031514,1.36,401
trip100268,2023-10-06 03:50:00,3,40.752391990641,-73.92789139263455,40.787056041504385,-73.95879330631105,2.89,768
trip102703,2023-11-07 02:19:00,2,40.80337641259535,-73.90730563770697,40.79576654168477,-73.91208785596176,0.582,367
trip102983,2023-08-15 18:23:00,1,40.76166794386907,-74.03,40.74744102161531,-74.03,0.983,527
trip102870,2023-06-12 13:43:00,2,40.66704036621436,-73.98469849685111,40.65117047834196,-73.98454471701974,1.097,349
trip102914,2023-10-21 20:02:00,1,40.766081423747,-74.03,40.77091953227914,-74.03,0.334,231
trip100046,2023-08-07 06:20:00,2,40.78921429500767,-73.98743705865101,40.79809425586603,-73.98399550106922,0.639,201
trip103421,2023-01-01 04:51:00,2,40.74480992523367,-73.9867154888331,40.73592244022726,-74.02998875109891,2.347,626
trip103709,2023-11-06 09:04:00,3,40.73747858041943,-74.02071926744937,40.76156081525643,-74.02233242036297,1.666,677
trip100991,2023-04-21 16:40:00,1,40.81656735298034,-73.98296229549032,40.820962824010145,-73.985101479617,0.324,231
trip100876,2023-07-26 19:36:00,1,40.74944563181818,-73.93783639519849,40.74945830114635,-73.92764273806165,0.534,297
trip100773,2023-06-29 07:41:00,2,40.81077813044287,-73.95057234805847,40.79174064193462,-73.94672139936793,1.331,559
trip101219,2023-08-12 21:49:00,3,40.80962300557217,-73.95293024989452,40.81520470561838,-73.94489140012548,0.57,245
trip101126,2023-12-29 01:40:00,1,40.829710355902044,-73.95840724333941,40.812622448044394,-73.97410960622966,1.438,450
trip100004,2023-06-08 07:49:00,1,40.66220341651058,-73.91565956463883,40.66126372948692,-73.91798617655546,0.138,147
trip103051,2023-06-21 20:25:00,2,40.70795924211334,-73.90076034869855,40.7066308717887,-73.89636376332163,0.248,126
trip101595,2023-08-03 23:19:00,4,40.770364228854085,-73.96558687421968,40.76215557953132,-73.96530458793612,0.567,334
trip103124,2023-07-18 00:57:00,3,40.760918992209575,-73.98254290263257,40.786885193962355,-73.98510666949652,1.799,566
trip102311,2023-05-27 17:08:00,3,40.76256586992701,-73.92503375099066,40.68359611688763,-73.93113214260003,5.466,2123
trip103040,2023-09-10 04:26:00,3,40.806686763379616,-73.9742741347962,40.797443400238116,-73.96199108903866,0.906,456
trip103839,2023-03-07 05:36:00,3,40.74236861323762,-73.99019273606909,40.7570794337304,-73.96553827706039,1.643,565
trip102491,2023-06-21 13:57:00,4,40.718420487417994,-73.99889029698826,40.681133116801796,-73.99687176210382,2.579,649
trip103050,2023-10-14 12:19:00,2,40.79481364259676,-73.95664181791852,40.79590667829666,-73.95724298549622,0.082,188
trip101077,2023-02-09 07:57:00,3,40.86,-73.9768518634765,40.86,-73.9769255863603,0.004,84
trip100837,2023-08-12 21:28:00,4,40.814236837765804,-74.02580949256955,40.7853082245804,-74.01046425974312,2.154,789
trip100681,2023-02-12 00:10:00,2,40.77812883405617,-73.97545943091839,40.76959112166125,-73.98986214992517,0.957,301
trip101715,2023-11-03 02:30:00,1,40.7556968519625,-73.99086162546156,40.74392155313118,-74.02567547366944,1.996,494
trip102352,2023-09-11 16:27:00,1,40.74832378363516,-73.88683206259903,40.74393752559967,-73.8876573776373,0.306,244
trip103413,2023-12-22 03:29:00,2,40.7338871798693,-73.9384355630084,40.75583992960528,-73.91516004051591,1.946,641
trip102617,2023-11-25 15:03:00,1,40.79186700359303,-73.98145760745517,40.78344832673086,-73.98763422934464,0.665,362
trip102361,2023-08-24 21:56:00,2,40.70508893830178,-73.896910206709,40.73030737251765,-73.89297392733131,1.755,604
trip102197,2023-01-09 14:44:00,4,40.75063324372931,-73.9550627331713,40.80469331219984,-73.93499945318752,3.88,1255
trip101148,2023-11-22 13:54:00,1,40.79585696619588,-73.97990329138077,40.80532648616093,-73.9706210436322,0.815,554
trip103261,2023-03-25 17:24:00,4,40.70085179528109,-73.92676025661534,40.72366135403839,-73.89571872399205,2.264,1016
trip100574,2023-05-20 18:00:00,2,40.758542952677686,-73.93299786476773,40.76035053515233,-73.9343113408894,0.143,143
trip100050,2023-02-01 21:07:00,1,40.76301037294105,-73.9399763944564,40.77445281709249,-73.9354262757855,0.826,291
trip100853,2023-07-08 06:07:00,3,40.7513988514497,-74.03,40.76568583090773,-74.02861345451888,0.99,427
trip101982,2023-04-27 21:36:00,3,40.751397124021985,-73.98929696672555,40.74845742081895,-73.95133471455422,1.997,658
trip102774,2023-03-24 08:03:00,1,40.730759603593356,-74.03,40.7490417678134,-74.02647468582255,1.277,627
trip101823,2023-09-17 16:47:00,2,40.77900512853928,-73.98919212695134,40.73642149885765,-74.02082301530854,3.376,1892
trip100833,2023-08-24 19:39:00,1,40.732908706969454,-74.01652200230365,40.71363056434883,-73.99412793345158,1.775,849
trip103425,2023-08-18 07:47:00,1,40.7668865865175,-74.03,40.76933966446924,-74.02262940176212,0.421,341
trip101115,2023-08-14 13:16:00,1,40.7535544922353,-73.95365311954893,40.70785659880397,-73.94534563881437,3.187,816
trip101166,2023-11-30 06:27:00,1,40.86,-74.03,40.82981158584591,-74.02465796105913,2.104,597
trip102518,2023-06-08 10:24:00,2,40.774985803342574,-73.96135095017347,40.72963104969028,-74.01228275673492,4.114,2224
trip101906,2023-12-11 16:45:00,1,40.75145665453272,-73.97763245658399,40.76000266892767,-73.97591662802657,0.597,297
trip100971,2023-12-06 08:44:00,3,40.74522181312199,-74.03,40.747583146777814,-74.03,0.163,304
trip102701,2023-04-26 21:18:00,1,40.699958008553835,-73.90192396501018,40.704839260772765,-73.90205345125118,0.337,135
trip100399,2023-06-25 23:24:00,2,40.71828970317085,-74.03,40.72831827194547,-74.01552099852377,1.027,525
trip102559,2023-01-26 12:48:00,1,40.817055595403346,-73.98745942124943,40.81287937932062,-73.98661625049749,0.292,229
trip102368,2023-09-26 07:48:00,4,40.71025601659802,-74.02239534698329,40.71901835871123,-74.01979608727781,0.621,253
trip100019,2023-09-30 04:25:00,1,40.747753334005615,-73.97976660981035,40.71617188519069,-73.96947689538281,2.248,534
trip100684,2023-07-10 05:18:00,3,40.730406663717524,-74.00921054047373,40.740679486057346,-74.02329795222393,1.024,319
trip100035,2023-04-27 18:19:00,1,40.80080375317244,-73.97272519261293,40.81196785277275,-73.93971683966981,1.891,769
trip102950,2023-05-15 07:19:00,1,40.6973645799539,-73.90305453348327,40.68572293031008,-73.8903425662537,1.044,496
trip103784,2023-04-06 08:46:00,3,40.83211955580132,-74.03,40.83117210600625,-74.02866907251794,0.096,95
trip102875,2023-12-07 13:35:00,2,40.64907275702753,-73.94581093621419,40.65881918687372,-73.93206022779212,0.986,284
trip100524,2023-01-24 00:44:00,2,40.813171962643,-73.93323358756648,40.80013048622362,-73.94752519290665,1.171,363
trip102455,2023-05-13 09:09:00,2,40.75403167453158,-74.00989521808079,40.73789623831054,-74.03,1.533,703
trip100920,2023-06-26 00:57:00,3,40.73569420531172,-73.9951864381407,40.73357057309205,-73.99128099999456,0.252,93
trip101841,2023-04-27 03:14:00,1,40.75049434810874,-73.9925816019083,40.745654944983855,-74.0066900718973,0.811,267
trip101890,2023-03-18 05:11:00,2,40.7961030703942,-73.9427079867242,40.80980064000125,-73.94926564260658,1.007,297
trip100537,2023-03-23 21:02:00,1,40.80165156973301,-73.96646784561821,40.86,-73.96300714877219,4.036,1072
trip102806,2023-08-19 03:23:00,4,40.827675956860126,-73.93086421039072,40.83677543957841,-73.90725339722638,1.385,603
trip101705,2023-09-29 12:06:00,1,40.835630835802334,-73.96979071418943,40.83795488087351,-73.97263763293482,0.219,136
trip103914,2023-05-13 15:58:00,2,40.64933835255733,-74.02941460588903,40.6441339230884,-74.01250060348974,0.957,357
trip103110,2023-08-05 13:50:00,3,40.76058039744183,-74.02418875375271,40.78046150500093,-74.03,1.407,529
trip103247,2023-03-29 14:30:00,1,40.689255966446694,-73.96078726751449,40.69673209029644,-73.96199361850431,0.52,190
trip100245,2023-02-08 04:22:00,1,40.69206598384267,-73.98121301263959,40.671399449970146,-73.99105185111036,1.518,353
trip103464,2023-11-01 23:06:00,2,40.77211536654728,-73.97459275799795,40.76400993074771,-73.97279283666877,0.568,280
trip103175,2023-04-03 15:10:00,1,40.670741976791085,-73.91762800558263,40.659043433861264,-73.93520929802874,1.226,325
trip100784,2023-12-03 21:51:00,2,40.75051504475912,-73.97694135129764,40.77322988567875,-73.95475708858838,1.952,747
trip101409,2023-11-03 04:54:00,3,40.77309399149847,-73.95725267801063,40.77134114930956,-73.956238666161,0.132,101
trip102537,2023-07-23 07:39:00,1,40.67701336929264,-74.03,40.693793466658995,-74.03,1.159,452
trip100154,2023-12-02 03:59:00,1,40.747579785213176,-74.01083592632305,40.75102134147299,-74.03,1.031,454
trip103009,2023-05-27 04:58:00,4,40.7832834042244,-73.9879043761863,40.803522487052184,-73.98558428295736,1.404,479
trip101686,2023-02-08 22:08:00,1,40.72577577087123,-73.91103174484232,40.73923715993585,-73.95076295469494,2.279,894
trip102901,2023-04-09 10:18:00,1,40.68670747178445,-73.91891980872002,40.68887970842808,-73.91983276182211,0.158,208
trip103359,2023-11-12 20:27:00,2,40.75745254676047,-73.94978317972459,40.764876566317824,-73.94242484587701,0.641,391
trip100625,2023-10-23 04:09:00,3,40.725994644377586,-73.96251517434244,40.73016274654713,-73.96748094950284,0.388,235
trip102733,2023-01-08 02:28:00,4,40.729194713251545,-74.03,40.70604002022838,-74.00545738835737,2.052,631
trip103844,2023-02-17 05:41:00,1,40.75386995792523,-73.93868677648733,40.753024052388284,-73.93678037998741,0.116,150
trip101346,2023-08-09 10:36:00,1,40.76470795616746,-74.03,40.763787280179116,-74.02818109842164,0.114,360
trip100569,2023-11-09 04:41:00,4,40.758458811436874,-73.95993322432477,40.706730867853885,-74.01177337895972,4.488,1232
trip103918,2023-10-22 21:45:00,1,40.75996188642893,-73.95374393430157,40.761690306346225,-73.93499991956101,0.988,346
trip101758,2023-04-20 13:33:00,3,40.70361773356304,-73.96551938839282,40.73462792360657,-73.99699817860902,2.703,709
trip101816,2023-08-31 21:33:00,3,40.779895915340795,-73.9677351319663,40.78154325781219,-73.96692004754651,0.122,166
trip102065,2023-07-12 14:06:00,1,40.742220801290046,-73.96408122847325,40.73753813646223,-73.96626476920561,0.343,134
trip100127,2023-08-26 17:11:00,3,40.696505662555474,-73.99369395762704,40.674786234422356,-74.00213627603087,1.565,608
trip103394,2023-06-07 18:45:00,1,40.77627039453818,-74.03,40.751477941801255,-74.03,1.713,715
trip103327,2023-09-08 07:47:00,2,40.75288615610702,-74.00037909084206,40.65706348864147,-73.9262782338604,7.675,2931
trip103980,2023-06-10 18:31:00,3,40.76473349928389,-74.02808619327071,40.76333433521058,-74.02800275524949,0.097,202
trip102006,2023-10-24 14:03:00,1,40.74576124410921,-74.0251565734277,40.73697609861904,-74.03,0.658,289
trip102975,2023-06-23 15:17:00,2,40.764309941248634,-74.03,40.76981885559151,-74.02434067141735,0.482,253
trip100980,2023-09-28 10:23:00,2,40.77085164127147,-73.95360379482,40.85377550433338,-73.92994333755719,5.862,2211
trip103976,2023-02-22 13:38:00,2,40.764072066067364,-73.90216292441629,40.754973038982726,-73.90492196958952,0.645,191
trip100190,2023-06-01 21:58:00,1,40.82756495743525,-73.9348557358672,40.8147122754791,-73.93506188291158,0.888,308
trip101139,2023-01-28 11:03:00,4,40.75017083132297,-73.95890086788562,40.690437484741054,-73.98812190032258,4.402,1384
trip100992,2023-10-01 03:45:00,1,40.830746652457016,-74.00537436044486,40.83343989770857,-74.00690934952866,0.203,75
trip100699,2023-07-08 14:55:00,4,40.74095029054665,-73.97964048109915,40.7434717662561,-73.97651223160173,0.239,279
trip103647,2023-11-06 23:11:00,1,40.73231261780863,-73.91814879528043,40.72755229551721,-73.9196715076865,0.338,236
trip100606,2023-03-18 17:16:00,1,40.78433169170516,-74.0276044319039,40.778098008536126,-74.03,0.449,266
trip100180,2023-08-20 14:24:00,1,40.80877007837681,-73.92579716017772,40.81810058093759,-73.89483747318238,1.743,380
trip100301,2023-10-13 20:21:00,1,40.680976236778776,-73.93067359351402,40.68046374778129,-73.93472103831657,0.215,222
trip102544,2023-10-30 07:44:00,2,40.74794988429605,-73.99950548984,40.81892947847613,-74.02173425292018,5.04,1897
trip103695,2023-12-06 06:03:00,2,40.714460976394385,-73.93729970335124,40.744601729522806,-73.9233507285861,2.207,759
trip103710,2023-03-24 08:47:00,1,40.77117026600066,-74.0053699640548,40.7629087176937,-73.99893986780951,0.663,332
trip101060,2023-10-20 03:06:00,1,40.74308417030371,-74.02717924391406,40.753641062485514,-74.03,0.744,341
trip103771,2023-02-27 23:05:00,4,40.68952454897389,-74.0043206314213,40.69142498477613,-74.00672107030252,0.182,153
trip103846,2023-09-16 13:57:00,4,40.745770655524694,-73.95404938946416,40.74656601978041,-73.95254630367054,0.096,142
trip102565,2023-02-16 06:24:00,4,40.70763080789966,-73.9534025935961,40.70584340944854,-73.87655904754482,4.027,983
trip103996,2023-08-10 23:35:00,3,40.7955247186168,-73.8881777963554,40.786513078460565,-73.89434897595413,0.701,221
trip101069,2023-10-25 16:34:00,3,40.74651897190806,-73.92510165173503,40.74751822181216,-73.92279367536712,0.139,84
trip102524,2023-10-31 06:59:00,1,40.835187199844015,-73.97056443109089,40.83683243648162,-73.96916217220506,0.135,250
trip102205,2023-01-08 12:48:00,2,40.736754352441274,-74.03,40.84792878341027,-74.00263376759379,7.814,1986
trip101243,2023-11-29 17:34:00,2,40.72610605729499,-73.94299968079979,40.726640500709884,-73.94361905843158,0.049,199
trip103243,2023-05-05 14:05:00,2,40.761621078414876,-74.03,40.7789326109666,-74.03,1.196,745
trip100016,2023-10-05 18:55:00,1,40.76659378528371,-73.9121076169505,40.75919769862398,-73.89121119201025,1.207,605
trip103120,2023-04-01 21:20:00,2,40.76500970552363,-73.95267184987561,40.77045378410027,-73.95633241476823,0.422,201
trip103983,2023-01-08 23:01:00,4,40.68845107455413,-74.01839364793246,40.68461040842835,-74.00347362144173,0.826,402
trip100546,2023-05-22 23:35:00,3,40.7591524708279,-74.03,40.75946040056377,-74.02966356953512,0.028,251
trip100658,2023-11-11 12:52:00,4,40.80456334765742,-74.00794552896633,40.801996992122305,-74.01112317031253,0.243,88
trip103610,2023-06-21 16:49:00,1,40.77903007094475,-73.98366233420171,40.77921984818433,-73.9695542166342,0.738,417
trip103067,2023-01-31 09:56:00,4,40.7695864280727,-74.03,40.767001304502436,-74.02802265928847,0.206,309
trip103653,2023-02-21 23:27:00,1,40.78235918707397,-73.9829654117014,40.783630839537466,-73.98050547090193,0.156,237
trip101504,2023-12-11 18:31:00,2,40.7404719788855,-73.97666252205273,40.741417658206345,-73.96001850618295,0.874,637
trip100959,2023-02-18 12:39:00,1,40.768361627959656,-74.0206840124767,40.764371696547855,-73.99730088108053,1.254,567
trip102926,2023-06-28 12:26:00,3,40.78603236047513,-74.03,40.78721440847816,-74.02918182488077,0.092,83
trip102331,2023-09-26 10:34:00,2,40.680137163701495,-73.97258905710812,40.67754151956384,-73.90925193233063,3.324,1480
trip100797,2023-02-27 12:41:00,3,40.79766506825033,-73.94192219416375,40.79948816335367,-73.94399803128097,0.166,197
trip103348,2023-05-15 01:55:00,1,40.77426870488243,-73.9560419412193,40.773614050477526,-73.9589300905209,0.158,169
trip100225,2023-12-02 10:05:00,4,40.76027027485625,-73.96115409773098,40.75858072722286,-73.96890686783743,0.422,473
trip102074,2023-05-28 04:30:00,1,40.752542351139695,-73.97642267716088,40.74724229070609,-73.97763716380612,0.372,210
trip103354,2023-08-11 00:34:00,4,40.73446794097407,-73.97096819138274,40.72629857100986,-73.97186141090022,0.566,288
trip101799,2023-09-18 11:02:00,1,40.730064453104134,-73.96153340837978,40.72703196090892,-73.96401356348902,0.247,93
trip102485,2023-07-02 05:36:00,1,40.74485550243978,-74.00521353496042,40.73803789939463,-73.9915353609484,0.857,458
trip103959,2023-09-30 05:55:00,2,40.71270061767399,-73.98891149392975,40.6680066746338,-73.99553734563364,3.108,979
trip103436,2023-05-14 00:12:00,4,40.72068815694696,-73.93145242885831,40.720039340792745,-73.91557445923294,0.833,299
trip102277,2023-03-26 10:50:00,1,40.83487851213502,-73.9059600299311,40.83228081613658,-73.91260941686133,0.391,181
trip102085,2023-01-08 12:03:00,4,40.78496828315459,-74.03,40.793655575571755,-74.03,0.6,253
trip101693,2023-09-20 01:28:00,3,40.72606551277258,-73.91532334138039,40.74826151661931,-73.93540915598598,1.86,752
trip102797,2023-04-21 21:04:00,1,40.73841154604906,-73.96270067530712,40.74012283204398,-73.96137324383086,0.137,218
trip101045,2023-02-07 23:59:00,4,40.7113357291641,-73.91824256546354,40.71792135936504,-73.88028745102142,2.039,555
trip103446,2023-03-20 01:37:00,3,40.731039822640945,-73.97050001653706,40.73169393110392,-73.93373522870077,1.925,545
trip100469,2023-01-06 05:50:00,3,40.70670589976463,-74.01676538928339,40.71166606076568,-74.01492970716788,0.356,230
trip100954,2023-11-27 15:50:00,1,40.71795540811545,-73.92946040503827,40.71661123249733,-73.93260481312589,0.189,123
trip103979,2023-01-16 12:54:00,4,40.78488531340828,-73.95798985486907,40.77954201091147,-73.95264017740416,0.463,196
trip102735,2023-12-24 02:48:00,2,40.73187476765022,-73.94957381768505,40.734778782100705,-73.95037100025863,0.205,237
trip103853,2023-03-08 22:53:00,4,40.734323378654466,-74.03,40.756120914133035,-74.03,1.506,453
trip100639,2023-08-22 22:11:00,2,40.77360283188787,-74.00724522695424,40.77391798392649,-74.0117345196212,0.236,161
trip103713,2023-04-21 02:07:00,3,40.75362734990292,-74.01153566749136,40.75234100791968,-74.0223813481046,0.575,321
trip101218,2023-01-13 10:00:00,1,40.69620884615659,-73.94021155175793,40.71384085678123,-73.9420165670597,1.222,526
trip101158,2023-12-22 16:03:00,1,40.6397107542157,-74.00808544747784,40.65744062100903,-73.994888872169,1.407,658
trip101415,2023-07-24 17:54:00,3,40.71165285373155,-74.03,40.70953719045453,-74.03,0.146,116
trip103622,2023-05-13 04:40:00,1,40.710245867976056,-73.98746594347955,40.73158822120247,-73.99180282994479,1.492,646
trip101527,2023-07-08 03:12:00,1,40.74233252094898,-73.97023671793735,40.74736866770069,-73.97083600433805,0.349,243
trip103904,2023-04-04 20:19:00,1,40.677179772871675,-74.01343143455591,40.67687625737713,-74.01295121820387,0.033,222
trip101300,2023-08-23 09:40:00,1,40.752406673206984,-74.014487490605,40.72865264432362,-74.03,1.831,722
trip103832,2023-11-13 20:25:00,3,40.74199784236201,-73.96730676016978,40.74191913773321,-73.96721508368945,0.007,77
trip102848,2023-04-26 20:44:00,4,40.78537896708938,-74.03,40.77525690809018,-74.02302278905064,0.789,216
trip101603,2023-05-01 14:11:00,1,40.68602063577949,-73.96296898773181,40.67959137802153,-73.96481850055815,0.455,208
trip100160,2023-01-17 07:44:00,2,40.70656974569955,-74.03,40.70056278413736,-74.03,0.415,291
trip101704,2023-06-24 08:52:00,4,40.76065717525546,-74.02477204997174,40.75063231646387,-74.02457155879789,0.693,348
trip100956,2023-11-01 12:27:00,4,40.72821864407923,-73.97639628189197,40.72845587293149,-73.96624705988846,0.532,222
trip103234,2023-02-27 13:27:00,4,40.72818711573029,-73.96285792739182,40.71129056299186,-73.89247199111384,3.866,971
trip102869,2023-01-12 10:34:00,2,40.77575090890843,-73.93108107648365,40.77049136615103,-73.93901249477985,0.552,288
trip103892,2023-04-10 06:22:00,2,40.644711334793165,-73.99741331687875,40.64562040713415,-73.99960625082237,0.131,200
trip100877,2023-01-14 21:39:00,1,40.740056470699614,-73.95397208108925,40.736987769991195,-73.96827381243972,0.778,244
trip101919,2023-11-25 17:57:00,1,40.68402163078887,-73.99323685956806,40.69830067910639,-74.00095163418231,1.066,515
trip102961,2023-12-31 19:51:00,2,40.74876549906173,-73.90246095473525,40.740393700698284,-73.88263335330193,1.188,366
trip101884,2023-03-25 09:20:00,4,40.65964481271379,-73.94478668186974,40.680074367670244,-73.94129328565748,1.423,723
trip102200,2023-01-28 05:34:00,1,40.72572091681355,-73.91293012736548,40.701669677238975,-73.93616191519514,2.06,691
trip100098,2023-05-31 00:31:00,3,40.76798984020255,-73.96036742460453,40.767994243573206,-73.96030302947459,0.003,57
trip103781,2023-11-16 08:33:00,1,40.6666409688255,-73.9885384666803,40.67084014914985,-73.9855654033234,0.329,187
trip102557,2023-02-11 07:05:00,2,40.78778056408484,-73.9906319900264,40.79007104116777,-73.98675436893053,0.257,140
trip103183,2023-07-03 04:26:00,1,40.77542127765728,-73.96864810811985,40.801960885847954,-73.93628931163785,2.496,1062
trip103298,2023-11-01 22:48:00,2,40.730137795943534,-73.97779777232815,40.726663290524776,-73.97799050164224,0.24,119
trip100253,2023-09-24 01:30:00,4,40.70559143147073,-74.03,40.70767320389474,-74.03,0.144,103
trip100103,2023-03-02 06:39:00,2,40.783188200581016,-73.89673144549313,40.78277249907162,-73.86681443249589,1.565,550
trip101445,2023-11-12 11:35:00,1,40.763051817841756,-74.0118482450766,40.76230002084019,-74.00947489864532,0.135,98
trip101443,2023-02-04 14:25:00,2,40.81474174670617,-73.98238313986484,40.825255858264285,-73.98873178141841,0.799,388
trip101648,2023-09-20 06:30:00,1,40.741960517394375,-74.03,40.74784105637811,-74.03,0.406,176
trip100586,2023-04-27 07:36:00,4,40.69705233762568,-73.9572351720959,40.72287648019217,-73.96313876944662,1.811,921
trip100627,2023-02-23 13:45:00,2,40.81131891879115,-73.94458120010559,40.85643761754489,-73.94173333014977,3.121,927
trip101696,2023-03-23 13:11:00,2,40.729040432581385,-73.96880749828564,40.735636535925785,-73.96880249093641,0.456,297
trip103191,2023-03-29 13:55:00,1,40.71301741166166,-74.02824232975682,40.71027903269132,-74.03,0.21,76
trip102101,2023-09-24 13:13:00,2,40.672848134702676,-74.01188301690685,40.69206785002789,-73.98824366396828,1.816,455
trip102199,2023-11-21 11:29:00,2,40.7133974314444,-73.97384853585028,40.71207582522096,-73.9680510162835,0.317,193
trip100403,2023-03-14 02:51:00,1,40.73228164724989,-73.91038097312408,40.73575030773129,-73.91854712087205,0.49,204
trip101154,2023-02-04 22:10:00,4,40.781401757755,-73.95023347224095,40.774351313335366,-73.92874419847205,1.225,365
trip102255,2023-12-13 03:14:00,3,40.69678972425071,-73.93830479688523,40.69002636584023,-73.93712688752879,0.471,192
trip102863,2023-05-13 23:37:00,1,40.86,-73.9765661935118,40.86,-73.97446902329638,0.11,123
trip101682,2023-08-06 11:32:00,1,40.725798489413926,-73.99708811765323,40.72106301601371,-73.96159632219785,1.887,564
trip103170,2023-05-15 04:49:00,1,40.79788942699861,-73.9863850949357,40.7970071258937,-73.98685024947126,0.066,50
trip103969,2023-03-31 20:50:00,1,40.703437555419185,-73.90835031889084,40.70739462582012,-73.91665870547415,0.514,141
trip102056,2023-03-24 20:30:00,2,40.7278213103997,-74.00415911097919,40.7296012321648,-74.00755341217459,0.216,261
trip103062,2023-03-01 14:32:00,2,40.86,-73.95184149556097,40.86,-73.95165637412073,0.01,238
trip103803,2023-01-19 20:20:00,3,40.76355009251953,-74.03,40.77022201872036,-74.03,0.461,199
trip103108,2023-07-07 02:56:00,2,40.691792281329775,-73.95379413266848,40.67395385701423,-73.94759216384587,1.275,609
trip100452,2023-04-25 06:48:00,1,40.83779556520568,-74.03,40.83824035296336,-74.02546944531369,0.239,169
trip102301,2023-08-28 04:57:00,4,40.70994906626064,-74.01228751900027,40.69838098299731,-74.01144324835744,0.801,349
trip101327,2023-07-27 01:45:00,2,40.678499609611954,-74.0166429398883,40.68675011085609,-74.01205228395305,0.619,216
trip102944,2023-04-08 00:12:00,1,40.744055445423406,-73.97386837621859,40.75039673755333,-73.965475374095,0.62,267
trip102049,2023-01-01 11:32:00,3,40.69946693279018,-73.98712346280524,40.725315002907735,-73.97265847390345,1.94,682
trip100880,2023-02-08 10:29:00,1,40.76015019277796,-74.00435914599461,40.76308312349888,-74.00971840553696,0.346,308
trip103643,2023-10-22 10:25:00,2,40.72086654074343,-74.01706631894571,40.72267816867371,-74.01181681795266,0.302,202
trip103898,2023-12-02 21:49:00,1,40.72135767775683,-73.98970900305065,40.71808271564514,-73.98807586458162,0.242,260
trip100623,2023-12-24 23:21:00,3,40.72211503296421,-73.94192436393425,40.72756974197575,-73.94235063368549,0.378,275
trip102393,2023-07-02 05:31:00,4,40.76389596745817,-73.98045076028023,40.76560417148259,-73.97258658673553,0.428,227
trip103702,2023-01-09 07:29:00,4,40.71665416390995,-74.03,40.716647939142135,-74.02861264809134,0.073,216
trip101787,2023-01-31 04:27:00,4,40.678359414899134,-74.02104353295854,40.68012342609623,-74.03,0.485,283
trip100262,2023-04-02 05:51:00,4,40.76044764503318,-74.00100551346196,40.7629603314494,-74.01429716037092,0.717,358
trip101634,2023-02-08 03:39:00,1,40.76273808646045,-73.98038918817055,40.76560417181861,-73.97849281073321,0.222,204
trip103369,2023-02-13 04:48:00,1,40.75561137749431,-73.95084626321311,40.71451712504687,-73.90461074833443,3.731,1181
trip101438,2023-04-02 21:53:00,2,40.69387071386376,-73.96545610814137,40.72508855846499,-73.97841625077581,2.261,534
trip102198,2023-05-29 14:34:00,1,40.7403182875403,-74.0136907038838,40.71975256564628,-74.00685530281439,1.465,558
trip101969,2023-12-05 14:04:00,2,40.7858444813734,-73.91131635600061,40.78584490408962,-73.91131719550701,0.0,182
trip102520,2023-08-30 12:21:00,1,40.740313999454074,-73.93206242827354,40.74289894512014,-73.93059162986269,0.194,249
trip101802,2023-05-27 07:15:00,1,40.73630079567145,-73.94845337879076,40.723867827738104,-73.96951940058479,1.398,852
trip100640,2023-05-20 15:07:00,1,40.68275174710813,-73.91162138943109,40.67069858511067,-73.91300334782245,0.836,362
trip103994,2023-05-06 17:56:00,2,40.77708530418729,-74.00631312347555,40.86,-74.03,5.861,1944
trip102385,2023-01-03 23:49:00,1,40.7223661851095,-73.88664968723357,40.724342826164126,-73.88570959769542,0.145,252
trip102598,2023-02-05 15:50:00,2,40.663879911932696,-74.02536112310113,40.69076627630758,-74.0234117211111,1.86,569
trip103785,2023-03-01 20:45:00,3,40.69529546341876,-73.88324013535099,40.68527453674223,-73.87675465928037,0.771,312
trip101959,2023-11-17 20:21:00,4,40.7236276762011,-73.92412632316956,40.722254329794126,-73.9308022805809,0.362,257
trip102976,2023-08-21 07:10:00,3,40.714708367098815,-73.95477940012685,40.746727350104244,-73.9445647431784,2.276,787
trip100488,2023-07-29 15:10:00,2,40.71168082648664,-73.96075637015042,40.736090775695445,-73.96315126086871,1.691,584
trip101843,2023-01-30 22:11:00,1,40.68261820734575,-73.95841203680149,40.68047972711107,-73.96602792018109,0.426,150
trip101734,2023-12-31 07:05:00,4,40.72675701660276,-73.99512560711818,40.7433165113284,-73.97401196891302,1.591,603
trip102911,2023-03-19 09:23:00,3,40.834956578718824,-74.00668068064482,40.81565244988573,-74.01645689269401,1.428,855
trip103219,2023-03-25 04:55:00,3,40.79508252862972,-74.01938853645731,40.773189513888774,-74.01188140499904,1.563,606
trip100146,2023-11-08 16:51:00,1,40.722455644042306,-73.97575559296286,40.79770628200629,-73.95921439893597,5.271,1877
trip101534,2023-02-16 09:47:00,3,40.84039399237833,-73.96392861340071,40.821369052592296,-73.94780740486763,1.561,493
trip101986,2023-12-26 14:37:00,3,40.75892715222819,-73.98726087169662,40.76040216835391,-73.98654738239404,0.109,263
trip101369,2023-04-19 14:06:00,2,40.79318157365876,-73.89981466983608,40.816807716511036,-73.89051481736395,1.703,553
trip102450,2023-05-23 14:51:00,3,40.72592107809805,-73.94398117389382,40.73372127249436,-73.93094089839254,0.87,384
trip103924,2023-05-08 08:28:00,3,40.75056311917397,-73.99585357410196,40.72667635799126,-73.98558126907369,1.736,488
trip103002,2023-03-20 23:48:00,1,40.838475736211905,-74.01236341031833,40.86,-73.980909425643,2.217,608
trip102811,2023-05-27 12:25:00,2,40.73360072118711,-74.00078968510594,40.743572419200774,-73.97371694832087,1.576,755
trip100659,2023-02-02 00:39:00,4,40.735429373307106,-74.02252202260291,40.745315348003835,-74.03,0.787,391
trip101794,2023-05-28 21:20:00,4,40.666652716506945,-74.02469972070261,40.68148442991627,-74.02687924882532,1.031,449
trip103420,2023-11-01 09:06:00,2,40.750359731329695,-73.97035589313353,40.83460293549751,-73.93061809882491,6.181,2613
trip102511,2023-03-12 15:38:00,1,40.82680454381885,-74.01091178249378,40.81535016245823,-74.02822271719543,1.202,280
trip103397,2023-09-05 07:16:00,1,40.73828971162466,-73.9391581993811,40.729944149996015,-73.9323082720689,0.679,339
trip100186,2023-09-03 09:48:00,1,40.75824554967499,-73.96202138597798,40.78589874116522,-73.9541264601435,1.955,707
trip101147,2023-12-08 03:07:00,4,40.73270893392037,-74.01422758288548,40.73530074625453,-74.00649767544328,0.443,163
trip103272,2023-04-17 19:37:00,1,40.74201351308079,-74.03,40.766773621445026,-74.03,1.711,873
trip100608,2023-04-29 17:42:00,2,40.67414812071768,-74.03,40.67178551900453,-74.03,0.163,125
trip102191,2023-07-25 07:11:00,4,40.70810169304261,-73.9415268111076,40.69778751552918,-73.95366203101574,0.955,504
trip102799,2023-04-10 05:16:00,1,40.72103974937722,-73.91159522449125,40.72155574753954,-73.92092894085138,0.49,207
trip103582,2023-07-18 12:28:00,1,40.753530255885,-73.94998295035874,40.75410559472098,-73.9496507468177,0.043,204
trip101930,2023-12-27 08:52:00,1,40.672637748975575,-73.9561979003869,40.670656035095924,-73.95009369589968,0.348,137
trip103029,2023-09-20 21:25:00,1,40.76228300896885,-73.95720273406442,40.76582188105442,-73.95207810457018,0.363,130
trip100197,2023-06-25 17:14:00,1,40.73224276947132,-74.03,40.728922552958814,-74.0218194161215,0.486,349
trip103681,2023-01-06 13:47:00,3,40.77526935195788,-73.95604952911809,40.76638831495589,-73.953860841243,0.624,368
trip102931,2023-11-15 20:06:00,1,40.789135409051255,-73.94341339184007,40.78118635401073,-73.94538184355383,0.559,200
trip102327,2023-07-25 00:50:00,1,40.81614717539235,-73.99959325323424,40.82770724522456,-74.02687954449533,1.635,682
trip100293,2023-10-13 12:33:00,3,40.634500370158094,-73.9223399764591,40.68838638978961,-73.9310583930076,3.751,981
trip100766,2023-06-24 16:16:00,1,40.75376294848348,-74.02451380972339,40.72483030926721,-74.03,2.02,1002
trip100400,2023-04-05 02:44:00,1,40.74191748637758,-73.98218177552118,40.799748876285065,-73.92426845784476,5.015,1286
trip100122,2023-01-05 17:37:00,2,40.75989985077873,-74.02499931513647,40.7593711065296,-74.02567455819293,0.051,194
trip103255,2023-02-02 10:38:00,2,40.765390155583944,-73.99377045553936,40.777226524977365,-73.97108089045103,1.442,583
trip100202,2023-10-22 04:35:00,3,40.754076320810576,-73.95567257236739,40.75625844190014,-73.92510109603667,1.607,457
trip103510,2023-10-01 22:02:00,1,40.772981857714605,-73.93634736344066,40.73541872982888,-73.94004993858594,2.603,870
trip100835,2023-11-20 16:54:00,2,40.70975442792651,-74.01303664859766,40.71372923109181,-73.9854948528804,1.468,702
trip102294,2023-03-01 01:31:00,2,40.802422500033465,-74.03,40.84137064349808,-73.99941999808735,3.13,993
trip101439,2023-09-12 17:54:00,1,40.80043782931314,-73.95823343728762,40.79423950368287,-73.96241244342568,0.481,438
trip101733,2023-07-07 17:15:00,2,40.685110956896196,-73.97809284470868,40.69579025823226,-73.96713791118363,0.935,343
trip101695,2023-05-09 23:17:00,1,40.76845954070558,-73.88095035875605,40.75562980579967,-73.88498568506904,0.911,590
trip103911,2023-02-06 22:33:00,1,40.85901015554876,-73.99178222369112,40.85720591526601,-73.99064058922835,0.138,105
trip101707,2023-11-11 12:57:00,3,40.761691353556245,-73.96061763345885,40.811536093158246,-73.95707635975974,3.449,1338
trip103951,2023-09-25 03:53:00,4,40.85727374670918,-73.90601836580858,40.85892712602717,-73.90479788997999,0.131,70
trip101153,2023-01-04 21:43:00,1,40.72473326379477,-73.91905647905224,40.70707176226311,-73.91839112880884,1.221,404
trip101661,2023-07-05 17:17:00,4,40.70049390008241,-73.96900912155463,40.703465138762205,-73.96133151903493,0.452,180
trip103474,2023-11-13 20:33:00,3,40.69109072264254,-73.92490215840321,40.67689909987412,-73.90121610013648,1.582,376
trip102432,2023-02-02 01:59:00,1,40.704175801043746,-73.98912462100488,40.69598382048536,-73.979585983044,0.755,241
trip103822,2023-06-14 11:09:00,4,40.74713105807542,-73.97307910437587,40.769812259755454,-73.9655962979633,1.615,545
trip101759,2023-03-18 23:20:00,1,40.75316886072973,-74.03,40.74853624046597,-74.03,0.32,186
trip100854,2023-04-25 06:32:00,1,40.762535916153034,-73.99056045671651,40.76092400517564,-73.98445181010027,0.339,235
trip101589,2023-10-12 21:36:00,1,40.72950124697485,-74.02466397633738,40.729480756756544,-74.01327441132125,0.596,179
trip102267,2023-08-30 04:43:00,2,40.74035762758505,-73.92908759571188,40.733227121819965,-73.92799847215743,0.496,563
trip100641,2023-05-11 08:11:00,1,40.78146385292627,-74.00760941516802,40.771305623480245,-74.02513949963735,1.155,739
trip100001,2023-07-01 08:37:00,2,40.703200715219175,-73.93971517189982,40.69627877505786,-73.95095943301341,0.759,579
trip102160,2023-01-24 00:11:00,1,40.726530760984616,-73.96710329037178,40.7190289923179,-73.9708147591084,0.554,206
trip100698,2023-12-16 12:38:00,1,40.70881797478693,-73.93143942993042,40.715614278003464,-73.92348497519338,0.628,206
trip103925,2023-10-28 17:59:00,3,40.78997608861756,-74.03,40.84192911523098,-74.00278047391213,3.862,1258
trip102999,2023-07-19 10:51:00,1,40.73496456699789,-73.95882076862532,40.73101514963332,-73.95097201932569,0.493,261
trip103696,2023-10-15 09:53:00,1,40.71853365558262,-74.00737568700147,40.66994980259679,-74.01056096321705,3.361,1433
trip101636,2023-02-12 05:34:00,1,40.67056508581137,-73.95992379777421,40.70084264664605,-73.95118486297832,2.142,482
trip103184,2023-03-29 12:08:00,1,40.78105411368289,-73.97081005834703,40.79480922654302,-73.97798727297912,1.022,351
trip103458,2023-07-13 07:14:00,1,40.73975055044884,-74.00895694690874,40.74958943792667,-74.00677826194122,0.689,342
trip103457,2023-01-08 01:30:00,1,40.707557803403375,-74.00587588634045,40.709113270074866,-74.03,1.268,506
trip103581,2023-01-21 15:39:00,1,40.842454529257935,-73.93770423603695,40.840656411713454,-73.94165190301295,0.241,303
trip101291,2023-10-05 16:34:00,2,40.73024257404528,-74.02038393243471,40.73075395368956,-74.0194761999138,0.059,150
trip103817,2023-10-01 08:56:00,2,40.75825039962993,-74.0266317579631,40.7766712055574,-74.02055927075396,1.312,577
trip102489,2023-09-03 08:41:00,4,40.74989873899731,-74.01461085979848,40.75857328712649,-74.00222137486703,0.883,498
trip101520,2023-07-14 07:42:00,1,40.69293937374202,-73.94947187061166,40.70336326011503,-73.93821543485522,0.931,538
trip101853,2023-11-13 18:41:00,1,40.78024514417934,-74.03,40.79317887630728,-74.03,0.894,453
trip101136,2023-09-03 02:46:00,1,40.75277670853227,-73.9613934205175,40.752826966500805,-73.9968390202149,1.855,707
trip103304,2023-09-01 12:58:00,3,40.86,-73.98201409385561,40.86,-73.98429560106273,0.119,79
trip103874,2023-09-24 04:27:00,1,40.69245805145004,-73.9803170943241,40.70731511827142,-73.98483420526438,1.053,319
trip101631,2023-11-16 04:06:00,2,40.71261535532776,-73.91162755459595,40.714699802913465,-73.91132767072902,0.145,290
trip103743,2023-01-15 20:43:00,1,40.778431211464536,-73.96021316752135,40.79575084659482,-73.96368299045547,1.21,384
trip103445,2023-07-15 06:40:00,1,40.735198605834995,-73.9309888267239,40.7306837130328,-73.91400103456826,0.943,373
trip101998,2023-09-29 00:26:00,1,40.726113017734164,-73.97085750854666,40.74230632069905,-73.9806197946064,1.23,401
trip100663,2023-05-29 17:30:00,3,40.73459465776013,-74.01125967090205,40.72501117471167,-74.02052578341984,0.821,296
trip100683,2023-09-27 21:13:00,1,40.72654046866132,-74.00796275220962,40.724787045255695,-74.00787826433717,0.121,49
trip101257,2023-11-06 14:41:00,1,40.748265778217046,-74.03,40.72540138029967,-74.03,1.58,745
trip103778,2023-06-18 07:12:00,1,40.74679748550161,-73.98291150366973,40.77288921879265,-74.00622040364607,2.177,901
trip103748,2023-12-04 22:46:00,4,40.717288376848146,-74.03,40.763593830040726,-74.03,3.199,990
trip100317,2023-03-21 14:58:00,2,40.71861592795149,-74.00439363587375,40.723740171320905,-74.00695517253207,0.379,285
trip100648,2023-12-30 10:13:00,1,40.75739758163398,-73.97234890585855,40.74883539965739,-73.96658539793553,0.664,345
trip101434,2023-08-19 16:30:00,2,40.76066268751957,-74.02223450462893,40.763090904523416,-74.02667315735304,0.287,331
trip101479,2023-11-18 11:14:00,1,40.826763370624505,-74.0243545276035,40.81308530983982,-74.03,0.99,250
trip100709,2023-05-19 00:39:00,2,40.779136811081926,-73.95517222789303,40.77989229063943,-73.92849589105131,1.397,467
trip103430,2023-12-09 14:44:00,1,40.677772480944824,-74.01237460004326,40.739175471776,-74.0183133737685,4.254,979
trip101282,2023-05-14 11:35:00,4,40.65936538323106,-74.02476632567152,40.65831876279195,-74.01944717104229,0.288,249
trip101768,2023-10-23 02:26:00,2,40.70870109081621,-73.98472431178376,40.66948530039597,-74.01116696104117,3.043,839
trip100972,2023-01-23 02:43:00,2,40.760040490828274,-73.9354920920381,40.76656148190719,-73.93458710577329,0.453,156
trip102675,2023-02-19 14:35:00,2,40.76644693052673,-74.00890920058688,40.776531150595936,-74.01600171454383,0.789,273
trip102680,2023-10-12 18:07:00,2,40.80547886844891,-73.95390297712218,40.819747247960315,-73.94624149824953,1.064,373
trip101306,2023-01-20 10:19:00,3,40.70516116182989,-73.97394212536548,40.69997732716228,-73.96995193547312,0.415,342
trip101400,2023-09-19 15:41:00,2,40.80321388337887,-73.99404428940208,40.80069829209931,-73.94143633925327,2.757,741
trip101408,2023-07-10 15:07:00,2,40.74960423897315,-74.0288355881014,40.72361666517281,-74.02752892157909,1.797,448
trip103296,2023-06-17 06:54:00,1,40.76989999279165,-73.99012141293777,40.778458660237916,-74.00303675441626,0.898,374
trip102237,2023-09-14 08:15:00,2,40.745941341398016,-74.03,40.74584632243279,-74.02182958835077,0.428,372
trip103302,2023-05-26 10:30:00,1,40.79227391898092,-74.00498272759575,40.78103491160853,-74.01624177822735,0.975,306
trip101496,2023-05-31 17:04:00,3,40.7645258858842,-74.00703134824963,40.76123031137692,-74.00183214695764,0.355,175
trip103419,2023-06-05 04:35:00,3,40.805277746575044,-74.03,40.81208191850442,-74.01707648216946,0.823,622
trip102038,2023-02-06 09:44:00,2,40.70528359553021,-74.01632597124568,40.68768230071146,-74.03,1.411,606
trip101529,2023-09-06 21:30:00,2,40.77777767112215,-73.98168538882425,40.78625924356818,-73.97805278046336,0.616,292
trip101663,2023-07-20 07:24:00,2,40.83092294654154,-73.96712122758505,40.79936258008098,-73.9475720993644,2.408,870
trip101354,2023-03-04 01:21:00,2,40.83608296634793,-73.98021727675246,40.83875310462382,-73.97398211208855,0.375,210
trip103907,2023-03-06 12:19:00,1,40.702847190150855,-74.03,40.71581326720549,-74.02422615859253,0.946,358
trip103935,2023-11-27 23:52:00,1,40.7593892311843,-74.01300274506052,40.75943564416707,-74.01291839800372,0.005,149
trip103627,2023-06-25 14:30:00,2,40.70832648818423,-74.03,40.68388354974344,-74.03,1.689,460
trip101643,2023-10-31 08:08:00,2,40.779177730505744,-73.90126107362492,40.817856082016526,-73.89556219973248,2.689,1899
trip101051,2023-10-11 04:40:00,1,40.74081691370025,-73.97332996067175,40.745129686624,-73.9720978828236,0.305,284
trip100795,2023-05-24 18:37:00,3,40.74447919131272,-74.01963230643202,40.779624238277464,-74.0042882036067,2.558,960
trip102693,2023-06-25 19:33:00,1,40.73354274464592,-73.95193456530845,40.73836439758943,-73.92794317373689,1.299,724
trip103060,2023-02-20 04:02:00,1,40.803030288264324,-73.93225093840789,40.78631162915721,-73.96258080315023,1.962,541
trip101597,2023-12-27 08:42:00,1,40.76073703559178,-74.01222986018001,40.77193887584645,-74.03,1.21,500
trip102604,2023-11-02 21:58:00,2,40.80305295603662,-73.94760774085809,40.8099957735544,-73.95931559554766,0.778,344
trip102729,2023-04-13 00:07:00,2,40.69310063374702,-74.03,40.68474120460693,-74.02320918087688,0.678,174
trip102625,2023-02-22 17:15:00,4,40.74301900909688,-73.98515047546432,40.694754675036606,-73.98259224577475,3.337,1634
trip101819,2023-07-08 16:05:00,4,40.7382627193718,-73.96462391013189,40.73597885644198,-73.96957751540383,0.304,151
trip103157,2023-03-09 09:37:00,1,40.73814352374195,-73.96868310610421,40.73103291352193,-73.98043557414803,0.787,345
trip103314,2023-12-05 11:08:00,2,40.79893545790668,-74.00174538185846,40.80595414554756,-74.00989747968673,0.646,259
trip101722,2023-10-24 06:54:00,1,40.72017843662401,-73.97924621809177,40.70241662980845,-73.93674476178782,2.542,850
trip101183,2023-04-08 16:19:00,1,40.77847860615733,-73.8451692407071,40.79503097920546,-73.84744594586162,1.15,537
trip102572,2023-01-12 15:01:00,2,40.81630358866488,-73.9130629239935,40.81824799300807,-73.9107439278224,0.181,115
trip101059,2023-10-18 06:51:00,3,40.77001270681878,-73.97845166268065,40.76990282504438,-73.97852235580095,0.008,77
trip100540,2023-05-23 14:42:00,1,40.67410893319447,-73.9323974354342,40.65958734129578,-73.91645389737765,1.306,360
trip103242,2023-02-20 00:27:00,2,40.76167937945072,-73.96109097719116,40.761599066045875,-73.96159575404006,0.027,183
trip101678,2023-10-07 16:57:00,3,40.717329320603454,-73.96958039286248,40.719257385767676,-73.96948326575256,0.133,136
trip102796,2023-08-19 10:15:00,2,40.775214813020455,-73.99568187351122,40.773903385403,-73.99852334011192,0.174,159
trip103862,2023-07-22 23:37:00,2,40.69673084063229,-74.02609013719942,40.67272248923915,-74.01860511576172,1.705,537
trip103478,2023-03-14 14:40:00,2,40.801208054623004,-74.03,40.7994126488416,-74.00618348724323,1.252,361
trip102532,2023-03-18 07:46:00,2,40.761010686646934,-73.92812927051334,40.76340287187748,-73.92756049404235,0.168,174
trip101757,2023-02-25 20:01:00,2,40.85204398917546,-73.98847111672592,40.86,-74.03,2.239,643
trip101923,2023-07-24 21:30:00,2,40.80080459954329,-74.03,40.80099348190252,-74.023010975452,0.366,278
trip100095,2023-11-22 07:36:00,4,40.68487993874096,-74.03,40.69167984796808,-74.03,0.47,327
trip101020,2023-07-05 15:29:00,2,40.76529439125367,-74.01495380191228,40.75667098098474,-74.00886321675318,0.676,281
trip100563,2023-12-17 11:27:00,3,40.71555091251566,-73.99023604324233,40.693760353483974,-73.96293143709396,2.077,560
trip103312,2023-06-15 11:45:00,4,40.742162144700046,-73.97915121689738,40.77220169927964,-73.97817063782368,2.076,742
trip102790,2023-09-07 16:52:00,4,40.81658156681429,-73.9465016069836,40.815443332634395,-73.95240155395484,0.318,236
trip100863,2023-04-03 06:00:00,2,40.75377914514915,-73.9571231103742,40.76229217023707,-73.94074004119105,1.04,303
trip103646,2023-03-24 13:03:00,2,40.81403928172802,-74.03,40.80456058894935,-74.03,0.655,347
trip103762,2023-01-08 10:39:00,1,40.763637172731976,-74.00602541811877,40.76388107455046,-73.99934883576067,0.35,163
trip101484,2023-04-14 01:45:00,3,40.78499242886254,-73.94366307446897,40.773488487206784,-73.89557270205567,2.639,740
trip102939,2023-09-08 02:55:00,3,40.71621739217807,-73.98409342026561,40.72384274410028,-73.97992569495877,0.57,286
trip103625,2023-12-28 09:46:00,1,40.84099490278841,-73.97979727205208,40.83953533449959,-73.98291374448326,0.192,178
trip101881,2023-07-23 21:31:00,4,40.81399478574656,-73.99629860103248,40.77530738866465,-73.99446343838672,2.675,693
trip101038,2023-12-05 16:48:00,1,40.786255538765914,-74.03,40.78491251350345,-74.02296013832888,0.38,216
trip100206,2023-03-21 05:18:00,1,40.71205463783682,-73.97960196119864,40.71120847198752,-73.98178274516296,0.128,131
trip100392,2023-06-18 15:34:00,2,40.72877007848628,-74.02839388904785,40.70479232562864,-74.03,1.659,683
trip102842,2023-07-08 09:59:00,2,40.77611781841864,-73.946572769702,40.76079918448642,-73.95763618430595,1.206,445
trip100870,2023-09-29 20:00:00,1,40.76254889280913,-74.03,40.76252337572384,-74.03,0.002,182
trip100397,2023-01-23 10:31:00,1,40.760314511835176,-74.0008985318654,40.7674096561093,-73.95637229407139,2.381,921
trip102814,2023-01-12 17:49:00,2,40.75032431771694,-73.96885993568901,40.7764035952335,-74.0112786010785,2.859,1292
trip103851,2023-04-06 15:24:00,2,40.71660939587996,-73.92396633058041,40.7046985483564,-73.92898389604323,0.864,405
trip103289,2023-01-19 14:38:00,1,40.703717309157646,-73.93269483118233,40.68030438795426,-73.96073791349242,2.185,977
trip101028,2023-05-30 17:45:00,3,40.74979151624991,-73.94288657640534,40.695199066399816,-73.94754246893996,3.78,1298
trip102690,2023-06-10 04:17:00,1,40.69242264418387,-73.99117140896846,40.68020385866373,-73.97569151570382,1.171,454
trip101485,2023-04-29 22:10:00,3,40.71357311564982,-73.944185760539,40.7170375062209,-73.9387856999111,0.371,142
trip102660,2023-06-15 01:11:00,2,40.70462610011766,-73.89149091106893,40.69895049493215,-73.88858574813928,0.421,218
trip103810,2023-10-12 02:52:00,3,40.76203931287569,-73.95877868364694,40.75815012032738,-73.95976259734555,0.274,221
trip100960,2023-11-23 14:18:00,1,40.82275934793244,-74.00985072487491,40.81577251782962,-74.01472628858565,0.546,193
trip101570,2023-11-29 17:40:00,2,40.75113079200472,-73.94109396969213,40.72510590944858,-73.94037377592096,1.799,738
trip102773,2023-06-23 11:12:00,1,40.7426306153145,-73.99188020215206,40.70754126160416,-73.97283051445628,2.622,890
trip101895,2023-06-09 14:54:00,3,40.72382827295733,-73.98975119643252,40.72698567575268,-73.99619748790928,0.402,204
trip102731,2023-01-03 02:15:00,2,40.691412944342645,-73.98452289765665,40.668984904537346,-73.97687953817034,1.601,701
trip102146,2023-11-15 16:41:00,1,40.70757940384609,-74.00315694776779,40.72024903842423,-73.90224998198606,5.357,3029
trip100804,2023-12-28 05:39:00,4,40.80792990002223,-74.00078708351703,40.83582588933157,-73.9726551272608,2.425,704
trip101751,2023-11-20 16:43:00,3,40.72214740513339,-73.9653893256047,40.73493852483602,-73.96706797283372,0.888,443
trip103645,2023-11-06 10:01:00,2,40.68352115105572,-73.92484095980744,40.70000397334237,-73.92992490695514,1.17,380
trip102454,2023-11-24 22:17:00,1,40.73152597053932,-73.98097688069495,40.731878827571954,-73.97087879853899,0.529,237
trip100502,2023-04-18 00:43:00,1,40.71762338950219,-74.03,40.718094876944456,-74.029701031748,0.036,127
trip103119,2023-05-19 18:06:00,1,40.69380658251815,-74.03,40.68580521592028,-74.01798220296551,0.838,409
trip103104,2023-08-16 02:06:00,1,40.7468177983724,-73.98838696787806,40.74488832900011,-73.98789773140373,0.136,206
trip102977,2023-06-06 12:24:00,1,40.744373001286306,-73.95605207280697,40.71010099661423,-73.94256104348032,2.471,613
trip100779,2023-02-10 09:28:00,2,40.691380654742446,-73.97857954497196,40.697624982737494,-73.9839798998486,0.516,271
trip101863,2023-06-30 02:52:00,1,40.79608444779284,-73.95828140252449,40.761162687271934,-73.96092432168872,2.417,793
trip100200,2023-07-11 02:17:00,1,40.76519085469595,-74.01640946702378,40.78091687103828,-74.00536381351469,1.231,331
trip102182,2023-01-21 06:15:00,1,40.66618818613188,-74.03,40.678395452161986,-74.00279823964476,1.656,585
trip103099,2023-02-07 01:18:00,1,40.77660943279836,-73.96291157059675,40.77635847391977,-73.96742013816478,0.237,169
trip102088,2023-09-14 00:15:00,3,40.72167949820495,-73.89845847490146,40.721244295006905,-73.8984006813069,0.03,53
trip103065,2023-08-22 20:35:00,3,40.75018597971947,-73.96025993246624,40.75046407472494,-73.96170683908217,0.078,278
trip102278,2023-10-19 04:55:00,1,40.72540579931372,-73.93612644700046,40.71330913867659,-73.91188193984522,1.52,482
trip103561,2023-08-26 20:25:00,2,40.75510167421113,-74.00743010335187,40.704763134763155,-73.89767798741327,6.717,1469
trip101796,2023-06-09 07:55:00,1,40.73527125563852,-73.8777303454098,40.81462917530313,-73.89367555855353,5.546,1709
trip100378,2023-07-20 20:39:00,2,40.82219144626827,-74.00125980954326,40.80350094315103,-74.01152618386219,1.399,560
trip102336,2023-03-28 04:20:00,3,40.86,-73.96292973751721,40.86,-73.96998959103828,0.369,260
trip100418,2023-02-22 04:55:00,1,40.74688879293733,-73.96348259129937,40.74470587302403,-73.96739726769991,0.254,173
trip101698,2023-10-23 07:52:00,4,40.67180284321883,-74.00753121975569,40.68412664414454,-74.02055524295007,1.091,695
trip100391,2023-11-07 21:51:00,1,40.75244591134257,-73.92235751060488,40.75233920851337,-73.9231342780149,0.041,143
trip102640,2023-08-30 16:00:00,2,40.77648880682818,-73.95512721745952,40.774485925933604,-73.95538478712955,0.139,85
trip101522,2023-12-02 11:40:00,1,40.73946435082227,-74.01627303628283,40.740351315649555,-74.01603422021843,0.063,199
trip101162,2023-03-23 23:35:00,3,40.73854263236053,-73.90726732108963,40.743799135477666,-73.90338851752705,0.416,253
trip103134,2023-10-22 01:24:00,4,40.72630719865678,-73.99581314706025,40.72856782911643,-74.00747807175975,0.63,210
trip101495,2023-01-08 06:28:00,4,40.70032051140827,-73.96414112794456,40.70016231924133,-73.95685358509182,0.382,250
trip102695,2023-05-24 18:54:00,4,40.792945674809125,-74.02892558947148,40.74823573206547,-73.99421418131729,3.584,1141
trip102027,2023-08-17 06:04:00,4,40.632915025822676,-74.00896900262246,40.63,-74.03,1.121,412
trip101152,2023-07-06 10:35:00,3,40.76226903685445,-73.97790179207428,40.75308327129196,-73.9848375480142,0.731,532
trip101367,2023-08-22 00:29:00,1,40.80978839800822,-73.8983396092982,40.82802807709176,-73.87648536581221,1.701,792
trip102568,2023-08-15 04:26:00,2,40.66856723639872,-73.99671239885343,40.64722015726953,-73.98201267853524,1.664,424
trip100064,2023-03-24 22:46:00,4,40.78200519609068,-73.97183558709224,40.742780600373514,-73.9710697221453,2.71,795
trip102062,2023-11-27 00:14:00,1,40.76227881331116,-73.9730041090034,40.77260271089919,-73.98869023026016,1.087,480
trip101180,2023-12-07 18:57:00,1,40.690577995712935,-74.01010703058783,40.67371426027844,-74.02027880899129,1.281,894
trip103112,2023-07-14 05:18:00,3,40.82271920908729,-73.92749475770144,40.82234704689042,-73.93955973167557,0.631,424
trip100492,2023-08-06 22:34:00,1,40.73711880699,-74.01308684677922,40.73161412214556,-74.00931536878677,0.429,261
trip100379,2023-02-14 01:42:00,1,40.72940352560694,-74.03,40.73701588302079,-74.03,0.526,308
trip102235,2023-08-15 20:05:00,1,40.70302251678391,-73.99069576372824,40.70251486236396,-73.99548891148459,0.254,118
trip100763,2023-05-04 00:32:00,2,40.77866078275175,-73.90771374822162,40.77753102902355,-73.90674963952719,0.093,188
trip102264,2023-07-02 19:52:00,2,40.77149248283906,-73.97768004465038,40.7716644093155,-73.97821930901216,0.031,252
trip100791,2023-03-22 13:38:00,4,40.693735800748456,-74.03,40.69371007889663,-74.03,0.002,143
trip101076,2023-08-25 03:28:00,4,40.80935559389836,-73.9613061526368,40.82251409772103,-74.02240866099801,3.322,1011
trip100878,2023-10-07 07:34:00,4,40.74534609488914,-73.95646521022887,40.756851992663734,-73.95715104838659,0.796,390
trip100337,2023-09-01 04:11:00,4,40.76404042621981,-74.00119146347902,40.75972921261225,-74.01252592475582,0.664,391
trip103820,2023-07-29 01:39:00,4,40.793146299520494,-73.97924568942322,40.79964137910093,-73.97791701362289,0.454,244
trip102767,2023-11-04 06:04:00,1,40.82886913995479,-73.98214549567263,40.832536890920025,-73.98127080406532,0.258,181
trip103796,2023-08-03 15:38:00,1,40.67531814227531,-74.00597162298997,40.67136908995937,-73.99324825235055,0.72,357
trip102343,2023-12-03 06:19:00,1,40.74151362401473,-74.01620240187941,40.7838612703043,-73.967344087838,3.886,1268
trip103773,2023-10-07 16:41:00,2,40.774574015387415,-73.93235334897903,40.78134288291553,-73.94218867545518,0.695,375
trip101016,2023-05-26 19:24:00,1,40.75234779933959,-74.02202732036909,40.75289920346553,-74.02123233268739,0.056,139
trip101275,2023-04-24 23:49:00,3,40.751050989225156,-74.03,40.697535673213615,-74.03,3.698,1264
trip103798,2023-02-05 01:55:00,3,40.78776406098185,-73.91508613226948,40.84682250650938,-73.89085762781512,4.273,1264
trip103533,2023-08-19 01:39:00,3,40.76583688468684,-73.9101434847002,40.74229927637299,-73.9174449069834,1.671,571
trip100455,2023-10-05 08:37:00,1,40.75720857669927,-73.86888617834883,40.75866509701915,-73.86688726753985,0.145,97
trip103342,2023-03-02 20:46:00,1,40.8259398867769,-73.98884827666122,40.82503311628789,-73.9823482696947,0.346,255
trip100815,2023-08-27 14:15:00,4,40.76401537754366,-74.03,40.74576804684809,-74.03,1.261,264
trip102317,2023-08-10 10:43:00,4,40.76822420435161,-74.00395700321847,40.75431883260846,-74.01378026195952,1.09,412
trip100995,2023-09-08 17:06:00,3,40.76587240733618,-73.93151346557762,40.82141417473672,-73.91211351253264,3.97,1419
trip101981,2023-11-22 00:29:00,1,40.72477977390386,-73.91257108759574,40.728060782006565,-73.91292292743229,0.227,127
trip100201,2023-02-16 06:32:00,1,40.81333668375912,-74.03,40.80995362492945,-74.03,0.234,95
trip100161,2023-04-20 06:51:00,3,40.71736482709589,-74.03,40.76054486209113,-74.00975633582992,3.166,740
trip101579,2023-04-14 08:34:00,1,40.76555769609107,-73.93381084437537,40.7678547649454,-73.92729898050722,0.376,208
trip102777,2023-07-06 11:05:00,1,40.72912898013919,-73.98426638517256,40.72429878198941,-73.98445491859007,0.334,113
trip102449,2023-02-28 12:59:00,1,40.786859687601044,-73.91415719249062,40.78104809019537,-73.91089764720095,0.436,147
trip100702,2023-02-13 01:41:00,1,40.7036133825878,-74.03,40.70686413281831,-74.03,0.225,199
trip101500,2023-09-07 04:03:00,1,40.724516728798854,-74.0021860914922,40.71818239969544,-74.00527901043763,0.467,208
trip103893,2023-12-28 12:53:00,2,40.702464409142344,-74.00687569489469,40.69828944256399,-74.01036068914156,0.341,146
trip103843,2023-09-15 00:52:00,1,40.83327084552297,-74.0138871032637,40.85652005603393,-74.01518646317265,1.608,510
trip101129,2023-10-15 00:09:00,3,40.65561470690754,-73.97633754736087,40.67189905391085,-73.97149553466352,1.153,492
trip102613,2023-10-29 09:42:00,4,40.73234982941859,-73.97712520985236,40.73080230572202,-73.97683396118336,0.108,235
trip103461,2023-03-09 18:31:00,1,40.686431153982944,-73.98694110723282,40.68642347207994,-73.98460067599518,0.123,205
trip101021,2023-06-27 04:46:00,3,40.764222154178995,-73.93079094353027,40.76316097365849,-73.93022280201342,0.079,140
trip103073,2023-10-26 01:49:00,2,40.784681445194266,-73.97780458027344,40.78277449173366,-73.97016851410835,0.421,188
trip103459,2023-02-13 06:21:00,3,40.784749516480865,-73.98236005949231,40.78536840801926,-73.9926591107371,0.54,230
trip101585,2023-01-16 15:58:00,1,40.67705889167613,-73.97289299930245,40.67288955086893,-73.97503100060415,0.309,252
trip101955,2023-07-09 22:05:00,4,40.70389619891891,-73.97415979548921,40.70465291589336,-73.97652077134263,0.134,82
trip103152,2023-12-10 07:37:00,1,40.768832458354765,-73.9255853073292,40.75898329725309,-73.92233850300426,0.701,425
trip102253,2023-01-07 03:57:00,1,40.64284296969451,-74.00571523069178,40.651350830680585,-73.99455668533615,0.829,234
trip100034,2023-02-17 23:43:00,4,40.7777190740159,-74.01260582226845,40.77737056579246,-74.00303079168808,0.502,274
trip100775,2023-06-18 02:58:00,1,40.7591258774604,-73.94782473850529,40.75953005312165,-73.9460221700101,0.098,104
trip102556,2023-02-23 14:35:00,1,40.655535714584744,-73.9517332825009,40.65349539703534,-73.95154509070471,0.141,148
trip103499,2023-06-15 04:26:00,1,40.77676105951166,-74.03,40.78382959961796,-74.03,0.488,166
trip101478,2023-03-31 10:04:00,1,40.73241950788304,-73.94009894660672,40.73240311543408,-73.94014341205752,0.003,85
trip103003,2023-03-26 20:56:00,4,40.6803475225267,-73.98935199849242,40.67126628898569,-74.00654178351827,1.098,374
trip101390,2023-04-17 22:52:00,1,40.719763958934415,-73.90780155017842,40.74766194278665,-73.88814657406043,2.185,544
trip102139,2023-07-31 10:21:00,1,40.80666016822006,-73.91485291575268,40.794368032042314,-73.91350590560077,0.852,649
trip101363,2023-10-19 02:45:00,4,40.78879000226855,-73.99457651132678,40.79472049232679,-74.0020285270423,0.566,227
trip102945,2023-05-14 15:44:00,1,40.76022232592744,-73.92602004885784,40.78977841538256,-73.93959417815624,2.162,676
trip102612,2023-11-12 02:20:00,2,40.72286597593448,-73.98274715935699,40.7348367679444,-73.95155938549468,1.831,643
trip103417,2023-11-29 15:26:00,1,40.79249871408431,-74.01385506768601,40.74375457845301,-74.01143638881874,3.37,928
trip102824,2023-07-25 18:58:00,3,40.7504127961682,-73.96771076524658,40.749298154668466,-73.96450671380356,0.185,135
trip102041,2023-04-11 21:22:00,2,40.77970168713056,-73.98278474558073,40.767948062398425,-73.97099496742693,1.02,429
trip100241,2023-08-23 20:09:00,1,40.745758185058634,-74.01818362389088,40.747039406688096,-74.02053641283125,0.152,281
trip102061,2023-12-31 14:34:00,1,40.8275061973898,-74.01917393877282,40.815496231228416,-74.03,1.005,433
trip102363,2023-08-25 18:40:00,2,40.77161504331466,-73.97843822697861,40.762672806811814,-73.97755562451785,0.62,286
trip100600,2023-08-01 01:20:00,1,40.773193468130536,-73.94658277683442,40.789195894954716,-73.92395433553241,1.62,391
trip102435,2023-04-22 01:55:00,3,40.706889477968446,-73.97074534856013,40.708130543042685,-73.97202810126393,0.109,193
trip101297,2023-02-01 18:02:00,1,40.720236239846194,-73.98189387232364,40.68449175802485,-73.97370856340665,2.507,1111
trip102214,2023-11-11 06:39:00,2,40.71101127376033,-73.94574822525873,40.70755848126686,-73.9451206540885,0.241,242
trip102888,2023-09-13 09:06:00,1,40.73212625605373,-73.98163557556501,40.716177965930186,-73.98974118696633,1.181,452
trip102068,2023-11-30 06:20:00,1,40.77388122721111,-74.03,40.77021801491286,-74.02537151775535,0.35,180
trip100646,2023-10-24 08:28:00,1,40.777686554513586,-73.98264521932114,40.78322879322882,-73.98979147308683,0.535,205
trip103890,2023-03-20 23:59:00,2,40.69530237135194,-73.98018804570357,40.693232603796986,-73.981452813411,0.158,113
trip103556,2023-04-25 04:33:00,3,40.74048040286138,-73.98991775220733,40.75745270955809,-74.02445831644985,2.155,573
trip103202,2023-03-24 08:21:00,1,40.73622090644628,-73.95581115773128,40.6978718056739,-73.94388332391705,2.722,1163
trip101528,2023-07-24 09:49:00,4,40.65393878496354,-73.99024549331337,40.67032244841368,-74.00409833719354,1.345,581
trip102879,2023-02-19 11:46:00,1,40.767838382599315,-73.97454491173399,40.76926107465356,-73.97425121185121,0.099,154
trip101267,2023-10-08 05:53:00,2,40.779793669056176,-74.03,40.76617420572513,-74.03,0.941,366
trip103638,2023-07-18 14:52:00,4,40.76068021467072,-73.99846003473853,40.759962167320666,-73.99390547622328,0.243,130
trip101899,2023-02-15 14:49:00,1,40.70159188186096,-73.9595460657659,40.70250044152578,-73.96128418003438,0.111,31
trip100562,2023-03-10 09:48:00,4,40.75230139263485,-73.96566848699416,40.75831798187908,-73.96516006025415,0.417,271
trip103962,2023-02-08 14:37:00,1,40.77326457124725,-73.88765911693065,40.76992166647698,-73.93051374669082,2.254,625
trip102734,2023-02-16 19:20:00,1,40.74884624228435,-73.95319134419798,40.76988218856886,-73.92895938581478,1.929,1368
trip103005,2023-06-10 13:33:00,1,40.729186537722576,-73.94818316737064,40.70121950414027,-73.92972331457214,2.161,690
trip100189,2023-02-20 07:37:00,1,40.82429175695041,-73.88452462567204,40.823592155961954,-73.89646532672381,0.626,359
trip101806,2023-06-17 07:45:00,2,40.77146658072519,-74.02327044260049,40.76637482127266,-74.00463275751595,1.037,478
trip100975,2023-11-05 18:19:00,4,40.70312855653204,-74.00790893045493,40.68721762339962,-74.01860636444381,1.234,641
trip102747,2023-09-21 11:03:00,1,40.728856063785116,-73.9502697189149,40.75089883042443,-73.93884685366943,1.636,614
trip103547,2023-10-13 08:48:00,1,40.79720287898626,-73.99014624156152,40.80102982518823,-73.98487354251529,0.382,269
trip102047,2023-02-23 03:48:00,3,40.77240653204212,-74.00401354121217,40.749215312710966,-73.95809404031989,2.888,819
trip103753,2023-04-22 21:02:00,1,40.78409995424213,-73.98059506091319,40.785353864056816,-73.97891321522644,0.123,191
trip102558,2023-11-22 20:35:00,3,40.8145752780095,-74.0003937630286,40.838925303485,-73.96965180522226,2.327,853
trip101082,2023-04-17 06:11:00,1,40.76946675032767,-73.97551303306543,40.75710568194729,-73.99109708102314,1.181,518
trip100474,2023-07-05 08:44:00,4,40.777862700263896,-74.01052574454785,40.76174209369539,-74.0244215379498,1.33,636
trip103632,2023-12-05 19:09:00,2,40.720624166776936,-73.99716777088668,40.69362599849909,-74.01649940770822,2.122,877
trip102904,2023-03-18 03:37:00,2,40.73159954094061,-74.01763356389802,40.71893892990874,-74.01591251237222,0.879,533
trip100747,2023-10-14 17:02:00,1,40.773233390744565,-74.03,40.76964029746922,-74.03,0.248,159
trip102300,2023-09-07 09:50:00,1,40.72794000324826,-73.90932553796765,40.76625533527349,-73.89313022359043,2.78,1162
trip100021,2023-05-01 12:50:00,2,40.71935817050182,-73.96371841749279,40.742591990440225,-73.94746936223169,1.817,427
trip103385,2023-05-26 20:21:00,1,40.76917557760687,-73.98727315938112,40.767526669479224,-73.97604575995767,0.598,176
trip100459,2023-11-04 12:55:00,3,40.74883617184208,-73.9704548834491,40.72539409647809,-74.00294141888723,2.349,525
trip101184,2023-11-08 17:02:00,3,40.74952125955218,-74.02847525435136,40.73291380694841,-74.0208490299089,1.215,577
trip102324,2023-05-11 10:31:00,4,40.64274750836692,-73.96740808807414,40.63442858347138,-73.97335496390562,0.654,356
trip100955,2023-03-18 18:50:00,1,40.811674344487635,-73.88707390840347,40.8470281654901,-73.90133831035308,2.554,1462
trip101215,2023-05-05 03:39:00,2,40.687989582541846,-74.01212977937557,40.701454391095446,-73.99557908833837,1.272,364
trip102433,2023-03-07 03:51:00,2,40.754611256519645,-73.91076906086872,40.766949169791246,-73.8519017894064,3.197,984
trip102853,2023-05-05 17:03:00,3,40.760952951238025,-74.03,40.739919558353385,-74.03,1.453,663
trip103485,2023-07-08 02:51:00,2,40.79866186572717,-73.96477774992778,40.794119220868374,-73.9678558574812,0.353,110
trip101515,2023-06-04 10:26:00,3,40.75946310809888,-73.99814828908143,40.76602161997728,-73.99053812219705,0.603,603
trip102391,2023-06-18 23:56:00,1,40.78176863860145,-74.03,40.77949088239762,-74.03,0.157,80
trip100769,2023-07-17 12:22:00,3,40.825681747868536,-73.90796061943453,40.8324467747719,-73.91615199384873,0.634,364
trip103380,2023-11-22 16:12:00,1,40.760163692634244,-73.98312418650686,40.773278421224205,-73.96518939954117,1.305,647
trip101685,2023-03-25 23:24:00,2,40.7788096146698,-74.03,40.77459781424383,-74.02462118485558,0.405,183
trip100130,2023-12-10 04:02:00,1,40.73245855885799,-73.9342270193571,40.72058481928523,-73.92220635557905,1.034,318
trip103735,2023-03-23 21:48:00,2,40.729920763104374,-74.02398122788618,40.72869770107584,-74.03,0.326,242
trip102919,2023-06-29 16:56:00,1,40.791046857818955,-74.03,40.76005630837601,-73.99162144121269,2.936,1030
trip103171,2023-10-03 03:35:00,1,40.78098752654405,-73.98363989041628,40.7727746098378,-73.98531521463342,0.574,347
trip103444,2023-12-08 16:11:00,4,40.799770283117624,-73.98492664093231,40.7620171172079,-73.99215541401091,2.636,1162
trip102135,2023-07-26 05:06:00,2,40.73418138691855,-73.98092230029778,40.73086556786439,-73.98285260970499,0.25,78
trip101482,2023-05-14 16:19:00,1,40.755156299666076,-73.97925726707099,40.75815829066984,-73.98040760776695,0.216,64
trip100330,2023-06-10 15:02:00,3,40.818005279497456,-73.8973397173577,40.82088277342771,-73.91363949655076,0.875,350
trip101238,2023-08-06 09:46:00,1,40.77781858215994,-74.01313192005641,40.789187091284255,-74.02470873916982,0.992,557
trip100466,2023-10-14 20:16:00,1,40.736806378600804,-73.98054134639546,40.746957796838764,-73.97297869738915,0.805,289
trip102169,2023-09-24 04:55:00,4,40.72227212121215,-73.88625550684235,40.73365497992677,-73.88831781932649,0.794,335
trip101638,2023-10-24 03:51:00,4,40.75037268594811,-73.96362508482804,40.75174041524718,-73.976952730564,0.704,186
trip103092,2023-09-20 15:09:00,1,40.79218196351138,-73.94256758465566,40.7825974462816,-73.93737511536527,0.716,390
trip103772,2023-07-25 13:17:00,1,40.76891629566292,-73.99087369277231,40.77352170931145,-73.98261180969165,0.537,141
trip101095,2023-06-19 13:19:00,3,40.8051831830042,-73.99137409607405,40.80775915289506,-73.99431980755985,0.235,105
trip101130,2023-10-23 08:44:00,2,40.70976066916092,-74.02214690179247,40.707196540482954,-74.02768287577489,0.34,202
trip101294,2023-04-11 12:36:00,2,40.76159381894145,-73.97539097351765,40.75934085423763,-73.975996756632,0.159,88
trip100860,2023-03-30 01:18:00,1,40.70580912610764,-74.03,40.74942236433872,-74.03,3.013,1169
trip103507,2023-03-23 03:30:00,1,40.77014717635428,-74.0160491981551,40.76769707679427,-74.01033141102603,0.344,173
trip103174,2023-09-25 01:17:00,2,40.78495634644893,-73.91051738783997,40.78530657685858,-73.91028362753964,0.027,142
