transaction_id,amount_usd,hour_of_day,account_age_days,transactions_last_hour,distance_from_home_km,is_anomaly
tx100000,20.6,23,1038.0,1,3.23,0
tx100001,31.49,11,437.0,1,29.19,0
tx100002,18.25,12,1206.0,5,5.64,0
tx100003,72.47,8,488.0,3,3.47,0
tx100004,16.68,8,1925.0,0,21.54,0
tx100005,16.95,8,96.0,1,5.49,0
tx100006,78.78,21,1028.0,1,3.57,0
tx100007,44.57,21,698.0,1,5.76,0
tx100008,12.62,7,1837.0,0,1.24,0
tx100009,28.99,14,238.0,2,13.69,0
tx100010,19.66,13,428.0,1,3.16,0
tx100011,17.96,14,1420.0,0,15.78,0
tx100012,60.01,10,742.0,1,0.33,0
tx100013,10.26,12,775.0,0,14.91,0
tx100014,73.75,6,1862.0,2,0.63,0
tx100015,38.2,12,776.0,1,1.85,0
tx100016,11.52,14,1377.0,3,16.36,0
tx100017,38.56,4,1704.0,1,7.3,0
tx100018,44.82,19,881.0,3,2.1,0
tx100019,32.02,2,160.0,1,0.06,0
tx100020,27.06,19,1676.0,1,12.63,0
tx100021,70.4,9,1806.0,0,1.7,0
tx100022,24.12,11,772.0,0,0.92,0
tx100023,102.68,16,1419.0,1,2.0,0
tx100024,56.59,16,1300.0,0,1.9,0
tx100025,51.27,21,471.0,1,36.67,0
tx100026,18.28,15,1803.0,3,7.95,0
tx100027,16.31,0,722.0,2,6.21,0
tx100028,20.3,19,1353.0,1,11.3,0
tx100029,18.77,16,272.0,2,2.65,0
tx100030,25.47,17,1408.0,0,15.08,0
tx100031,39.47,20,1417.0,1,2.13,0
tx100032,11.92,3,1040.0,1,1.94,0
tx100033,1140.58,2,16.0,5,47.98,1
tx100034,43.7,2,688.0,1,5.46,0
tx100035,21.08,10,213.0,1,1.13,0
tx100036,101.43,17,373.0,0,14.12,0
tx100037,29.03,20,1207.0,0,2.23,0
tx100038,326.85,5,59.0,9,55.13,1
tx100039,75.65,16,1491.0,1,10.33,0
tx100040,69.25,16,790.0,2,3.45,0
tx100041,46.51,8,1421.0,0,0.39,0
tx100042,38.8,9,531.0,2,7.83,0
tx100043,48.23,20,1504.0,1,2.15,0
tx100044,90.24,18,972.0,1,1.38,0
tx100045,11.51,17,1351.0,2,9.4,0
tx100046,41.58,15,1598.0,1,1.75,0
tx100047,14.59,14,549.0,1,0.18,0
tx100048,41.6,19,1507.0,0,2.05,0
tx100049,39.25,14,1724.0,0,1.23,0
tx100050,81.07,11,320.0,1,2.03,0
tx100051,19.71,14,1469.0,2,3.32,0
tx100052,23.53,10,578.0,2,0.44,0
tx100053,21.31,16,1403.0,2,1.49,0
tx100054,30.23,18,290.0,2,1.72,0
tx100055,14.08,17,720.0,0,26.59,0
tx100056,40.93,19,612.0,0,17.47,0
tx100057,27.28,19,690.0,2,2.15,0
tx100058,28.4,19,83.0,2,6.58,0
tx100059,117.19,12,1052.0,1,2.01,0
tx100060,19.7,10,1088.0,2,8.69,0
tx100061,34.82,17,1759.0,0,1.61,0
tx100062,58.59,18,874.0,6,1.21,0
tx100063,14.73,15,1453.0,0,7.54,0
tx100064,27.31,15,444.0,1,4.83,0
tx100065,30.06,20,1070.0,0,0.35,0
tx100066,24.32,11,435.0,0,6.45,0
tx100067,30.22,10,1026.0,1,4.96,0
tx100068,32.53,7,487.0,1,10.05,0
tx100069,34.75,12,1122.0,0,6.56,0
tx100070,32.73,17,1409.0,0,3.56,0
tx100071,14.62,10,1426.0,1,18.92,0
tx100072,92.4,18,1925.0,1,0.78,0
tx100073,35.79,20,1099.0,0,0.07,0
tx100074,19.34,14,391.0,1,6.65,0
tx100075,36.29,8,439.0,0,1.72,0
tx100076,45.65,8,709.0,0,1.01,0
tx100077,53.62,5,1544.0,0,0.64,0
tx100078,23.98,16,1846.0,1,2.35,0
tx100079,26.93,18,1371.0,1,6.77,0
tx100080,24.83,13,392.0,0,0.74,0
tx100081,12.2,15,1580.0,1,6.9,0
tx100082,123.16,13,107.0,0,2.73,0
tx100083,41.23,0,694.0,2,10.63,0
tx100084,27.05,11,1085.0,1,1.97,0
tx100085,63.85,8,1488.0,1,7.32,0
tx100086,43.91,8,879.0,1,0.99,0
tx100087,36.29,18,983.0,2,3.49,0
tx100088,49.78,17,831.0,0,2.22,0
tx100089,18.42,12,1756.0,0,9.82,0
tx100090,18.11,20,365.0,0,1.51,0
tx100091,58.18,8,278.0,1,3.38,0
tx100092,54.04,21,237.0,2,12.06,0
tx100093,49.76,4,357.0,4,12.19,0
tx100094,24.5,14,1949.0,0,0.65,0
tx100095,25.47,12,1862.0,4,3.07,0
tx100096,80.29,8,1142.0,1,2.21,0
tx100097,34.53,9,1954.0,2,5.48,0
tx100098,49.65,10,31.0,1,2.38,0
tx100099,24.89,9,474.0,0,1.4,0
tx100100,24.06,11,154.0,2,2.86,0
tx100101,19.7,1,235.0,2,0.28,0
tx100102,121.84,15,193.0,2,0.75,0
tx100103,16.82,11,1095.0,0,5.96,0
tx100104,22.76,19,1784.0,0,0.25,0
tx100105,171.24,8,238.0,1,12.77,0
tx100106,39.21,8,1372.0,0,0.31,0
tx100107,91.44,17,1815.0,2,2.45,0
tx100108,55.9,8,795.0,3,0.03,0
tx100109,152.39,17,553.0,2,8.82,0
tx100110,34.94,20,1444.0,2,4.9,0
tx100111,20.95,12,1204.0,0,6.22,0
tx100112,24.38,13,800.0,2,11.52,0
tx100113,16.24,17,408.0,0,1.33,0
tx100114,30.18,16,795.0,0,1.25,0
tx100115,127.83,19,1981.0,3,0.4,0
tx100116,31.21,17,394.0,0,14.05,0
tx100117,31.71,19,1638.0,0,1.83,0
tx100118,17.71,10,984.0,0,4.62,0
tx100119,43.51,12,599.0,1,7.06,0
tx100120,12.08,20,261.0,0,0.6,0
tx100121,38.35,21,691.0,2,1.59,0
tx100122,92.62,12,1129.0,1,1.33,0
tx100123,27.17,17,365.0,1,3.22,0
tx100124,62.87,14,865.0,2,1.23,0
tx100125,10.49,18,1960.0,0,8.99,0
tx100126,31.68,10,1614.0,0,6.81,0
tx100127,6.11,15,1555.0,1,17.48,0
tx100128,49.7,17,1152.0,1,1.99,0
tx100129,35.24,15,808.0,0,10.81,0
tx100130,10.57,18,730.0,1,0.59,0
tx100131,32.43,22,182.0,2,2.8,0
tx100132,82.93,12,1348.0,0,9.86,0
tx100133,37.29,21,63.0,1,1.87,0
tx100134,20.68,21,1268.0,1,13.27,0
tx100135,20.26,20,724.0,0,3.29,0
tx100136,15.7,12,1670.0,1,2.47,0
tx100137,38.32,18,1592.0,1,0.23,0
tx100138,29.33,15,1742.0,0,12.12,0
tx100139,35.57,16,1450.0,0,0.1,0
tx100140,15.84,20,1161.0,0,2.87,0
tx100141,62.75,11,831.0,1,2.12,0
tx100142,565.5,22,43.0,7,460.84,1
tx100143,36.33,15,1064.0,2,2.76,0
tx100144,15.95,15,864.0,1,7.53,0
tx100145,51.7,21,1117.0,1,7.21,0
tx100146,32.18,10,1275.0,2,3.65,0
tx100147,44.12,16,948.0,2,6.68,0
tx100148,32.62,19,710.0,1,10.46,0
tx100149,37.67,14,470.0,0,0.68,0
tx100150,30.47,8,1591.0,0,0.44,0
tx100151,15.98,8,66.0,2,0.28,0
tx100152,32.82,20,579.0,0,2.48,0
tx100153,166.0,2,55.0,10,192.22,1
tx100154,44.41,16,920.0,5,5.0,0
tx100155,29.66,21,1045.0,0,2.48,0
tx100156,20.14,13,539.0,0,26.85,0
tx100157,20.65,22,851.0,1,0.69,0
tx100158,27.08,13,1749.0,0,1.11,0
tx100159,18.4,21,50.0,1,2.78,0
tx100160,25.34,13,718.0,3,4.52,0
tx100161,34.92,8,993.0,0,0.45,0
tx100162,30.61,17,1985.0,1,1.27,0
tx100163,25.88,8,444.0,0,7.83,0
tx100164,16.1,13,1969.0,1,1.79,0
tx100165,67.25,20,1482.0,1,8.41,0
tx100166,32.0,20,545.0,5,0.6,0
tx100167,13.04,11,179.0,1,1.63,0
tx100168,25.48,13,295.0,4,1.09,0
tx100169,22.49,18,279.0,1,4.95,0
tx100170,32.52,15,256.0,0,0.55,0
tx100171,29.95,11,661.0,1,4.31,0
tx100172,40.33,12,675.0,0,3.05,0
tx100173,28.7,21,1144.0,0,0.37,0
tx100174,25.26,18,715.0,0,0.58,0
tx100175,16.17,12,848.0,0,2.31,0
tx100176,14.45,4,1516.0,2,0.53,0
tx100177,54.71,14,685.0,0,1.08,0
tx100178,35.08,13,1951.0,2,2.15,0
tx100179,72.71,11,900.0,0,2.6,0
tx100180,90.35,13,693.0,0,1.5,0
tx100181,40.73,9,337.0,1,12.58,0
tx100182,31.72,16,166.0,2,5.21,0
tx100183,23.88,11,1082.0,2,0.55,0
tx100184,17.93,13,1180.0,1,5.67,0
tx100185,46.31,0,1742.0,0,5.43,0
tx100186,15.96,9,1337.0,1,6.81,0
tx100187,38.15,0,550.0,0,2.04,0
tx100188,24.12,14,1000.0,2,30.48,0
tx100189,15.83,11,187.0,2,11.8,0
tx100190,43.6,15,367.0,1,19.19,0
tx100191,12.35,12,286.0,2,0.58,0
tx100192,62.94,10,1255.0,0,0.18,0
tx100193,65.54,19,1637.0,1,12.74,0
tx100194,42.48,3,61.0,3,7.47,0
tx100195,77.29,9,1246.0,2,7.99,0
tx100196,6.03,12,1458.0,1,4.08,0
tx100197,31.98,9,1054.0,0,14.32,0
tx100198,15.25,8,1600.0,1,1.3,0
tx100199,36.14,11,1752.0,1,3.4,0
tx100200,12.83,20,1960.0,1,7.2,0
tx100201,36.76,21,1377.0,3,0.48,0
tx100202,85.76,6,1023.0,0,4.08,0
tx100203,42.14,6,1612.0,1,2.49,0
tx100204,43.48,21,1101.0,0,3.13,0
tx100205,33.24,12,136.0,1,1.02,0
tx100206,36.39,10,685.0,0,9.29,0
tx100207,37.53,15,1928.0,0,3.49,0
tx100208,47.71,10,654.0,2,4.89,0
tx100209,38.02,18,1428.0,0,4.4,0
tx100210,37.46,15,1180.0,2,5.58,0
tx100211,49.12,12,1916.0,0,4.83,0
tx100212,46.13,11,909.0,1,7.06,0
tx100213,29.33,21,1347.0,0,4.73,0
tx100214,6.25,12,709.0,0,1.16,0
tx100215,15.48,10,299.0,2,9.05,0
tx100216,61.57,18,526.0,0,12.71,0
tx100217,18.39,2,238.0,0,2.07,0
tx100218,22.29,15,1842.0,1,11.58,0
tx100219,36.74,17,1282.0,0,13.02,0
tx100220,60.44,10,1637.0,2,4.02,0
tx100221,26.77,14,1545.0,1,8.52,0
tx100222,32.76,6,1484.0,1,0.21,0
tx100223,9.49,8,1085.0,1,0.65,0
tx100224,42.37,17,569.0,0,23.52,0
tx100225,15.26,10,551.0,1,1.44,0
tx100226,9.53,12,39.0,4,2.94,0
tx100227,5.38,21,1322.0,0,1.32,0
tx100228,23.97,21,917.0,0,8.1,0
tx100229,49.72,12,74.0,5,2.81,0
tx100230,15.45,0,813.0,0,2.72,0
tx100231,57.64,12,950.0,1,1.39,0
tx100232,20.55,14,193.0,3,5.75,0
tx100233,15.9,21,625.0,1,0.32,0
tx100234,12.45,8,76.0,2,0.2,0
tx100235,53.34,4,375.0,2,0.02,0
tx100236,22.89,22,1667.0,1,2.84,0
tx100237,25.86,14,351.0,0,5.02,0
tx100238,57.25,12,822.0,2,5.47,0
tx100239,157.28,0,24.0,2,2.13,1
tx100240,30.59,17,1877.0,2,2.66,0
tx100241,9.37,15,763.0,1,9.55,0
tx100242,18.93,18,232.0,1,5.43,0
tx100243,22.45,23,800.0,0,5.45,0
tx100244,21.4,20,1443.0,1,5.29,0
tx100245,31.01,14,1139.0,0,7.67,0
tx100246,43.03,15,1246.0,1,1.6,0
tx100247,54.45,22,1488.0,0,9.08,0
tx100248,6.95,21,1987.0,1,0.57,0
tx100249,79.99,20,738.0,1,1.93,0
tx100250,22.33,21,411.0,0,2.98,0
tx100251,19.61,13,1789.0,1,1.5,0
tx100252,41.34,13,191.0,2,1.57,0
tx100253,36.52,17,1557.0,1,10.41,0
tx100254,4.77,20,793.0,0,7.68,0
tx100255,26.24,6,1760.0,0,4.4,0
tx100256,76.78,8,1662.0,3,1.03,0
tx100257,29.46,3,1849.0,1,0.95,0
tx100258,48.53,11,796.0,2,7.71,0
tx100259,23.41,12,195.0,0,0.38,0
tx100260,22.8,13,336.0,1,0.25,0
tx100261,18.61,19,269.0,1,3.12,0
tx100262,28.25,8,1453.0,1,0.54,0
tx100263,34.39,14,1864.0,1,3.87,0
tx100264,18.44,13,542.0,1,2.13,0
tx100265,32.03,8,1702.0,0,3.76,0
tx100266,89.11,11,925.0,1,6.82,0
tx100267,39.49,21,1461.0,1,3.24,0
tx100268,20.13,18,330.0,2,21.12,0
tx100269,32.92,16,1454.0,0,5.61,0
tx100270,125.16,5,1401.0,4,5.48,0
tx100271,31.77,19,411.0,2,4.93,0
tx100272,1082.19,21,38.0,8,6.63,1
tx100273,31.18,8,1430.0,3,7.74,0
tx100274,38.43,20,450.0,2,8.62,0
tx100275,50.57,19,1262.0,2,2.42,0
tx100276,29.56,17,1135.0,2,1.56,0
tx100277,27.07,7,191.0,3,1.91,0
tx100278,14.47,14,1570.0,2,2.21,0
tx100279,33.41,18,942.0,1,1.95,0
tx100280,33.58,8,244.0,1,3.51,0
tx100281,50.46,10,1720.0,0,19.39,0
tx100282,31.03,4,1858.0,3,5.52,0
tx100283,15.28,15,1748.0,0,9.89,0
tx100284,35.51,6,72.0,0,0.97,0
tx100285,61.55,19,869.0,1,7.83,0
tx100286,51.01,14,548.0,1,4.37,0
tx100287,24.83,12,1661.0,1,1.15,0
tx100288,13.33,19,1352.0,0,1.6,0
tx100289,101.6,10,1460.0,2,5.79,0
tx100290,37.33,7,1158.0,4,7.71,0
tx100291,35.97,8,1024.0,1,1.0,0
tx100292,54.59,13,102.0,1,7.97,0
tx100293,9.84,17,1998.0,0,3.2,0
tx100294,25.18,20,1703.0,1,1.62,0
tx100295,33.33,3,418.0,1,7.91,0
tx100296,24.22,14,317.0,1,8.12,0
tx100297,34.49,8,1221.0,1,9.88,0
tx100298,20.03,11,686.0,3,4.28,0
tx100299,15.04,8,1439.0,1,5.15,0
tx100300,43.86,16,988.0,1,9.55,0
tx100301,23.47,19,1697.0,0,0.05,0
tx100302,21.01,16,1260.0,1,2.21,0
tx100303,45.46,10,608.0,0,2.9,0
tx100304,13.55,10,1510.0,1,2.3,0
tx100305,19.68,22,1283.0,1,14.17,0
tx100306,35.13,19,1278.0,4,10.75,0
tx100307,90.49,20,670.0,3,6.25,0
tx100308,30.92,13,1725.0,0,4.02,0
tx100309,34.51,17,429.0,2,0.36,0
tx100310,35.6,19,573.0,1,0.72,0
tx100311,100.81,16,1898.0,0,1.11,0
tx100312,68.12,8,1607.0,4,3.61,0
tx100313,665.73,2,55.0,6,82.84,1
tx100314,36.39,14,1703.0,6,5.59,0
tx100315,28.05,9,171.0,2,0.51,0
tx100316,23.43,14,1650.0,2,5.76,0
tx100317,16.75,12,186.0,1,9.34,0
tx100318,29.71,14,1505.0,3,0.47,0
tx100319,13.44,15,450.0,0,10.53,0
tx100320,9.31,17,889.0,0,1.63,0
tx100321,128.18,16,886.0,1,22.37,0
tx100322,15.98,7,1441.0,0,6.42,0
tx100323,33.8,9,1768.0,1,1.21,0
tx100324,57.6,9,379.0,0,22.57,0
tx100325,23.4,12,1882.0,0,0.56,0
tx100326,20.51,2,1940.0,1,16.47,0
tx100327,21.63,9,495.0,0,12.0,0
tx100328,37.55,11,879.0,1,3.6,0
tx100329,53.98,23,563.0,2,0.41,0
tx100330,24.96,16,570.0,1,6.24,0
tx100331,25.26,18,521.0,1,6.68,0
tx100332,27.95,20,1608.0,1,0.31,0
tx100333,43.8,12,1492.0,2,0.73,0
tx100334,27.05,8,1031.0,1,2.28,0
tx100335,30.67,17,1241.0,0,1.76,0
tx100336,57.97,17,497.0,0,3.23,0
tx100337,24.92,11,1144.0,0,0.05,0
tx100338,25.7,13,1258.0,2,7.0,0
tx100339,17.19,11,299.0,1,0.09,0
tx100340,9.96,3,939.0,0,1.12,0
tx100341,42.66,5,669.0,1,5.12,0
tx100342,8.35,13,1314.0,2,5.46,0
tx100343,18.9,15,1848.0,0,0.3,0
tx100344,33.01,9,1193.0,0,4.35,0
tx100345,43.55,3,1198.0,0,1.69,0
tx100346,16.57,21,576.0,3,2.34,0
tx100347,9.17,21,345.0,2,8.04,0
tx100348,48.97,12,1971.0,1,6.06,0
tx100349,22.62,9,1534.0,1,5.46,0
tx100350,32.57,19,182.0,0,12.66,0
tx100351,34.22,2,1279.0,2,5.14,0
tx100352,23.93,19,768.0,0,1.39,0
tx100353,25.76,15,616.0,2,1.4,0
tx100354,25.86,3,1790.0,1,0.48,0
tx100355,84.54,6,1606.0,2,0.47,0
tx100356,36.68,20,1569.0,1,1.09,0
tx100357,37.38,16,656.0,1,17.57,0
tx100358,37.31,0,697.0,0,8.64,0
tx100359,20.4,15,1168.0,3,5.85,0
tx100360,20.98,13,695.0,0,1.29,0
tx100361,44.67,8,1279.0,0,6.15,0
tx100362,34.75,10,335.0,0,8.98,0
tx100363,29.27,2,1820.0,2,0.72,0
tx100364,47.99,19,917.0,2,0.05,0
tx100365,63.8,17,1763.0,1,3.36,0
tx100366,41.24,13,798.0,2,6.36,0
tx100367,37.93,17,1587.0,2,9.94,0
tx100368,21.92,10,1557.0,0,3.55,0
tx100369,20.69,18,1079.0,0,4.34,0
tx100370,29.07,14,1334.0,0,14.75,0
tx100371,11.57,15,340.0,2,1.22,0
tx100372,49.6,8,1769.0,2,3.09,0
tx100373,22.29,15,754.0,1,3.29,0
tx100374,13.84,22,895.0,2,0.53,0
tx100375,20.34,14,705.0,1,1.45,0
tx100376,41.57,12,81.0,0,4.51,0
tx100377,25.86,13,1499.0,1,0.94,0
tx100378,56.11,13,922.0,0,0.13,0
tx100379,15.72,14,558.0,1,0.14,0
tx100380,24.74,21,1119.0,3,2.79,0
tx100381,36.44,23,1916.0,1,0.85,0
tx100382,24.92,14,560.0,1,1.94,0
tx100383,61.66,1,359.0,1,1.48,0
tx100384,11.73,8,310.0,0,7.45,0
tx100385,11.7,13,885.0,1,0.07,0
tx100386,18.93,15,623.0,0,3.8,0
tx100387,25.08,18,1479.0,1,0.21,0
tx100388,82.28,15,584.0,0,16.97,0
tx100389,21.74,9,377.0,1,2.12,0
tx100390,7.94,10,1957.0,1,8.1,0
tx100391,37.83,8,1416.0,2,13.34,0
tx100392,20.08,8,666.0,2,8.89,0
tx100393,26.71,9,1162.0,2,0.42,0
tx100394,44.7,17,1013.0,0,1.2,0
tx100395,32.08,20,1227.0,0,1.34,0
tx100396,32.71,8,204.0,3,8.1,0
tx100397,22.11,10,703.0,0,14.38,0
tx100398,14.46,15,323.0,1,6.9,0
tx100399,47.23,10,149.0,0,6.77,0
tx100400,17.33,12,1925.0,0,5.19,0
tx100401,51.27,19,629.0,2,10.38,0
tx100402,26.53,9,1900.0,0,17.64,0
tx100403,17.49,20,1312.0,0,6.57,0
tx100404,46.35,3,1274.0,2,11.5,0
tx100405,30.77,19,503.0,1,4.94,0
tx100406,15.82,5,1697.0,1,3.49,0
tx100407,21.18,13,1980.0,0,1.58,0
tx100408,41.04,12,538.0,0,0.74,0
tx100409,47.06,13,1350.0,1,0.26,0
tx100410,11.47,18,719.0,0,5.55,0
tx100411,26.47,9,796.0,0,1.22,0
tx100412,34.02,16,976.0,2,10.13,0
tx100413,41.99,20,1615.0,0,4.05,0
tx100414,12.31,17,1532.0,2,0.06,0
tx100415,41.78,22,971.0,3,16.35,0
tx100416,10.63,8,178.0,1,7.58,0
tx100417,140.76,11,6.0,10,130.44,1
tx100418,48.21,14,1530.0,4,1.93,0
tx100419,13.12,18,689.0,1,4.26,0
tx100420,11.42,20,1933.0,0,4.09,0
tx100421,41.79,11,1469.0,1,3.02,0
tx100422,27.97,3,784.0,0,7.05,0
tx100423,18.62,12,455.0,0,9.06,0
tx100424,17.02,17,613.0,3,21.76,0
tx100425,142.11,2,2.0,6,55.44,1
tx100426,10.33,8,368.0,0,0.74,0
tx100427,34.54,17,129.0,1,1.3,0
tx100428,508.22,15,1.0,2,56.87,1
tx100429,7.12,15,1428.0,0,4.56,0
tx100430,58.96,14,346.0,0,1.57,0
tx100431,70.6,12,460.0,1,8.75,0
tx100432,20.7,11,548.0,1,10.19,0
tx100433,16.0,15,164.0,1,25.22,0
tx100434,166.41,6,1036.0,1,1.21,0
tx100435,30.33,22,889.0,2,3.66,0
tx100436,55.72,6,1990.0,1,0.84,0
tx100437,22.52,1,1523.0,1,0.4,0
tx100438,32.98,20,766.0,1,0.35,0
tx100439,18.35,2,485.0,4,0.53,0
tx100440,9.4,11,1251.0,2,6.46,0
tx100441,39.41,12,428.0,1,10.87,0
tx100442,30.8,12,1558.0,2,4.03,0
tx100443,94.99,13,746.0,0,4.86,0
tx100444,10.32,20,1518.0,2,3.64,0
tx100445,26.0,21,78.0,0,3.62,0
tx100446,33.17,16,1098.0,1,0.0,0
tx100447,20.09,19,118.0,0,2.78,0
tx100448,34.66,8,1259.0,2,1.26,0
tx100449,28.56,21,674.0,0,12.81,0
tx100450,13.48,10,542.0,1,2.64,0
tx100451,92.48,9,541.0,1,0.83,0
tx100452,17.81,20,1892.0,1,0.19,0
tx100453,26.86,15,1061.0,1,0.62,0
tx100454,13.88,3,162.0,1,3.26,0
tx100455,23.65,17,867.0,1,2.75,0
tx100456,43.08,17,622.0,2,0.37,0
tx100457,19.1,22,1640.0,0,2.91,0
tx100458,10.58,0,1984.0,2,1.35,0
tx100459,34.87,20,1280.0,3,0.53,0
tx100460,85.1,13,1513.0,0,8.65,0
tx100461,10.78,15,1666.0,4,3.38,0
tx100462,40.69,17,1918.0,1,4.42,0
tx100463,27.19,21,441.0,1,2.63,0
tx100464,73.26,7,1573.0,1,14.33,0
tx100465,20.8,14,1833.0,0,2.29,0
tx100466,62.79,9,188.0,1,1.11,0
tx100467,54.33,21,309.0,1,5.92,0
tx100468,23.76,16,1681.0,4,0.51,0
tx100469,15.53,20,233.0,1,7.29,0
tx100470,30.48,11,692.0,1,12.4,0
tx100471,22.68,17,1648.0,0,4.43,0
tx100472,36.62,14,73.0,2,2.47,0
tx100473,39.62,19,804.0,1,1.47,0
tx100474,46.32,13,296.0,2,3.14,0
tx100475,47.84,14,1066.0,1,1.03,0
tx100476,47.0,8,954.0,0,1.61,0
tx100477,83.59,10,462.0,1,3.65,0
tx100478,17.22,10,1690.0,0,0.27,0
tx100479,19.74,16,59.0,0,3.56,0
tx100480,35.99,22,1862.0,0,0.51,0
tx100481,54.05,12,347.0,3,3.65,0
tx100482,16.59,9,400.0,1,2.61,0
tx100483,33.33,11,950.0,4,5.35,0
tx100484,11.73,7,1727.0,1,3.03,0
tx100485,24.31,12,459.0,0,2.99,0
tx100486,34.44,9,144.0,1,1.45,0
tx100487,45.27,14,158.0,1,2.9,0
tx100488,51.91,12,1510.0,1,1.23,0
tx100489,38.56,13,1331.0,1,2.85,0
tx100490,56.89,8,1383.0,0,0.85,0
tx100491,11.23,9,964.0,2,5.13,0
tx100492,3.36,13,96.0,0,9.46,0
tx100493,46.48,15,423.0,4,1.11,0
tx100494,63.36,17,1803.0,0,0.99,0
tx100495,12.67,8,1166.0,0,6.17,0
tx100496,25.74,22,461.0,1,1.17,0
tx100497,18.3,19,509.0,4,0.38,0
tx100498,29.21,8,1700.0,3,6.45,0
tx100499,19.19,12,1037.0,1,6.19,0
tx100500,47.54,10,1808.0,0,0.91,0
tx100501,9.67,17,1247.0,2,8.69,0
tx100502,16.29,8,1497.0,0,2.26,0
tx100503,34.1,10,1324.0,3,2.07,0
tx100504,5.09,16,991.0,2,6.7,0
tx100505,34.27,15,357.0,1,0.95,0
tx100506,23.89,21,65.0,0,0.58,0
tx100507,35.41,12,1842.0,0,4.42,0
tx100508,100.01,2,340.0,1,16.61,0
tx100509,12.9,1,593.0,2,7.74,0
tx100510,27.04,19,191.0,0,1.48,0
tx100511,10.73,21,913.0,0,0.56,0
tx100512,31.91,15,377.0,3,0.8,0
tx100513,47.47,10,1462.0,2,13.29,0
tx100514,24.51,3,1304.0,0,1.95,0
tx100515,65.51,20,739.0,0,3.5,0
tx100516,11.15,5,56.0,0,0.1,0
tx100517,12.58,16,1142.0,0,3.8,0
tx100518,30.08,13,1975.0,1,4.97,0
tx100519,96.82,16,990.0,2,4.43,0
tx100520,20.38,9,970.0,0,9.58,0
tx100521,42.87,18,1223.0,3,6.85,0
tx100522,43.31,0,1443.0,0,1.51,0
tx100523,56.13,19,723.0,0,12.2,0
tx100524,17.98,17,536.0,1,2.75,0
tx100525,60.51,17,301.0,0,1.53,0
tx100526,18.65,19,808.0,1,1.47,0
tx100527,26.14,18,1543.0,1,8.74,0
tx100528,24.51,21,856.0,0,0.22,0
tx100529,399.79,17,6.0,7,91.6,1
tx100530,19.97,16,186.0,1,1.53,0
tx100531,55.6,3,1116.0,2,1.85,0
tx100532,19.67,14,673.0,1,1.01,0
tx100533,32.84,8,672.0,0,5.72,0
tx100534,65.34,19,682.0,0,7.6,0
tx100535,16.21,18,1225.0,2,1.85,0
tx100536,39.31,20,959.0,2,0.23,0
tx100537,72.3,16,381.0,0,21.6,0
tx100538,35.68,19,450.0,2,3.91,0
tx100539,31.2,14,120.0,1,3.5,0
tx100540,25.76,17,1358.0,1,2.68,0
tx100541,60.76,16,322.0,0,4.11,0
tx100542,46.97,3,1848.0,0,1.34,0
tx100543,29.83,16,1559.0,1,2.55,0
tx100544,31.32,17,745.0,0,14.03,0
tx100545,28.97,16,1860.0,2,2.21,0
tx100546,11.6,10,714.0,0,23.67,0
tx100547,24.92,2,704.0,3,5.36,0
tx100548,30.81,16,279.0,4,5.03,0
tx100549,14.79,11,1354.0,1,26.06,0
tx100550,20.32,8,1570.0,1,1.57,0
tx100551,22.1,11,705.0,0,4.39,0
tx100552,61.43,16,1926.0,1,0.4,0
tx100553,46.0,20,426.0,1,3.27,0
tx100554,23.07,20,1725.0,2,3.58,0
tx100555,72.71,14,645.0,0,5.31,0
tx100556,14.7,5,52.0,0,2.08,0
tx100557,295.8,16,20.0,6,315.35,1
tx100558,30.42,18,1060.0,0,0.43,0
tx100559,58.45,22,1885.0,2,1.11,0
tx100560,6.53,17,1815.0,1,4.13,0
tx100561,15.68,22,98.0,1,6.86,0
tx100562,70.54,20,952.0,2,4.32,0
tx100563,40.36,19,306.0,1,5.07,0
tx100564,28.48,16,1661.0,0,2.59,0
tx100565,73.38,4,44.0,4,208.1,1
tx100566,24.96,21,1888.0,3,7.57,0
tx100567,45.02,22,1204.0,1,12.48,0
tx100568,9.83,12,1023.0,0,12.85,0
tx100569,38.49,18,667.0,1,3.64,0
tx100570,251.28,2,53.0,12,84.88,1
tx100571,28.71,14,1255.0,1,4.73,0
tx100572,28.32,19,1856.0,1,1.97,0
tx100573,19.16,8,515.0,0,9.8,0
tx100574,13.94,8,1022.0,0,8.35,0
tx100575,1161.53,4,28.0,4,166.87,1
tx100576,86.73,14,1643.0,0,4.8,0
tx100577,17.59,21,264.0,0,10.92,0
tx100578,59.72,18,317.0,1,6.31,0
tx100579,44.59,1,1373.0,0,4.75,0
tx100580,62.54,14,871.0,0,6.23,0
tx100581,30.35,20,1754.0,2,0.16,0
tx100582,26.8,16,1075.0,1,10.26,0
tx100583,24.79,18,1271.0,1,7.17,0
tx100584,17.34,19,497.0,1,2.29,0
tx100585,34.95,14,496.0,1,3.56,0
tx100586,10.56,12,1212.0,1,0.15,0
tx100587,34.95,9,1407.0,2,3.57,0
tx100588,14.2,17,1715.0,1,2.86,0
tx100589,28.59,0,1467.0,1,3.7,0
tx100590,25.3,14,153.0,0,2.82,0
tx100591,10.59,13,1733.0,0,7.48,0
tx100592,38.21,15,1658.0,3,0.52,0
tx100593,48.46,16,1799.0,1,33.75,0
tx100594,28.02,20,1996.0,0,8.35,0
tx100595,24.08,15,1422.0,2,4.39,0
tx100596,18.4,9,1116.0,2,1.04,0
tx100597,37.87,19,1204.0,0,1.15,0
tx100598,53.75,0,621.0,0,5.91,0
tx100599,46.43,12,1075.0,1,2.41,0
tx100600,52.91,1,310.0,3,0.8,0
tx100601,26.76,4,968.0,1,3.49,0
tx100602,25.69,15,598.0,3,2.22,0
tx100603,73.77,14,776.0,1,4.18,0
tx100604,25.6,11,1249.0,1,0.81,0
tx100605,40.15,23,1562.0,1,2.23,0
tx100606,39.75,16,101.0,0,2.9,0
tx100607,41.94,12,969.0,0,5.35,0
tx100608,11.65,17,1007.0,1,7.53,0
tx100609,1406.3,1,5.0,11,35.75,1
tx100610,61.78,8,1684.0,2,14.96,0
tx100611,4.74,9,832.0,0,0.26,0
tx100612,28.17,15,1407.0,2,0.54,0
tx100613,33.74,5,1647.0,3,1.89,0
tx100614,34.1,23,1520.0,3,3.33,0
tx100615,14.44,20,314.0,1,10.17,0
tx100616,119.07,12,279.0,0,0.32,0
tx100617,88.11,23,1668.0,0,10.02,0
tx100618,16.86,21,1706.0,1,7.41,0
tx100619,13.55,13,1871.0,2,5.29,0
tx100620,33.86,12,827.0,1,3.54,0
tx100621,53.5,10,62.0,1,4.87,0
tx100622,21.93,8,195.0,0,2.53,0
tx100623,17.31,9,1233.0,0,9.55,0
tx100624,64.2,23,58.0,0,5.17,0
tx100625,32.88,13,1590.0,1,1.68,0
tx100626,40.42,19,1393.0,0,0.4,0
tx100627,11.7,18,1657.0,0,4.22,0
tx100628,40.09,20,1275.0,1,5.28,0
tx100629,66.51,20,630.0,0,14.8,0
tx100630,18.56,19,1447.0,0,1.3,0
tx100631,34.64,20,1459.0,3,1.66,0
tx100632,15.84,4,1944.0,1,0.27,0
tx100633,38.07,15,1345.0,0,5.47,0
tx100634,29.39,20,1598.0,0,11.81,0
tx100635,26.54,23,617.0,0,1.7,0
tx100636,20.21,20,1930.0,2,17.68,0
tx100637,17.12,12,1680.0,0,4.3,0
tx100638,33.36,12,667.0,3,7.33,0
tx100639,15.99,10,869.0,0,1.6,0
tx100640,40.24,18,1316.0,1,9.39,0
tx100641,56.35,22,1899.0,2,3.22,0
tx100642,46.99,9,1368.0,2,4.08,0
tx100643,52.28,11,782.0,0,4.83,0
tx100644,42.34,15,1912.0,0,0.23,0
tx100645,27.52,17,1206.0,2,1.05,0
tx100646,37.61,20,1993.0,3,42.56,0
tx100647,40.02,17,1147.0,0,0.05,0
tx100648,37.62,9,1008.0,6,0.18,0
tx100649,54.7,20,913.0,0,5.0,0
tx100650,26.07,18,1480.0,0,6.36,0
tx100651,25.04,4,864.0,0,1.13,0
tx100652,29.21,13,1338.0,0,2.51,0
tx100653,41.48,9,940.0,1,5.42,0
tx100654,30.55,15,1979.0,0,3.23,0
tx100655,19.11,21,171.0,1,7.99,0
tx100656,34.51,12,932.0,1,5.36,0
tx100657,27.23,16,1215.0,1,1.4,0
tx100658,64.91,22,1897.0,1,6.21,0
tx100659,20.28,23,1440.0,1,3.67,0
tx100660,41.49,18,1399.0,1,2.55,0
tx100661,43.76,20,1324.0,1,11.12,0
tx100662,34.95,9,131.0,2,2.09,0
tx100663,18.97,3,557.0,1,0.93,0
tx100664,34.49,23,178.0,0,1.36,0
tx100665,64.85,15,1374.0,1,5.79,0
tx100666,11.71,11,1370.0,1,3.04,0
tx100667,45.33,22,1168.0,1,0.66,0
tx100668,30.15,8,1088.0,1,0.87,0
tx100669,66.18,18,623.0,0,10.26,0
tx100670,31.25,14,706.0,0,0.63,0
tx100671,17.52,12,1281.0,2,10.5,0
tx100672,31.42,14,1577.0,4,0.09,0
tx100673,10.28,16,1229.0,1,1.05,0
tx100674,10.16,11,1193.0,1,17.39,0
tx100675,13.33,12,146.0,1,1.74,0
tx100676,97.48,0,1296.0,0,4.06,0
tx100677,17.8,14,424.0,0,2.5,0
tx100678,18.44,17,522.0,1,6.97,0
tx100679,15.18,8,1022.0,1,1.89,0
tx100680,13.96,8,1174.0,0,1.41,0
tx100681,24.47,9,1728.0,0,11.09,0
tx100682,38.96,22,926.0,1,0.07,0
tx100683,24.05,9,862.0,1,12.95,0
tx100684,14.72,9,1999.0,2,0.84,0
tx100685,75.81,15,864.0,2,1.15,0
tx100686,16.21,18,482.0,0,7.9,0
tx100687,60.06,13,37.0,1,3.89,0
tx100688,74.19,12,1171.0,1,0.45,0
tx100689,869.68,21,46.0,7,18.44,1
tx100690,42.37,13,1567.0,1,9.49,0
tx100691,35.72,10,1302.0,0,17.7,0
tx100692,12.4,13,969.0,2,9.28,0
tx100693,14.07,16,1903.0,0,2.97,0
tx100694,34.1,8,80.0,0,8.26,0
tx100695,14.68,0,1268.0,1,6.49,0
tx100696,38.75,0,340.0,1,1.79,0
tx100697,21.64,8,187.0,2,6.08,0
tx100698,13.92,9,258.0,2,0.87,0
tx100699,25.07,11,1125.0,2,4.95,0
tx100700,24.63,4,609.0,1,1.54,0
tx100701,42.24,14,575.0,0,2.48,0
tx100702,56.79,15,1936.0,1,8.52,0
tx100703,20.22,2,30.0,1,3.68,0
tx100704,44.36,19,299.0,1,23.02,0
tx100705,546.99,0,25.0,1,122.26,1
tx100706,31.96,8,738.0,0,9.95,0
tx100707,36.78,6,643.0,2,27.69,0
tx100708,37.74,21,1573.0,0,3.36,0
tx100709,18.25,16,541.0,1,8.67,0
tx100710,34.95,16,872.0,0,10.82,0
tx100711,29.2,10,1665.0,2,2.93,0
tx100712,34.19,12,1159.0,2,1.11,0
tx100713,24.01,4,1015.0,0,1.47,0
tx100714,23.61,18,1821.0,3,4.36,0
tx100715,21.39,17,424.0,3,3.92,0
tx100716,9.36,21,1035.0,0,3.87,0
tx100717,20.25,12,312.0,0,0.64,0
tx100718,49.28,20,1332.0,3,9.8,0
tx100719,13.19,20,1183.0,1,0.38,0
tx100720,9.01,18,885.0,3,10.18,0
tx100721,32.78,7,1007.0,2,9.33,0
tx100722,36.67,10,1508.0,0,0.7,0
tx100723,24.75,20,269.0,0,0.35,0
tx100724,12.41,17,652.0,0,2.17,0
tx100725,78.3,14,1855.0,2,0.52,0
tx100726,15.55,21,961.0,0,10.47,0
tx100727,28.28,6,963.0,2,0.64,0
tx100728,29.07,17,1131.0,0,11.66,0
tx100729,29.59,3,1387.0,0,0.9,0
tx100730,508.54,8,2.0,2,55.5,1
tx100731,64.37,20,550.0,0,4.19,0
tx100732,28.84,18,323.0,2,10.5,0
tx100733,56.09,8,710.0,4,11.88,0
tx100734,50.45,1,139.0,0,0.93,0
tx100735,16.42,16,1587.0,3,5.37,0
tx100736,54.26,16,121.0,1,2.89,0
tx100737,62.09,12,486.0,0,10.63,0
tx100738,78.82,20,988.0,3,9.14,0
tx100739,77.02,16,1331.0,1,2.74,0
tx100740,23.25,0,1317.0,1,4.08,0
tx100741,44.59,13,493.0,0,4.89,0
tx100742,81.36,16,1140.0,0,0.04,0
tx100743,21.65,17,1064.0,1,12.87,0
tx100744,180.33,4,42.0,7,24.49,1
tx100745,19.05,9,1602.0,1,0.8,0
tx100746,41.46,22,250.0,1,3.63,0
tx100747,19.97,17,1540.0,1,0.46,0
tx100748,32.42,1,738.0,2,3.56,0
tx100749,65.25,7,815.0,1,3.36,0
tx100750,19.79,13,575.0,0,1.99,0
tx100751,95.11,17,742.0,0,3.02,0
tx100752,112.43,21,21.0,6,84.18,1
tx100753,22.84,10,1678.0,3,4.64,0
tx100754,15.47,10,1435.0,2,5.11,0
tx100755,10.44,14,645.0,1,5.79,0
tx100756,47.63,13,1094.0,0,5.38,0
tx100757,17.83,19,499.0,1,5.59,0
tx100758,106.92,20,1129.0,2,12.03,0
tx100759,23.99,8,1738.0,2,2.41,0
tx100760,68.87,8,1969.0,0,2.71,0
tx100761,54.58,14,1382.0,1,8.95,0
tx100762,48.69,5,596.0,2,5.63,0
tx100763,18.34,3,721.0,0,1.98,0
tx100764,27.14,12,1660.0,0,8.59,0
tx100765,17.24,11,860.0,1,14.98,0
tx100766,14.28,14,113.0,0,0.82,0
tx100767,57.99,0,1595.0,2,0.4,0
tx100768,30.71,16,1746.0,0,7.95,0
tx100769,50.56,23,1500.0,0,2.95,0
tx100770,35.39,12,1024.0,2,0.27,0
tx100771,16.47,16,1699.0,3,2.73,0
tx100772,15.33,12,1139.0,1,1.56,0
tx100773,26.49,18,1374.0,4,2.87,0
tx100774,24.31,20,1114.0,2,2.83,0
tx100775,61.25,13,624.0,0,0.69,0
tx100776,55.45,18,1562.0,1,9.02,0
tx100777,78.46,9,1624.0,1,1.38,0
tx100778,6.89,7,1169.0,1,2.11,0
tx100779,25.02,20,287.0,1,12.07,0
tx100780,18.7,10,1414.0,4,2.26,0
tx100781,62.65,18,1483.0,0,2.22,0
tx100782,33.02,7,1829.0,1,6.29,0
tx100783,24.33,15,1626.0,0,3.06,0
tx100784,45.25,19,1685.0,0,2.23,0
tx100785,32.08,0,954.0,4,0.34,0
tx100786,12.77,11,362.0,3,0.22,0
tx100787,48.59,20,1001.0,0,4.2,0
tx100788,24.47,9,893.0,0,8.71,0
tx100789,16.13,14,1189.0,4,4.19,0
tx100790,52.02,13,1188.0,0,3.56,0
tx100791,12.95,20,873.0,1,2.58,0
tx100792,19.75,16,1017.0,0,5.82,0
tx100793,33.23,20,639.0,4,2.27,0
tx100794,79.21,1,33.0,2,106.25,1
tx100795,38.91,4,1720.0,1,0.07,0
tx100796,34.17,14,31.0,0,1.09,0
tx100797,29.25,14,930.0,2,3.95,0
tx100798,35.35,14,1293.0,1,1.74,0
tx100799,34.33,12,619.0,2,5.86,0
tx100800,133.8,9,293.0,3,0.18,0
tx100801,26.39,2,701.0,3,2.02,0
tx100802,35.05,17,1047.0,1,1.2,0
tx100803,23.01,9,727.0,0,1.42,0
tx100804,43.37,9,1538.0,0,1.65,0
tx100805,15.27,16,637.0,1,12.21,0
tx100806,100.28,22,1279.0,0,5.5,0
tx100807,10.76,17,1403.0,0,3.91,0
tx100808,39.36,18,1314.0,1,6.91,0
tx100809,209.89,0,44.0,7,15.41,1
tx100810,85.82,17,1563.0,3,4.72,0
tx100811,9.04,22,239.0,1,5.02,0
tx100812,23.41,13,1795.0,1,5.17,0
tx100813,27.0,21,1124.0,2,0.63,0
tx100814,31.85,1,37.0,3,3.42,0
tx100815,36.75,15,1825.0,0,11.13,0
tx100816,39.45,3,1301.0,1,17.15,0
tx100817,9.59,18,302.0,0,2.13,0
tx100818,399.6,4,52.0,2,44.03,1
tx100819,22.29,12,620.0,1,0.25,0
tx100820,39.91,10,1184.0,1,5.63,0
tx100821,416.63,4,35.0,6,37.07,1
tx100822,28.63,10,744.0,1,7.25,0
tx100823,14.09,14,1121.0,1,1.33,0
tx100824,32.61,19,1417.0,1,0.83,0
tx100825,33.36,9,825.0,1,1.81,0
tx100826,38.41,14,867.0,0,0.01,0
tx100827,35.82,2,774.0,2,0.69,0
tx100828,83.14,18,520.0,0,5.75,0
tx100829,20.3,21,825.0,1,2.78,0
tx100830,36.72,12,1155.0,0,4.67,0
tx100831,55.49,4,1986.0,2,8.5,0
tx100832,49.8,20,1778.0,0,5.0,0
tx100833,232.36,2,1.0,6,47.36,1
tx100834,15.99,15,1662.0,1,3.06,0
tx100835,64.97,12,193.0,2,1.46,0
tx100836,1912.49,1,24.0,5,77.9,1
tx100837,24.27,20,1915.0,1,13.18,0
tx100838,49.46,12,502.0,0,9.58,0
tx100839,10.58,9,1105.0,0,2.8,0
tx100840,19.29,21,1424.0,0,3.49,0
tx100841,42.5,18,785.0,0,0.7,0
tx100842,11.37,4,61.0,1,1.25,0
tx100843,23.86,14,691.0,0,2.58,0
tx100844,19.18,16,716.0,0,2.22,0
tx100845,46.98,18,382.0,0,5.51,0
tx100846,8.22,10,1905.0,2,9.01,0
tx100847,19.77,2,1728.0,0,4.55,0
tx100848,51.49,0,1659.0,1,4.77,0
tx100849,37.85,21,1916.0,0,7.94,0
tx100850,21.2,19,1475.0,0,1.45,0
tx100851,29.08,0,1202.0,2,14.14,0
tx100852,29.57,23,81.0,2,10.5,0
tx100853,14.67,7,1006.0,2,10.32,0
tx100854,87.3,18,230.0,0,1.54,0
tx100855,27.31,15,1086.0,2,0.03,0
tx100856,13.15,14,51.0,0,6.45,0
tx100857,20.24,19,1831.0,1,0.7,0
tx100858,15.76,17,512.0,0,0.49,0
tx100859,37.9,20,1830.0,0,5.13,0
tx100860,23.48,15,280.0,1,0.43,0
tx100861,31.95,21,1417.0,0,1.55,0
tx100862,45.12,11,331.0,0,1.5,0
tx100863,17.0,18,69.0,0,1.29,0
tx100864,144.88,13,1642.0,0,7.96,0
tx100865,51.08,19,1284.0,3,1.71,0
tx100866,36.85,14,1169.0,2,15.58,0
tx100867,121.34,5,608.0,2,3.33,0
tx100868,111.22,17,1416.0,3,3.15,0
tx100869,11.77,18,482.0,1,0.84,0
tx100870,30.95,14,785.0,2,7.66,0
tx100871,25.12,8,1182.0,3,5.86,0
tx100872,44.1,8,453.0,1,1.47,0
tx100873,17.53,11,1517.0,0,14.4,0
tx100874,59.31,19,1326.0,0,2.4,0
tx100875,24.85,11,1826.0,3,4.58,0
tx100876,46.69,15,1537.0,0,1.19,0
tx100877,24.48,13,1458.0,5,8.72,0
tx100878,19.65,8,1240.0,3,5.07,0
tx100879,22.19,8,1457.0,0,1.27,0
tx100880,43.11,13,1621.0,1,11.57,0
tx100881,8.15,13,1344.0,2,22.24,0
tx100882,21.57,15,1722.0,0,4.46,0
tx100883,31.15,14,352.0,0,9.85,0
tx100884,19.83,12,641.0,0,2.09,0
tx100885,36.17,16,901.0,1,8.5,0
tx100886,38.71,18,93.0,0,6.91,0
tx100887,165.2,11,1937.0,0,5.89,0
tx100888,21.9,15,1284.0,0,1.65,0
tx100889,28.25,11,1398.0,1,1.61,0
tx100890,46.59,13,1600.0,1,2.91,0
tx100891,1202.6,11,24.0,5,0.34,1
tx100892,13.26,10,702.0,1,14.92,0
tx100893,15.89,18,455.0,1,1.43,0
tx100894,38.23,15,825.0,0,3.99,0
tx100895,31.56,9,544.0,0,5.19,0
tx100896,29.46,10,1274.0,2,6.65,0
tx100897,20.8,16,1745.0,2,17.54,0
tx100898,18.59,12,798.0,0,7.5,0
tx100899,57.33,21,1889.0,1,3.37,0
tx100900,39.08,10,1560.0,2,1.67,0
tx100901,25.36,20,1661.0,1,1.29,0
tx100902,36.59,11,1234.0,0,1.57,0
tx100903,28.73,14,337.0,1,14.11,0
tx100904,245.11,2,38.0,4,40.36,1
tx100905,13.93,17,1561.0,1,1.68,0
tx100906,19.8,9,1167.0,0,2.05,0
tx100907,24.62,20,1886.0,2,12.93,0
tx100908,29.35,9,813.0,1,10.76,0
tx100909,21.21,19,873.0,0,4.66,0
tx100910,7.76,9,1841.0,1,3.77,0
tx100911,36.53,7,324.0,1,0.13,0
tx100912,58.32,19,1808.0,1,3.89,0
tx100913,34.09,11,1455.0,1,8.58,0
tx100914,23.46,21,157.0,1,2.83,0
tx100915,27.31,8,574.0,1,10.31,0
tx100916,13.81,9,295.0,1,4.89,0
tx100917,47.72,19,814.0,0,2.35,0
tx100918,47.22,11,1135.0,0,4.27,0
tx100919,44.08,18,1591.0,1,9.88,0
tx100920,48.29,16,644.0,1,0.58,0
tx100921,28.14,8,1266.0,0,0.43,0
tx100922,9.71,14,318.0,4,7.97,0
tx100923,29.47,23,1536.0,0,2.88,0
tx100924,13.67,5,693.0,0,1.2,0
tx100925,66.24,12,1563.0,2,9.77,0
tx100926,43.66,13,330.0,1,5.3,0
tx100927,450.52,15,49.0,8,165.91,1
tx100928,23.13,15,1302.0,0,15.36,0
tx100929,119.81,14,48.0,0,4.84,0
tx100930,50.14,18,1833.0,1,2.19,0
tx100931,30.58,6,1390.0,3,1.05,0
tx100932,22.71,13,1554.0,0,5.07,0
tx100933,41.64,0,411.0,1,7.04,0
tx100934,10.75,17,1878.0,0,0.37,0
tx100935,13.55,11,843.0,1,0.56,0
tx100936,31.42,14,1364.0,1,6.77,0
tx100937,18.48,20,284.0,1,3.5,0
tx100938,172.14,8,936.0,2,3.51,0
tx100939,81.7,12,36.0,4,15.13,1
tx100940,28.43,11,51.0,3,6.71,0
tx100941,11.88,13,1500.0,0,1.39,0
tx100942,24.43,16,1833.0,2,7.73,0
tx100943,40.64,18,343.0,0,10.21,0
tx100944,57.21,1,1680.0,0,1.03,0
tx100945,74.43,18,1656.0,1,16.05,0
tx100946,14.16,17,726.0,0,0.79,0
tx100947,15.55,0,1196.0,0,11.59,0
tx100948,8.64,18,423.0,1,2.12,0
tx100949,17.44,16,1798.0,1,4.58,0
tx100950,22.3,0,1239.0,1,2.87,0
tx100951,23.74,8,1357.0,1,1.99,0
tx100952,13.89,10,1932.0,1,4.28,0
tx100953,59.69,9,454.0,0,3.61,0
tx100954,21.76,21,1700.0,0,2.09,0
tx100955,27.7,14,1708.0,0,9.86,0
tx100956,14.75,12,722.0,0,8.11,0
tx100957,54.47,8,1339.0,1,5.72,0
tx100958,29.06,3,1764.0,1,7.99,0
tx100959,13.56,17,455.0,0,0.97,0
tx100960,11.56,20,694.0,2,4.11,0
tx100961,21.83,14,568.0,2,2.5,0
tx100962,30.19,17,111.0,3,11.98,0
tx100963,47.6,14,1206.0,1,2.51,0
tx100964,28.84,18,611.0,0,1.93,0
tx100965,135.97,1,1363.0,0,8.82,0
tx100966,27.24,11,215.0,4,0.12,0
tx100967,26.3,16,185.0,2,9.95,0
tx100968,87.03,10,1173.0,0,2.78,0
tx100969,10.44,18,1028.0,0,4.62,0
tx100970,58.29,20,804.0,1,10.2,0
tx100971,39.98,3,1722.0,2,1.28,0
tx100972,18.04,21,121.0,1,9.88,0
tx100973,6.76,9,728.0,1,9.17,0
tx100974,51.37,15,1706.0,1,1.79,0
tx100975,57.33,21,1390.0,2,10.61,0
tx100976,28.86,13,1956.0,0,0.77,0
tx100977,18.47,21,1690.0,2,1.23,0
tx100978,26.14,21,1663.0,1,14.21,0
tx100979,70.38,17,1483.0,1,1.15,0
tx100980,76.47,18,1639.0,1,10.97,0
tx100981,21.81,13,1771.0,0,4.08,0
tx100982,31.83,8,992.0,0,0.88,0
tx100983,38.14,20,468.0,0,3.74,0
tx100984,87.01,17,758.0,1,2.66,0
tx100985,19.08,16,1517.0,1,0.16,0
tx100986,145.6,14,1915.0,0,5.27,0
tx100987,23.81,12,349.0,0,15.88,0
tx100988,30.41,19,936.0,2,0.11,0
tx100989,248.38,2,34.0,3,119.38,1
tx100990,35.65,15,609.0,1,0.39,0
tx100991,44.26,15,1191.0,0,4.08,0
tx100992,45.73,13,1903.0,1,3.93,0
tx100993,30.21,16,194.0,0,12.91,0
tx100994,16.41,17,1232.0,1,18.59,0
tx100995,21.4,21,1178.0,1,2.1,0
tx100996,30.99,21,1744.0,0,19.98,0
tx100997,55.16,21,1402.0,1,4.47,0
tx100998,84.47,16,1026.0,1,4.8,0
tx100999,21.12,0,331.0,0,4.9,0
tx101000,96.55,10,877.0,0,3.74,0
tx101001,37.68,14,510.0,0,2.34,0
tx101002,18.05,20,898.0,1,4.4,0
tx101003,41.1,3,1652.0,0,0.57,0
tx101004,16.41,14,1599.0,2,6.36,0
tx101005,101.38,16,561.0,1,2.24,0
tx101006,28.28,13,1640.0,0,4.45,0
tx101007,27.6,11,1676.0,0,5.16,0
tx101008,41.83,16,862.0,1,0.21,0
tx101009,55.52,11,322.0,3,5.09,0
tx101010,81.33,8,804.0,3,0.19,0
tx101011,13.64,16,332.0,0,0.45,0
tx101012,28.98,18,723.0,3,6.95,0
tx101013,26.25,18,1985.0,0,7.68,0
tx101014,13.46,19,980.0,0,2.44,0
tx101015,32.33,23,799.0,0,6.22,0
tx101016,17.4,10,433.0,1,0.92,0
tx101017,636.53,2,34.0,5,17.11,1
tx101018,81.67,12,384.0,1,0.13,0
tx101019,29.48,22,1921.0,1,1.8,0
tx101020,42.71,17,451.0,0,0.72,0
tx101021,349.87,21,47.0,9,285.94,1
tx101022,26.9,8,117.0,2,1.74,0
tx101023,46.05,23,114.0,3,1.48,0
tx101024,45.27,5,229.0,0,10.45,0
tx101025,53.99,20,319.0,2,4.44,0
tx101026,40.28,17,960.0,1,2.22,0
tx101027,31.84,15,1253.0,2,1.44,0
tx101028,122.49,21,39.0,5,54.94,1
tx101029,77.22,20,1886.0,4,5.06,0
tx101030,72.05,1,1702.0,1,5.08,0
tx101031,235.96,19,10.0,6,122.79,1
tx101032,28.68,11,771.0,2,12.73,0
tx101033,9.83,7,1048.0,1,13.5,0
tx101034,35.79,3,125.0,1,8.91,0
tx101035,23.02,16,1325.0,1,2.68,0
tx101036,52.4,2,1634.0,2,4.46,0
tx101037,20.67,12,665.0,1,8.23,0
tx101038,83.39,10,1015.0,1,3.26,0
tx101039,8.46,12,1814.0,1,5.39,0
tx101040,35.91,10,37.0,1,8.25,0
tx101041,39.91,18,1541.0,0,7.1,0
tx101042,42.54,3,1321.0,1,0.62,0
tx101043,62.37,15,1229.0,1,7.3,0
tx101044,29.18,8,677.0,1,2.03,0
tx101045,34.27,17,1745.0,4,0.99,0
tx101046,13.99,15,1478.0,3,2.69,0
tx101047,10.97,15,693.0,1,4.31,0
tx101048,26.98,18,874.0,2,2.5,0
tx101049,26.66,12,1850.0,0,1.41,0
tx101050,77.1,20,601.0,0,4.98,0
tx101051,10.38,14,1675.0,0,4.68,0
tx101052,9.49,9,585.0,0,3.23,0
tx101053,34.11,18,624.0,1,1.35,0
tx101054,25.13,20,932.0,0,0.34,0
tx101055,28.39,16,1321.0,1,2.68,0
tx101056,72.37,2,1451.0,2,0.29,0
tx101057,56.5,16,1017.0,2,4.14,0
tx101058,14.91,15,1421.0,1,5.08,0
tx101059,23.48,18,740.0,2,3.64,0
tx101060,28.43,10,1862.0,0,5.85,0
tx101061,13.11,17,1051.0,0,2.45,0
tx101062,14.92,23,621.0,1,3.21,0
tx101063,8.51,15,785.0,4,1.61,0
tx101064,84.72,21,1763.0,0,11.75,0
tx101065,406.68,0,21.0,6,36.61,1
tx101066,19.24,8,1344.0,1,6.42,0
tx101067,47.83,8,1985.0,1,0.46,0
tx101068,52.53,19,712.0,1,11.05,0
tx101069,29.1,9,1854.0,1,1.4,0
tx101070,40.09,17,1297.0,0,3.62,0
tx101071,21.88,19,492.0,0,9.88,0
tx101072,16.77,10,554.0,1,2.72,0
tx101073,15.93,15,52.0,1,4.92,0
tx101074,46.22,12,1747.0,1,0.13,0
tx101075,26.95,18,666.0,0,4.34,0
tx101076,71.7,8,1542.0,0,1.39,0
tx101077,28.33,14,470.0,1,3.95,0
tx101078,22.33,15,462.0,1,3.55,0
tx101079,28.48,14,750.0,1,3.17,0
tx101080,13.52,0,1460.0,1,11.56,0
tx101081,25.86,21,547.0,1,0.07,0
tx101082,27.11,20,751.0,0,2.13,0
tx101083,46.7,10,1282.0,2,0.08,0
tx101084,26.3,5,222.0,0,2.93,0
tx101085,16.18,14,995.0,4,2.08,0
tx101086,48.91,13,133.0,1,1.11,0
tx101087,65.6,5,1431.0,0,0.02,0
tx101088,16.86,9,212.0,3,2.38,0
tx101089,112.89,9,1692.0,0,6.94,0
tx101090,25.2,7,1509.0,3,14.42,0
tx101091,90.6,12,91.0,1,4.41,0
tx101092,61.23,19,488.0,0,3.91,0
tx101093,22.9,11,281.0,1,1.59,0
tx101094,35.9,8,1324.0,0,7.81,0
tx101095,27.7,8,652.0,1,0.45,0
tx101096,28.16,16,765.0,0,3.21,0
tx101097,30.62,20,1605.0,1,1.99,0
tx101098,43.92,8,986.0,0,5.5,0
tx101099,61.21,10,759.0,2,0.23,0
tx101100,13.19,10,658.0,0,0.6,0
tx101101,36.64,17,1615.0,1,3.33,0
tx101102,25.88,3,1036.0,1,0.11,0
tx101103,69.93,22,1926.0,2,0.16,0
tx101104,19.43,10,234.0,1,5.12,0
tx101105,31.31,15,1316.0,0,1.29,0
tx101106,18.27,10,795.0,1,2.03,0
tx101107,18.44,20,523.0,2,1.84,0
tx101108,47.14,18,1784.0,2,0.53,0
tx101109,34.56,12,1014.0,0,0.68,0
tx101110,45.17,12,1278.0,0,9.85,0
tx101111,26.2,17,1014.0,1,2.45,0
tx101112,67.87,15,123.0,2,6.25,0
tx101113,50.04,11,1762.0,1,2.93,0
tx101114,36.41,19,1081.0,0,3.18,0
tx101115,75.94,18,1650.0,0,1.23,0
tx101116,19.15,21,413.0,1,0.39,0
tx101117,23.76,13,1593.0,1,6.79,0
tx101118,18.17,16,893.0,2,10.01,0
tx101119,19.86,21,1909.0,0,0.16,0
tx101120,41.84,13,249.0,1,3.77,0
tx101121,37.41,9,796.0,2,0.29,0
tx101122,27.48,8,299.0,0,13.9,0
tx101123,29.87,11,1458.0,1,11.28,0
tx101124,43.58,21,1376.0,2,18.57,0
tx101125,49.02,15,1424.0,0,5.43,0
tx101126,18.22,16,818.0,0,13.79,0
tx101127,107.02,11,1792.0,0,3.89,0
tx101128,78.56,5,1583.0,2,7.59,0
tx101129,47.98,17,1596.0,0,1.99,0
tx101130,21.41,2,217.0,1,10.89,0
tx101131,57.5,13,1405.0,2,0.93,0
tx101132,90.8,11,1159.0,1,0.14,0
tx101133,26.23,12,1033.0,1,3.98,0
tx101134,39.25,10,1975.0,2,0.3,0
tx101135,27.14,14,908.0,0,2.96,0
tx101136,30.04,13,665.0,0,7.39,0
tx101137,14.94,8,874.0,2,2.18,0
tx101138,161.7,15,863.0,0,4.49,0
tx101139,49.24,7,444.0,0,0.49,0
tx101140,47.26,12,1329.0,1,2.71,0
tx101141,78.64,7,42.0,10,137.63,1
tx101142,12.58,21,1759.0,0,2.32,0
tx101143,79.05,10,1255.0,2,17.79,0
tx101144,22.4,1,226.0,1,2.68,0
tx101145,14.17,17,1285.0,2,10.95,0
tx101146,60.66,23,584.0,2,1.55,0
tx101147,33.09,0,1508.0,3,1.94,0
tx101148,1300.49,2,10.0,7,60.99,1
tx101149,40.06,19,1943.0,0,4.29,0
tx101150,27.95,17,378.0,0,1.5,0
tx101151,56.61,20,1494.0,0,3.08,0
tx101152,15.43,12,437.0,0,2.71,0
tx101153,19.64,9,1729.0,2,0.35,0
tx101154,39.32,16,1167.0,1,1.03,0
tx101155,24.77,16,1435.0,1,16.59,0
tx101156,75.35,8,498.0,0,3.47,0
tx101157,38.32,13,926.0,1,8.6,0
tx101158,163.0,22,48.0,5,2.49,1
tx101159,91.55,1,26.0,11,54.59,1
tx101160,41.73,15,1267.0,1,2.59,0
tx101161,19.71,16,456.0,0,2.3,0
tx101162,29.84,16,989.0,0,4.77,0
tx101163,106.07,11,1404.0,3,4.3,0
tx101164,19.37,18,809.0,1,1.66,0
tx101165,26.76,17,916.0,2,2.2,0
tx101166,151.77,14,514.0,2,23.45,0
tx101167,7.34,10,534.0,0,0.33,0
tx101168,27.37,5,433.0,2,4.34,0
tx101169,24.59,8,1939.0,2,1.43,0
tx101170,35.66,8,1688.0,1,4.97,0
tx101171,14.09,10,1497.0,0,1.04,0
tx101172,16.37,10,166.0,0,10.78,0
tx101173,24.64,23,1000.0,0,2.52,0
tx101174,18.82,18,687.0,2,1.15,0
tx101175,40.38,10,1101.0,1,4.68,0
tx101176,20.21,8,1807.0,0,1.84,0
tx101177,26.43,11,1016.0,1,2.99,0
tx101178,41.49,14,1455.0,2,5.71,0
tx101179,19.18,5,1118.0,0,1.55,0
tx101180,46.6,3,145.0,4,5.82,0
tx101181,37.25,17,1325.0,1,0.25,0
tx101182,38.17,15,354.0,0,0.18,0
tx101183,40.26,4,889.0,0,4.69,0
tx101184,41.01,11,330.0,0,18.72,0
tx101185,142.9,9,1029.0,1,1.08,0
tx101186,24.9,19,1702.0,0,4.0,0
tx101187,44.75,8,284.0,2,0.82,0
tx101188,31.82,17,1298.0,1,3.45,0
tx101189,22.68,18,1478.0,1,1.9,0
tx101190,16.59,10,467.0,0,2.04,0
tx101191,31.27,12,263.0,1,9.74,0
tx101192,28.37,16,1724.0,2,10.82,0
tx101193,29.65,9,1635.0,1,6.72,0
tx101194,35.47,19,1453.0,0,3.59,0
tx101195,56.32,16,1177.0,0,0.58,0
tx101196,20.73,16,859.0,0,3.82,0
tx101197,124.56,9,483.0,2,8.59,0
tx101198,39.21,12,493.0,2,0.93,0
tx101199,14.56,11,742.0,0,17.56,0
tx101200,65.0,9,1485.0,2,3.06,0
tx101201,25.61,21,95.0,0,3.86,0
tx101202,8.03,15,1116.0,2,3.47,0
tx101203,29.14,12,1753.0,1,1.58,0
tx101204,55.9,12,1338.0,1,10.91,0
tx101205,45.56,16,440.0,1,22.74,0
tx101206,51.92,14,1250.0,1,10.13,0
tx101207,34.49,21,1473.0,1,1.69,0
tx101208,25.72,10,305.0,1,1.25,0
tx101209,19.76,18,147.0,0,2.3,0
tx101210,12.9,21,509.0,2,6.22,0
tx101211,14.18,9,561.0,0,11.73,0
tx101212,71.87,21,920.0,0,8.48,0
tx101213,2119.58,7,56.0,6,10.79,1
tx101214,25.14,16,195.0,0,0.83,0
tx101215,13.36,8,138.0,1,21.06,0
tx101216,35.92,14,1914.0,1,1.08,0
tx101217,13.89,19,394.0,1,4.6,0
tx101218,19.7,11,700.0,2,3.26,0
tx101219,64.69,16,1705.0,0,0.52,0
tx101220,40.22,10,1989.0,0,5.81,0
tx101221,90.45,15,799.0,2,3.22,0
tx101222,15.48,14,1060.0,0,1.24,0
tx101223,14.41,7,1922.0,0,10.11,0
tx101224,59.16,9,1246.0,0,3.52,0
tx101225,44.56,16,900.0,2,0.33,0
tx101226,52.25,19,1818.0,1,2.66,0
tx101227,27.65,21,97.0,1,2.91,0
tx101228,37.98,21,732.0,0,4.36,0
tx101229,19.73,8,1911.0,1,10.64,0
tx101230,12.35,2,962.0,0,2.12,0
tx101231,20.65,17,362.0,1,9.06,0
tx101232,96.6,0,728.0,1,3.97,0
tx101233,19.4,2,284.0,1,2.39,0
tx101234,94.14,16,1902.0,0,1.69,0
tx101235,8.36,9,133.0,0,18.69,0
tx101236,39.67,11,47.0,0,6.13,0
tx101237,62.56,12,152.0,2,10.23,0
tx101238,24.21,19,521.0,0,0.74,0
tx101239,90.21,10,465.0,1,2.83,0
tx101240,28.32,21,205.0,1,3.08,0
tx101241,27.34,18,1231.0,0,2.76,0
tx101242,17.8,11,1683.0,1,3.44,0
tx101243,19.95,10,1094.0,2,9.5,0
tx101244,23.08,17,1996.0,1,2.05,0
tx101245,238.04,14,1756.0,1,6.77,0
tx101246,17.28,11,460.0,3,6.53,0
tx101247,47.34,14,316.0,1,3.94,0
tx101248,27.88,23,1382.0,2,6.3,0
tx101249,61.73,11,1431.0,1,0.09,0
tx101250,162.12,3,4.0,2,8.24,1
tx101251,44.97,10,807.0,4,5.74,0
tx101252,57.46,7,992.0,1,12.12,0
tx101253,28.93,16,1701.0,0,0.46,0
tx101254,23.73,20,1101.0,0,7.9,0
tx101255,26.26,9,1518.0,3,9.12,0
tx101256,23.85,22,1522.0,1,2.5,0
tx101257,22.76,13,122.0,0,2.02,0
tx101258,60.19,21,1677.0,2,1.91,0
tx101259,128.03,13,410.0,1,0.33,0
tx101260,40.66,11,486.0,0,0.75,0
tx101261,18.92,14,1908.0,1,1.62,0
tx101262,14.34,18,322.0,0,8.59,0
tx101263,38.34,14,592.0,0,3.17,0
tx101264,25.94,6,796.0,1,3.04,0
tx101265,14.93,1,924.0,0,12.91,0
tx101266,16.66,4,618.0,0,9.3,0
tx101267,88.71,9,1645.0,0,5.6,0
tx101268,41.89,6,1787.0,1,11.84,0
tx101269,9.99,15,1392.0,2,12.33,0
tx101270,136.89,20,798.0,0,8.68,0
tx101271,20.8,11,167.0,0,13.54,0
tx101272,28.09,18,424.0,2,3.39,0
tx101273,32.43,4,560.0,2,17.28,0
tx101274,123.45,20,1046.0,2,1.58,0
tx101275,41.8,19,1228.0,1,1.63,0
tx101276,34.34,20,242.0,1,3.13,0
tx101277,24.78,15,761.0,2,2.18,0
tx101278,77.13,9,1891.0,0,1.82,0
tx101279,42.91,9,757.0,0,7.56,0
tx101280,24.93,17,396.0,1,1.04,0
tx101281,56.17,3,128.0,0,1.15,0
tx101282,25.2,20,872.0,1,9.6,0
tx101283,35.79,21,842.0,1,3.11,0
tx101284,32.4,9,1686.0,1,10.17,0
tx101285,20.78,20,1284.0,0,2.76,0
tx101286,83.4,6,851.0,2,7.89,0
tx101287,13.88,15,485.0,1,10.47,0
tx101288,33.22,16,524.0,0,7.61,0
tx101289,78.46,18,1920.0,1,1.67,0
tx101290,25.95,16,1852.0,0,11.55,0
tx101291,71.31,13,149.0,1,0.88,0
tx101292,42.69,18,1442.0,2,10.97,0
tx101293,19.86,21,1643.0,0,1.21,0
tx101294,44.01,21,331.0,2,0.04,0
tx101295,997.9,4,17.0,13,22.6,1
tx101296,74.2,16,1798.0,1,6.55,0
tx101297,10.11,16,126.0,2,2.8,0
tx101298,80.18,17,259.0,1,10.96,0
tx101299,17.14,15,1791.0,0,0.48,0
tx101300,35.21,0,1249.0,1,1.76,0
tx101301,39.31,15,1544.0,1,1.04,0
tx101302,96.23,10,648.0,0,2.8,0
tx101303,20.02,2,1315.0,0,9.44,0
tx101304,20.45,16,205.0,2,0.9,0
tx101305,12.43,16,1171.0,0,3.36,0
tx101306,19.15,3,781.0,0,9.36,0
tx101307,21.98,10,217.0,1,4.18,0
tx101308,59.24,16,1554.0,1,0.01,0
tx101309,51.35,18,1442.0,2,2.94,0
tx101310,35.9,17,122.0,1,28.5,0
tx101311,22.04,8,342.0,3,4.43,0
tx101312,70.31,14,782.0,0,2.5,0
tx101313,72.51,14,1077.0,0,10.52,0
tx101314,31.8,9,878.0,0,3.04,0
tx101315,15.03,21,1394.0,1,9.67,0
tx101316,47.62,0,643.0,1,3.22,0
tx101317,22.24,23,840.0,4,4.34,0
tx101318,109.42,7,1833.0,0,3.62,0
tx101319,51.24,5,881.0,1,3.72,0
tx101320,34.64,16,375.0,1,2.47,0
tx101321,60.43,16,1114.0,1,9.39,0
tx101322,25.22,10,33.0,1,2.17,0
tx101323,38.67,14,221.0,3,2.81,0
tx101324,43.17,16,331.0,0,5.58,0
tx101325,37.95,15,780.0,1,15.84,0
tx101326,9.06,19,741.0,2,12.57,0
tx101327,20.23,15,713.0,0,6.76,0
tx101328,10.89,14,1095.0,1,1.11,0
tx101329,48.15,13,1262.0,0,0.49,0
tx101330,37.4,18,1643.0,2,0.63,0
tx101331,39.01,8,1509.0,1,0.9,0
tx101332,39.17,17,617.0,2,0.37,0
tx101333,10.71,11,1472.0,0,3.69,0
tx101334,30.69,17,1352.0,0,0.72,0
tx101335,25.27,17,1798.0,0,11.71,0
tx101336,24.1,17,328.0,0,10.55,0
tx101337,38.52,15,1986.0,2,10.04,0
tx101338,14.16,11,1363.0,1,7.41,0
tx101339,50.0,17,279.0,1,0.39,0
tx101340,35.62,15,99.0,3,4.57,0
tx101341,17.85,11,1148.0,0,2.89,0
tx101342,13.26,9,113.0,0,7.41,0
tx101343,51.42,18,637.0,0,8.42,0
tx101344,47.99,11,1553.0,1,2.49,0
tx101345,40.47,18,1302.0,2,0.76,0
tx101346,58.78,16,322.0,0,12.57,0
tx101347,58.85,19,352.0,0,1.43,0
tx101348,31.63,22,1678.0,0,0.45,0
tx101349,31.59,14,689.0,1,3.89,0
tx101350,396.7,1,34.0,9,110.75,1
tx101351,43.23,13,887.0,2,1.76,0
tx101352,14.9,18,941.0,1,2.24,0
tx101353,39.77,16,1307.0,0,16.63,0
tx101354,28.21,14,772.0,0,6.53,0
tx101355,51.04,18,1470.0,0,1.33,0
tx101356,27.93,16,386.0,2,0.61,0
tx101357,52.08,15,523.0,2,25.87,0
tx101358,46.45,23,47.0,0,10.25,0
tx101359,26.51,8,1642.0,1,0.78,0
tx101360,47.67,18,1410.0,1,2.51,0
tx101361,17.39,18,1213.0,2,9.96,0
tx101362,10.7,5,362.0,2,4.66,0
tx101363,33.88,0,495.0,3,1.53,0
tx101364,18.32,8,1198.0,2,1.17,0
tx101365,14.34,13,825.0,2,0.79,0
tx101366,23.0,19,781.0,1,2.43,0
tx101367,29.53,16,1233.0,1,6.64,0
tx101368,38.01,15,1086.0,1,3.11,0
tx101369,27.53,17,1144.0,0,2.5,0
tx101370,14.83,6,1362.0,1,0.74,0
tx101371,33.07,4,533.0,1,0.24,0
tx101372,17.86,8,65.0,0,4.18,0
tx101373,36.39,15,1057.0,1,14.52,0
tx101374,26.01,22,1876.0,3,13.42,0
tx101375,18.73,5,218.0,1,7.67,0
tx101376,29.62,3,1542.0,2,3.97,0
tx101377,4.64,18,704.0,1,0.84,0
tx101378,70.73,17,41.0,2,8.58,0
tx101379,62.65,19,141.0,1,0.37,0
tx101380,19.34,13,1896.0,3,2.53,0
tx101381,26.99,14,1044.0,3,5.81,0
tx101382,100.72,11,1098.0,3,9.32,0
tx101383,26.0,18,368.0,1,9.07,0
tx101384,32.82,21,1708.0,2,3.19,0
tx101385,43.37,15,452.0,0,1.54,0
tx101386,24.93,15,1315.0,1,0.24,0
tx101387,264.46,3,35.0,10,157.99,1
tx101388,16.32,11,506.0,1,0.21,0
tx101389,21.82,15,1586.0,0,18.65,0
tx101390,12.5,17,1477.0,2,2.05,0
tx101391,34.14,23,355.0,1,0.18,0
tx101392,27.3,15,1849.0,1,22.82,0
tx101393,12.81,16,1741.0,1,0.46,0
tx101394,12.18,21,1267.0,1,11.7,0
tx101395,269.14,8,31.0,2,12.93,1
tx101396,20.42,12,624.0,0,0.16,0
tx101397,11.32,21,1359.0,0,1.35,0
tx101398,10.92,20,100.0,1,0.75,0
tx101399,17.82,8,469.0,2,2.16,0
tx101400,18.65,20,1281.0,1,14.83,0
tx101401,37.15,5,363.0,0,4.17,0
tx101402,49.66,19,252.0,1,3.37,0
tx101403,13.92,19,910.0,0,9.21,0
tx101404,13.12,23,159.0,1,1.7,0
tx101405,68.57,18,1827.0,0,7.47,0
tx101406,32.1,10,1702.0,2,0.73,0
tx101407,29.02,15,1497.0,2,33.91,0
tx101408,66.85,20,1060.0,1,8.86,0
tx101409,7.83,8,1622.0,0,4.41,0
tx101410,30.81,11,1956.0,1,6.42,0
tx101411,36.18,1,1572.0,0,5.38,0
tx101412,16.81,7,215.0,0,11.21,0
tx101413,77.46,16,1848.0,1,1.44,0
tx101414,17.44,16,1033.0,4,8.35,0
tx101415,13.28,11,1841.0,2,7.38,0
tx101416,55.11,2,186.0,1,4.49,0
tx101417,24.18,11,817.0,1,10.06,0
tx101418,16.61,15,38.0,2,2.66,0
tx101419,34.51,11,587.0,1,22.38,0
tx101420,30.23,14,351.0,1,8.12,0
tx101421,44.74,18,430.0,0,2.25,0
tx101422,66.8,16,811.0,1,1.3,0
tx101423,37.63,8,649.0,2,2.64,0
tx101424,49.84,14,35.0,1,1.98,0
tx101425,13.57,17,111.0,0,2.2,0
tx101426,6.68,10,1365.0,3,1.66,0
tx101427,19.38,21,1692.0,0,22.53,0
tx101428,26.35,8,250.0,0,5.63,0
tx101429,12.71,7,1181.0,1,0.42,0
tx101430,34.69,19,1109.0,0,2.71,0
tx101431,8.45,12,1570.0,2,1.69,0
tx101432,12.96,14,826.0,0,3.13,0
tx101433,17.69,14,1311.0,3,4.69,0
tx101434,6.42,12,51.0,0,3.5,0
tx101435,16.56,4,1330.0,0,0.85,0
tx101436,87.09,4,657.0,0,3.98,0
tx101437,23.8,19,290.0,1,2.17,0
tx101438,29.09,4,1997.0,0,0.1,0
tx101439,50.52,8,1183.0,0,4.26,0
tx101440,11.21,8,753.0,2,4.77,0
tx101441,172.18,21,500.0,0,1.35,0
tx101442,48.83,8,463.0,1,6.95,0
tx101443,39.54,19,1813.0,1,11.91,0
tx101444,32.39,14,1084.0,0,1.66,0
tx101445,46.11,10,757.0,1,6.85,0
tx101446,23.85,18,183.0,0,3.28,0
tx101447,51.08,16,369.0,2,1.25,0
tx101448,41.92,23,529.0,1,3.78,0
tx101449,13.13,19,1045.0,0,1.86,0
tx101450,9.39,10,1237.0,1,5.14,0
tx101451,34.0,13,1436.0,0,16.28,0
tx101452,29.12,19,1048.0,1,8.11,0
tx101453,22.85,11,496.0,0,3.71,0
tx101454,12.44,13,478.0,3,7.8,0
tx101455,12.5,16,522.0,1,11.6,0
tx101456,41.69,20,52.0,1,4.63,0
tx101457,20.64,20,1254.0,0,2.92,0
tx101458,27.63,14,1597.0,1,10.09,0
tx101459,21.73,11,1015.0,5,3.91,0
tx101460,28.97,11,648.0,1,1.57,0
tx101461,48.77,8,190.0,3,2.16,0
tx101462,40.09,4,1795.0,3,5.69,0
tx101463,40.32,10,1612.0,1,0.2,0
tx101464,26.91,7,182.0,1,5.07,0
tx101465,21.7,19,132.0,1,0.63,0
tx101466,25.54,11,1743.0,0,0.43,0
tx101467,12.08,19,648.0,1,5.52,0
tx101468,108.31,16,1405.0,2,3.47,0
tx101469,72.0,8,1187.0,0,0.2,0
tx101470,385.75,4,41.0,3,33.28,1
tx101471,35.6,8,1564.0,1,3.28,0
tx101472,26.09,1,1701.0,1,18.14,0
tx101473,49.14,8,997.0,0,4.7,0
tx101474,8.04,18,951.0,0,3.35,0
tx101475,21.75,8,839.0,1,2.24,0
tx101476,22.72,19,1441.0,0,10.76,0
tx101477,41.82,21,1970.0,0,0.83,0
tx101478,213.28,10,1730.0,0,4.54,0
tx101479,31.61,17,1128.0,0,4.81,0
tx101480,64.29,16,97.0,1,1.31,0
tx101481,16.25,20,1394.0,1,3.61,0
tx101482,117.5,17,631.0,0,9.25,0
tx101483,36.53,4,844.0,2,1.17,0
tx101484,43.42,19,191.0,2,0.74,0
tx101485,77.71,8,1974.0,0,15.5,0
tx101486,36.49,2,237.0,3,1.11,0
tx101487,74.14,10,316.0,0,7.72,0
tx101488,17.57,21,1959.0,3,1.29,0
tx101489,38.9,15,761.0,0,9.75,0
tx101490,31.54,7,243.0,1,2.17,0
tx101491,58.19,4,628.0,1,0.78,0
tx101492,17.05,8,526.0,0,12.37,0
tx101493,34.01,14,331.0,4,2.83,0
tx101494,26.73,20,663.0,2,4.86,0
tx101495,27.06,18,1328.0,1,6.33,0
tx101496,17.15,15,241.0,1,3.96,0
tx101497,25.66,13,317.0,0,2.78,0
tx101498,25.43,8,1510.0,1,0.16,0
tx101499,41.73,19,263.0,1,9.6,0
tx101500,21.06,10,852.0,2,0.61,0
tx101501,25.65,18,1794.0,1,3.31,0
tx101502,48.95,17,845.0,3,13.77,0
tx101503,39.8,8,1890.0,0,12.08,0
tx101504,31.95,19,1673.0,1,3.18,0
tx101505,32.14,10,864.0,1,0.58,0
tx101506,34.28,23,503.0,0,3.77,0
tx101507,61.5,13,143.0,1,2.88,0
tx101508,146.85,4,52.0,5,0.53,1
tx101509,35.69,17,223.0,1,2.17,0
tx101510,27.48,0,1559.0,0,17.87,0
tx101511,23.27,22,339.0,2,6.78,0
tx101512,46.98,9,1569.0,2,5.27,0
tx101513,23.42,9,662.0,1,1.04,0
tx101514,44.3,10,1358.0,0,9.97,0
tx101515,47.04,17,1696.0,1,2.03,0
tx101516,15.64,10,1818.0,1,6.79,0
tx101517,99.69,10,743.0,2,15.14,0
tx101518,9.8,15,1982.0,0,3.32,0
tx101519,36.08,20,1196.0,3,5.41,0
tx101520,19.94,8,220.0,1,4.11,0
tx101521,114.51,9,1537.0,1,0.64,0
tx101522,38.89,0,375.0,0,1.36,0
tx101523,35.28,10,1937.0,0,1.44,0
tx101524,30.65,9,293.0,0,13.0,0
tx101525,53.39,17,1828.0,1,0.69,0
tx101526,70.25,19,1918.0,0,3.44,0
tx101527,10.61,15,952.0,1,2.47,0
tx101528,14.59,21,1309.0,2,1.73,0
tx101529,32.62,13,61.0,0,3.09,0
tx101530,70.33,17,436.0,2,1.99,0
tx101531,52.28,16,1051.0,1,1.88,0
tx101532,90.17,14,1728.0,0,16.1,0
tx101533,22.8,15,1016.0,0,6.24,0
tx101534,34.57,15,665.0,0,3.66,0
tx101535,18.83,5,1109.0,1,0.23,0
tx101536,9.74,17,996.0,2,0.69,0
tx101537,25.75,12,1426.0,1,0.75,0
tx101538,39.07,9,1896.0,2,3.47,0
tx101539,20.98,3,434.0,2,1.97,0
tx101540,20.61,17,1835.0,0,0.61,0
tx101541,21.47,17,1322.0,1,7.54,0
tx101542,39.54,20,337.0,1,0.75,0
tx101543,70.47,21,1631.0,1,2.54,0
tx101544,24.79,2,1306.0,1,12.41,0
tx101545,33.94,19,577.0,1,12.77,0
tx101546,25.4,11,1728.0,4,2.72,0
tx101547,24.32,18,504.0,0,4.86,0
tx101548,18.74,10,151.0,1,8.98,0
tx101549,25.11,15,86.0,1,4.71,0
tx101550,17.04,8,714.0,0,0.76,0
tx101551,43.71,10,1842.0,1,0.78,0
tx101552,42.0,8,38.0,0,3.21,0
tx101553,14.78,11,45.0,2,1.76,0
tx101554,19.5,20,378.0,0,1.59,0
tx101555,63.5,11,1245.0,0,5.23,0
tx101556,28.42,15,1866.0,2,3.78,0
tx101557,16.2,12,39.0,1,5.58,0
tx101558,38.88,21,1320.0,1,0.77,0
tx101559,17.99,1,1855.0,0,1.97,0
tx101560,23.63,21,612.0,2,0.58,0
tx101561,35.1,12,1896.0,1,1.63,0
tx101562,11.74,7,1314.0,1,1.67,0
tx101563,49.44,8,266.0,0,6.45,0
tx101564,26.33,23,1893.0,0,13.46,0
tx101565,92.92,18,1735.0,0,0.62,0
tx101566,21.88,9,1061.0,1,0.03,0
tx101567,42.81,13,417.0,2,0.1,0
tx101568,35.89,12,500.0,0,0.76,0
tx101569,32.95,8,579.0,1,4.61,0
tx101570,47.78,19,174.0,2,3.28,0
tx101571,41.5,17,1964.0,0,13.59,0
tx101572,20.03,10,1587.0,0,3.78,0
tx101573,62.97,16,35.0,2,0.32,0
tx101574,42.35,19,1572.0,3,1.63,0
tx101575,40.99,18,229.0,1,0.04,0
tx101576,28.52,9,1947.0,1,1.36,0
tx101577,15.35,18,1744.0,0,0.84,0
tx101578,39.17,19,876.0,0,3.02,0
tx101579,32.49,11,365.0,0,0.01,0
tx101580,23.99,19,136.0,1,2.55,0
tx101581,25.52,11,1390.0,0,3.97,0
tx101582,41.61,1,1532.0,0,4.8,0
tx101583,28.98,8,739.0,0,11.15,0
tx101584,30.51,7,217.0,0,1.55,0
tx101585,36.49,17,478.0,2,3.01,0
tx101586,9.07,6,852.0,0,5.41,0
tx101587,39.84,17,1463.0,2,14.89,0
tx101588,30.3,21,1322.0,2,1.79,0
tx101589,53.56,10,1312.0,1,0.7,0
tx101590,41.58,2,1043.0,1,0.51,0
tx101591,34.28,6,435.0,1,1.12,0
tx101592,27.68,17,1875.0,1,3.34,0
tx101593,71.4,19,1564.0,0,7.17,0
tx101594,19.52,20,468.0,1,7.74,0
tx101595,31.67,17,1668.0,1,8.28,0
tx101596,32.08,13,660.0,1,2.76,0
tx101597,38.32,20,1616.0,2,0.99,0
tx101598,58.15,16,1213.0,0,0.42,0
tx101599,1344.08,9,59.0,7,128.98,1
tx101600,23.76,13,1117.0,0,3.55,0
tx101601,33.19,0,1841.0,0,1.69,0
tx101602,53.58,12,674.0,1,9.25,0
tx101603,10.77,10,283.0,0,1.95,0
tx101604,37.0,11,213.0,1,8.58,0
tx101605,44.64,20,292.0,1,5.44,0
tx101606,50.29,9,729.0,1,0.19,0
tx101607,22.5,11,46.0,0,1.15,0
tx101608,33.49,10,1227.0,0,2.26,0
tx101609,25.42,21,270.0,1,3.9,0
tx101610,16.13,21,1058.0,3,8.32,0
tx101611,42.66,10,1451.0,1,3.62,0
tx101612,17.68,12,1002.0,1,6.4,0
tx101613,58.77,19,956.0,0,8.46,0
tx101614,35.19,20,1150.0,1,13.17,0
tx101615,24.27,16,1520.0,2,3.0,0
tx101616,31.21,13,1914.0,1,3.57,0
tx101617,13.18,14,1923.0,1,0.43,0
tx101618,13.84,12,811.0,1,3.27,0
tx101619,12.13,11,1432.0,1,1.7,0
tx101620,34.1,15,391.0,1,4.63,0
tx101621,32.89,7,1664.0,2,1.1,0
tx101622,58.65,14,373.0,0,5.26,0
tx101623,31.86,19,274.0,2,11.81,0
tx101624,42.59,16,474.0,0,0.88,0
tx101625,39.72,13,1900.0,0,5.85,0
tx101626,21.2,15,1701.0,0,3.09,0
tx101627,36.56,15,579.0,0,0.43,0
tx101628,24.24,21,127.0,0,12.89,0
tx101629,29.8,22,1182.0,0,1.76,0
tx101630,48.99,2,1074.0,3,0.33,0
tx101631,21.73,17,49.0,2,9.93,0
tx101632,41.7,10,1807.0,2,2.02,0
tx101633,161.95,2,13.0,5,131.93,1
tx101634,38.76,20,163.0,2,9.82,0
tx101635,42.2,2,1874.0,0,0.22,0
tx101636,46.64,22,219.0,0,4.77,0
tx101637,16.88,12,1691.0,0,16.08,0
tx101638,28.27,10,1279.0,1,13.87,0
tx101639,21.42,23,1781.0,1,0.65,0
tx101640,32.8,20,784.0,0,2.61,0
tx101641,520.88,3,35.0,9,8.89,1
tx101642,42.21,6,934.0,3,4.88,0
tx101643,49.33,20,1661.0,1,22.79,0
tx101644,42.57,10,328.0,1,0.77,0
tx101645,31.25,10,1796.0,2,0.52,0
tx101646,40.19,18,1297.0,0,10.99,0
tx101647,13.19,12,528.0,1,5.43,0
tx101648,77.81,6,1390.0,0,7.59,0
tx101649,9.61,7,1040.0,0,3.4,0
tx101650,26.04,8,416.0,1,0.17,0
tx101651,17.52,17,1405.0,0,5.84,0
tx101652,17.85,11,1332.0,2,2.56,0
tx101653,99.29,19,691.0,2,9.08,0
tx101654,36.48,21,176.0,3,2.28,0
tx101655,19.35,1,623.0,0,0.85,0
tx101656,43.83,21,586.0,1,2.75,0
tx101657,11.46,16,993.0,1,0.67,0
tx101658,51.0,14,453.0,3,1.4,0
tx101659,38.65,18,1694.0,0,6.29,0
tx101660,167.36,17,34.0,4,68.96,1
tx101661,43.87,17,1033.0,1,0.82,0
tx101662,93.85,13,179.0,1,10.25,0
tx101663,14.63,15,634.0,1,9.25,0
tx101664,10.94,11,407.0,0,3.26,0
tx101665,28.3,8,1631.0,0,1.88,0
tx101666,30.22,14,1182.0,1,9.76,0
tx101667,39.94,9,1141.0,1,11.92,0
tx101668,14.13,20,1993.0,1,0.43,0
tx101669,50.25,8,682.0,2,6.82,0
tx101670,26.51,17,977.0,1,17.46,0
tx101671,14.48,18,405.0,0,0.62,0
tx101672,14.45,10,52.0,3,25.2,0
tx101673,25.28,16,1932.0,1,4.04,0
tx101674,16.27,9,681.0,2,5.59,0
tx101675,51.28,18,848.0,3,8.65,0
tx101676,43.28,21,1772.0,1,0.59,0
tx101677,68.73,8,1442.0,1,1.33,0
tx101678,38.26,9,864.0,3,17.9,0
tx101679,521.54,13,30.0,8,156.42,1
tx101680,31.82,20,122.0,2,7.14,0
tx101681,49.61,17,1032.0,1,1.11,0
tx101682,57.25,20,1250.0,0,1.26,0
tx101683,95.08,12,409.0,2,12.04,0
tx101684,14.32,19,560.0,1,1.48,0
tx101685,17.82,1,726.0,0,3.99,0
tx101686,23.19,19,1599.0,1,3.87,0
tx101687,54.46,16,1364.0,1,12.91,0
tx101688,33.83,10,462.0,0,1.15,0
tx101689,694.41,3,46.0,3,187.33,1
tx101690,34.79,8,766.0,1,4.5,0
tx101691,20.54,12,1225.0,0,1.41,0
tx101692,40.35,21,1054.0,0,3.96,0
tx101693,28.67,19,858.0,1,7.94,0
tx101694,48.6,1,1947.0,1,2.48,0
tx101695,41.89,7,1177.0,0,0.62,0
tx101696,43.02,11,636.0,2,3.84,0
tx101697,7.42,17,1800.0,0,8.9,0
tx101698,33.37,11,1579.0,1,4.07,0
tx101699,13.65,9,1321.0,2,7.23,0
tx101700,48.1,15,1318.0,3,0.0,0
tx101701,35.49,7,580.0,1,2.06,0
tx101702,19.09,9,100.0,1,5.07,0
tx101703,49.46,15,100.0,0,0.8,0
tx101704,72.53,22,137.0,2,3.64,0
tx101705,7.34,8,764.0,0,0.01,0
tx101706,29.28,13,479.0,2,10.87,0
tx101707,30.81,16,474.0,3,5.73,0
tx101708,22.21,6,1791.0,0,0.69,0
tx101709,72.33,11,1188.0,1,4.19,0
tx101710,37.33,18,1821.0,1,1.68,0
tx101711,13.08,18,1947.0,0,1.68,0
tx101712,52.55,18,1542.0,1,5.01,0
tx101713,9.61,21,1149.0,3,1.54,0
tx101714,47.61,19,406.0,2,4.49,0
tx101715,37.23,9,509.0,2,1.04,0
tx101716,42.42,17,1092.0,2,0.84,0
tx101717,62.9,19,1183.0,2,16.33,0
tx101718,92.69,7,1009.0,0,0.9,0
tx101719,33.69,8,1208.0,0,5.48,0
tx101720,19.76,12,1450.0,0,8.93,0
tx101721,33.78,12,1965.0,2,4.76,0
tx101722,114.19,16,137.0,0,3.0,0
tx101723,67.86,19,1935.0,0,1.52,0
tx101724,9.15,9,1602.0,1,12.26,0
tx101725,32.44,18,1227.0,1,6.2,0
tx101726,21.2,13,758.0,3,3.5,0
tx101727,27.22,16,974.0,1,5.58,0
tx101728,54.41,10,1070.0,1,1.33,0
tx101729,18.89,2,1608.0,2,7.21,0
tx101730,47.13,19,1400.0,1,9.42,0
tx101731,30.99,20,151.0,0,1.76,0
tx101732,89.33,15,1844.0,0,4.75,0
tx101733,25.73,13,370.0,1,1.99,0
tx101734,36.74,15,801.0,1,6.45,0
tx101735,53.93,17,1547.0,1,1.86,0
tx101736,22.99,11,1269.0,2,0.36,0
tx101737,40.13,15,105.0,0,2.4,0
tx101738,45.93,20,518.0,1,2.76,0
tx101739,66.36,15,1724.0,0,3.26,0
tx101740,44.79,11,1067.0,1,1.12,0
tx101741,18.7,11,1167.0,3,0.33,0
tx101742,32.18,18,564.0,1,16.67,0
tx101743,39.17,4,1737.0,1,2.64,0
tx101744,13.25,20,885.0,2,1.0,0
tx101745,41.03,19,1776.0,0,1.15,0
tx101746,20.66,18,1267.0,1,3.74,0
tx101747,26.35,13,174.0,1,0.81,0
tx101748,28.24,9,930.0,1,0.29,0
tx101749,10.11,10,928.0,1,0.25,0
tx101750,36.15,17,802.0,1,5.28,0
tx101751,25.1,1,1767.0,1,1.43,0
tx101752,31.67,12,37.0,0,0.69,0
tx101753,56.75,17,340.0,0,1.93,0
tx101754,32.35,9,1007.0,0,11.94,0
tx101755,60.29,19,382.0,2,15.52,0
tx101756,11.66,8,1181.0,2,0.31,0
tx101757,38.73,10,1678.0,0,2.08,0
tx101758,38.18,19,1569.0,0,3.58,0
tx101759,37.81,9,1549.0,1,1.63,0
tx101760,8.1,18,1873.0,1,1.41,0
tx101761,31.77,4,1389.0,0,3.22,0
tx101762,53.82,10,1870.0,1,17.21,0
tx101763,9.9,19,1241.0,0,1.2,0
tx101764,14.78,9,1505.0,1,1.87,0
tx101765,58.24,15,1389.0,2,6.4,0
tx101766,41.81,1,1252.0,0,2.07,0
tx101767,27.72,18,853.0,0,1.42,0
tx101768,29.65,17,1031.0,0,1.2,0
tx101769,8.22,14,1690.0,0,6.17,0
tx101770,34.24,18,1209.0,0,2.28,0
tx101771,9.64,3,1209.0,1,2.4,0
tx101772,42.66,18,725.0,2,19.27,0
tx101773,15.42,18,233.0,1,0.97,0
tx101774,26.72,8,1705.0,0,3.92,0
tx101775,5.54,14,1406.0,1,10.28,0
tx101776,22.34,19,1990.0,1,5.25,0
tx101777,54.45,9,1534.0,0,3.44,0
tx101778,10.42,9,1602.0,2,4.15,0
tx101779,50.12,8,1116.0,2,2.71,0
tx101780,34.39,17,1910.0,1,16.87,0
tx101781,26.96,10,1436.0,1,1.29,0
tx101782,38.03,10,1876.0,1,2.04,0
tx101783,42.45,10,1412.0,0,2.64,0
tx101784,5.71,9,1896.0,4,3.47,0
tx101785,17.52,9,1878.0,0,5.65,0
tx101786,19.4,7,1018.0,0,4.57,0
tx101787,18.96,9,1942.0,1,1.67,0
tx101788,31.55,14,135.0,1,2.57,0
tx101789,11.8,20,1645.0,3,4.36,0
tx101790,12.21,5,1591.0,2,2.47,0
tx101791,43.32,1,182.0,2,13.27,0
tx101792,70.92,8,1461.0,0,5.58,0
tx101793,33.31,17,1328.0,1,0.53,0
tx101794,22.7,3,1105.0,0,9.16,0
tx101795,28.99,8,1809.0,0,2.4,0
tx101796,17.46,15,1304.0,3,7.12,0
tx101797,30.45,10,535.0,0,20.19,0
tx101798,25.54,15,505.0,0,6.42,0
tx101799,36.4,10,1695.0,0,3.41,0
tx101800,38.37,5,100.0,2,0.3,0
tx101801,20.85,15,1077.0,0,2.33,0
tx101802,28.75,21,820.0,2,17.25,0
tx101803,866.03,1,46.0,5,168.7,1
tx101804,15.51,14,389.0,0,7.3,0
tx101805,23.91,9,1445.0,0,3.56,0
tx101806,33.31,11,1887.0,0,0.76,0
tx101807,16.46,11,1863.0,2,3.33,0
tx101808,39.01,12,435.0,2,1.13,0
tx101809,16.36,11,275.0,1,2.16,0
tx101810,84.24,15,1484.0,1,5.35,0
tx101811,15.7,0,206.0,2,3.05,0
tx101812,37.84,9,404.0,1,23.48,0
tx101813,17.94,19,1495.0,1,1.02,0
tx101814,24.96,21,253.0,3,0.99,0
tx101815,17.45,8,1551.0,1,1.16,0
tx101816,46.22,11,254.0,0,4.76,0
tx101817,15.06,13,687.0,1,0.78,0
tx101818,32.97,15,1065.0,1,9.99,0
tx101819,60.92,3,1309.0,1,0.43,0
tx101820,16.1,15,1443.0,3,4.71,0
tx101821,9.81,0,469.0,1,3.86,0
tx101822,81.0,12,1690.0,1,1.41,0
tx101823,24.52,16,1166.0,2,6.62,0
tx101824,1080.33,2,45.0,6,130.85,1
tx101825,49.13,20,790.0,0,4.57,0
tx101826,37.71,12,1402.0,1,3.75,0
tx101827,31.09,13,1751.0,0,4.79,0
tx101828,39.71,21,732.0,0,10.1,0
tx101829,8.46,11,181.0,1,10.5,0
tx101830,29.93,3,985.0,3,0.07,0
tx101831,25.02,11,1719.0,1,0.38,0
tx101832,13.58,14,1077.0,1,1.7,0
tx101833,42.62,16,162.0,0,3.52,0
tx101834,24.22,13,1755.0,1,3.9,0
tx101835,13.3,18,416.0,3,1.09,0
tx101836,37.91,14,1298.0,2,2.23,0
tx101837,14.79,14,1534.0,1,2.3,0
tx101838,14.72,11,685.0,1,0.41,0
tx101839,44.19,13,1500.0,1,3.11,0
tx101840,52.36,16,1103.0,1,1.26,0
tx101841,7.39,18,689.0,0,7.76,0
tx101842,58.66,6,569.0,2,3.21,0
tx101843,46.83,8,1224.0,0,1.37,0
tx101844,27.85,21,1819.0,1,1.21,0
tx101845,28.45,2,1710.0,0,5.69,0
tx101846,22.8,19,1684.0,2,1.49,0
tx101847,30.65,13,1700.0,1,3.67,0
tx101848,25.99,19,1319.0,1,13.63,0
tx101849,19.21,9,471.0,0,0.6,0
tx101850,34.49,18,1286.0,1,2.71,0
tx101851,37.37,1,1470.0,1,3.99,0
tx101852,42.47,10,1733.0,1,2.11,0
tx101853,41.9,11,1121.0,1,0.22,0
tx101854,57.26,14,1528.0,1,6.28,0
tx101855,60.45,14,960.0,0,3.28,0
tx101856,16.05,9,1965.0,1,3.28,0
tx101857,31.05,8,959.0,1,0.55,0
tx101858,63.73,19,1719.0,1,19.37,0
tx101859,15.24,11,1018.0,1,0.55,0
tx101860,34.43,12,1996.0,0,1.83,0
tx101861,70.71,11,308.0,1,1.09,0
tx101862,18.97,11,1535.0,0,0.23,0
tx101863,11.89,0,1455.0,1,9.46,0
tx101864,105.38,13,1756.0,1,5.32,0
tx101865,11.56,8,165.0,0,2.97,0
tx101866,16.5,12,722.0,2,0.88,0
tx101867,24.2,14,110.0,1,7.9,0
tx101868,14.66,10,1822.0,0,4.95,0
tx101869,28.92,17,553.0,1,2.1,0
tx101870,22.91,11,643.0,0,8.11,0
tx101871,51.23,15,1404.0,1,6.87,0
tx101872,41.37,15,1695.0,4,0.44,0
tx101873,17.64,13,1675.0,1,11.66,0
tx101874,58.13,4,243.0,0,6.23,0
tx101875,23.88,19,1072.0,1,0.37,0
tx101876,32.82,14,393.0,2,2.43,0
tx101877,491.75,2,16.0,7,66.96,1
tx101878,27.76,16,432.0,1,0.19,0
tx101879,44.21,23,1751.0,2,10.73,0
tx101880,78.33,15,649.0,0,3.16,0
tx101881,35.98,4,1827.0,0,2.83,0
tx101882,61.18,9,1158.0,0,3.69,0
tx101883,12.77,9,497.0,0,4.27,0
tx101884,58.92,19,674.0,1,2.23,0
tx101885,23.91,15,1412.0,0,3.66,0
tx101886,9.08,1,1432.0,1,2.38,0
tx101887,56.08,10,462.0,1,2.16,0
tx101888,23.93,13,1857.0,0,1.72,0
tx101889,12.39,18,1545.0,2,4.73,0
tx101890,20.3,16,1168.0,2,11.85,0
tx101891,47.28,18,30.0,0,2.55,0
tx101892,218.88,2,49.0,3,9.48,1
tx101893,20.36,20,483.0,2,0.24,0
tx101894,22.65,18,1458.0,1,0.41,0
tx101895,15.72,10,235.0,2,1.45,0
tx101896,35.3,13,639.0,0,1.43,0
tx101897,35.31,4,309.0,0,3.64,0
tx101898,23.1,8,54.0,3,4.17,0
tx101899,21.14,9,1921.0,1,0.48,0
tx101900,21.33,17,297.0,0,10.26,0
tx101901,23.54,19,1789.0,1,12.44,0
tx101902,36.78,14,873.0,0,2.12,0
tx101903,19.82,14,271.0,2,12.18,0
tx101904,29.26,15,711.0,2,2.12,0
tx101905,19.92,12,788.0,1,2.16,0
tx101906,65.74,16,860.0,2,8.79,0
tx101907,32.14,10,1619.0,2,2.7,0
tx101908,7.74,18,1101.0,2,5.97,0
tx101909,21.67,11,1380.0,1,0.19,0
tx101910,14.67,10,1329.0,2,3.64,0
tx101911,35.43,8,675.0,0,5.3,0
tx101912,48.69,10,281.0,0,2.78,0
tx101913,17.41,19,423.0,0,9.0,0
tx101914,35.37,15,645.0,1,21.81,0
tx101915,29.37,14,1420.0,3,1.82,0
tx101916,19.76,6,1075.0,2,3.32,0
tx101917,34.55,8,979.0,2,8.2,0
tx101918,20.35,12,1395.0,1,6.24,0
tx101919,28.44,21,1558.0,1,3.07,0
tx101920,12.8,10,696.0,0,1.51,0
tx101921,19.53,9,1730.0,3,9.75,0
tx101922,22.95,14,573.0,2,3.72,0
tx101923,27.66,18,1179.0,1,1.84,0
tx101924,45.03,13,1852.0,0,3.82,0
tx101925,23.74,8,320.0,2,1.04,0
tx101926,58.43,20,1506.0,1,34.95,0
tx101927,81.51,16,1675.0,0,0.34,0
tx101928,57.95,21,596.0,2,6.28,0
tx101929,10.82,13,1844.0,2,2.96,0
tx101930,44.19,12,710.0,1,4.96,0
tx101931,23.97,6,1871.0,3,17.09,0
tx101932,27.98,7,295.0,4,9.0,0
tx101933,18.07,16,774.0,3,12.19,0
tx101934,29.17,13,1599.0,2,1.74,0
tx101935,71.13,14,614.0,0,7.34,0
tx101936,13.39,14,1750.0,2,0.35,0
tx101937,16.3,20,819.0,0,5.84,0
tx101938,12.24,8,1477.0,1,1.74,0
tx101939,23.24,8,528.0,1,0.92,0
tx101940,47.22,16,1848.0,0,1.25,0
tx101941,21.9,9,383.0,0,4.11,0
tx101942,16.26,14,79.0,0,9.58,0
tx101943,29.21,23,579.0,1,5.99,0
tx101944,20.7,18,1185.0,2,1.01,0
tx101945,14.49,1,1058.0,2,0.24,0
tx101946,40.64,18,1644.0,0,4.45,0
tx101947,15.31,19,1852.0,1,0.39,0
tx101948,21.59,10,1562.0,2,6.76,0
tx101949,23.11,17,466.0,1,3.77,0
tx101950,12.99,15,1595.0,1,2.03,0
tx101951,29.37,19,713.0,0,2.76,0
tx101952,18.83,18,928.0,2,6.26,0
tx101953,47.08,5,315.0,2,22.33,0
tx101954,86.74,16,1804.0,0,2.28,0
tx101955,16.89,16,56.0,1,2.9,0
tx101956,73.14,2,1584.0,0,4.42,0
tx101957,40.16,12,1777.0,1,2.76,0
tx101958,42.62,1,743.0,1,0.48,0
tx101959,19.1,17,1209.0,0,5.31,0
tx101960,66.88,10,1944.0,0,0.37,0
tx101961,21.02,21,1658.0,1,1.74,0
tx101962,13.12,13,1621.0,2,12.12,0
tx101963,24.76,21,1328.0,1,0.79,0
tx101964,33.99,10,512.0,1,2.59,0
tx101965,18.69,17,1538.0,0,0.12,0
tx101966,25.75,13,1616.0,0,4.85,0
tx101967,19.29,17,46.0,0,1.5,0
tx101968,45.34,9,1321.0,2,0.19,0
tx101969,46.87,8,941.0,1,6.58,0
tx101970,27.43,20,1822.0,3,5.91,0
tx101971,29.02,16,493.0,2,0.54,0
tx101972,23.66,3,1269.0,3,6.6,0
tx101973,298.18,15,41.0,7,15.41,1
tx101974,30.56,9,1781.0,1,1.87,0
tx101975,13.12,1,1634.0,1,5.42,0
tx101976,27.91,10,977.0,2,4.63,0
tx101977,48.67,2,611.0,1,9.97,0
tx101978,29.75,18,227.0,0,11.49,0
tx101979,64.49,12,849.0,1,0.15,0
tx101980,26.36,7,1764.0,2,12.47,0
tx101981,50.77,6,794.0,0,15.4,0
tx101982,10.13,17,900.0,3,3.91,0
tx101983,29.25,12,1904.0,1,4.99,0
tx101984,77.93,11,521.0,2,7.34,0
tx101985,20.45,8,987.0,1,8.37,0
tx101986,72.22,12,1626.0,0,2.45,0
tx101987,24.26,8,1675.0,2,1.14,0
tx101988,62.02,11,1795.0,0,16.3,0
tx101989,485.76,8,16.0,6,124.93,1
tx101990,20.05,11,618.0,5,3.19,0
tx101991,36.2,17,652.0,2,1.84,0
tx101992,14.36,11,731.0,1,19.64,0
tx101993,25.75,18,1450.0,2,4.81,0
tx101994,15.77,9,770.0,2,0.03,0
tx101995,43.93,17,117.0,2,1.11,0
tx101996,16.29,14,1851.0,0,10.06,0
tx101997,72.26,1,725.0,4,13.83,0
tx101998,31.29,16,1092.0,4,11.36,0
tx101999,21.56,10,42.0,0,0.92,0
tx102000,17.48,17,291.0,1,0.68,0
tx102001,44.34,20,1860.0,0,7.04,0
tx102002,142.39,0,513.0,0,8.2,0
tx102003,47.48,20,1126.0,0,0.28,0
tx102004,67.42,8,423.0,3,16.07,0
tx102005,58.14,17,634.0,2,4.63,0
tx102006,89.56,9,1320.0,1,0.77,0
tx102007,27.8,10,1130.0,1,0.21,0
tx102008,50.39,21,1526.0,1,4.64,0
tx102009,12.73,15,480.0,0,7.93,0
tx102010,17.45,12,1615.0,2,12.21,0
tx102011,28.89,8,1322.0,0,2.14,0
tx102012,10.32,14,1309.0,4,6.28,0
tx102013,13.61,16,245.0,2,2.19,0
tx102014,12.27,6,1388.0,2,2.35,0
tx102015,15.15,11,722.0,1,0.07,0
tx102016,16.79,13,1805.0,2,2.47,0
tx102017,44.01,10,1336.0,0,0.08,0
tx102018,93.16,7,1847.0,3,1.41,0
tx102019,10.86,8,132.0,0,0.3,0
tx102020,6.94,14,412.0,1,17.33,0
tx102021,70.07,11,366.0,0,4.06,0
tx102022,37.75,20,1517.0,0,0.77,0
tx102023,133.81,15,4.0,3,238.71,1
tx102024,34.42,8,223.0,3,6.81,0
tx102025,27.53,19,1908.0,1,18.24,0
tx102026,31.26,21,124.0,1,4.32,0
tx102027,37.01,13,350.0,2,0.57,0
tx102028,29.3,21,182.0,1,9.55,0
tx102029,420.03,4,55.0,4,63.93,1
tx102030,12.35,11,728.0,1,8.3,0
tx102031,133.71,20,1765.0,3,6.44,0
tx102032,43.29,15,1950.0,2,3.85,0
tx102033,52.51,2,554.0,3,7.59,0
tx102034,45.87,19,1109.0,1,6.48,0
tx102035,37.27,12,882.0,0,0.76,0
tx102036,74.57,17,1232.0,1,0.89,0
tx102037,20.27,18,1893.0,1,17.89,0
tx102038,10.34,17,460.0,1,4.86,0
tx102039,30.81,13,558.0,0,9.86,0
tx102040,90.94,18,1345.0,3,1.21,0
tx102041,32.32,19,489.0,1,1.24,0
tx102042,11.82,2,1446.0,2,1.26,0
tx102043,30.19,7,1754.0,0,3.46,0
tx102044,54.18,9,281.0,0,6.54,0
tx102045,12.95,16,1689.0,2,2.81,0
tx102046,22.71,20,107.0,0,9.5,0
tx102047,94.62,17,1616.0,2,0.66,0
tx102048,16.53,17,1590.0,0,5.13,0
tx102049,16.99,19,469.0,2,1.69,0
tx102050,22.51,6,989.0,0,2.37,0
tx102051,22.45,17,1672.0,1,3.42,0
tx102052,46.4,8,914.0,1,3.07,0
tx102053,79.55,17,100.0,4,2.67,0
tx102054,30.91,17,1083.0,0,0.09,0
tx102055,10.32,10,720.0,1,9.22,0
tx102056,25.52,17,1284.0,0,11.78,0
tx102057,26.83,10,1004.0,1,6.75,0
tx102058,17.28,2,1985.0,1,15.63,0
tx102059,21.63,12,1087.0,2,0.53,0
tx102060,34.38,19,147.0,1,0.13,0
tx102061,59.47,18,1337.0,1,12.81,0
tx102062,57.84,21,818.0,0,14.51,0
tx102063,50.56,16,345.0,0,9.59,0
tx102064,42.32,17,1544.0,1,10.69,0
tx102065,32.37,17,1259.0,1,5.04,0
tx102066,39.11,11,231.0,0,15.28,0
tx102067,14.96,1,1348.0,0,0.73,0
tx102068,25.75,19,435.0,0,1.04,0
tx102069,24.1,7,1018.0,0,5.33,0
tx102070,16.37,11,1933.0,1,6.44,0
tx102071,9.92,21,1324.0,1,1.11,0
tx102072,22.55,17,74.0,1,9.8,0
tx102073,9.86,19,863.0,1,0.93,0
tx102074,53.66,3,64.0,2,2.52,0
tx102075,12.33,13,648.0,1,0.68,0
tx102076,25.79,9,1012.0,0,2.55,0
tx102077,43.44,14,133.0,2,1.72,0
tx102078,15.43,4,926.0,1,2.1,0
tx102079,49.18,21,956.0,0,0.23,0
tx102080,47.88,13,433.0,3,2.07,0
tx102081,20.47,8,306.0,1,2.7,0
tx102082,5.92,17,1016.0,0,3.22,0
tx102083,24.49,14,290.0,1,0.56,0
tx102084,67.92,4,1066.0,2,2.13,0
tx102085,16.55,18,312.0,1,18.75,0
tx102086,33.33,14,356.0,0,1.23,0
tx102087,27.13,15,850.0,2,5.7,0
tx102088,19.46,20,245.0,0,2.57,0
tx102089,28.41,15,1976.0,0,1.23,0
tx102090,35.38,21,830.0,0,0.01,0
tx102091,11.53,12,211.0,0,2.76,0
tx102092,50.63,5,435.0,1,3.74,0
tx102093,37.75,10,69.0,1,2.65,0
tx102094,152.48,3,52.0,4,329.21,1
tx102095,39.88,8,1830.0,1,18.38,0
tx102096,37.7,10,1598.0,0,0.82,0
tx102097,21.62,21,616.0,2,1.64,0
tx102098,22.89,16,1493.0,0,2.07,0
tx102099,26.16,12,861.0,2,3.64,0
tx102100,89.89,17,707.0,0,1.03,0
tx102101,37.35,0,49.0,0,4.9,0
tx102102,16.19,8,248.0,1,0.13,0
tx102103,63.99,16,267.0,1,2.37,0
tx102104,41.05,3,1947.0,2,1.12,0
tx102105,15.6,18,1235.0,2,0.56,0
tx102106,19.2,16,90.0,0,3.0,0
tx102107,34.32,10,272.0,0,2.27,0
tx102108,32.7,16,234.0,1,0.31,0
tx102109,62.62,14,1775.0,0,3.82,0
tx102110,35.83,21,849.0,0,2.59,0
tx102111,8.73,16,1447.0,1,2.4,0
tx102112,86.55,13,1428.0,4,6.88,0
tx102113,49.84,7,1321.0,0,0.89,0
tx102114,20.74,16,1325.0,0,5.58,0
tx102115,25.38,16,1429.0,0,0.62,0
tx102116,21.08,21,1317.0,0,0.05,0
tx102117,30.53,12,435.0,0,3.54,0
tx102118,25.15,9,738.0,0,1.75,0
tx102119,30.07,1,552.0,2,6.73,0
tx102120,56.11,21,1879.0,1,2.69,0
tx102121,27.08,16,513.0,1,7.77,0
tx102122,11.92,17,391.0,1,13.27,0
tx102123,29.22,21,277.0,2,5.94,0
tx102124,35.39,19,133.0,1,7.8,0
tx102125,40.22,10,1652.0,2,3.7,0
tx102126,37.97,4,379.0,1,5.19,0
tx102127,42.11,11,569.0,0,11.92,0
tx102128,10.56,19,1152.0,1,3.37,0
tx102129,18.47,12,332.0,2,9.79,0
tx102130,21.24,17,903.0,2,1.78,0
tx102131,30.77,12,829.0,0,9.43,0
tx102132,15.12,4,1408.0,0,3.42,0
tx102133,43.78,15,603.0,2,4.09,0
tx102134,59.21,10,1657.0,0,12.51,0
tx102135,75.01,18,317.0,1,7.23,0
tx102136,50.37,19,565.0,1,6.13,0
tx102137,13.69,19,1060.0,1,0.02,0
tx102138,11.96,13,1201.0,0,1.59,0
tx102139,47.45,20,982.0,0,1.26,0
tx102140,23.93,16,1401.0,3,13.19,0
tx102141,18.98,6,1280.0,1,30.18,0
tx102142,30.41,20,1447.0,1,5.01,0
tx102143,13.54,15,1241.0,2,3.65,0
tx102144,7.39,20,1171.0,1,5.67,0
tx102145,31.64,13,833.0,3,14.66,0
tx102146,91.6,13,1778.0,1,3.46,0
tx102147,39.76,16,1624.0,1,0.28,0
tx102148,10.39,11,161.0,1,1.9,0
tx102149,31.36,19,646.0,0,11.1,0
tx102150,181.77,9,13.0,12,185.23,1
tx102151,28.85,21,1413.0,0,0.42,0
tx102152,15.52,2,1921.0,1,2.47,0
tx102153,21.58,11,1614.0,0,4.07,0
tx102154,16.14,15,1124.0,3,0.52,0
tx102155,149.41,4,2.0,4,18.5,1
tx102156,20.48,10,1466.0,0,1.48,0
tx102157,21.27,1,1553.0,1,26.98,0
tx102158,35.99,19,1446.0,0,7.89,0
tx102159,30.94,15,1009.0,1,1.49,0
tx102160,6.43,12,529.0,1,0.69,0
tx102161,40.75,14,299.0,0,1.37,0
tx102162,18.76,16,773.0,1,2.06,0
tx102163,22.91,11,1859.0,1,2.78,0
tx102164,35.29,11,818.0,0,20.71,0
tx102165,27.43,9,655.0,0,0.83,0
tx102166,18.04,19,1074.0,0,18.96,0
tx102167,18.01,8,1515.0,1,13.67,0
tx102168,18.33,21,1289.0,1,0.09,0
tx102169,25.03,6,744.0,1,4.02,0
tx102170,53.13,16,876.0,0,7.81,0
tx102171,4.81,13,1651.0,1,12.33,0
tx102172,12.75,17,1004.0,2,6.47,0
tx102173,35.67,21,1034.0,1,3.19,0
tx102174,25.68,14,1058.0,0,19.35,0
tx102175,22.87,15,1967.0,0,4.07,0
tx102176,19.76,19,816.0,1,4.02,0
tx102177,26.63,1,1996.0,2,3.25,0
tx102178,27.65,9,1436.0,0,6.54,0
tx102179,49.94,11,384.0,1,0.22,0
tx102180,23.1,11,1008.0,1,0.33,0
tx102181,31.56,8,655.0,0,1.35,0
tx102182,28.25,16,941.0,1,3.56,0
tx102183,28.41,4,1553.0,1,1.91,0
tx102184,14.2,19,59.0,4,10.79,0
tx102185,130.03,20,935.0,0,4.93,0
tx102186,28.96,14,1222.0,0,13.21,0
tx102187,18.99,21,606.0,2,3.21,0
tx102188,12.07,15,729.0,0,3.04,0
tx102189,24.79,19,926.0,3,1.23,0
tx102190,23.57,12,99.0,1,3.63,0
tx102191,13.23,12,922.0,1,2.88,0
tx102192,24.65,14,660.0,2,0.95,0
tx102193,36.47,14,1550.0,2,19.6,0
tx102194,33.19,14,1037.0,1,0.48,0
tx102195,67.38,17,1610.0,1,9.94,0
tx102196,71.19,19,646.0,1,1.8,0
tx102197,47.07,9,995.0,1,8.03,0
tx102198,15.19,8,144.0,0,7.48,0
tx102199,41.56,15,1868.0,2,0.33,0
tx102200,79.21,16,339.0,2,0.46,0
tx102201,16.61,13,405.0,1,0.93,0
tx102202,30.78,0,1280.0,2,13.59,0
tx102203,56.85,21,604.0,1,8.03,0
tx102204,34.31,20,833.0,0,5.82,0
tx102205,34.03,14,918.0,0,0.6,0
tx102206,28.56,18,1753.0,2,10.28,0
tx102207,51.2,12,1670.0,0,20.11,0
tx102208,11.83,8,1810.0,1,4.65,0
tx102209,354.4,7,54.0,9,110.9,1
tx102210,14.83,2,387.0,1,2.32,0
tx102211,27.68,22,283.0,1,2.37,0
tx102212,30.12,8,1324.0,4,2.73,0
tx102213,36.16,15,1779.0,3,3.38,0
tx102214,17.04,7,1134.0,0,2.72,0
tx102215,13.28,12,1234.0,1,7.15,0
tx102216,47.43,15,1645.0,0,0.03,0
tx102217,38.93,11,1907.0,1,9.84,0
tx102218,21.81,17,575.0,0,1.05,0
tx102219,16.11,12,1264.0,1,8.32,0
tx102220,12.57,15,1869.0,1,1.72,0
tx102221,70.92,11,990.0,0,1.8,0
tx102222,39.38,19,1806.0,0,6.48,0
tx102223,38.41,11,242.0,0,1.15,0
tx102224,63.4,8,577.0,1,10.48,0
tx102225,97.84,10,325.0,2,2.22,0
tx102226,52.3,18,634.0,1,2.18,0
tx102227,27.72,9,122.0,1,4.51,0
tx102228,54.04,8,1241.0,1,3.47,0
tx102229,17.99,20,576.0,1,8.12,0
tx102230,26.64,16,988.0,2,1.2,0
tx102231,10.89,15,425.0,0,2.0,0
tx102232,44.93,8,115.0,0,9.8,0
tx102233,26.96,22,1988.0,0,13.93,0
tx102234,65.84,1,1030.0,1,16.58,0
tx102235,13.21,9,1483.0,0,2.99,0
tx102236,21.76,8,672.0,1,2.56,0
tx102237,34.99,10,1662.0,0,0.04,0
tx102238,77.28,13,356.0,1,1.2,0
tx102239,53.78,22,1785.0,0,13.44,0
tx102240,48.06,17,1979.0,0,5.22,0
tx102241,795.18,0,34.0,7,276.33,1
tx102242,35.07,15,1149.0,1,0.94,0
tx102243,24.94,20,801.0,3,0.07,0
tx102244,41.58,19,1035.0,1,11.04,0
tx102245,9.49,19,110.0,1,2.32,0
tx102246,29.27,15,1923.0,1,3.0,0
tx102247,87.24,15,885.0,3,0.96,0
tx102248,43.23,11,1038.0,1,4.71,0
tx102249,5.77,9,1955.0,1,1.5,0
tx102250,14.61,7,862.0,0,20.43,0
tx102251,14.14,20,1412.0,1,13.41,0
tx102252,51.68,8,1521.0,1,3.67,0
tx102253,46.29,12,1569.0,1,3.24,0
tx102254,30.17,2,264.0,0,2.35,0
tx102255,30.74,8,1523.0,1,4.83,0
tx102256,32.13,8,1150.0,1,3.34,0
tx102257,45.62,16,1129.0,3,5.03,0
tx102258,24.17,8,1505.0,0,2.0,0
tx102259,65.68,9,773.0,0,9.33,0
tx102260,39.69,20,1756.0,1,12.82,0
tx102261,41.65,15,1912.0,0,11.26,0
tx102262,47.19,15,1211.0,0,2.66,0
tx102263,25.48,12,787.0,3,1.75,0
tx102264,42.32,15,1892.0,2,1.35,0
tx102265,39.74,16,177.0,0,0.87,0
tx102266,19.25,20,457.0,2,7.69,0
tx102267,9.54,6,1135.0,2,8.53,0
tx102268,22.98,6,751.0,2,6.11,0
tx102269,69.37,13,1502.0,1,2.74,0
tx102270,37.88,8,1301.0,3,0.45,0
tx102271,26.73,12,368.0,2,1.59,0
tx102272,9.6,7,456.0,2,0.98,0
tx102273,21.42,10,544.0,1,0.65,0
tx102274,54.22,12,591.0,0,20.53,0
tx102275,9.63,20,249.0,2,7.31,0
tx102276,11.28,20,75.0,0,5.17,0
tx102277,8.82,15,1260.0,0,13.59,0
tx102278,74.45,15,1748.0,0,13.23,0
tx102279,73.79,11,1237.0,0,3.02,0
tx102280,93.98,4,1413.0,0,4.5,0
tx102281,44.05,5,132.0,0,2.24,0
tx102282,14.97,11,1027.0,1,8.42,0
tx102283,8.76,3,285.0,1,0.39,0
tx102284,40.52,14,1316.0,3,5.74,0
tx102285,77.8,16,1726.0,1,0.63,0
tx102286,103.15,16,1448.0,1,0.32,0
tx102287,138.32,20,1586.0,0,2.31,0
tx102288,40.1,17,562.0,2,1.32,0
tx102289,13.41,18,1482.0,2,2.86,0
tx102290,107.46,13,1209.0,0,1.84,0
tx102291,53.84,11,405.0,0,3.85,0
tx102292,21.16,0,1370.0,0,0.54,0
tx102293,66.19,13,1998.0,1,1.14,0
tx102294,34.64,14,1838.0,1,0.78,0
tx102295,28.32,2,333.0,0,0.38,0
tx102296,17.16,0,503.0,2,11.57,0
tx102297,16.36,8,1011.0,0,5.75,0
tx102298,30.99,7,1635.0,0,3.73,0
tx102299,5.95,11,1838.0,2,1.05,0
tx102300,14.65,14,1635.0,1,20.37,0
tx102301,44.75,10,683.0,2,15.24,0
tx102302,19.08,0,891.0,0,2.39,0
tx102303,19.94,14,1018.0,2,2.72,0
tx102304,38.44,20,1982.0,0,1.54,0
tx102305,15.63,10,1740.0,0,8.55,0
tx102306,12.22,17,1334.0,1,0.49,0
tx102307,12.02,18,1503.0,1,9.1,0
tx102308,15.36,13,810.0,2,11.52,0
tx102309,22.64,21,771.0,2,1.48,0
tx102310,67.46,21,860.0,1,26.39,0
tx102311,34.0,10,1844.0,1,18.2,0
tx102312,50.53,21,1345.0,3,9.19,0
tx102313,98.95,9,1616.0,0,0.26,0
tx102314,17.92,17,562.0,1,12.2,0
tx102315,13.24,12,882.0,0,2.98,0
tx102316,57.84,17,1129.0,0,3.5,0
tx102317,17.81,14,84.0,3,0.32,0
tx102318,33.85,9,887.0,2,0.84,0
tx102319,30.14,12,323.0,1,12.79,0
tx102320,21.48,15,1109.0,2,2.94,0
tx102321,33.89,18,145.0,0,0.05,0
tx102322,17.57,1,422.0,0,21.12,0
tx102323,35.16,9,1055.0,0,16.02,0
tx102324,7.04,7,601.0,0,4.63,0
tx102325,16.09,1,543.0,2,0.62,0
tx102326,28.8,8,448.0,3,0.43,0
tx102327,18.49,13,1967.0,2,1.9,0
tx102328,24.11,3,938.0,1,3.51,0
tx102329,87.25,9,619.0,0,7.06,0
tx102330,36.38,9,195.0,0,4.69,0
tx102331,438.12,3,32.0,4,68.22,1
tx102332,24.64,19,1526.0,0,0.13,0
tx102333,21.19,14,865.0,1,3.21,0
tx102334,10.55,18,533.0,1,2.76,0
tx102335,15.56,16,1039.0,1,1.16,0
tx102336,17.66,12,1761.0,0,0.56,0
tx102337,105.11,11,1806.0,0,2.72,0
tx102338,41.68,5,370.0,1,3.17,0
tx102339,18.55,17,196.0,1,8.5,0
tx102340,32.7,14,454.0,1,9.84,0
tx102341,23.99,11,1700.0,5,1.04,0
tx102342,26.63,0,507.0,2,10.57,0
tx102343,35.81,16,780.0,1,6.72,0
tx102344,21.3,19,951.0,3,6.12,0
tx102345,48.3,21,1739.0,2,13.13,0
tx102346,54.46,10,262.0,2,7.34,0
tx102347,12.71,15,985.0,0,4.98,0
tx102348,34.18,21,1320.0,0,3.69,0
tx102349,15.97,7,782.0,2,6.14,0
tx102350,43.46,7,1558.0,2,3.53,0
tx102351,28.71,18,1949.0,0,0.33,0
tx102352,35.72,16,125.0,1,7.15,0
tx102353,24.45,19,1487.0,1,1.46,0
tx102354,15.65,1,1869.0,0,0.65,0
tx102355,64.31,0,107.0,1,16.29,0
tx102356,20.29,14,1618.0,0,7.27,0
tx102357,24.8,14,699.0,1,3.78,0
tx102358,11.01,19,1711.0,4,8.62,0
tx102359,8.86,12,109.0,1,1.41,0
tx102360,36.74,17,1872.0,1,10.73,0
tx102361,11.44,10,1306.0,1,12.97,0
tx102362,7.78,18,692.0,3,1.42,0
tx102363,36.93,16,263.0,2,1.14,0
tx102364,31.25,18,954.0,2,3.99,0
tx102365,23.47,13,977.0,0,8.43,0
tx102366,84.04,12,399.0,1,0.1,0
tx102367,32.22,16,552.0,0,2.69,0
tx102368,44.47,11,394.0,2,1.09,0
tx102369,18.25,13,411.0,0,1.69,0
tx102370,63.13,21,1068.0,2,20.09,0
tx102371,19.86,19,1521.0,1,4.98,0
tx102372,33.41,10,1153.0,1,1.74,0
tx102373,31.2,14,603.0,1,1.74,0
tx102374,57.44,23,803.0,0,0.3,0
tx102375,50.39,23,666.0,1,1.73,0
tx102376,53.57,0,498.0,2,0.01,0
tx102377,59.41,10,783.0,1,7.8,0
tx102378,19.96,12,1175.0,0,7.05,0
tx102379,18.37,3,768.0,0,10.99,0
tx102380,175.4,2,26.0,5,19.0,1
tx102381,21.07,14,235.0,2,1.8,0
tx102382,33.5,11,1332.0,1,5.01,0
tx102383,38.39,13,547.0,0,0.61,0
tx102384,68.49,16,721.0,1,5.35,0
tx102385,34.02,6,1382.0,2,4.28,0
tx102386,34.68,14,645.0,0,3.94,0
tx102387,14.37,13,387.0,1,0.35,0
tx102388,59.39,23,1756.0,0,2.89,0
tx102389,47.76,20,1247.0,0,5.05,0
tx102390,60.3,9,1419.0,1,1.48,0
tx102391,229.08,4,15.0,6,27.46,1
tx102392,28.74,19,922.0,0,5.06,0
tx102393,18.38,10,364.0,0,10.59,0
tx102394,26.94,19,1823.0,0,10.11,0
tx102395,11.15,10,982.0,0,4.27,0
tx102396,135.71,11,874.0,2,10.27,0
tx102397,43.74,12,254.0,1,3.14,0
tx102398,46.5,11,1724.0,0,4.91,0
tx102399,15.13,12,1606.0,1,1.42,0
tx102400,24.73,20,99.0,1,0.25,0
tx102401,21.15,9,519.0,2,2.92,0
tx102402,23.95,15,1051.0,1,1.21,0
tx102403,16.81,16,1201.0,1,2.04,0
tx102404,26.83,12,1921.0,1,9.01,0
tx102405,7.73,5,353.0,0,5.59,0
tx102406,20.79,9,478.0,0,7.71,0
tx102407,15.29,17,206.0,1,5.6,0
tx102408,24.44,9,1158.0,1,6.15,0
tx102409,21.44,18,1359.0,2,0.56,0
tx102410,20.63,13,373.0,1,0.55,0
tx102411,36.57,11,1980.0,0,0.34,0
tx102412,38.99,9,1127.0,1,2.42,0
tx102413,30.21,20,851.0,0,0.33,0
tx102414,114.16,8,1522.0,1,10.16,0
tx102415,54.15,20,1382.0,0,4.5,0
tx102416,19.18,13,1049.0,0,12.23,0
tx102417,13.37,1,1955.0,0,0.72,0
tx102418,57.95,12,164.0,1,1.32,0
tx102419,79.01,15,1492.0,2,3.73,0
tx102420,21.75,12,222.0,4,5.04,0
tx102421,37.94,14,429.0,0,8.33,0
tx102422,36.32,14,512.0,0,1.98,0
tx102423,26.58,10,552.0,2,9.33,0
tx102424,69.55,15,831.0,2,1.5,0
tx102425,8.46,12,117.0,1,17.93,0
tx102426,58.99,8,844.0,0,1.0,0
tx102427,58.48,11,470.0,1,12.24,0
tx102428,26.36,22,908.0,0,2.1,0
tx102429,57.36,1,490.0,0,1.14,0
tx102430,136.84,4,3.0,16,15.06,1
tx102431,22.88,11,1377.0,1,1.71,0
tx102432,37.71,10,449.0,1,17.24,0
tx102433,16.42,19,374.0,1,1.8,0
tx102434,27.14,21,1942.0,1,6.47,0
tx102435,22.35,8,632.0,1,1.96,0
tx102436,42.97,11,176.0,1,19.95,0
tx102437,46.92,16,1069.0,0,9.39,0
tx102438,129.94,19,1991.0,1,5.88,0
tx102439,62.4,11,1290.0,0,13.67,0
tx102440,53.45,18,242.0,1,14.38,0
tx102441,23.77,0,136.0,1,3.47,0
tx102442,69.83,20,1308.0,1,3.76,0
tx102443,30.71,18,722.0,0,0.08,0
tx102444,19.43,16,1107.0,0,2.55,0
tx102445,112.09,15,654.0,2,2.57,0
tx102446,40.85,17,835.0,0,1.6,0
tx102447,36.17,13,1693.0,0,3.68,0
tx102448,39.37,9,773.0,0,1.53,0
tx102449,30.19,15,658.0,0,4.4,0
tx102450,25.47,9,1568.0,0,7.12,0
tx102451,22.02,17,517.0,0,10.86,0
tx102452,52.27,19,1619.0,1,5.3,0
tx102453,11.55,13,1912.0,0,1.95,0
tx102454,30.52,17,248.0,1,11.95,0
tx102455,62.75,8,942.0,0,1.88,0
tx102456,63.27,17,727.0,0,9.03,0
tx102457,19.35,1,371.0,1,9.05,0
tx102458,53.55,13,1746.0,2,4.63,0
tx102459,48.79,9,65.0,1,4.92,0
tx102460,59.97,19,162.0,2,7.13,0
tx102461,16.09,9,341.0,3,2.1,0
tx102462,22.71,14,560.0,2,2.59,0
tx102463,35.38,14,1229.0,0,4.49,0
tx102464,17.44,4,1302.0,5,0.12,0
tx102465,1116.48,11,49.0,4,0.65,1
tx102466,37.26,13,1405.0,6,2.28,0
tx102467,50.46,20,1970.0,1,2.87,0
tx102468,14.76,12,487.0,3,2.42,0
tx102469,40.07,12,812.0,1,5.35,0
tx102470,12.6,22,340.0,0,0.43,0
tx102471,13.71,2,1470.0,1,0.83,0
tx102472,30.06,20,253.0,0,3.02,0
tx102473,37.66,18,481.0,1,11.23,0
tx102474,35.01,3,1182.0,1,5.38,0
tx102475,13.72,22,915.0,1,6.9,0
tx102476,19.29,17,1987.0,0,0.09,0
tx102477,22.48,21,1180.0,0,0.31,0
tx102478,14.69,10,964.0,1,4.82,0
tx102479,48.14,10,901.0,1,2.01,0
tx102480,13.91,19,62.0,0,3.34,0
tx102481,15.7,18,1718.0,0,5.35,0
tx102482,67.36,10,756.0,0,0.53,0
tx102483,20.39,21,1287.0,2,1.11,0
tx102484,38.79,9,1415.0,0,6.25,0
tx102485,27.53,12,633.0,1,0.18,0
tx102486,40.09,11,306.0,3,8.05,0
tx102487,22.33,7,1466.0,2,3.91,0
tx102488,38.54,10,1295.0,1,4.09,0
tx102489,88.11,18,1589.0,1,0.77,0
tx102490,17.59,9,66.0,0,2.74,0
tx102491,66.78,11,1906.0,3,0.42,0
tx102492,34.41,21,1898.0,1,1.62,0
tx102493,45.35,15,343.0,1,2.02,0
tx102494,20.36,21,1392.0,1,0.43,0
tx102495,38.96,21,709.0,3,1.31,0
tx102496,26.21,7,1043.0,2,3.29,0
tx102497,55.72,12,1364.0,1,1.44,0
tx102498,10.7,2,928.0,0,0.63,0
tx102499,44.95,12,585.0,3,0.3,0
tx102500,41.63,20,844.0,2,7.94,0
tx102501,22.78,12,1021.0,0,12.31,0
tx102502,26.99,16,1542.0,1,6.21,0
tx102503,890.29,0,11.0,11,52.13,1
tx102504,53.61,16,1030.0,1,2.55,0
tx102505,49.73,11,1899.0,1,4.24,0
tx102506,630.69,0,29.0,5,60.68,1
tx102507,78.34,10,1421.0,1,16.46,0
tx102508,11.43,21,44.0,1,2.38,0
tx102509,57.68,17,1272.0,0,9.77,0
tx102510,30.17,11,1078.0,0,0.07,0
tx102511,27.32,21,1941.0,1,5.22,0
tx102512,31.41,13,1044.0,2,1.84,0
tx102513,17.37,17,1663.0,1,1.36,0
tx102514,16.42,10,522.0,1,12.53,0
tx102515,20.89,21,1290.0,1,5.49,0
tx102516,108.43,8,363.0,0,5.29,0
tx102517,16.14,16,848.0,1,8.88,0
tx102518,22.4,8,231.0,0,10.5,0
tx102519,14.33,1,515.0,0,3.87,0
tx102520,67.63,15,1375.0,0,1.24,0
tx102521,32.7,17,1600.0,1,2.82,0
tx102522,33.87,12,771.0,1,1.3,0
tx102523,30.28,20,495.0,0,0.13,0
tx102524,32.53,10,401.0,1,10.22,0
tx102525,54.49,0,1246.0,0,11.68,0
tx102526,24.0,16,658.0,0,7.04,0
tx102527,34.92,20,874.0,1,13.44,0
tx102528,31.07,21,370.0,1,11.75,0
tx102529,41.86,3,454.0,1,1.72,0
tx102530,59.43,14,119.0,1,0.89,0
tx102531,68.08,20,1196.0,0,3.45,0
tx102532,36.46,17,1486.0,1,4.8,0
tx102533,17.86,23,820.0,0,0.18,0
tx102534,20.84,11,1780.0,2,2.96,0
tx102535,26.14,6,746.0,2,3.19,0
tx102536,72.88,17,1172.0,0,11.53,0
tx102537,125.91,11,1474.0,0,0.39,0
tx102538,21.02,8,1390.0,1,1.07,0
tx102539,36.8,18,1009.0,1,4.88,0
tx102540,27.37,20,909.0,2,10.13,0
tx102541,14.01,20,872.0,0,1.1,0
tx102542,49.29,9,155.0,1,1.0,0
tx102543,33.69,0,1707.0,0,3.57,0
tx102544,22.61,15,1582.0,2,4.77,0
tx102545,32.42,19,1258.0,0,2.05,0
tx102546,33.84,15,1225.0,1,3.26,0
tx102547,77.11,19,215.0,1,6.14,0
tx102548,30.51,13,1701.0,4,0.93,0
tx102549,31.17,19,1334.0,0,21.57,0
tx102550,15.9,4,1308.0,0,12.5,0
tx102551,26.9,19,961.0,1,1.81,0
tx102552,30.22,17,986.0,1,5.26,0
tx102553,43.61,22,1844.0,1,0.16,0
tx102554,19.17,10,200.0,2,2.82,0
tx102555,28.18,21,860.0,1,5.46,0
tx102556,26.06,20,1305.0,0,1.23,0
tx102557,71.72,20,78.0,2,1.56,0
tx102558,16.79,3,836.0,2,0.45,0
tx102559,9.11,14,318.0,0,1.87,0
tx102560,9.5,22,382.0,0,3.46,0
tx102561,39.39,6,1211.0,1,1.96,0
tx102562,30.28,8,1386.0,1,7.59,0
tx102563,92.41,19,304.0,0,1.71,0
tx102564,39.99,18,828.0,2,7.81,0
tx102565,17.59,12,1578.0,1,0.27,0
tx102566,22.58,20,1143.0,1,7.58,0
tx102567,24.71,13,104.0,2,8.51,0
tx102568,13.55,5,426.0,0,1.11,0
tx102569,17.11,9,1944.0,2,12.73,0
tx102570,43.0,8,1935.0,3,17.01,0
tx102571,46.89,21,427.0,1,3.39,0
tx102572,17.77,15,469.0,1,2.71,0
tx102573,37.13,12,211.0,4,9.2,0
tx102574,80.37,21,1454.0,2,15.45,0
tx102575,16.62,17,1881.0,0,1.0,0
tx102576,38.1,21,52.0,1,5.32,0
tx102577,42.42,20,53.0,1,3.21,0
tx102578,52.76,20,1040.0,2,0.92,0
tx102579,30.04,14,719.0,1,2.84,0
tx102580,29.41,22,1166.0,0,5.82,0
tx102581,61.77,15,635.0,0,3.24,0
tx102582,19.81,8,574.0,0,3.74,0
tx102583,41.97,22,1146.0,1,10.46,0
tx102584,29.82,21,485.0,3,6.92,0
tx102585,8.07,21,896.0,2,15.01,0
tx102586,13.95,15,963.0,1,11.83,0
tx102587,16.14,15,976.0,1,4.48,0
tx102588,16.73,15,428.0,0,12.28,0
tx102589,7.99,12,405.0,1,5.46,0
tx102590,9.99,8,1033.0,1,2.39,0
tx102591,15.33,6,395.0,1,3.37,0
tx102592,27.27,12,1777.0,1,1.23,0
tx102593,55.31,0,826.0,0,0.38,0
tx102594,22.81,21,306.0,1,1.44,0
tx102595,470.39,16,4.0,8,131.09,1
tx102596,36.97,16,1432.0,0,4.68,0
tx102597,39.97,14,1077.0,0,12.56,0
tx102598,36.54,16,1262.0,1,0.52,0
tx102599,78.92,19,1859.0,2,6.01,0
tx102600,7.2,9,1757.0,1,6.67,0
tx102601,51.77,9,1282.0,2,0.29,0
tx102602,37.86,10,580.0,0,0.75,0
tx102603,120.96,9,1377.0,1,0.17,0
tx102604,28.69,11,158.0,0,9.66,0
tx102605,61.11,22,1625.0,3,2.17,0
tx102606,23.2,15,1274.0,0,0.49,0
tx102607,41.46,14,302.0,2,0.1,0
tx102608,75.37,19,475.0,1,3.37,0
tx102609,23.63,12,1131.0,0,14.19,0
tx102610,19.54,11,1658.0,1,1.69,0
tx102611,39.61,1,794.0,3,0.41,0
tx102612,19.87,20,1295.0,1,0.73,0
tx102613,50.63,21,1181.0,1,2.25,0
tx102614,32.56,6,259.0,2,0.59,0
tx102615,37.99,21,366.0,0,0.87,0
tx102616,26.14,21,126.0,0,2.17,0
tx102617,31.64,16,72.0,1,3.17,0
tx102618,33.81,19,1184.0,0,3.77,0
tx102619,7.36,15,790.0,2,4.06,0
tx102620,13.1,21,1172.0,2,0.99,0
tx102621,21.46,21,304.0,2,11.67,0
tx102622,848.37,4,49.0,8,131.41,1
tx102623,20.01,11,1439.0,5,3.06,0
tx102624,18.13,22,494.0,1,0.04,0
tx102625,67.73,23,638.0,1,2.68,0
tx102626,41.26,15,1412.0,2,9.87,0
tx102627,18.36,15,916.0,2,1.82,0
tx102628,15.12,19,1405.0,1,19.73,0
tx102629,22.31,10,220.0,1,6.84,0
tx102630,24.77,13,381.0,1,1.58,0
tx102631,24.08,16,685.0,0,3.42,0
tx102632,14.05,2,1682.0,1,0.12,0
tx102633,30.11,0,40.0,2,1.02,0
tx102634,24.65,19,694.0,0,2.34,0
tx102635,7.28,9,1483.0,1,1.54,0
tx102636,19.63,8,1612.0,0,0.57,0
tx102637,49.2,5,378.0,0,1.57,0
tx102638,15.38,10,1349.0,0,6.55,0
tx102639,3339.77,1,23.0,5,37.49,1
tx102640,31.41,15,815.0,0,5.81,0
tx102641,13.8,7,1915.0,3,1.93,0
tx102642,18.19,9,1882.0,1,5.31,0
tx102643,54.43,16,705.0,1,8.25,0
tx102644,31.78,10,903.0,2,6.72,0
tx102645,34.39,3,151.0,1,0.44,0
tx102646,57.15,19,954.0,2,6.86,0
tx102647,19.3,16,1545.0,2,2.36,0
tx102648,70.89,13,349.0,1,0.04,0
tx102649,31.0,19,1028.0,1,0.51,0
tx102650,29.45,6,978.0,2,1.58,0
tx102651,23.22,12,1112.0,0,1.57,0
tx102652,89.41,14,198.0,0,10.03,0
tx102653,45.58,10,62.0,0,0.48,0
tx102654,11.07,19,1733.0,3,4.49,0
tx102655,20.24,11,476.0,1,11.9,0
tx102656,27.11,13,944.0,0,9.21,0
tx102657,34.73,14,1453.0,2,3.44,0
tx102658,41.09,9,946.0,1,7.26,0
tx102659,25.84,17,900.0,2,22.89,0
tx102660,16.55,8,594.0,2,4.63,0
tx102661,25.71,15,1957.0,0,3.2,0
tx102662,8.98,11,871.0,2,0.75,0
tx102663,12.84,16,48.0,0,5.1,0
tx102664,57.65,0,753.0,2,1.33,0
tx102665,13.72,22,151.0,1,8.23,0
tx102666,15.04,21,682.0,2,5.79,0
tx102667,37.31,10,611.0,1,1.65,0
tx102668,34.76,11,1369.0,2,7.26,0
tx102669,28.24,10,1784.0,1,1.05,0
tx102670,19.38,9,427.0,0,4.33,0
tx102671,40.17,15,1535.0,0,1.66,0
tx102672,23.28,9,895.0,2,17.09,0
tx102673,31.4,18,1032.0,2,5.15,0
tx102674,55.3,5,1947.0,1,1.79,0
tx102675,21.65,14,1752.0,2,0.53,0
tx102676,54.22,1,1976.0,0,3.74,0
tx102677,16.89,21,1947.0,1,2.89,0
tx102678,33.07,17,1074.0,3,2.17,0
tx102679,59.68,18,1021.0,1,7.59,0
tx102680,24.95,15,1349.0,0,3.12,0
tx102681,27.18,4,1480.0,0,10.86,0
tx102682,20.21,8,589.0,4,12.42,0
tx102683,31.62,15,656.0,2,11.38,0
tx102684,68.65,13,1848.0,0,1.53,0
tx102685,9.46,12,442.0,0,2.58,0
tx102686,21.64,12,525.0,0,25.47,0
tx102687,18.3,20,1227.0,1,24.31,0
tx102688,25.3,19,1563.0,1,1.47,0
tx102689,41.72,15,447.0,0,9.2,0
tx102690,10.42,9,1826.0,0,9.09,0
tx102691,46.19,11,1251.0,0,0.51,0
tx102692,23.31,21,1786.0,2,5.9,0
tx102693,27.03,12,1151.0,0,0.6,0
tx102694,72.84,12,929.0,1,21.75,0
tx102695,9.17,16,480.0,0,2.83,0
tx102696,30.91,21,1312.0,1,9.35,0
tx102697,31.08,11,737.0,2,2.72,0
tx102698,44.38,19,1072.0,2,1.29,0
tx102699,22.69,19,1663.0,1,19.29,0
tx102700,20.05,18,503.0,0,1.99,0
tx102701,17.42,18,1173.0,0,0.59,0
tx102702,37.68,9,385.0,2,15.6,0
tx102703,26.0,8,673.0,2,11.53,0
tx102704,11.89,14,1047.0,0,3.74,0
tx102705,28.13,18,431.0,0,7.82,0
tx102706,11.12,21,640.0,2,2.61,0
tx102707,41.51,9,148.0,0,1.07,0
tx102708,28.72,19,1240.0,0,0.26,0
tx102709,23.9,21,799.0,3,9.08,0
tx102710,40.09,4,35.0,0,0.2,0
tx102711,12.43,12,1157.0,0,0.15,0
tx102712,26.36,8,401.0,2,3.18,0
tx102713,73.9,10,1827.0,0,2.68,0
tx102714,19.42,9,1523.0,3,0.38,0
tx102715,29.08,6,1234.0,1,1.77,0
tx102716,13.01,21,595.0,0,7.37,0
tx102717,25.54,12,291.0,0,8.14,0
tx102718,21.65,12,679.0,2,9.8,0
tx102719,50.59,11,564.0,0,0.72,0
tx102720,31.77,11,1191.0,1,2.29,0
tx102721,46.52,10,598.0,1,7.82,0
tx102722,19.07,17,558.0,0,5.7,0
tx102723,26.43,16,559.0,0,1.99,0
tx102724,27.85,8,1080.0,1,3.2,0
tx102725,14.03,21,445.0,1,0.56,0
tx102726,7.58,10,1135.0,1,1.7,0
tx102727,34.23,21,607.0,0,3.6,0
tx102728,59.12,16,1313.0,1,0.41,0
tx102729,38.13,19,346.0,2,14.53,0
tx102730,27.87,18,1227.0,1,28.82,0
tx102731,34.26,15,1159.0,4,1.65,0
tx102732,27.95,10,297.0,2,1.15,0
tx102733,10.35,19,568.0,0,0.23,0
tx102734,33.32,14,77.0,0,0.82,0
tx102735,22.58,12,751.0,0,0.17,0
tx102736,40.09,17,1372.0,1,1.74,0
tx102737,35.52,12,1415.0,2,6.67,0
tx102738,14.44,15,458.0,0,11.88,0
tx102739,51.01,17,869.0,0,15.29,0
tx102740,18.24,18,1479.0,0,0.62,0
tx102741,21.71,9,1552.0,1,3.39,0
tx102742,19.31,16,43.0,1,3.47,0
tx102743,74.09,22,763.0,1,1.79,0
tx102744,48.39,9,962.0,2,1.49,0
tx102745,31.43,11,1664.0,3,2.13,0
tx102746,71.49,2,1366.0,2,11.22,0
tx102747,10.64,15,1587.0,3,4.81,0
tx102748,57.48,1,1731.0,1,0.19,0
tx102749,89.63,8,1870.0,0,2.7,0
tx102750,22.9,18,824.0,0,1.87,0
tx102751,42.71,12,1789.0,1,1.27,0
tx102752,69.68,8,218.0,2,1.38,0
tx102753,49.78,14,1240.0,0,2.77,0
tx102754,66.48,3,666.0,0,0.6,0
tx102755,49.85,8,33.0,1,12.58,0
tx102756,69.46,15,1649.0,1,0.8,0
tx102757,17.79,18,885.0,2,1.65,0
tx102758,19.53,14,1510.0,1,1.86,0
tx102759,23.5,21,419.0,2,1.04,0
tx102760,28.32,14,1041.0,1,3.34,0
tx102761,18.97,21,1359.0,2,0.33,0
tx102762,32.18,14,385.0,0,1.08,0
tx102763,28.0,10,1620.0,1,2.19,0
tx102764,23.16,16,322.0,3,4.14,0
tx102765,45.71,21,1138.0,1,5.43,0
tx102766,66.49,12,1681.0,1,11.49,0
tx102767,37.98,18,1101.0,1,3.18,0
tx102768,41.76,19,846.0,2,4.17,0
tx102769,30.7,14,1924.0,1,2.73,0
tx102770,16.49,9,557.0,2,17.92,0
tx102771,21.81,18,591.0,2,12.32,0
tx102772,47.54,17,828.0,2,5.25,0
tx102773,24.24,20,468.0,1,3.65,0
tx102774,53.95,14,1428.0,0,3.21,0
tx102775,14.72,9,855.0,1,2.62,0
tx102776,19.69,20,196.0,0,1.68,0
tx102777,42.05,11,1029.0,1,23.68,0
tx102778,38.96,15,1483.0,2,2.63,0
tx102779,21.39,4,1228.0,1,4.05,0
tx102780,50.39,20,1431.0,2,4.73,0
tx102781,73.48,15,375.0,1,5.41,0
tx102782,24.26,8,1042.0,1,4.7,0
tx102783,27.71,13,1403.0,0,2.35,0
tx102784,182.06,3,33.0,12,44.48,1
tx102785,51.87,8,432.0,3,3.72,0
tx102786,26.89,9,1831.0,0,8.21,0
tx102787,10.78,8,1874.0,0,11.18,0
tx102788,30.63,16,2000.0,0,1.82,0
tx102789,59.15,21,782.0,1,1.63,0
tx102790,12.5,13,1617.0,1,5.9,0
tx102791,19.4,17,1153.0,0,1.63,0
tx102792,36.92,10,924.0,0,7.94,0
tx102793,41.89,18,246.0,2,3.96,0
tx102794,69.76,11,506.0,1,2.06,0
tx102795,33.39,11,1865.0,0,6.23,0
tx102796,38.17,11,1303.0,0,1.43,0
tx102797,41.83,17,374.0,0,0.25,0
tx102798,1686.08,22,28.0,5,14.47,1
tx102799,17.26,12,1798.0,2,2.44,0
tx102800,9.46,9,602.0,0,11.63,0
tx102801,30.68,15,1611.0,1,5.39,0
tx102802,15.94,22,1945.0,1,10.09,0
tx102803,9.82,6,1269.0,0,2.07,0
tx102804,16.97,5,1591.0,0,0.2,0
tx102805,36.75,18,1390.0,1,0.62,0
tx102806,29.61,12,454.0,3,2.36,0
tx102807,75.12,15,1710.0,2,1.39,0
tx102808,11.72,17,189.0,2,0.56,0
tx102809,69.88,4,982.0,0,2.49,0
tx102810,25.48,4,1923.0,3,8.7,0
tx102811,16.43,12,484.0,1,0.57,0
tx102812,15.88,17,276.0,1,9.85,0
tx102813,55.16,14,1583.0,0,0.12,0
tx102814,31.14,10,698.0,0,3.52,0
tx102815,32.41,19,729.0,2,4.89,0
tx102816,29.55,7,1787.0,1,3.04,0
tx102817,12.29,18,122.0,1,5.98,0
tx102818,55.55,17,323.0,0,0.48,0
tx102819,10.64,2,674.0,0,0.94,0
tx102820,50.22,9,719.0,1,7.18,0
tx102821,22.27,21,157.0,1,4.2,0
tx102822,93.99,15,12.0,6,145.6,1
tx102823,52.59,9,197.0,1,1.23,0
tx102824,26.75,18,1934.0,1,1.54,0
tx102825,919.66,14,7.0,5,12.13,1
tx102826,59.03,3,1316.0,0,12.94,0
tx102827,37.22,15,114.0,1,3.52,0
tx102828,20.02,15,648.0,1,7.42,0
tx102829,23.71,13,495.0,2,3.38,0
tx102830,10.29,16,1607.0,3,8.36,0
tx102831,33.15,10,177.0,0,0.91,0
tx102832,46.09,2,918.0,0,14.55,0
tx102833,16.63,21,945.0,0,6.75,0
tx102834,19.02,18,1594.0,2,2.89,0
tx102835,78.77,4,1794.0,1,14.22,0
tx102836,19.52,12,894.0,2,5.97,0
tx102837,11.76,13,1929.0,0,9.42,0
tx102838,31.66,8,1112.0,0,9.5,0
tx102839,27.89,12,850.0,0,15.52,0
tx102840,64.11,9,1193.0,2,5.04,0
tx102841,48.05,17,1255.0,0,10.3,0
tx102842,18.16,15,1148.0,1,1.21,0
tx102843,17.95,21,182.0,1,0.3,0
tx102844,19.04,9,1253.0,0,1.77,0
tx102845,20.56,20,815.0,1,2.7,0
tx102846,64.06,0,1196.0,2,6.31,0
tx102847,19.12,17,1578.0,0,1.56,0
tx102848,31.2,21,117.0,1,0.81,0
tx102849,38.41,22,1939.0,0,3.36,0
tx102850,12.42,15,1269.0,2,5.62,0
tx102851,9.37,19,874.0,1,1.73,0
tx102852,26.11,23,944.0,1,2.21,0
tx102853,16.23,15,1853.0,0,7.31,0
tx102854,39.13,2,548.0,0,2.33,0
tx102855,16.58,14,1391.0,1,6.0,0
tx102856,574.21,21,52.0,10,31.56,1
tx102857,125.48,3,1259.0,2,3.39,0
tx102858,37.83,15,1719.0,0,2.57,0
tx102859,59.16,12,1060.0,1,18.98,0
tx102860,17.25,14,1700.0,2,3.29,0
tx102861,51.57,8,628.0,2,0.26,0
tx102862,198.25,3,42.0,8,59.83,1
tx102863,22.96,13,1318.0,0,12.58,0
tx102864,34.97,14,749.0,1,9.52,0
tx102865,40.84,12,1252.0,2,14.53,0
tx102866,34.82,13,505.0,2,3.35,0
tx102867,54.93,12,75.0,0,3.88,0
tx102868,16.52,1,1782.0,2,3.76,0
tx102869,31.71,11,1032.0,2,13.94,0
tx102870,35.48,1,1909.0,2,14.63,0
tx102871,12.86,20,762.0,1,0.88,0
tx102872,97.15,15,1048.0,1,2.11,0
tx102873,29.81,13,1502.0,0,16.23,0
tx102874,24.6,15,1595.0,0,13.44,0
tx102875,21.37,12,501.0,1,1.26,0
tx102876,27.18,17,1467.0,0,0.52,0
tx102877,1317.51,3,2.0,6,3.85,1
tx102878,58.99,18,1328.0,0,0.65,0
tx102879,37.01,14,621.0,1,2.29,0
tx102880,16.75,20,949.0,0,2.44,0
tx102881,17.05,13,1823.0,0,1.95,0
tx102882,76.92,9,629.0,0,6.62,0
tx102883,22.79,22,969.0,3,0.07,0
tx102884,39.16,18,1326.0,0,8.78,0
tx102885,13.52,7,917.0,1,1.47,0
tx102886,72.64,5,1022.0,0,3.84,0
tx102887,49.79,11,1539.0,1,6.86,0
tx102888,16.13,16,538.0,0,2.58,0
tx102889,44.1,16,864.0,2,2.26,0
tx102890,16.01,13,324.0,0,0.57,0
tx102891,16.2,17,956.0,0,6.44,0
tx102892,11.37,20,250.0,2,0.79,0
tx102893,71.04,14,152.0,0,0.51,0
tx102894,34.99,9,720.0,2,5.81,0
tx102895,11.49,9,86.0,1,1.03,0
tx102896,42.39,19,982.0,1,2.32,0
tx102897,38.49,19,1612.0,0,1.6,0
tx102898,42.27,17,1968.0,0,6.71,0
tx102899,13.08,20,272.0,0,6.7,0
tx102900,18.99,21,1690.0,0,3.44,0
tx102901,50.1,15,959.0,1,5.92,0
tx102902,44.13,11,888.0,1,3.3,0
tx102903,20.7,10,1623.0,2,1.43,0
tx102904,22.1,12,1844.0,0,7.82,0
tx102905,44.89,18,1178.0,0,5.72,0
tx102906,30.77,14,1870.0,0,0.84,0
tx102907,16.82,8,631.0,0,0.13,0
tx102908,38.42,16,917.0,0,0.93,0
tx102909,15.65,3,1543.0,2,5.11,0
tx102910,47.02,18,1052.0,1,3.67,0
tx102911,35.64,19,1647.0,1,2.6,0
tx102912,26.41,1,716.0,0,13.0,0
tx102913,1079.57,0,31.0,4,284.57,1
tx102914,27.09,15,671.0,2,6.66,0
tx102915,23.91,20,365.0,0,6.65,0
tx102916,29.26,14,350.0,1,0.54,0
tx102917,67.69,16,142.0,2,9.46,0
tx102918,24.15,19,1490.0,1,19.91,0
tx102919,21.33,21,1870.0,0,16.58,0
tx102920,23.58,21,892.0,2,2.25,0
tx102921,27.92,17,176.0,1,0.03,0
tx102922,28.21,14,1613.0,1,6.41,0
tx102923,30.02,9,1309.0,1,7.55,0
tx102924,30.74,12,809.0,0,9.65,0
tx102925,18.18,2,887.0,1,5.89,0
tx102926,77.12,21,369.0,2,1.99,0
tx102927,22.37,20,1852.0,2,2.2,0
tx102928,18.41,9,191.0,1,1.08,0
tx102929,9.24,18,139.0,0,2.17,0
tx102930,32.11,14,1054.0,1,10.28,0
tx102931,20.1,17,1854.0,0,11.7,0
tx102932,17.3,19,1529.0,1,0.97,0
tx102933,18.5,9,1135.0,0,1.63,0
tx102934,24.6,12,352.0,1,2.76,0
tx102935,19.12,18,156.0,2,2.47,0
tx102936,51.42,14,792.0,1,6.09,0
tx102937,28.53,17,1281.0,2,4.17,0
tx102938,32.76,21,1100.0,0,8.3,0
tx102939,76.67,12,800.0,0,3.38,0
tx102940,17.37,10,53.0,0,3.83,0
tx102941,34.79,11,234.0,0,4.42,0
tx102942,7.72,9,994.0,1,0.01,0
tx102943,65.76,9,1252.0,0,2.92,0
tx102944,19.37,21,220.0,0,4.43,0
tx102945,23.88,4,1985.0,3,3.71,0
tx102946,8.1,19,138.0,0,4.04,0
tx102947,32.41,11,541.0,1,2.34,0
tx102948,24.55,16,1336.0,2,8.36,0
tx102949,21.85,1,622.0,2,3.07,0
tx102950,43.62,21,280.0,0,5.95,0
tx102951,32.34,12,1556.0,2,9.38,0
tx102952,47.81,17,826.0,1,3.64,0
tx102953,56.24,12,1962.0,0,1.86,0
tx102954,25.6,9,343.0,0,16.45,0
tx102955,28.88,18,625.0,1,3.6,0
tx102956,20.11,18,1760.0,1,0.92,0
tx102957,36.37,18,58.0,2,0.39,0
tx102958,64.84,8,94.0,1,1.77,0
tx102959,7.8,14,1393.0,0,5.13,0
tx102960,70.94,8,799.0,2,2.51,0
tx102961,12.8,22,507.0,1,3.2,0
tx102962,45.51,0,355.0,1,7.6,0
tx102963,25.88,21,751.0,0,5.02,0
tx102964,33.63,11,81.0,0,1.31,0
tx102965,27.58,21,1228.0,1,0.98,0
tx102966,71.0,8,1579.0,2,3.24,0
tx102967,25.95,21,1415.0,1,27.3,0
tx102968,94.42,9,1031.0,0,7.4,0
tx102969,8.24,15,1254.0,0,3.02,0
tx102970,24.12,19,1597.0,0,2.6,0
tx102971,28.92,3,236.0,0,1.57,0
tx102972,25.34,1,50.0,1,8.47,0
tx102973,50.76,6,1931.0,0,10.04,0
tx102974,53.75,7,1799.0,0,7.14,0
tx102975,30.0,19,489.0,1,9.12,0
tx102976,39.35,3,1433.0,3,4.9,0
tx102977,19.31,14,1464.0,0,8.91,0
tx102978,43.79,8,671.0,1,7.04,0
tx102979,20.28,1,593.0,3,3.32,0
tx102980,9.86,11,1012.0,1,1.14,0
tx102981,51.09,8,1934.0,2,11.07,0
tx102982,73.63,8,64.0,0,7.91,0
tx102983,45.64,9,150.0,2,3.21,0
tx102984,26.3,21,1776.0,2,2.32,0
tx102985,55.46,21,1875.0,2,1.4,0
tx102986,19.53,12,452.0,2,7.39,0
tx102987,37.61,14,1528.0,1,1.37,0
tx102988,7.22,11,1231.0,2,6.84,0
tx102989,48.28,12,1315.0,0,18.52,0
tx102990,11.55,10,245.0,1,3.97,0
tx102991,37.29,21,1081.0,1,3.56,0
tx102992,113.12,18,1581.0,0,13.3,0
tx102993,14.76,10,587.0,1,0.39,0
tx102994,17.71,16,1988.0,1,2.27,0
tx102995,18.91,12,420.0,0,2.43,0
tx102996,68.06,17,514.0,3,41.44,0
tx102997,79.02,12,1908.0,0,15.61,0
tx102998,38.81,17,578.0,0,1.51,0
tx102999,12.9,4,607.0,3,12.05,0
tx103000,42.05,21,1560.0,0,2.6,0
tx103001,32.97,20,1789.0,1,4.59,0
tx103002,31.34,5,704.0,1,8.65,0
tx103003,35.3,3,1697.0,3,2.06,0
tx103004,20.1,14,601.0,1,0.94,0
tx103005,66.96,8,1451.0,0,0.46,0
tx103006,9.02,21,1388.0,0,3.03,0
tx103007,61.9,13,780.0,2,1.55,0
tx103008,73.04,17,1382.0,1,0.92,0
tx103009,40.13,15,1108.0,0,0.88,0
tx103010,24.8,23,459.0,0,0.72,0
tx103011,44.75,8,1861.0,2,2.12,0
tx103012,5.36,18,1346.0,2,1.78,0
tx103013,32.1,17,1098.0,3,5.21,0
tx103014,22.59,15,1782.0,1,0.52,0
tx103015,16.01,12,185.0,1,0.45,0
tx103016,20.41,20,1111.0,0,11.66,0
tx103017,23.86,12,813.0,1,0.54,0
tx103018,56.33,5,826.0,0,1.78,0
tx103019,174.15,9,49.0,4,45.59,1
tx103020,21.44,16,1010.0,0,2.15,0
tx103021,21.98,16,342.0,0,2.93,0
tx103022,28.58,18,239.0,1,2.82,0
tx103023,25.73,13,478.0,2,1.25,0
tx103024,65.37,8,274.0,0,4.71,0
tx103025,15.49,20,274.0,2,4.93,0
tx103026,55.51,11,1528.0,2,6.02,0
tx103027,38.01,9,1736.0,0,4.13,0
tx103028,37.55,11,974.0,0,2.68,0
tx103029,20.97,15,1293.0,1,2.03,0
tx103030,17.38,16,1535.0,1,0.23,0
tx103031,24.72,17,1255.0,2,6.03,0
tx103032,23.4,17,880.0,1,3.9,0
tx103033,117.8,13,1875.0,0,0.33,0
tx103034,41.38,14,1256.0,2,10.75,0
tx103035,17.82,20,464.0,2,2.31,0
tx103036,132.04,11,1737.0,1,8.04,0
tx103037,76.03,2,847.0,1,9.48,0
tx103038,11.61,20,926.0,3,2.79,0
tx103039,17.96,18,699.0,0,5.22,0
tx103040,37.77,14,101.0,3,16.4,0
tx103041,44.67,17,82.0,0,0.52,0
tx103042,29.94,16,1273.0,1,0.69,0
tx103043,42.09,14,293.0,1,0.34,0
tx103044,39.67,11,646.0,2,7.11,0
tx103045,47.17,16,884.0,1,4.66,0
tx103046,20.99,11,1914.0,0,9.97,0
tx103047,20.36,13,440.0,1,0.56,0
tx103048,19.55,20,981.0,1,3.84,0
tx103049,34.7,13,1250.0,1,0.79,0
tx103050,40.54,13,1459.0,0,20.44,0
tx103051,32.17,8,1566.0,1,1.28,0
tx103052,162.0,9,402.0,3,2.63,0
tx103053,22.5,8,1437.0,1,0.35,0
tx103054,10.52,10,1875.0,1,0.93,0
tx103055,81.94,7,519.0,0,0.25,0
tx103056,26.53,21,1815.0,0,9.03,0
tx103057,598.02,2,12.0,4,233.67,1
tx103058,52.18,19,376.0,1,0.22,0
tx103059,29.21,14,1046.0,1,8.73,0
tx103060,36.37,17,1209.0,2,4.98,0
tx103061,17.71,2,97.0,0,2.44,0
tx103062,44.44,9,258.0,2,4.51,0
tx103063,71.57,13,629.0,3,7.68,0
tx103064,34.95,20,627.0,3,1.8,0
tx103065,40.61,16,403.0,1,6.61,0
tx103066,20.02,16,1554.0,2,0.95,0
tx103067,51.09,23,868.0,1,2.94,0
tx103068,15.32,8,929.0,1,5.85,0
tx103069,36.87,20,1580.0,1,12.43,0
tx103070,11.7,16,331.0,0,6.69,0
tx103071,29.3,21,1123.0,0,0.41,0
tx103072,65.04,11,332.0,4,4.17,0
tx103073,30.23,10,1719.0,1,0.24,0
tx103074,360.69,2,32.0,7,302.84,1
tx103075,51.67,21,711.0,1,0.16,0
tx103076,62.79,18,197.0,1,0.54,0
tx103077,34.85,15,1400.0,2,2.53,0
tx103078,131.83,8,1385.0,0,6.05,0
tx103079,12.52,22,137.0,0,4.56,0
tx103080,47.12,20,1359.0,2,0.27,0
tx103081,183.88,12,1027.0,0,1.79,0
tx103082,23.25,8,932.0,0,6.54,0
tx103083,22.83,20,1456.0,3,15.62,0
tx103084,10.75,17,772.0,2,10.78,0
tx103085,11.86,11,1062.0,0,2.3,0
tx103086,61.32,9,216.0,0,2.62,0
tx103087,12.61,11,1634.0,0,1.77,0
tx103088,9.93,8,862.0,2,1.61,0
tx103089,39.07,13,1006.0,0,0.4,0
tx103090,37.53,12,1100.0,2,0.22,0
tx103091,53.47,6,988.0,0,5.66,0
tx103092,21.09,18,1622.0,0,2.88,0
tx103093,29.97,8,1344.0,1,3.78,0
tx103094,7.05,14,967.0,2,0.29,0
tx103095,15.41,20,1578.0,2,1.8,0
tx103096,22.31,13,235.0,1,0.39,0
tx103097,69.82,9,1566.0,1,0.68,0
tx103098,84.47,20,472.0,4,15.7,0
tx103099,29.5,11,1352.0,0,9.62,0
tx103100,74.43,20,128.0,0,7.48,0
tx103101,29.72,19,1117.0,0,1.81,0
tx103102,44.53,1,1575.0,0,7.99,0
tx103103,20.06,14,123.0,0,1.11,0
tx103104,28.82,10,1933.0,2,0.91,0
tx103105,33.76,16,1778.0,1,0.65,0
tx103106,37.31,11,776.0,0,6.86,0
tx103107,27.07,19,1232.0,1,8.83,0
tx103108,27.58,15,791.0,1,3.39,0
tx103109,70.56,4,928.0,1,2.18,0
tx103110,50.03,15,1529.0,1,0.5,0
tx103111,61.15,17,207.0,2,9.69,0
tx103112,463.84,8,44.0,8,3.78,1
tx103113,12.16,17,460.0,0,2.22,0
tx103114,39.96,15,962.0,0,5.2,0
tx103115,30.15,2,1882.0,2,1.3,0
tx103116,31.97,18,1546.0,0,0.93,0
tx103117,34.42,14,965.0,0,4.82,0
tx103118,57.24,13,1480.0,1,1.17,0
tx103119,72.83,16,55.0,2,3.65,0
tx103120,99.15,16,477.0,1,3.91,0
tx103121,17.42,12,1557.0,1,1.55,0
tx103122,29.93,19,1662.0,1,7.25,0
tx103123,72.8,10,1268.0,0,9.17,0
tx103124,41.78,4,1844.0,1,0.15,0
tx103125,31.96,9,872.0,5,12.18,0
tx103126,48.14,21,1268.0,0,0.87,0
tx103127,7.19,21,1734.0,0,2.24,0
tx103128,50.38,21,395.0,2,1.8,0
tx103129,8.81,11,1647.0,3,2.49,0
tx103130,35.96,14,146.0,0,4.73,0
tx103131,20.37,3,1453.0,1,5.51,0
tx103132,52.56,9,1051.0,3,2.78,0
tx103133,33.45,11,1714.0,1,0.67,0
tx103134,56.53,13,326.0,2,0.84,0
tx103135,61.91,16,630.0,0,0.01,0
tx103136,41.2,21,53.0,1,11.5,0
tx103137,76.62,8,550.0,0,0.03,0
tx103138,27.96,15,901.0,0,23.54,0
tx103139,26.74,15,374.0,1,4.04,0
tx103140,42.78,16,1119.0,2,2.1,0
tx103141,75.3,11,810.0,0,1.61,0
tx103142,40.91,18,1680.0,1,4.09,0
tx103143,37.64,14,790.0,0,3.86,0
tx103144,72.03,15,1898.0,2,8.27,0
tx103145,27.42,19,595.0,1,5.87,0
tx103146,119.08,16,1867.0,2,1.31,0
tx103147,37.2,13,1101.0,0,7.69,0
tx103148,41.06,22,1764.0,2,2.33,0
tx103149,2138.2,3,28.0,3,149.41,1
tx103150,16.85,21,1052.0,1,0.37,0
tx103151,23.95,5,421.0,2,1.2,0
tx103152,37.48,8,115.0,0,2.15,0
tx103153,66.25,9,1881.0,2,11.71,0
tx103154,39.21,20,869.0,2,8.74,0
tx103155,57.14,18,988.0,1,2.5,0
tx103156,44.02,19,1463.0,0,3.38,0
tx103157,18.39,14,575.0,1,3.78,0
tx103158,68.19,19,1775.0,0,6.13,0
tx103159,68.27,20,1353.0,2,3.99,0
tx103160,87.75,12,1238.0,2,5.57,0
tx103161,46.36,15,1180.0,1,7.21,0
tx103162,34.31,20,30.0,1,0.91,0
tx103163,35.19,9,294.0,1,0.03,0
tx103164,23.66,16,1487.0,0,9.81,0
tx103165,12.88,5,1210.0,0,10.6,0
tx103166,20.79,9,1308.0,0,5.76,0
tx103167,34.14,17,358.0,0,5.64,0
tx103168,22.21,22,278.0,0,18.66,0
tx103169,22.31,13,1199.0,1,0.18,0
tx103170,41.53,10,1872.0,2,0.19,0
tx103171,39.76,10,1126.0,1,1.38,0
tx103172,27.43,8,364.0,0,0.42,0
tx103173,21.27,2,403.0,2,0.7,0
tx103174,21.55,14,749.0,1,14.28,0
tx103175,6.45,8,1419.0,1,2.09,0
tx103176,28.3,15,381.0,0,3.97,0
tx103177,24.39,13,866.0,0,0.33,0
tx103178,430.27,3,1.0,5,23.1,1
tx103179,87.45,20,1365.0,2,5.46,0
tx103180,26.74,15,1448.0,2,0.01,0
tx103181,29.02,17,1006.0,2,10.01,0
tx103182,229.14,23,19.0,5,228.8,1
tx103183,19.43,21,366.0,2,0.41,0
tx103184,39.0,23,983.0,1,0.49,0
tx103185,45.79,15,1975.0,1,0.78,0
tx103186,38.07,14,1796.0,3,1.72,0
tx103187,166.41,23,958.0,1,5.33,0
tx103188,13.25,11,1930.0,1,2.71,0
tx103189,24.52,17,1902.0,2,1.96,0
tx103190,31.53,4,1695.0,0,0.14,0
tx103191,18.25,17,368.0,0,5.52,0
tx103192,32.79,13,1781.0,2,18.66,0
tx103193,16.28,15,641.0,0,18.33,0
tx103194,23.08,9,1519.0,1,0.28,0
tx103195,17.53,18,1151.0,1,0.78,0
tx103196,18.12,16,48.0,0,14.46,0
tx103197,18.14,17,1193.0,1,3.96,0
tx103198,54.9,18,1720.0,0,2.37,0
tx103199,28.01,1,1485.0,1,4.55,0
tx103200,19.74,18,678.0,1,2.45,0
tx103201,18.48,12,74.0,1,4.39,0
tx103202,21.9,21,321.0,2,8.8,0
tx103203,33.77,15,658.0,0,18.35,0
tx103204,30.2,8,872.0,2,2.91,0
tx103205,25.29,15,1638.0,1,10.1,0
tx103206,58.93,11,1704.0,0,4.58,0
tx103207,31.12,13,1560.0,0,25.25,0
tx103208,24.74,5,1226.0,1,1.02,0
tx103209,55.42,12,432.0,0,0.46,0
tx103210,48.16,21,1865.0,0,0.04,0
tx103211,87.48,10,1753.0,0,2.34,0
tx103212,13.76,9,1069.0,2,3.01,0
tx103213,40.29,12,1477.0,0,0.07,0
tx103214,28.54,15,1412.0,0,6.56,0
tx103215,14.42,14,1762.0,1,3.97,0
tx103216,28.46,23,1509.0,0,0.4,0
tx103217,36.59,15,1968.0,1,3.95,0
tx103218,24.98,11,1320.0,1,0.23,0
tx103219,12.02,10,278.0,0,12.47,0
tx103220,94.56,12,1519.0,0,0.04,0
tx103221,38.89,15,1371.0,0,2.46,0
tx103222,22.76,17,716.0,1,1.32,0
tx103223,16.82,19,276.0,0,1.36,0
tx103224,31.84,8,263.0,2,2.22,0
tx103225,28.0,9,238.0,2,6.32,0
tx103226,20.55,11,1201.0,1,16.31,0
tx103227,22.27,12,1122.0,1,2.37,0
tx103228,35.8,17,512.0,2,7.85,0
tx103229,58.7,1,1134.0,1,4.18,0
tx103230,38.47,10,499.0,0,11.63,0
tx103231,23.6,21,1472.0,1,7.53,0
tx103232,35.85,8,668.0,0,5.88,0
tx103233,62.58,11,1132.0,1,8.0,0
tx103234,14.65,21,599.0,0,0.28,0
tx103235,24.87,15,1567.0,2,0.64,0
tx103236,13.5,7,1530.0,0,14.29,0
tx103237,31.18,15,1372.0,2,12.81,0
tx103238,39.9,18,1695.0,0,7.16,0
tx103239,30.11,10,649.0,2,13.9,0
tx103240,27.82,21,1391.0,1,8.81,0
tx103241,84.14,17,104.0,2,0.36,0
tx103242,50.67,15,1562.0,0,6.18,0
tx103243,26.49,14,1339.0,2,3.62,0
tx103244,27.9,17,505.0,1,9.4,0
tx103245,8.34,21,1954.0,0,4.78,0
tx103246,20.7,12,1845.0,0,8.18,0
tx103247,26.14,15,1142.0,2,4.92,0
tx103248,39.17,8,242.0,0,4.32,0
tx103249,16.25,16,1439.0,3,2.13,0
tx103250,46.75,16,820.0,2,5.02,0
tx103251,18.47,16,1410.0,0,2.02,0
tx103252,47.76,15,778.0,0,0.69,0
tx103253,32.38,11,1316.0,1,2.51,0
tx103254,43.82,11,382.0,2,7.35,0
tx103255,24.59,4,821.0,0,6.14,0
tx103256,99.54,18,773.0,0,0.37,0
tx103257,17.28,11,442.0,0,4.09,0
tx103258,22.99,7,895.0,1,5.03,0
tx103259,43.76,19,802.0,1,4.06,0
tx103260,16.05,11,1082.0,1,5.39,0
tx103261,21.45,19,1444.0,0,0.14,0
tx103262,230.18,3,2.0,5,13.3,1
tx103263,34.72,12,703.0,2,4.32,0
tx103264,42.68,16,1684.0,1,2.13,0
tx103265,25.61,20,76.0,1,1.87,0
tx103266,33.3,12,1118.0,2,20.24,0
tx103267,30.31,14,1273.0,0,0.01,0
tx103268,49.61,9,538.0,1,8.45,0
tx103269,65.74,10,1972.0,0,1.28,0
tx103270,34.79,6,286.0,1,2.73,0
tx103271,38.33,19,1973.0,1,3.59,0
tx103272,11.6,19,1257.0,3,4.32,0
tx103273,10.38,19,617.0,2,3.29,0
tx103274,68.97,23,760.0,2,0.72,0
tx103275,8.9,7,1355.0,1,0.88,0
tx103276,30.5,15,1441.0,0,5.08,0
tx103277,30.43,13,757.0,2,0.84,0
tx103278,22.41,3,1999.0,1,2.4,0
tx103279,31.07,21,1799.0,0,7.43,0
tx103280,17.97,10,895.0,2,5.36,0
tx103281,10.26,9,761.0,1,1.3,0
tx103282,18.95,10,751.0,3,5.03,0
tx103283,48.02,13,1787.0,2,0.39,0
tx103284,35.89,17,279.0,1,3.59,0
tx103285,80.55,19,1819.0,0,2.7,0
tx103286,25.86,17,1511.0,2,6.11,0
tx103287,33.02,14,362.0,0,1.32,0
tx103288,17.43,3,1669.0,0,15.98,0
tx103289,21.11,0,1238.0,3,8.74,0
tx103290,37.97,10,1321.0,1,0.27,0
tx103291,337.01,23,40.0,3,158.93,1
tx103292,21.84,17,1660.0,0,9.98,0
tx103293,29.78,11,556.0,0,10.19,0
tx103294,105.2,13,1741.0,0,4.0,0
tx103295,15.18,11,51.0,1,3.01,0
tx103296,23.38,10,1889.0,0,3.15,0
tx103297,11.87,19,1625.0,0,0.23,0
tx103298,45.66,21,1137.0,0,4.3,0
tx103299,15.75,16,444.0,2,2.0,0
tx103300,66.5,8,465.0,0,0.26,0
tx103301,277.07,1,32.0,5,83.28,1
tx103302,22.99,19,749.0,0,2.1,0
tx103303,10.58,1,493.0,3,1.08,0
tx103304,11.1,17,679.0,1,0.26,0
tx103305,449.6,8,40.0,5,116.54,1
tx103306,11.84,18,1324.0,3,2.26,0
tx103307,98.37,10,1953.0,1,1.77,0
tx103308,34.7,11,1557.0,0,13.64,0
tx103309,65.64,15,1481.0,1,20.22,0
tx103310,15.89,6,1735.0,1,15.46,0
tx103311,10.0,9,1472.0,1,3.21,0
tx103312,22.44,20,1325.0,0,1.38,0
tx103313,51.68,16,1509.0,3,24.05,0
tx103314,7.18,16,1127.0,2,0.28,0
tx103315,20.15,20,1841.0,2,9.29,0
tx103316,88.29,10,568.0,0,4.16,0
tx103317,71.74,11,1142.0,1,12.54,0
tx103318,50.43,7,1423.0,0,3.99,0
tx103319,78.26,3,672.0,2,16.48,0
tx103320,9.01,16,1269.0,0,8.89,0
tx103321,27.45,10,1308.0,1,2.14,0
tx103322,53.27,20,1486.0,1,10.48,0
tx103323,26.01,16,1288.0,1,5.22,0
tx103324,115.02,10,1631.0,0,7.28,0
tx103325,11.6,11,319.0,1,2.53,0
tx103326,25.9,0,1812.0,1,5.54,0
tx103327,11.6,17,1930.0,2,4.48,0
tx103328,15.14,16,1997.0,2,15.85,0
tx103329,27.16,16,1168.0,4,10.68,0
tx103330,14.22,20,320.0,2,7.05,0
tx103331,14.39,12,75.0,5,2.71,0
tx103332,79.63,11,1551.0,1,0.67,0
tx103333,40.58,12,482.0,2,0.29,0
tx103334,36.66,21,602.0,1,4.38,0
tx103335,34.02,13,429.0,2,0.44,0
tx103336,31.1,1,513.0,1,2.36,0
tx103337,18.55,20,419.0,1,5.57,0
tx103338,28.71,8,1492.0,1,4.57,0
tx103339,43.09,21,488.0,1,7.04,0
tx103340,34.97,19,1011.0,0,0.87,0
tx103341,53.33,12,1365.0,0,1.26,0
tx103342,14.15,18,1763.0,1,8.8,0
tx103343,40.72,21,310.0,1,1.66,0
tx103344,18.45,6,848.0,1,2.24,0
tx103345,19.78,0,614.0,0,2.95,0
tx103346,50.03,16,234.0,0,1.26,0
tx103347,33.19,21,837.0,1,24.73,0
tx103348,50.49,10,585.0,1,5.9,0
tx103349,16.05,14,1813.0,0,2.39,0
tx103350,1828.39,4,40.0,7,42.59,1
tx103351,20.0,11,519.0,2,9.46,0
tx103352,41.81,11,854.0,0,5.52,0
tx103353,23.31,20,1988.0,3,0.88,0
tx103354,31.34,17,154.0,0,1.64,0
tx103355,33.18,17,1874.0,1,1.73,0
tx103356,23.83,19,1210.0,0,5.78,0
tx103357,21.1,9,1972.0,1,7.87,0
tx103358,44.3,2,1689.0,1,0.73,0
tx103359,26.82,20,448.0,1,1.26,0
tx103360,162.17,14,1844.0,2,0.52,0
tx103361,44.94,18,1127.0,0,1.95,0
tx103362,36.12,14,1790.0,1,0.71,0
tx103363,18.36,3,1081.0,2,2.94,0
tx103364,18.72,21,331.0,1,4.95,0
tx103365,18.8,12,1350.0,1,16.36,0
tx103366,43.38,2,319.0,1,5.44,0
tx103367,21.15,20,128.0,3,3.87,0
tx103368,60.23,15,1227.0,0,3.19,0
tx103369,21.03,19,1449.0,0,7.39,0
tx103370,13.11,9,1296.0,1,12.01,0
tx103371,53.74,8,32.0,1,11.22,0
tx103372,13.51,12,1620.0,2,13.0,0
tx103373,20.11,11,906.0,2,3.1,0
tx103374,63.24,14,1114.0,1,4.0,0
tx103375,213.52,7,44.0,6,86.32,1
tx103376,19.84,16,1423.0,0,9.68,0
tx103377,24.24,7,582.0,0,11.35,0
tx103378,46.08,21,1699.0,0,4.59,0
tx103379,22.66,17,1708.0,2,1.21,0
tx103380,36.85,20,1220.0,2,0.2,0
tx103381,15.43,6,1301.0,0,1.84,0
tx103382,48.63,3,1615.0,2,5.22,0
tx103383,23.64,5,153.0,0,0.38,0
tx103384,34.18,4,547.0,1,3.97,0
tx103385,48.22,21,624.0,2,1.37,0
tx103386,74.67,10,313.0,0,1.01,0
tx103387,22.39,19,760.0,2,30.55,0
tx103388,112.61,11,880.0,1,12.0,0
tx103389,48.45,4,706.0,1,2.01,0
tx103390,34.86,10,1341.0,1,3.43,0
tx103391,26.17,8,1235.0,1,2.35,0
tx103392,23.67,8,320.0,1,2.32,0
tx103393,61.1,7,858.0,2,2.24,0
tx103394,37.16,13,471.0,2,5.17,0
tx103395,29.66,18,853.0,3,1.91,0
tx103396,5.16,20,1607.0,2,0.57,0
tx103397,18.19,19,633.0,0,0.95,0
tx103398,87.44,19,471.0,0,6.08,0
tx103399,14.45,4,1389.0,1,12.8,0
tx103400,37.54,18,369.0,2,1.0,0
tx103401,48.16,19,197.0,1,11.14,0
tx103402,28.96,14,1795.0,0,1.67,0
tx103403,47.39,2,1660.0,4,1.89,0
tx103404,33.73,18,1903.0,3,5.1,0
tx103405,34.74,9,279.0,0,4.78,0
tx103406,14.72,21,101.0,3,0.36,0
tx103407,33.49,21,151.0,1,4.13,0
tx103408,19.91,17,394.0,2,10.16,0
tx103409,11.34,12,521.0,1,3.84,0
tx103410,35.64,15,1962.0,3,1.43,0
tx103411,47.53,6,312.0,2,2.32,0
tx103412,41.17,19,1451.0,0,2.34,0
tx103413,13.97,8,1719.0,1,5.08,0
tx103414,20.51,18,1919.0,0,14.69,0
tx103415,24.95,14,260.0,0,0.03,0
tx103416,31.55,11,629.0,3,2.02,0
tx103417,42.98,7,1875.0,1,6.36,0
tx103418,27.96,12,1472.0,4,1.05,0
tx103419,42.46,21,1742.0,1,5.48,0
tx103420,22.59,11,1487.0,2,0.59,0
tx103421,19.26,16,1211.0,1,0.45,0
tx103422,66.35,19,1930.0,4,2.91,0
tx103423,15.37,6,305.0,3,1.35,0
tx103424,24.99,11,1873.0,2,0.93,0
tx103425,55.34,12,1438.0,1,5.95,0
tx103426,31.21,14,1800.0,1,4.15,0
tx103427,11.94,15,1818.0,0,0.58,0
tx103428,28.77,15,1165.0,2,2.3,0
tx103429,28.5,21,482.0,1,1.91,0
tx103430,65.95,17,230.0,2,2.8,0
tx103431,15.9,20,1061.0,0,0.6,0
tx103432,53.9,11,871.0,1,6.11,0
tx103433,99.32,10,1571.0,2,7.33,0
tx103434,17.39,20,1901.0,1,4.05,0
tx103435,32.27,19,994.0,0,7.01,0
tx103436,28.06,9,171.0,1,6.24,0
tx103437,23.93,8,1234.0,0,0.95,0
tx103438,49.48,9,1742.0,3,4.35,0
tx103439,10.79,4,177.0,0,0.93,0
tx103440,21.71,14,220.0,0,0.28,0
tx103441,24.56,8,1587.0,2,0.72,0
tx103442,70.72,15,395.0,2,5.6,0
tx103443,38.02,11,583.0,2,2.27,0
tx103444,18.75,8,545.0,0,0.0,0
tx103445,27.43,18,1750.0,1,7.05,0
tx103446,24.89,16,814.0,3,1.14,0
tx103447,30.09,3,1831.0,0,14.82,0
tx103448,35.18,8,1713.0,0,10.18,0
tx103449,21.74,20,1995.0,0,0.96,0
tx103450,56.09,21,1830.0,1,8.82,0
tx103451,41.71,11,1632.0,1,9.39,0
tx103452,10.13,9,853.0,1,0.27,0
tx103453,25.18,10,1233.0,0,4.2,0
tx103454,25.99,3,889.0,0,1.64,0
tx103455,18.51,9,1274.0,1,2.8,0
tx103456,44.49,18,899.0,0,4.71,0
tx103457,34.51,8,556.0,0,2.85,0
tx103458,25.62,17,1483.0,0,1.89,0
tx103459,19.72,15,161.0,0,0.28,0
tx103460,56.89,11,1714.0,2,3.98,0
tx103461,11.28,4,469.0,4,5.71,0
tx103462,17.45,12,1854.0,1,9.69,0
tx103463,15.62,2,666.0,1,3.14,0
tx103464,24.17,11,123.0,0,6.74,0
tx103465,28.44,9,811.0,0,15.31,0
tx103466,13.11,20,1140.0,2,5.63,0
tx103467,16.5,1,495.0,1,3.19,0
tx103468,36.27,14,228.0,1,8.26,0
tx103469,19.07,9,532.0,1,5.42,0
tx103470,22.9,15,189.0,1,0.93,0
tx103471,31.21,9,858.0,0,1.06,0
tx103472,58.3,10,587.0,0,6.49,0
tx103473,30.26,20,1396.0,1,3.43,0
tx103474,38.7,1,220.0,1,3.07,0
tx103475,34.46,15,205.0,1,6.04,0
tx103476,47.0,20,1951.0,3,25.59,0
tx103477,21.11,20,353.0,0,0.19,0
tx103478,32.11,15,1348.0,3,4.2,0
tx103479,60.79,22,87.0,0,10.9,0
tx103480,16.67,11,1813.0,1,1.77,0
tx103481,11.04,10,871.0,1,0.8,0
tx103482,34.54,8,1590.0,0,1.54,0
tx103483,187.86,15,265.0,3,0.12,0
tx103484,18.86,13,845.0,2,3.39,0
tx103485,22.93,19,1046.0,1,2.88,0
tx103486,63.78,21,993.0,0,2.6,0
tx103487,15.01,13,630.0,2,0.54,0
tx103488,21.97,14,1054.0,0,6.66,0
tx103489,114.49,19,1980.0,0,1.68,0
tx103490,33.96,12,1881.0,1,9.14,0
tx103491,34.82,16,1606.0,0,3.56,0
tx103492,11.07,22,1988.0,0,7.17,0
tx103493,165.48,4,41.0,3,73.01,1
tx103494,128.51,8,764.0,0,0.53,0
tx103495,22.63,15,828.0,1,9.96,0
tx103496,41.5,9,1240.0,3,2.49,0
tx103497,31.2,16,364.0,1,0.61,0
tx103498,12.86,7,1645.0,1,1.9,0
tx103499,36.46,17,1771.0,1,5.9,0
tx103500,11.1,14,1425.0,0,2.47,0
tx103501,65.41,12,416.0,1,0.91,0
tx103502,22.99,18,706.0,0,7.99,0
tx103503,12.2,16,918.0,2,0.16,0
tx103504,15.58,17,607.0,1,2.7,0
tx103505,86.12,1,381.0,1,0.44,0
tx103506,62.13,5,963.0,2,3.99,0
tx103507,30.64,12,999.0,2,3.41,0
tx103508,11.48,5,1294.0,0,0.92,0
tx103509,34.26,19,1938.0,1,4.31,0
tx103510,27.84,11,625.0,0,0.49,0
tx103511,14.36,21,841.0,1,8.54,0
tx103512,7.65,15,147.0,0,5.19,0
tx103513,22.19,20,1087.0,2,2.7,0
tx103514,27.98,16,1237.0,0,3.05,0
tx103515,104.19,21,400.0,2,4.23,0
tx103516,20.63,14,538.0,0,1.41,0
tx103517,50.22,21,1306.0,0,0.26,0
tx103518,15.88,22,879.0,0,0.55,0
tx103519,20.61,6,1638.0,2,2.46,0
tx103520,6.93,11,318.0,2,6.7,0
tx103521,18.1,17,1051.0,3,2.56,0
tx103522,16.45,10,1132.0,1,5.73,0
tx103523,56.55,17,1388.0,2,6.42,0
tx103524,46.59,13,1114.0,1,0.73,0
tx103525,11.35,11,1985.0,2,4.71,0
tx103526,7.93,7,1840.0,1,4.26,0
tx103527,53.66,9,300.0,1,7.61,0
tx103528,9.67,13,1327.0,1,1.64,0
tx103529,23.68,23,409.0,1,11.34,0
tx103530,44.27,9,332.0,1,10.71,0
tx103531,50.75,17,1755.0,0,0.34,0
tx103532,62.9,15,273.0,1,0.61,0
tx103533,29.24,16,605.0,0,5.69,0
tx103534,39.63,19,868.0,0,1.63,0
tx103535,31.71,7,1273.0,1,4.1,0
tx103536,20.25,23,1083.0,2,8.82,0
tx103537,15.95,0,1970.0,0,4.22,0
tx103538,70.66,5,1365.0,2,9.17,0
tx103539,54.46,2,1775.0,1,3.77,0
tx103540,46.3,7,1267.0,0,10.36,0
tx103541,16.8,19,1530.0,1,8.72,0
tx103542,12.4,10,865.0,2,1.61,0
tx103543,33.18,8,1054.0,0,4.37,0
tx103544,62.53,21,267.0,2,0.55,0
tx103545,65.11,13,1348.0,0,3.98,0
tx103546,37.27,10,1857.0,2,10.47,0
tx103547,79.34,10,1661.0,0,2.69,0
tx103548,29.05,20,184.0,2,0.85,0
tx103549,65.69,20,525.0,4,2.23,0
tx103550,23.45,18,377.0,1,0.1,0
tx103551,125.25,0,1224.0,2,4.73,0
tx103552,29.06,12,1528.0,2,0.06,0
tx103553,14.72,10,584.0,0,0.74,0
tx103554,47.01,20,914.0,1,11.77,0
tx103555,26.66,15,1776.0,3,8.0,0
tx103556,13.6,12,1254.0,1,2.61,0
tx103557,34.02,19,1583.0,0,6.05,0
tx103558,53.59,17,416.0,0,2.22,0
tx103559,26.02,12,1224.0,0,3.72,0
tx103560,23.0,11,1548.0,0,2.83,0
tx103561,70.65,15,1466.0,1,1.52,0
tx103562,36.33,14,1033.0,1,2.7,0
tx103563,13.36,14,968.0,2,3.36,0
tx103564,5.21,21,1678.0,1,2.69,0
tx103565,31.85,7,1105.0,1,21.33,0
tx103566,17.64,8,1828.0,1,19.11,0
tx103567,67.92,13,1849.0,1,3.68,0
tx103568,17.0,13,625.0,3,6.12,0
tx103569,26.92,17,239.0,0,9.66,0
tx103570,16.42,18,762.0,1,22.21,0
tx103571,24.73,16,429.0,2,0.93,0
tx103572,24.62,13,319.0,0,4.22,0
tx103573,40.69,12,1930.0,0,10.78,0
tx103574,95.7,16,1338.0,2,0.58,0
tx103575,8.58,9,388.0,2,0.13,0
tx103576,25.64,6,1563.0,1,1.77,0
tx103577,18.34,23,915.0,1,0.68,0
tx103578,24.96,15,1897.0,0,15.54,0
tx103579,9.81,16,663.0,1,0.19,0
tx103580,7.81,11,1239.0,3,12.13,0
tx103581,43.65,6,1103.0,1,4.27,0
tx103582,49.15,9,1320.0,0,6.43,0
tx103583,17.3,11,1244.0,1,4.81,0
tx103584,68.63,9,880.0,1,1.75,0
tx103585,293.56,17,20.0,3,16.33,1
tx103586,15.55,19,1136.0,0,1.72,0
tx103587,6.2,13,1442.0,0,9.04,0
tx103588,33.69,21,176.0,0,2.97,0
tx103589,37.59,17,1506.0,2,1.64,0
tx103590,67.73,18,1244.0,0,0.79,0
tx103591,49.12,8,253.0,0,0.11,0
tx103592,24.16,9,1710.0,2,5.35,0
tx103593,51.68,13,1006.0,1,9.06,0
tx103594,23.99,20,1323.0,1,12.81,0
tx103595,23.45,8,1365.0,2,5.69,0
tx103596,50.79,9,472.0,2,0.41,0
tx103597,18.93,14,716.0,4,0.27,0
tx103598,53.54,19,273.0,1,1.96,0
tx103599,15.73,20,722.0,1,1.89,0
tx103600,39.48,15,1730.0,1,11.11,0
tx103601,27.68,15,156.0,2,0.96,0
tx103602,35.7,19,243.0,1,3.64,0
tx103603,20.63,17,101.0,1,1.36,0
tx103604,13.38,8,1296.0,0,6.9,0
tx103605,18.56,21,1672.0,1,0.4,0
tx103606,42.94,16,1050.0,0,0.37,0
tx103607,423.99,3,16.0,5,323.99,1
tx103608,17.22,12,1129.0,1,5.35,0
tx103609,28.88,14,265.0,1,5.18,0
tx103610,28.05,10,1979.0,0,7.8,0
tx103611,31.17,22,247.0,1,1.24,0
tx103612,47.21,14,1095.0,1,5.25,0
tx103613,41.18,11,1406.0,2,0.13,0
tx103614,28.98,15,1422.0,3,1.05,0
tx103615,657.24,3,51.0,9,34.73,1
tx103616,14.5,19,1696.0,0,0.74,0
tx103617,56.23,20,884.0,1,5.11,0
tx103618,39.84,12,1823.0,2,10.99,0
tx103619,72.45,20,1726.0,0,1.84,0
tx103620,418.65,16,11.0,6,50.76,1
tx103621,23.35,15,766.0,0,1.48,0
tx103622,17.22,18,668.0,1,4.71,0
tx103623,23.61,20,501.0,0,6.96,0
tx103624,22.69,19,1730.0,1,0.19,0
tx103625,17.88,21,262.0,2,0.6,0
tx103626,25.89,19,74.0,1,0.21,0
tx103627,47.47,22,1230.0,2,5.96,0
tx103628,21.52,20,351.0,0,3.81,0
tx103629,22.57,1,1208.0,1,0.43,0
tx103630,43.17,13,319.0,0,1.69,0
tx103631,35.8,12,1745.0,2,7.4,0
tx103632,17.5,12,1156.0,0,0.07,0
tx103633,21.11,15,411.0,1,8.29,0
tx103634,55.02,9,1403.0,3,2.89,0
tx103635,31.83,20,1136.0,0,2.49,0
tx103636,48.3,9,1426.0,0,2.89,0
tx103637,31.29,4,1805.0,1,4.92,0
tx103638,12.98,19,929.0,1,6.09,0
tx103639,36.23,11,325.0,2,6.62,0
tx103640,7.45,20,1317.0,0,0.81,0
tx103641,40.84,6,670.0,0,4.34,0
tx103642,107.51,13,1851.0,1,6.99,0
tx103643,19.72,11,744.0,2,1.17,0
tx103644,56.73,11,865.0,1,7.1,0
tx103645,44.51,14,1788.0,1,14.36,0
tx103646,115.09,20,1496.0,1,0.0,0
tx103647,28.86,16,543.0,0,0.61,0
tx103648,22.15,10,1283.0,0,1.93,0
tx103649,87.93,9,216.0,0,4.77,0
tx103650,61.2,21,1819.0,2,0.25,0
tx103651,29.01,17,1886.0,1,3.57,0
tx103652,35.14,16,328.0,1,0.21,0
tx103653,20.15,2,903.0,3,9.26,0
tx103654,14.37,10,990.0,0,0.2,0
tx103655,31.67,12,623.0,2,0.04,0
tx103656,43.98,10,201.0,0,10.36,0
tx103657,24.02,15,1817.0,1,0.25,0
tx103658,13.63,17,1914.0,0,1.9,0
tx103659,27.23,8,1591.0,2,3.07,0
tx103660,17.96,17,1195.0,0,5.53,0
tx103661,11.34,16,1690.0,1,6.17,0
tx103662,60.73,10,240.0,0,3.69,0
tx103663,37.53,12,134.0,0,11.72,0
tx103664,64.01,12,873.0,4,7.18,0
tx103665,25.59,19,746.0,0,0.26,0
tx103666,20.99,11,659.0,1,14.15,0
tx103667,302.5,5,10.0,7,4.86,1
tx103668,17.89,16,366.0,0,8.34,0
tx103669,15.72,15,785.0,2,0.77,0
tx103670,47.56,14,1291.0,2,9.66,0
tx103671,70.29,8,1999.0,1,0.43,0
tx103672,24.76,15,1586.0,2,12.68,0
tx103673,35.3,15,1430.0,0,2.35,0
tx103674,38.2,13,1197.0,0,1.75,0
tx103675,33.85,10,259.0,3,8.79,0
tx103676,29.16,14,1797.0,1,8.22,0
tx103677,10.33,19,1087.0,0,17.65,0
tx103678,18.27,12,1016.0,1,12.23,0
tx103679,15.88,11,118.0,0,0.54,0
tx103680,33.2,16,877.0,1,0.3,0
tx103681,23.42,9,102.0,1,1.45,0
tx103682,37.12,18,1867.0,0,20.56,0
tx103683,35.01,19,1282.0,0,1.2,0
tx103684,95.61,16,1155.0,2,4.11,0
tx103685,68.11,10,1226.0,0,0.21,0
tx103686,9.86,19,1157.0,0,1.27,0
tx103687,30.02,16,965.0,0,3.0,0
tx103688,16.02,14,736.0,1,4.79,0
tx103689,25.46,15,1765.0,0,3.01,0
tx103690,14.35,4,1231.0,1,2.36,0
tx103691,9.91,20,1924.0,1,1.57,0
tx103692,18.54,10,1938.0,0,10.15,0
tx103693,29.45,21,1670.0,2,0.89,0
tx103694,64.64,8,824.0,0,10.07,0
tx103695,18.47,21,1993.0,0,1.08,0
tx103696,637.7,6,58.0,5,197.8,1
tx103697,13.85,11,1865.0,1,2.35,0
tx103698,33.72,1,1336.0,0,0.29,0
tx103699,17.57,11,346.0,3,2.97,0
tx103700,36.08,20,948.0,0,2.05,0
tx103701,7.42,10,1358.0,0,17.27,0
tx103702,149.17,0,55.0,8,49.26,1
tx103703,1027.08,21,45.0,3,56.87,1
tx103704,28.42,17,277.0,1,7.43,0
tx103705,53.55,2,1027.0,1,4.3,0
tx103706,35.5,20,806.0,0,14.12,0
tx103707,30.53,20,1638.0,0,1.06,0
tx103708,5.76,20,673.0,0,1.82,0
tx103709,1114.47,14,10.0,9,84.72,1
tx103710,19.15,16,288.0,2,4.93,0
tx103711,36.17,10,295.0,1,6.72,0
tx103712,29.09,10,493.0,0,14.43,0
tx103713,16.05,13,571.0,1,0.5,0
tx103714,30.56,16,700.0,1,1.61,0
tx103715,7.49,5,852.0,1,2.96,0
tx103716,43.23,15,126.0,3,11.8,0
tx103717,410.21,1,22.0,6,197.09,1
tx103718,26.93,9,782.0,1,0.44,0
tx103719,52.44,18,1827.0,2,3.21,0
tx103720,26.9,23,1444.0,1,1.1,0
tx103721,29.72,12,159.0,1,5.43,0
tx103722,44.99,18,800.0,1,3.69,0
tx103723,17.38,10,209.0,2,3.39,0
tx103724,33.09,9,943.0,1,5.98,0
tx103725,50.54,14,1579.0,0,10.86,0
tx103726,32.59,17,934.0,1,11.88,0
tx103727,23.2,12,1233.0,2,0.48,0
tx103728,28.38,4,553.0,3,0.78,0
tx103729,34.37,11,615.0,0,17.64,0
tx103730,414.94,16,43.0,5,39.96,1
tx103731,15.01,5,1026.0,2,4.74,0
tx103732,48.57,10,202.0,0,5.9,0
tx103733,48.03,8,1939.0,3,10.75,0
tx103734,47.92,2,1234.0,1,2.94,0
tx103735,34.71,21,415.0,1,0.63,0
tx103736,18.97,3,384.0,0,1.37,0
tx103737,25.32,9,1041.0,1,1.36,0
tx103738,99.34,11,1925.0,1,7.16,0
tx103739,18.83,12,1987.0,2,12.41,0
tx103740,16.27,13,719.0,0,19.58,0
tx103741,41.69,15,1138.0,3,1.33,0
tx103742,22.97,11,1580.0,1,2.7,0
tx103743,59.93,10,1497.0,1,4.1,0
tx103744,54.69,1,1796.0,0,4.58,0
tx103745,36.19,7,807.0,3,5.05,0
tx103746,38.73,21,523.0,0,0.87,0
tx103747,47.78,11,1429.0,2,2.96,0
tx103748,14.0,16,387.0,2,8.46,0
tx103749,11.78,18,1015.0,0,0.37,0
tx103750,39.72,13,410.0,2,4.71,0
tx103751,13.01,18,38.0,2,3.72,0
tx103752,25.55,20,1682.0,3,3.25,0
tx103753,15.62,11,943.0,2,0.17,0
tx103754,46.96,21,667.0,0,1.38,0
tx103755,33.53,12,962.0,0,5.82,0
tx103756,59.39,8,329.0,2,5.47,0
tx103757,43.99,16,1535.0,0,0.03,0
tx103758,7.84,3,1568.0,0,5.29,0
tx103759,65.34,13,1202.0,1,6.3,0
tx103760,42.14,16,84.0,1,4.46,0
tx103761,87.46,8,634.0,0,1.64,0
tx103762,39.16,11,758.0,2,0.12,0
tx103763,24.45,11,1595.0,0,1.56,0
tx103764,35.52,8,604.0,1,2.59,0
tx103765,49.92,9,1593.0,0,2.28,0
tx103766,479.89,7,6.0,3,58.92,1
tx103767,39.28,13,1721.0,0,2.32,0
tx103768,20.55,13,1022.0,2,3.8,0
tx103769,45.99,5,85.0,1,5.5,0
tx103770,16.44,9,438.0,3,0.02,0
tx103771,16.12,14,1594.0,0,2.53,0
tx103772,10.92,20,272.0,1,17.75,0
tx103773,64.47,18,1166.0,1,8.66,0
tx103774,16.02,22,1157.0,0,2.8,0
tx103775,16.9,17,1532.0,0,7.2,0
tx103776,24.03,9,1921.0,1,12.99,0
tx103777,19.75,13,382.0,1,7.98,0
tx103778,41.81,15,926.0,1,2.62,0
tx103779,23.23,0,1048.0,2,2.72,0
tx103780,30.7,12,152.0,2,0.73,0
tx103781,22.38,15,1296.0,2,9.39,0
tx103782,29.0,9,1309.0,1,6.59,0
tx103783,70.8,18,1234.0,1,1.94,0
tx103784,69.73,1,812.0,0,2.74,0
tx103785,29.97,20,684.0,0,5.25,0
tx103786,41.87,16,447.0,0,1.88,0
tx103787,28.42,13,1622.0,0,0.6,0
tx103788,14.1,21,78.0,1,17.19,0
tx103789,50.29,12,246.0,0,0.48,0
tx103790,20.53,19,784.0,1,3.04,0
tx103791,50.29,20,211.0,3,7.45,0
tx103792,53.75,18,1973.0,0,7.14,0
tx103793,30.17,4,1044.0,0,0.11,0
tx103794,25.55,14,1564.0,2,0.99,0
tx103795,62.04,19,1288.0,0,0.93,0
tx103796,13.97,14,1161.0,1,7.11,0
tx103797,20.06,14,843.0,2,1.48,0
tx103798,38.26,6,1562.0,1,4.27,0
tx103799,25.55,10,1484.0,0,10.01,0
tx103800,50.05,20,545.0,2,1.75,0
tx103801,45.78,13,770.0,1,3.28,0
tx103802,45.36,21,537.0,2,9.18,0
tx103803,13.19,13,1200.0,1,0.49,0
tx103804,16.47,10,243.0,1,3.1,0
tx103805,35.24,17,425.0,0,4.56,0
tx103806,25.84,15,1768.0,2,8.71,0
tx103807,28.07,10,279.0,1,4.0,0
tx103808,18.3,9,388.0,2,1.06,0
tx103809,33.45,15,1959.0,1,1.66,0
tx103810,114.81,10,218.0,1,6.3,0
tx103811,33.37,10,880.0,2,6.83,0
tx103812,28.88,19,178.0,0,2.71,0
tx103813,20.87,20,1252.0,1,10.99,0
tx103814,61.21,17,674.0,0,10.71,0
tx103815,56.8,14,1080.0,3,0.32,0
tx103816,38.38,16,101.0,0,2.42,0
tx103817,27.45,12,434.0,3,1.15,0
tx103818,60.33,14,486.0,2,13.27,0
tx103819,17.17,9,1204.0,0,1.59,0
tx103820,53.05,8,833.0,3,2.19,0
tx103821,40.69,17,614.0,0,13.54,0
tx103822,17.39,20,1653.0,1,0.49,0
tx103823,63.39,21,1302.0,1,2.81,0
tx103824,8.82,16,1413.0,1,6.33,0
tx103825,27.29,7,135.0,1,0.15,0
tx103826,17.19,15,39.0,0,3.07,0
tx103827,15.79,17,1452.0,1,4.56,0
tx103828,43.75,14,845.0,1,9.64,0
tx103829,48.34,12,936.0,2,0.91,0
tx103830,25.87,11,68.0,2,15.26,0
tx103831,24.18,22,1126.0,0,1.13,0
tx103832,18.09,21,1247.0,0,9.8,0
tx103833,29.39,8,1318.0,1,6.2,0
tx103834,49.72,3,1640.0,0,17.0,0
tx103835,55.42,13,1217.0,0,16.95,0
tx103836,6.62,19,954.0,1,2.97,0
tx103837,31.24,16,295.0,0,3.76,0
tx103838,31.15,11,1292.0,1,1.69,0
tx103839,52.12,22,1991.0,1,5.76,0
tx103840,13.77,0,1351.0,1,5.26,0
tx103841,37.33,19,976.0,1,1.96,0
tx103842,41.38,17,38.0,0,4.84,0
tx103843,37.75,9,699.0,0,10.64,0
tx103844,39.2,6,452.0,2,11.04,0
tx103845,20.57,8,1495.0,1,1.77,0
tx103846,16.25,13,1919.0,2,9.95,0
tx103847,31.0,21,353.0,1,5.39,0
tx103848,27.0,13,921.0,1,2.09,0
tx103849,29.07,11,1676.0,1,1.4,0
tx103850,47.33,19,130.0,0,1.92,0
tx103851,18.13,17,1305.0,1,4.26,0
tx103852,24.67,22,181.0,1,4.13,0
tx103853,23.95,18,553.0,1,0.15,0
tx103854,34.92,14,1564.0,0,5.27,0
tx103855,15.23,11,138.0,1,1.14,0
tx103856,32.87,20,74.0,0,11.91,0
tx103857,33.43,13,1054.0,0,7.53,0
tx103858,75.73,20,233.0,2,0.17,0
tx103859,46.8,14,1016.0,1,0.22,0
tx103860,72.54,18,1479.0,1,1.48,0
tx103861,39.67,8,1790.0,3,0.9,0
tx103862,30.91,11,148.0,0,15.09,0
tx103863,61.87,16,220.0,2,10.86,0
tx103864,35.95,9,495.0,1,5.94,0
tx103865,32.64,23,1656.0,2,0.17,0
tx103866,12.21,17,1243.0,3,2.97,0
tx103867,217.18,3,2.0,6,8.69,1
tx103868,16.94,3,1933.0,1,0.74,0
tx103869,16.57,14,1417.0,1,8.37,0
tx103870,29.35,11,534.0,2,9.38,0
tx103871,36.5,11,161.0,3,6.59,0
tx103872,28.23,20,1792.0,3,9.42,0
tx103873,14.37,11,1386.0,1,3.82,0
tx103874,38.27,3,368.0,1,9.49,0
tx103875,40.08,18,1287.0,0,2.37,0
tx103876,8.58,15,1362.0,0,16.25,0
tx103877,31.73,18,547.0,2,0.86,0
tx103878,33.28,16,1301.0,2,3.26,0
tx103879,11.44,8,56.0,0,1.88,0
tx103880,25.77,17,651.0,0,3.59,0
tx103881,8.26,21,795.0,2,1.4,0
tx103882,55.87,16,612.0,0,8.31,0
tx103883,16.74,16,1952.0,3,9.03,0
tx103884,33.44,15,172.0,1,7.58,0
tx103885,85.3,8,360.0,2,4.43,0
tx103886,16.63,9,868.0,2,3.64,0
tx103887,49.18,13,1548.0,0,7.01,0
tx103888,32.95,20,806.0,0,7.16,0
tx103889,35.2,12,1930.0,0,7.04,0
tx103890,1277.1,5,16.0,7,58.62,1
tx103891,69.44,23,1504.0,2,7.52,0
tx103892,39.35,19,1480.0,2,0.86,0
tx103893,12.53,1,325.0,1,3.04,0
tx103894,11.36,11,1219.0,2,1.17,0
tx103895,89.37,8,1051.0,1,1.5,0
tx103896,47.1,2,1910.0,0,1.79,0
tx103897,15.61,14,1629.0,2,0.43,0
tx103898,37.21,21,1236.0,0,6.66,0
tx103899,26.01,7,1776.0,0,4.36,0
tx103900,9.19,20,693.0,1,0.52,0
tx103901,55.41,20,137.0,1,7.74,0
tx103902,77.6,6,1899.0,2,0.51,0
tx103903,245.12,1,15.0,10,223.99,1
tx103904,28.89,18,1090.0,2,12.8,0
tx103905,20.63,13,1997.0,0,0.07,0
tx103906,23.12,17,698.0,2,2.22,0
tx103907,26.29,19,1722.0,0,1.87,0
tx103908,80.51,13,1300.0,2,9.14,0
tx103909,635.97,3,14.0,3,76.72,1
tx103910,65.01,18,1746.0,1,15.69,0
tx103911,20.55,10,1799.0,1,16.57,0
tx103912,12.19,15,1868.0,1,4.4,0
tx103913,12.77,15,1222.0,2,7.19,0
tx103914,8.21,10,429.0,1,2.21,0
tx103915,17.35,15,1315.0,4,0.4,0
tx103916,58.22,18,1938.0,0,20.65,0
tx103917,50.17,12,1660.0,4,1.44,0
tx103918,52.38,19,374.0,3,16.94,0
tx103919,23.9,12,619.0,0,1.91,0
tx103920,18.52,18,876.0,4,3.45,0
tx103921,29.1,5,656.0,1,13.36,0
tx103922,18.73,17,311.0,0,9.3,0
tx103923,54.98,11,1681.0,2,0.91,0
tx103924,28.46,20,402.0,2,1.09,0
tx103925,20.14,15,1434.0,1,10.63,0
tx103926,190.82,13,54.0,7,25.68,1
tx103927,5.66,3,1586.0,3,0.04,0
tx103928,21.53,20,1554.0,0,3.96,0
tx103929,54.19,2,943.0,0,1.12,0
tx103930,96.02,21,466.0,0,1.73,0
tx103931,18.66,13,700.0,1,3.8,0
tx103932,22.71,7,397.0,1,4.66,0
tx103933,148.87,17,1015.0,3,0.68,0
tx103934,26.34,1,459.0,0,5.32,0
tx103935,16.83,11,1668.0,2,11.44,0
tx103936,30.18,4,926.0,0,7.15,0
tx103937,21.96,15,968.0,0,4.78,0
tx103938,37.33,14,772.0,1,17.05,0
tx103939,20.1,10,1575.0,0,0.64,0
tx103940,61.57,10,1282.0,0,2.05,0
tx103941,14.92,7,1955.0,1,2.12,0
tx103942,33.56,22,1955.0,1,1.61,0
tx103943,15.71,11,1053.0,1,6.76,0
tx103944,30.16,1,1045.0,0,1.31,0
tx103945,34.18,13,429.0,1,7.6,0
tx103946,49.56,14,1919.0,0,6.14,0
tx103947,26.76,19,1402.0,0,1.8,0
tx103948,36.94,18,1219.0,0,2.76,0
tx103949,43.32,15,1989.0,2,3.48,0
tx103950,33.82,19,1511.0,0,4.39,0
tx103951,46.02,16,421.0,0,6.0,0
tx103952,48.56,12,388.0,0,7.29,0
tx103953,34.59,12,152.0,1,0.92,0
tx103954,25.46,15,1458.0,1,3.56,0
tx103955,63.16,11,1868.0,4,2.87,0
tx103956,29.61,16,841.0,2,0.33,0
tx103957,25.99,21,1160.0,1,5.83,0
tx103958,29.55,13,874.0,0,7.63,0
tx103959,36.67,12,519.0,0,0.79,0
tx103960,18.15,0,287.0,2,5.82,0
tx103961,20.49,21,636.0,1,0.93,0
tx103962,27.07,23,182.0,1,2.89,0
tx103963,28.32,8,466.0,3,6.29,0
tx103964,41.69,8,1095.0,3,1.07,0
tx103965,22.12,15,1604.0,1,7.46,0
tx103966,37.18,5,1243.0,2,5.5,0
tx103967,41.84,5,556.0,1,4.25,0
tx103968,28.78,10,852.0,2,2.96,0
tx103969,11.08,15,1060.0,0,4.81,0
tx103970,48.87,15,1012.0,0,10.52,0
tx103971,28.32,9,388.0,0,1.63,0
tx103972,15.39,18,516.0,0,1.19,0
tx103973,37.94,18,748.0,1,17.41,0
tx103974,19.58,13,1553.0,2,3.29,0
tx103975,85.32,12,1694.0,0,12.98,0
tx103976,15.23,15,313.0,3,1.42,0
tx103977,56.19,12,507.0,1,9.71,0
tx103978,24.17,6,1908.0,1,3.55,0
tx103979,13.61,16,503.0,1,5.67,0
tx103980,22.38,12,1931.0,0,1.48,0
tx103981,64.62,16,201.0,0,0.86,0
tx103982,56.23,15,1358.0,0,4.49,0
tx103983,117.97,5,2.0,4,73.31,1
tx103984,18.55,2,1330.0,1,2.74,0
tx103985,45.72,16,1789.0,2,2.1,0
tx103986,23.09,10,414.0,0,0.02,0
tx103987,56.98,13,1197.0,3,6.94,0
tx103988,42.01,14,1920.0,2,1.23,0
tx103989,38.02,21,170.0,0,7.31,0
tx103990,30.67,19,988.0,1,11.84,0
tx103991,18.74,8,932.0,1,11.22,0
tx103992,18.13,12,646.0,2,1.02,0
tx103993,22.6,16,735.0,1,0.92,0
tx103994,29.42,14,35.0,2,0.66,0
tx103995,25.31,17,847.0,1,11.2,0
tx103996,15.55,11,866.0,1,8.36,0
tx103997,17.88,18,1503.0,0,3.98,0
tx103998,28.93,4,424.0,2,0.16,0
tx103999,36.65,18,876.0,0,0.15,0
tx104000,22.29,14,1726.0,4,3.56,0
tx104001,41.78,16,236.0,1,0.68,0
tx104002,17.01,8,919.0,0,3.03,0
tx104003,31.09,8,1123.0,0,4.65,0
tx104004,36.55,17,481.0,1,0.41,0
tx104005,40.44,3,1802.0,1,2.45,0
tx104006,72.01,16,1872.0,2,14.78,0
tx104007,22.54,21,1311.0,2,2.09,0
tx104008,18.06,15,1660.0,0,12.17,0
tx104009,9.75,11,210.0,2,2.03,0
tx104010,26.35,11,1599.0,0,0.19,0
tx104011,13.9,12,1160.0,2,13.25,0
tx104012,10.1,14,1608.0,2,6.39,0
tx104013,62.98,9,593.0,4,13.5,0
tx104014,29.22,12,665.0,0,3.73,0
tx104015,39.64,12,1865.0,1,0.26,0
tx104016,22.58,15,674.0,0,0.07,0
tx104017,411.56,0,44.0,8,21.62,1
tx104018,13.07,2,1863.0,2,0.71,0
tx104019,69.42,22,1091.0,0,2.53,0
tx104020,35.04,13,1063.0,3,6.57,0
tx104021,33.02,12,1713.0,1,6.91,0
tx104022,17.3,22,229.0,2,0.59,0
tx104023,22.05,8,1462.0,0,6.28,0
tx104024,7.63,20,1553.0,2,5.76,0
tx104025,39.29,18,863.0,1,1.23,0
tx104026,19.78,17,1768.0,1,3.49,0
tx104027,39.21,15,891.0,0,4.56,0
tx104028,32.55,12,1367.0,0,5.4,0
tx104029,22.43,0,796.0,1,10.24,0
tx104030,45.72,2,283.0,1,3.58,0
tx104031,31.26,19,1005.0,1,8.9,0
tx104032,47.3,21,278.0,1,9.94,0
tx104033,11.67,9,141.0,1,0.23,0
tx104034,49.22,12,914.0,2,2.45,0
tx104035,27.15,10,263.0,1,1.75,0
tx104036,58.93,10,1401.0,1,1.6,0
tx104037,12.95,15,77.0,1,20.71,0
tx104038,10.17,20,1606.0,0,2.81,0
tx104039,35.97,11,769.0,2,7.68,0
tx104040,17.55,23,1097.0,1,3.51,0
tx104041,27.54,3,384.0,0,2.49,0
tx104042,22.75,18,1571.0,0,0.79,0
tx104043,24.42,19,517.0,1,15.6,0
tx104044,18.6,4,1795.0,0,0.82,0
tx104045,19.6,12,232.0,2,2.62,0
tx104046,25.7,12,300.0,0,4.16,0
tx104047,15.89,8,201.0,0,21.3,0
tx104048,20.62,10,376.0,0,13.95,0
tx104049,23.46,13,1756.0,1,4.51,0
tx104050,43.07,11,1323.0,2,0.08,0
tx104051,15.12,1,639.0,2,1.69,0
tx104052,29.65,12,1598.0,3,0.24,0
tx104053,23.37,23,877.0,1,6.8,0
tx104054,33.04,14,711.0,2,1.15,0
tx104055,15.39,20,591.0,0,3.72,0
tx104056,15.49,21,1413.0,1,5.03,0
tx104057,38.6,17,1771.0,0,2.67,0
tx104058,11.29,23,798.0,1,0.61,0
tx104059,37.26,22,239.0,2,2.93,0
tx104060,215.64,0,7.0,4,87.79,1
tx104061,28.18,13,508.0,1,14.67,0
tx104062,37.88,8,949.0,1,2.44,0
tx104063,23.17,9,1120.0,2,4.28,0
tx104064,743.43,1,25.0,4,12.31,1
tx104065,18.79,17,1992.0,1,2.26,0
tx104066,16.21,11,1681.0,0,9.04,0
tx104067,46.71,20,955.0,1,2.29,0
tx104068,9.25,21,956.0,1,15.31,0
tx104069,28.14,19,1572.0,0,8.12,0
tx104070,52.68,8,1804.0,1,2.97,0
tx104071,25.95,8,1713.0,1,6.71,0
tx104072,53.57,21,1587.0,1,9.77,0
tx104073,17.59,6,168.0,1,0.77,0
tx104074,33.36,17,688.0,2,0.23,0
tx104075,410.28,8,5.0,5,1.2,1
tx104076,46.9,15,1589.0,0,5.62,0
tx104077,40.48,11,1293.0,1,5.84,0
tx104078,18.61,15,1038.0,0,4.52,0
tx104079,36.3,19,509.0,1,3.29,0
tx104080,11.79,0,1590.0,2,2.33,0
tx104081,39.16,23,1371.0,1,2.75,0
tx104082,21.69,12,1329.0,0,19.25,0
tx104083,59.44,15,1477.0,1,12.31,0
tx104084,50.98,15,362.0,0,3.19,0
tx104085,13.91,15,683.0,0,2.8,0
tx104086,15.02,16,985.0,0,1.09,0
tx104087,75.69,2,1710.0,0,5.4,0
tx104088,36.41,9,73.0,2,1.64,0
tx104089,76.86,20,1625.0,1,7.38,0
tx104090,39.2,10,161.0,2,1.92,0
tx104091,69.72,19,644.0,0,9.53,0
tx104092,55.29,12,719.0,0,23.08,0
tx104093,50.7,8,1509.0,0,10.75,0
tx104094,20.52,21,598.0,1,5.06,0
tx104095,43.88,1,1968.0,4,1.52,0
tx104096,35.92,22,352.0,1,5.04,0
tx104097,37.23,8,1449.0,0,0.09,0
tx104098,39.85,15,455.0,1,3.0,0
tx104099,18.35,15,1770.0,2,5.57,0
tx104100,15.73,15,604.0,2,0.68,0
tx104101,28.22,20,1945.0,0,1.16,0
tx104102,19.99,17,70.0,0,1.34,0
tx104103,30.94,12,882.0,2,4.26,0
tx104104,52.81,13,495.0,1,8.42,0
tx104105,8.31,17,479.0,1,0.95,0
tx104106,43.8,5,99.0,1,11.79,0
tx104107,35.31,17,1562.0,0,2.04,0
tx104108,15.91,15,48.0,0,2.47,0
tx104109,35.94,18,1514.0,3,16.21,0
tx104110,25.28,12,180.0,2,3.87,0
tx104111,37.01,17,1614.0,0,1.33,0
tx104112,29.29,10,623.0,3,4.72,0
tx104113,20.56,11,1245.0,3,1.96,0
tx104114,22.99,18,384.0,0,8.58,0
tx104115,35.66,16,1159.0,0,4.74,0
tx104116,72.09,16,505.0,1,3.72,0
tx104117,15.27,15,713.0,2,7.4,0
tx104118,5.79,16,491.0,1,2.13,0
tx104119,26.79,8,1473.0,2,0.17,0
tx104120,14.85,14,772.0,1,14.88,0
tx104121,27.92,16,553.0,2,1.74,0
tx104122,26.52,17,1001.0,1,13.25,0
tx104123,37.51,16,1181.0,0,4.84,0
tx104124,47.52,18,841.0,1,0.81,0
tx104125,310.68,3,54.0,8,56.46,1
tx104126,100.14,8,931.0,0,6.84,0
tx104127,23.25,19,1759.0,2,0.72,0
tx104128,46.7,16,1451.0,4,4.18,0
tx104129,54.59,8,127.0,2,2.07,0
tx104130,46.98,3,1052.0,0,4.42,0
tx104131,8.69,2,1815.0,1,2.07,0
tx104132,20.56,18,172.0,0,13.31,0
tx104133,24.39,16,754.0,1,18.99,0
tx104134,13.48,18,557.0,1,4.66,0
tx104135,17.66,10,738.0,0,3.67,0
tx104136,35.53,17,1929.0,1,3.51,0
tx104137,7.02,17,669.0,0,9.5,0
tx104138,31.11,10,1998.0,0,3.82,0
tx104139,42.4,18,1211.0,2,20.72,0
tx104140,37.89,13,1181.0,1,2.14,0
tx104141,111.09,0,50.0,4,1.14,1
tx104142,25.95,10,1841.0,1,5.53,0
tx104143,10.89,14,632.0,0,1.39,0
tx104144,26.59,11,1971.0,0,4.19,0
tx104145,38.59,8,1323.0,0,19.17,0
tx104146,25.97,20,199.0,0,10.25,0
tx104147,10.59,16,1645.0,0,10.31,0
tx104148,41.15,13,60.0,0,2.71,0
tx104149,43.35,9,174.0,1,5.86,0
tx104150,34.68,23,636.0,1,7.54,0
tx104151,29.94,17,1725.0,1,0.21,0
tx104152,32.93,3,422.0,1,0.54,0
tx104153,56.05,16,1029.0,1,4.7,0
tx104154,27.28,10,597.0,1,1.56,0
tx104155,52.75,19,671.0,1,1.57,0
tx104156,157.66,18,1439.0,1,11.33,0
tx104157,10.65,0,626.0,0,0.16,0
tx104158,104.17,19,922.0,1,1.63,0
tx104159,39.26,7,1861.0,1,7.16,0
tx104160,35.59,20,1286.0,0,0.94,0
tx104161,57.31,0,1238.0,0,3.11,0
tx104162,67.5,15,620.0,0,7.97,0
tx104163,32.19,19,1643.0,1,15.46,0
tx104164,19.39,7,651.0,2,8.08,0
tx104165,15.1,14,1179.0,2,47.44,0
tx104166,46.62,19,469.0,0,4.48,0
tx104167,38.56,13,1542.0,2,5.99,0
tx104168,67.48,17,1223.0,2,0.2,0
tx104169,42.45,20,1765.0,2,12.87,0
tx104170,26.01,14,1262.0,2,1.53,0
tx104171,34.5,16,1159.0,3,0.43,0
tx104172,24.72,12,1032.0,1,2.22,0
tx104173,46.47,21,1883.0,1,1.01,0
tx104174,38.73,15,565.0,0,2.75,0
tx104175,28.36,15,123.0,1,8.74,0
tx104176,42.82,0,396.0,0,1.19,0
tx104177,22.86,14,811.0,0,5.89,0
tx104178,27.03,13,792.0,1,11.05,0
tx104179,16.45,19,149.0,0,1.02,0
tx104180,28.65,20,958.0,3,1.63,0
tx104181,87.94,11,1414.0,1,1.44,0
tx104182,46.32,13,134.0,1,1.41,0
tx104183,35.94,13,1289.0,2,0.05,0
tx104184,21.27,17,510.0,2,9.32,0
tx104185,12.29,20,366.0,1,7.47,0
tx104186,55.39,12,1693.0,1,0.32,0
tx104187,26.76,11,169.0,2,5.85,0
tx104188,48.98,6,1743.0,1,4.37,0
tx104189,34.79,15,283.0,0,7.84,0
tx104190,28.9,21,1056.0,0,2.61,0
tx104191,1181.28,10,13.0,6,17.54,1
tx104192,19.89,19,881.0,3,0.55,0
tx104193,32.95,8,1395.0,1,6.86,0
tx104194,17.86,17,489.0,1,6.4,0
tx104195,42.07,15,1862.0,1,2.85,0
tx104196,15.15,9,1792.0,1,7.48,0
tx104197,46.27,15,472.0,0,4.68,0
tx104198,42.72,12,1853.0,1,0.29,0
tx104199,30.18,5,1480.0,0,3.28,0
tx104200,11.47,9,1429.0,0,2.77,0
tx104201,10.63,13,1002.0,1,1.83,0
tx104202,37.17,5,862.0,2,2.02,0
tx104203,460.98,2,4.0,7,116.84,1
tx104204,61.83,18,479.0,1,3.5,0
tx104205,76.46,18,1782.0,0,0.2,0
tx104206,121.1,17,225.0,2,26.49,0
tx104207,22.6,7,387.0,0,3.25,0
tx104208,74.97,15,130.0,1,0.38,0
tx104209,13.54,18,1091.0,1,1.43,0
tx104210,43.85,22,1757.0,1,1.22,0
tx104211,24.84,16,1395.0,1,10.93,0
tx104212,37.01,18,1840.0,5,2.28,0
tx104213,43.23,13,218.0,2,6.25,0
tx104214,14.48,16,1373.0,1,2.87,0
tx104215,472.98,15,20.0,6,5.65,1
tx104216,33.47,17,1541.0,2,0.44,0
tx104217,31.59,15,1457.0,4,9.78,0
tx104218,182.01,2,53.0,5,17.76,1
tx104219,19.1,14,1111.0,2,9.37,0
tx104220,40.56,13,535.0,3,4.87,0
tx104221,38.99,8,1865.0,1,10.4,0
tx104222,47.91,13,1656.0,1,1.18,0
tx104223,18.99,10,663.0,4,3.73,0
tx104224,31.45,10,1157.0,3,11.81,0
tx104225,12.58,9,1667.0,1,3.51,0
tx104226,12.29,14,167.0,2,1.59,0
tx104227,39.25,16,1399.0,0,2.15,0
tx104228,25.97,21,474.0,3,5.39,0
tx104229,36.12,9,1281.0,0,2.98,0
tx104230,35.76,4,1905.0,1,0.51,0
tx104231,31.87,7,98.0,1,0.26,0
tx104232,160.74,1,1486.0,4,7.32,0
tx104233,42.06,12,1041.0,0,5.48,0
tx104234,55.43,16,742.0,1,1.01,0
tx104235,17.71,8,1673.0,1,4.07,0
tx104236,29.73,10,1746.0,0,8.56,0
tx104237,14.92,10,662.0,0,10.79,0
tx104238,58.75,2,1514.0,1,7.36,0
tx104239,31.64,22,958.0,1,3.8,0
tx104240,12.21,18,509.0,0,0.1,0
tx104241,20.4,9,556.0,0,0.76,0
tx104242,7.45,10,1927.0,0,2.53,0
tx104243,21.76,9,1510.0,1,6.66,0
tx104244,201.81,9,89.0,1,0.49,0
tx104245,28.08,13,333.0,4,1.12,0
tx104246,13.33,11,700.0,0,4.07,0
tx104247,30.36,21,1542.0,0,19.97,0
tx104248,27.52,13,786.0,2,0.24,0
tx104249,52.69,15,790.0,2,8.22,0
tx104250,56.65,21,31.0,0,9.41,0
tx104251,95.81,21,1013.0,1,5.37,0
tx104252,13.72,13,1822.0,1,2.27,0
tx104253,9.69,21,1884.0,1,10.46,0
tx104254,18.29,2,1826.0,0,8.81,0
tx104255,59.11,23,1793.0,1,10.19,0
tx104256,18.17,10,1569.0,3,0.84,0
tx104257,10.44,21,169.0,1,5.52,0
tx104258,14.7,16,566.0,2,0.28,0
tx104259,9.91,10,1163.0,4,6.38,0
tx104260,22.93,8,1073.0,0,5.42,0
tx104261,26.84,21,1972.0,2,9.62,0
tx104262,28.9,19,1412.0,2,3.48,0
tx104263,27.96,13,1984.0,1,2.83,0
tx104264,82.22,11,1142.0,3,1.36,0
tx104265,67.69,13,1675.0,2,8.18,0
tx104266,64.74,12,1313.0,0,0.54,0
tx104267,7.17,22,142.0,0,7.6,0
tx104268,27.99,23,385.0,2,4.76,0
tx104269,16.31,18,57.0,1,0.42,0
tx104270,19.98,5,1951.0,1,9.76,0
tx104271,21.69,6,1570.0,0,2.8,0
tx104272,21.84,10,226.0,1,6.52,0
tx104273,28.49,9,917.0,0,19.15,0
tx104274,24.26,16,1273.0,1,2.97,0
tx104275,47.56,17,994.0,0,1.75,0
tx104276,37.12,19,779.0,2,3.02,0
tx104277,18.79,20,687.0,1,2.21,0
tx104278,69.08,13,560.0,2,1.73,0
tx104279,29.2,8,981.0,2,23.84,0
tx104280,36.48,8,1269.0,2,2.13,0
tx104281,39.72,17,842.0,1,3.75,0
tx104282,15.75,15,236.0,1,4.84,0
tx104283,30.12,14,1468.0,0,3.07,0
tx104284,44.99,11,1776.0,1,17.45,0
tx104285,24.09,9,1230.0,1,3.15,0
tx104286,48.69,14,1664.0,1,1.7,0
tx104287,36.21,13,843.0,0,0.74,0
tx104288,24.31,9,1554.0,1,1.26,0
tx104289,12.77,13,182.0,1,0.65,0
tx104290,65.54,17,746.0,1,1.6,0
tx104291,23.18,13,812.0,1,4.14,0
tx104292,37.12,17,1643.0,0,2.83,0
tx104293,11.64,19,745.0,0,0.9,0
tx104294,9.62,17,701.0,1,3.93,0
tx104295,27.23,21,704.0,0,0.46,0
tx104296,29.22,19,1263.0,1,6.99,0
tx104297,13.85,12,705.0,1,0.17,0
tx104298,14.92,11,1413.0,2,5.78,0
tx104299,37.15,20,1119.0,1,2.6,0
tx104300,26.06,21,393.0,3,1.47,0
tx104301,54.15,15,339.0,2,2.69,0
tx104302,25.67,22,573.0,0,10.08,0
tx104303,67.9,5,775.0,1,0.06,0
tx104304,27.9,20,735.0,1,7.24,0
tx104305,27.8,18,205.0,0,13.21,0
tx104306,57.05,18,1607.0,0,4.7,0
tx104307,33.65,13,310.0,0,0.44,0
tx104308,37.12,9,145.0,1,3.28,0
tx104309,22.98,21,1103.0,1,4.44,0
tx104310,20.42,13,1662.0,2,2.53,0
tx104311,42.42,17,1263.0,1,1.41,0
tx104312,50.31,20,280.0,0,4.67,0
tx104313,10.05,13,956.0,0,4.08,0
tx104314,20.91,21,1354.0,1,2.2,0
tx104315,42.52,15,1591.0,0,5.95,0
tx104316,25.42,16,181.0,0,11.01,0
tx104317,23.85,13,1686.0,0,3.88,0
tx104318,18.2,17,1094.0,1,12.45,0
tx104319,41.44,8,777.0,1,3.19,0
tx104320,45.54,20,234.0,0,9.55,0
tx104321,18.71,9,667.0,1,4.79,0
tx104322,140.26,16,1447.0,1,5.05,0
tx104323,21.34,12,1618.0,0,0.2,0
tx104324,23.14,10,401.0,2,3.99,0
tx104325,15.05,8,1244.0,3,1.4,0
tx104326,27.33,13,1534.0,1,0.99,0
tx104327,36.06,9,1010.0,0,14.83,0
tx104328,26.71,20,801.0,1,9.32,0
tx104329,44.05,20,498.0,0,4.94,0
tx104330,45.27,23,1663.0,1,2.33,0
tx104331,37.22,16,1889.0,1,0.3,0
tx104332,48.32,17,1441.0,2,2.77,0
tx104333,35.28,18,1902.0,0,10.92,0
tx104334,19.36,12,1279.0,0,0.65,0
tx104335,11.37,17,167.0,0,5.38,0
tx104336,30.49,16,1896.0,1,3.99,0
tx104337,33.78,9,941.0,2,2.23,0
tx104338,5.76,14,288.0,0,2.68,0
tx104339,39.97,4,1549.0,4,0.35,0
tx104340,13.42,13,1689.0,2,0.95,0
tx104341,38.61,21,1218.0,0,3.89,0
tx104342,11.92,16,372.0,1,7.95,0
tx104343,784.38,1,21.0,7,10.47,1
tx104344,63.42,20,848.0,1,14.07,0
tx104345,30.55,11,1394.0,3,12.66,0
tx104346,29.41,10,897.0,1,1.22,0
tx104347,26.41,15,483.0,0,0.32,0
tx104348,16.35,12,339.0,1,11.88,0
tx104349,76.42,19,308.0,1,2.86,0
tx104350,22.97,18,585.0,0,0.01,0
tx104351,45.96,10,1271.0,2,2.63,0
tx104352,26.17,17,773.0,3,14.58,0
tx104353,42.23,10,317.0,1,10.51,0
tx104354,13.43,16,474.0,1,3.9,0
tx104355,53.64,13,1341.0,3,10.31,0
tx104356,57.82,12,413.0,1,0.3,0
tx104357,49.54,14,909.0,0,0.37,0
tx104358,106.98,18,727.0,1,9.55,0
tx104359,38.6,0,893.0,2,8.78,0
tx104360,33.32,19,1684.0,2,4.12,0
tx104361,26.91,15,1484.0,1,10.25,0
tx104362,58.64,15,700.0,1,5.85,0
tx104363,21.41,21,753.0,1,0.77,0
tx104364,15.72,14,484.0,3,5.24,0
tx104365,20.16,0,1281.0,0,1.83,0
tx104366,34.14,15,914.0,1,0.21,0
tx104367,23.42,10,1212.0,0,2.55,0
tx104368,46.77,9,304.0,2,6.68,0
tx104369,28.84,0,476.0,0,0.0,0
tx104370,18.44,18,514.0,1,8.09,0
tx104371,25.7,11,256.0,3,3.3,0
tx104372,18.58,8,675.0,1,1.24,0
tx104373,18.92,3,782.0,1,2.36,0
tx104374,29.82,14,1015.0,1,0.06,0
tx104375,30.09,21,1343.0,1,5.51,0
tx104376,23.79,21,1349.0,3,1.05,0
tx104377,28.29,19,1577.0,0,10.21,0
tx104378,35.37,19,736.0,2,1.58,0
tx104379,20.24,3,57.0,2,1.28,0
tx104380,161.67,10,75.0,3,4.91,0
tx104381,18.7,13,1357.0,2,11.59,0
tx104382,20.95,16,1844.0,1,25.69,0
tx104383,40.86,21,51.0,1,3.89,0
tx104384,84.55,16,1622.0,0,0.2,0
tx104385,63.33,8,243.0,2,15.62,0
tx104386,13.6,16,1804.0,0,3.57,0
tx104387,14.84,6,1064.0,0,1.91,0
tx104388,12.53,19,1369.0,4,0.53,0
tx104389,62.62,17,289.0,2,1.91,0
tx104390,37.8,12,930.0,0,1.7,0
tx104391,44.11,16,1193.0,3,10.45,0
tx104392,11.73,9,1558.0,0,18.09,0
tx104393,91.08,10,214.0,1,5.72,0
tx104394,31.86,15,457.0,1,3.54,0
tx104395,8.5,7,949.0,2,4.43,0
tx104396,21.09,15,1523.0,0,12.91,0
tx104397,36.27,20,882.0,1,4.49,0
tx104398,53.4,13,1220.0,1,13.38,0
tx104399,35.49,12,1481.0,0,0.46,0
tx104400,43.96,10,1959.0,1,5.0,0
tx104401,22.85,11,671.0,1,2.85,0
tx104402,40.96,17,1457.0,1,0.09,0
tx104403,11.46,21,1150.0,1,8.59,0
tx104404,37.33,15,316.0,0,9.1,0
tx104405,18.03,20,663.0,0,9.32,0
tx104406,29.66,18,1507.0,0,4.33,0
tx104407,40.59,16,1276.0,2,6.18,0
tx104408,51.06,9,1724.0,1,5.11,0
tx104409,56.34,16,1820.0,0,6.45,0
tx104410,15.63,20,684.0,0,17.44,0
tx104411,30.63,21,801.0,1,3.54,0
tx104412,64.04,19,831.0,2,4.9,0
tx104413,17.68,15,387.0,0,8.4,0
tx104414,46.79,16,1146.0,0,2.95,0
tx104415,56.57,11,1920.0,1,8.67,0
tx104416,19.96,4,1870.0,1,6.11,0
tx104417,17.96,21,1594.0,1,2.02,0
tx104418,23.86,20,165.0,1,4.79,0
tx104419,72.75,19,1988.0,1,6.66,0
tx104420,47.77,8,1127.0,0,4.37,0
tx104421,17.28,17,414.0,0,0.86,0
tx104422,27.34,19,356.0,1,0.63,0
tx104423,41.21,13,61.0,1,5.46,0
tx104424,27.12,18,1047.0,4,6.48,0
tx104425,12.23,16,1486.0,2,4.48,0
tx104426,51.58,20,1135.0,1,1.67,0
tx104427,17.09,17,669.0,0,8.6,0
tx104428,68.7,13,797.0,2,2.54,0
tx104429,16.34,20,1484.0,0,5.72,0
tx104430,18.69,6,1652.0,2,3.0,0
tx104431,60.1,14,859.0,0,0.93,0
tx104432,34.61,9,1074.0,1,3.05,0
tx104433,80.26,13,907.0,0,5.96,0
tx104434,45.33,12,1041.0,0,9.04,0
tx104435,40.01,3,1987.0,1,12.2,0
tx104436,8.79,15,1146.0,0,5.05,0
tx104437,35.24,13,558.0,2,2.09,0
tx104438,53.97,11,234.0,0,10.21,0
tx104439,56.8,13,432.0,3,8.31,0
tx104440,37.02,15,1174.0,1,1.46,0
tx104441,36.92,19,1516.0,3,5.11,0
tx104442,61.05,13,1342.0,2,2.07,0
tx104443,30.31,12,1560.0,2,0.13,0
tx104444,66.81,10,1180.0,1,1.69,0
tx104445,43.02,9,772.0,1,2.32,0
tx104446,36.07,8,993.0,0,3.87,0
tx104447,82.79,8,1976.0,1,7.11,0
tx104448,43.6,8,1674.0,0,3.03,0
tx104449,47.69,11,1054.0,0,2.18,0
tx104450,20.59,15,658.0,0,3.76,0
tx104451,53.54,9,261.0,0,1.94,0
tx104452,20.85,17,1434.0,0,3.81,0
tx104453,81.99,20,568.0,0,6.97,0
tx104454,19.21,9,1498.0,3,2.45,0
tx104455,56.48,21,1859.0,0,3.67,0
tx104456,22.05,9,571.0,1,0.72,0
tx104457,25.04,2,1560.0,1,2.37,0
tx104458,537.18,3,18.0,2,99.91,1
tx104459,22.04,9,803.0,1,19.72,0
tx104460,26.22,19,1370.0,1,2.15,0
tx104461,26.07,4,344.0,1,4.09,0
tx104462,8.41,18,1285.0,2,8.6,0
tx104463,16.78,8,541.0,0,6.82,0
tx104464,36.08,15,110.0,1,3.52,0
tx104465,6.1,18,1825.0,0,0.77,0
tx104466,5.06,8,36.0,1,1.31,0
tx104467,82.71,14,1545.0,0,0.57,0
tx104468,35.96,8,497.0,1,2.82,0
tx104469,11.67,13,265.0,2,8.17,0
tx104470,25.23,22,1899.0,1,4.79,0
tx104471,10.47,14,350.0,0,4.92,0
tx104472,24.85,11,613.0,0,3.9,0
tx104473,32.99,21,1496.0,0,2.67,0
tx104474,1022.87,14,37.0,5,60.9,1
tx104475,25.36,8,1577.0,2,0.25,0
tx104476,154.28,8,1424.0,0,11.18,0
tx104477,60.03,21,401.0,1,1.29,0
tx104478,24.84,20,146.0,1,14.03,0
tx104479,15.93,18,1269.0,1,14.99,0
tx104480,13.02,12,1067.0,0,2.21,0
tx104481,29.75,12,339.0,1,0.5,0
tx104482,38.08,7,1958.0,1,0.95,0
tx104483,17.82,12,1740.0,1,3.6,0
tx104484,20.35,12,1692.0,3,0.18,0
tx104485,9.28,12,1043.0,0,5.48,0
tx104486,46.51,20,374.0,0,4.7,0
tx104487,184.76,21,1590.0,0,5.08,0
tx104488,76.35,15,698.0,0,6.11,0
tx104489,32.02,10,919.0,1,4.41,0
tx104490,34.37,19,1375.0,0,1.81,0
tx104491,30.76,8,1153.0,1,6.84,0
tx104492,11.74,0,1695.0,1,2.75,0
tx104493,12.18,23,1054.0,4,7.02,0
tx104494,12.22,16,1620.0,1,3.64,0
tx104495,17.31,9,1929.0,1,18.41,0
tx104496,27.08,20,1892.0,2,6.84,0
tx104497,36.67,13,283.0,2,8.1,0
tx104498,35.46,14,244.0,0,0.67,0
tx104499,11.41,8,675.0,1,0.09,0
tx104500,57.88,11,1146.0,2,1.16,0
tx104501,25.62,8,937.0,0,1.18,0
tx104502,7.77,16,1119.0,1,1.12,0
tx104503,26.23,14,508.0,1,2.29,0
tx104504,125.73,8,437.0,2,2.42,0
tx104505,54.84,11,1350.0,2,0.2,0
tx104506,34.54,18,633.0,1,6.64,0
tx104507,103.24,22,789.0,0,0.28,0
tx104508,51.73,12,82.0,1,3.32,0
tx104509,43.76,15,132.0,1,6.14,0
tx104510,14.92,15,325.0,0,5.98,0
tx104511,90.21,12,909.0,0,3.17,0
tx104512,41.65,18,92.0,0,2.53,0
tx104513,29.99,0,463.0,2,14.04,0
tx104514,21.12,21,1676.0,0,10.21,0
tx104515,26.65,3,319.0,2,4.86,0
tx104516,36.58,13,953.0,0,1.1,0
tx104517,22.79,1,1727.0,1,5.78,0
tx104518,29.83,23,66.0,1,0.87,0
tx104519,88.33,9,542.0,0,7.26,0
tx104520,11.06,21,1450.0,0,2.94,0
tx104521,25.58,18,1598.0,2,1.09,0
tx104522,23.55,11,829.0,1,2.97,0
tx104523,17.43,10,1624.0,0,4.66,0
tx104524,26.75,10,1239.0,3,5.21,0
tx104525,35.19,7,61.0,0,2.73,0
tx104526,33.5,18,1232.0,0,12.01,0
tx104527,40.47,20,339.0,2,10.48,0
tx104528,45.22,18,1051.0,1,0.85,0
tx104529,25.62,12,1464.0,0,11.35,0
tx104530,54.88,13,744.0,1,17.39,0
tx104531,37.02,3,1681.0,0,1.92,0
tx104532,43.13,9,1129.0,1,1.12,0
tx104533,32.56,13,1396.0,0,1.35,0
tx104534,8.95,3,685.0,1,1.18,0
tx104535,19.28,8,981.0,0,6.21,0
tx104536,37.57,13,1882.0,0,1.05,0
tx104537,48.18,10,997.0,0,12.87,0
tx104538,23.24,16,959.0,1,4.07,0
tx104539,28.8,11,1060.0,1,12.67,0
tx104540,37.13,11,1989.0,3,0.69,0
tx104541,7.91,5,1551.0,0,3.11,0
tx104542,52.19,11,1574.0,1,8.72,0
tx104543,98.43,14,356.0,2,5.6,0
tx104544,19.2,16,440.0,0,2.2,0
tx104545,36.96,17,1672.0,0,1.94,0
tx104546,75.76,3,215.0,1,6.05,0
tx104547,37.96,19,529.0,0,1.52,0
tx104548,26.26,21,1414.0,2,0.6,0
tx104549,22.07,5,687.0,2,4.71,0
tx104550,19.11,16,926.0,2,11.9,0
tx104551,30.16,1,1813.0,0,7.13,0
tx104552,19.91,9,1563.0,0,1.5,0
tx104553,62.22,14,386.0,2,3.7,0
tx104554,103.37,12,1811.0,0,4.21,0
tx104555,36.95,15,708.0,2,0.27,0
tx104556,35.41,17,1482.0,0,2.13,0
tx104557,41.41,13,479.0,1,0.24,0
tx104558,15.12,3,1080.0,0,1.23,0
tx104559,19.95,9,572.0,0,2.39,0
tx104560,49.47,11,427.0,0,8.39,0
tx104561,19.51,16,972.0,0,1.69,0
tx104562,30.49,14,1011.0,2,0.84,0
tx104563,29.27,17,1729.0,1,1.75,0
tx104564,20.07,17,1284.0,2,0.82,0
tx104565,45.98,10,1828.0,0,1.25,0
tx104566,31.29,12,604.0,1,6.04,0
tx104567,66.46,13,738.0,0,0.92,0
tx104568,18.04,8,1424.0,0,1.63,0
tx104569,59.1,10,1583.0,1,1.43,0
tx104570,800.6,0,48.0,5,1.18,1
tx104571,37.74,13,1748.0,0,2.98,0
tx104572,53.91,9,1474.0,0,0.38,0
tx104573,22.93,20,1771.0,4,5.98,0
tx104574,15.0,13,582.0,0,2.9,0
tx104575,102.44,19,1641.0,1,9.29,0
tx104576,24.85,17,450.0,1,4.47,0
tx104577,16.11,8,897.0,1,1.54,0
tx104578,21.11,19,769.0,1,0.32,0
tx104579,64.45,2,1420.0,3,9.52,0
tx104580,48.99,19,233.0,1,0.88,0
tx104581,96.24,14,1834.0,2,18.87,0
tx104582,15.75,10,1704.0,0,6.89,0
tx104583,13.57,14,1672.0,0,1.44,0
tx104584,26.08,11,111.0,0,12.31,0
tx104585,130.97,16,534.0,0,1.42,0
tx104586,34.88,12,1823.0,0,4.98,0
tx104587,46.42,18,605.0,1,14.68,0
tx104588,21.2,23,1071.0,0,3.26,0
tx104589,11.02,3,312.0,0,3.19,0
tx104590,20.84,21,1342.0,1,1.72,0
tx104591,34.77,19,1724.0,1,0.52,0
tx104592,22.33,17,607.0,1,3.67,0
tx104593,78.52,8,624.0,0,1.49,0
tx104594,56.24,19,1030.0,3,2.59,0
tx104595,34.61,16,1549.0,0,0.34,0
tx104596,14.44,23,991.0,0,4.6,0
tx104597,31.35,8,1908.0,1,8.57,0
tx104598,17.41,17,647.0,2,1.65,0
tx104599,51.91,15,1582.0,1,3.14,0
tx104600,16.24,2,710.0,2,3.61,0
tx104601,12.46,19,1580.0,3,4.3,0
tx104602,18.2,10,754.0,2,2.54,0
tx104603,29.92,13,1831.0,2,4.71,0
tx104604,19.27,15,1581.0,0,7.67,0
tx104605,29.17,11,1118.0,3,8.76,0
tx104606,36.16,21,457.0,2,1.58,0
tx104607,24.4,9,332.0,1,5.72,0
tx104608,13.38,9,1992.0,0,0.13,0
tx104609,152.56,3,44.0,7,99.14,1
tx104610,57.44,20,469.0,2,2.17,0
tx104611,25.33,9,334.0,2,11.07,0
tx104612,48.12,12,1268.0,0,8.86,0
tx104613,96.6,10,227.0,1,22.11,0
tx104614,25.15,22,864.0,1,8.94,0
tx104615,24.79,15,235.0,1,0.9,0
tx104616,24.55,17,1515.0,2,2.31,0
tx104617,18.27,6,716.0,0,3.39,0
tx104618,59.01,13,1020.0,1,6.53,0
tx104619,27.4,16,1235.0,1,5.96,0
tx104620,20.64,15,726.0,0,1.92,0
tx104621,55.24,2,415.0,0,0.91,0
tx104622,26.88,13,532.0,0,4.52,0
tx104623,25.32,16,1052.0,1,9.26,0
tx104624,72.2,22,1447.0,1,13.66,0
tx104625,27.98,12,140.0,0,4.85,0
tx104626,60.28,3,634.0,1,1.32,0
tx104627,7.06,4,331.0,0,36.76,0
tx104628,32.0,21,742.0,0,0.67,0
tx104629,26.27,8,1788.0,1,0.16,0
tx104630,47.91,9,592.0,1,1.13,0
tx104631,64.9,8,1861.0,2,1.69,0
tx104632,42.11,11,821.0,1,7.23,0
tx104633,17.58,11,1373.0,0,3.91,0
tx104634,53.82,16,570.0,4,2.19,0
tx104635,31.81,12,45.0,2,14.56,0
tx104636,27.36,20,824.0,1,6.54,0
tx104637,61.24,10,1053.0,1,2.28,0
tx104638,22.19,11,1378.0,0,5.08,0
tx104639,23.52,17,1255.0,0,3.69,0
tx104640,33.46,12,1776.0,0,5.63,0
tx104641,61.42,2,467.0,0,13.6,0
tx104642,34.45,12,567.0,1,0.56,0
tx104643,54.66,15,1052.0,0,4.05,0
tx104644,98.12,16,1117.0,0,8.41,0
tx104645,97.92,17,547.0,0,19.92,0
tx104646,38.0,15,906.0,1,8.83,0
tx104647,25.96,12,1809.0,1,2.29,0
tx104648,92.43,1,39.0,7,235.01,1
tx104649,48.81,16,626.0,0,1.59,0
tx104650,25.24,3,1068.0,0,4.99,0
tx104651,41.39,10,1127.0,1,2.9,0
tx104652,8.07,19,337.0,0,0.53,0
tx104653,35.55,13,983.0,1,2.08,0
tx104654,72.79,14,624.0,1,0.11,0
tx104655,29.74,9,1222.0,4,5.24,0
tx104656,9.29,12,121.0,4,34.1,0
tx104657,17.11,21,78.0,1,4.49,0
tx104658,34.66,20,966.0,2,46.8,0
tx104659,16.36,17,1303.0,1,3.77,0
tx104660,19.67,2,401.0,2,2.75,0
tx104661,31.66,20,1991.0,0,7.31,0
tx104662,32.33,21,1013.0,2,3.31,0
tx104663,55.23,0,827.0,3,21.58,0
tx104664,15.56,21,585.0,1,1.2,0
tx104665,33.58,10,898.0,1,8.25,0
tx104666,47.01,0,113.0,1,1.39,0
tx104667,22.36,2,1986.0,2,1.18,0
tx104668,31.71,15,1402.0,2,0.73,0
tx104669,30.53,12,1899.0,3,8.84,0
tx104670,30.53,16,1488.0,1,1.87,0
tx104671,23.18,15,1502.0,0,22.82,0
tx104672,130.9,9,1998.0,1,2.34,0
tx104673,28.11,8,1060.0,0,16.25,0
tx104674,15.38,21,1879.0,2,4.9,0
tx104675,13.15,9,1243.0,1,20.61,0
tx104676,155.04,18,1261.0,2,1.1,0
tx104677,17.64,20,258.0,2,0.37,0
tx104678,20.8,10,1708.0,2,3.98,0
tx104679,18.92,13,1804.0,2,3.4,0
tx104680,14.85,12,561.0,0,3.64,0
tx104681,69.57,10,1681.0,3,2.13,0
tx104682,31.62,23,1889.0,2,7.96,0
tx104683,30.16,11,624.0,1,2.69,0
tx104684,59.66,18,1358.0,1,0.09,0
tx104685,84.41,20,569.0,2,7.97,0
tx104686,58.74,10,1700.0,0,4.31,0
tx104687,10.41,10,1778.0,0,10.01,0
tx104688,30.17,16,264.0,4,1.03,0
tx104689,45.97,1,1568.0,0,2.88,0
tx104690,40.77,17,152.0,2,0.65,0
tx104691,11.32,16,1846.0,1,17.2,0
tx104692,29.01,2,248.0,0,1.13,0
tx104693,46.7,12,766.0,2,0.52,0
tx104694,21.69,21,37.0,1,1.53,0
tx104695,12.89,10,80.0,0,5.75,0
tx104696,771.08,17,49.0,7,178.04,1
tx104697,80.29,12,671.0,0,1.67,0
tx104698,22.71,13,1875.0,2,5.26,0
tx104699,21.14,14,640.0,1,2.63,0
tx104700,33.54,21,1376.0,2,15.06,0
tx104701,44.64,17,1428.0,1,5.72,0
tx104702,27.01,6,1956.0,0,3.13,0
tx104703,14.68,19,1275.0,2,0.22,0
tx104704,42.53,22,400.0,0,5.55,0
tx104705,31.14,0,1036.0,1,1.59,0
tx104706,219.04,15,24.0,4,60.09,1
tx104707,36.26,21,1752.0,0,1.79,0
tx104708,39.57,13,522.0,1,8.77,0
tx104709,22.33,21,1440.0,1,15.74,0
tx104710,84.28,21,1033.0,3,2.87,0
tx104711,30.03,5,460.0,2,4.58,0
tx104712,26.56,16,1816.0,1,0.57,0
tx104713,24.31,20,1743.0,3,3.04,0
tx104714,47.36,17,1576.0,2,8.89,0
tx104715,47.45,12,543.0,1,9.1,0
tx104716,11.94,19,208.0,2,8.29,0
tx104717,30.11,13,646.0,1,12.87,0
tx104718,22.59,7,1449.0,1,5.55,0
tx104719,27.32,13,1718.0,1,9.03,0
tx104720,17.03,14,400.0,0,0.01,0
tx104721,495.96,17,40.0,7,165.56,1
tx104722,28.61,13,605.0,1,8.16,0
tx104723,93.3,18,857.0,0,3.47,0
tx104724,25.11,7,1811.0,3,1.57,0
tx104725,21.79,10,467.0,2,21.21,0
tx104726,37.38,9,958.0,0,1.85,0
tx104727,36.6,4,908.0,2,7.28,0
tx104728,50.83,9,527.0,0,0.14,0
tx104729,36.12,20,1939.0,2,5.61,0
tx104730,38.91,5,1789.0,2,0.1,0
tx104731,31.21,13,1703.0,0,3.7,0
tx104732,38.28,23,946.0,2,0.47,0
tx104733,34.36,13,1284.0,0,1.93,0
tx104734,24.36,9,263.0,0,1.34,0
tx104735,27.98,18,660.0,3,7.68,0
tx104736,30.9,11,1640.0,1,0.95,0
tx104737,20.27,17,1403.0,0,1.47,0
tx104738,21.78,10,553.0,0,3.75,0
tx104739,17.89,8,95.0,2,8.02,0
tx104740,23.27,20,884.0,0,4.33,0
tx104741,32.16,20,1084.0,1,1.78,0
tx104742,19.55,8,691.0,1,9.26,0
tx104743,230.81,2,14.0,9,43.08,1
tx104744,23.53,8,193.0,1,6.53,0
tx104745,963.85,21,6.0,7,29.41,1
tx104746,29.9,18,92.0,1,5.49,0
tx104747,21.08,9,316.0,6,3.44,0
tx104748,14.63,16,1700.0,2,2.95,0
tx104749,27.05,12,868.0,1,5.67,0
tx104750,39.02,0,1230.0,2,13.29,0
tx104751,30.94,9,1114.0,2,12.41,0
tx104752,120.03,3,55.0,7,50.22,1
tx104753,16.79,8,54.0,0,0.05,0
tx104754,28.65,11,1401.0,2,9.65,0
tx104755,22.41,19,969.0,0,3.0,0
tx104756,75.89,10,1240.0,2,0.63,0
tx104757,22.4,12,510.0,0,8.51,0
tx104758,42.24,20,623.0,0,2.85,0
tx104759,39.49,18,706.0,2,0.89,0
tx104760,37.59,17,1819.0,1,9.85,0
tx104761,29.47,4,1181.0,1,0.67,0
tx104762,21.68,14,916.0,0,3.39,0
tx104763,38.09,14,1786.0,3,5.76,0
tx104764,49.59,12,1567.0,0,3.86,0
tx104765,42.05,16,868.0,2,1.69,0
tx104766,16.57,13,363.0,0,1.12,0
tx104767,44.68,12,1120.0,0,1.87,0
tx104768,36.27,8,1412.0,1,1.37,0
tx104769,35.66,13,1136.0,2,2.98,0
tx104770,26.92,10,1521.0,2,5.0,0
tx104771,20.62,17,1789.0,0,1.17,0
tx104772,24.19,15,158.0,0,19.85,0
tx104773,16.11,17,1395.0,1,1.55,0
tx104774,22.66,13,878.0,0,0.12,0
tx104775,18.3,9,1974.0,0,18.45,0
tx104776,22.2,17,1169.0,1,3.25,0
tx104777,45.54,11,580.0,0,3.16,0
tx104778,14.74,1,877.0,1,3.46,0
tx104779,21.7,14,1238.0,0,5.45,0
tx104780,56.74,10,865.0,0,1.91,0
tx104781,22.29,10,107.0,0,1.22,0
tx104782,117.44,21,57.0,2,13.02,0
tx104783,13.79,23,1206.0,2,5.14,0
tx104784,32.52,8,1814.0,0,1.69,0
tx104785,51.77,19,220.0,1,2.46,0
tx104786,15.28,23,106.0,2,1.41,0
tx104787,20.32,7,1365.0,1,1.39,0
tx104788,651.85,0,12.0,11,3.16,1
tx104789,20.66,15,1103.0,0,5.98,0
tx104790,34.44,12,1916.0,1,0.84,0
tx104791,32.29,8,586.0,1,5.69,0
tx104792,56.72,12,973.0,1,6.38,0
tx104793,24.96,22,1358.0,1,2.95,0
tx104794,18.75,21,1684.0,1,9.51,0
tx104795,347.69,0,7.0,4,10.28,1
tx104796,20.73,17,841.0,2,0.22,0
tx104797,21.08,9,118.0,0,4.51,0
tx104798,18.72,12,127.0,0,1.28,0
tx104799,17.98,4,290.0,3,2.79,0
tx104800,12.2,14,1451.0,1,4.44,0
tx104801,21.98,14,879.0,0,0.33,0
tx104802,93.01,11,510.0,2,8.7,0
tx104803,54.66,17,1952.0,1,11.33,0
tx104804,20.75,18,1252.0,0,2.39,0
tx104805,33.75,15,1051.0,1,1.04,0
tx104806,53.29,20,834.0,1,1.24,0
tx104807,24.08,14,1907.0,3,14.13,0
tx104808,24.67,12,1949.0,1,0.14,0
tx104809,9.86,16,315.0,1,5.27,0
tx104810,83.43,15,1390.0,0,4.39,0
tx104811,25.63,11,1235.0,2,9.68,0
tx104812,48.36,18,1983.0,0,2.42,0
tx104813,23.79,20,1218.0,0,2.93,0
tx104814,26.94,12,1529.0,0,7.66,0
tx104815,10.9,18,1233.0,1,9.66,0
tx104816,31.41,17,1363.0,1,3.36,0
tx104817,10.68,14,255.0,0,7.67,0
tx104818,23.65,8,553.0,1,6.93,0
tx104819,50.49,21,1161.0,2,1.87,0
tx104820,72.38,20,418.0,1,10.03,0
tx104821,78.12,10,1594.0,3,6.13,0
tx104822,31.51,17,1945.0,1,2.69,0
tx104823,22.49,16,1448.0,1,16.31,0
tx104824,84.05,16,643.0,0,0.75,0
tx104825,36.79,17,999.0,1,12.52,0
tx104826,31.64,3,1993.0,1,7.15,0
tx104827,40.71,8,919.0,2,3.96,0
tx104828,12.61,13,1416.0,1,2.47,0
tx104829,22.69,10,1307.0,2,0.72,0
tx104830,35.02,2,1549.0,4,2.97,0
tx104831,13.66,1,536.0,3,3.01,0
tx104832,35.42,8,1161.0,1,9.45,0
tx104833,51.41,19,318.0,1,0.31,0
tx104834,48.94,17,683.0,1,2.52,0
tx104835,21.91,16,490.0,0,2.84,0
tx104836,17.3,19,1906.0,0,5.42,0
tx104837,1230.96,11,35.0,5,74.69,1
tx104838,24.52,16,409.0,0,13.38,0
tx104839,19.7,17,232.0,2,1.47,0
tx104840,10.39,9,135.0,0,2.95,0
tx104841,17.02,21,641.0,2,7.51,0
tx104842,102.79,19,741.0,1,2.35,0
tx104843,23.02,3,240.0,0,1.89,0
tx104844,17.0,19,1581.0,0,3.31,0
tx104845,44.85,15,40.0,0,3.21,0
tx104846,42.7,18,1059.0,1,5.51,0
tx104847,191.16,12,421.0,2,3.75,0
tx104848,477.57,4,19.0,7,14.63,1
tx104849,43.78,0,1347.0,1,0.88,0
tx104850,24.6,21,1277.0,2,1.55,0
tx104851,21.79,15,923.0,3,6.06,0
tx104852,24.4,7,545.0,2,4.56,0
tx104853,30.54,21,1451.0,3,3.63,0
tx104854,19.37,2,1746.0,1,0.56,0
tx104855,19.08,13,418.0,3,0.28,0
tx104856,26.77,14,1070.0,0,4.47,0
tx104857,44.19,20,1400.0,3,1.1,0
tx104858,8.95,11,1237.0,1,23.96,0
tx104859,37.31,4,927.0,0,0.88,0
tx104860,33.71,20,999.0,0,0.96,0
tx104861,16.48,16,469.0,0,21.46,0
tx104862,28.39,8,796.0,2,0.27,0
tx104863,52.65,17,1865.0,1,3.2,0
tx104864,16.51,14,1078.0,0,2.24,0
tx104865,43.4,21,136.0,0,0.25,0
tx104866,88.14,19,582.0,1,4.22,0
tx104867,462.16,13,14.0,6,17.55,1
tx104868,240.05,14,32.0,6,62.37,1
tx104869,17.19,13,1773.0,2,6.01,0
tx104870,24.06,8,1033.0,2,2.07,0
tx104871,60.77,12,1384.0,1,2.41,0
tx104872,34.58,16,1636.0,0,6.1,0
tx104873,14.03,8,1082.0,4,4.52,0
tx104874,27.3,10,1344.0,1,4.81,0
tx104875,25.58,16,324.0,1,0.95,0
tx104876,57.54,8,1863.0,0,1.65,0
tx104877,20.13,19,1698.0,1,5.35,0
tx104878,39.13,12,238.0,2,1.64,0
tx104879,4.54,14,556.0,2,3.16,0
tx104880,35.01,16,1924.0,0,5.13,0
tx104881,19.38,11,806.0,1,7.03,0
tx104882,116.81,18,1339.0,0,0.54,0
tx104883,49.07,17,1581.0,1,3.46,0
tx104884,18.93,19,1534.0,2,0.81,0
tx104885,72.8,21,415.0,1,0.5,0
tx104886,31.51,15,1405.0,1,0.38,0
tx104887,47.78,18,1168.0,0,9.44,0
tx104888,18.07,0,349.0,1,0.12,0
tx104889,38.73,22,762.0,0,9.12,0
tx104890,35.42,11,1036.0,1,1.79,0
tx104891,16.75,22,1911.0,1,0.22,0
tx104892,19.46,9,1173.0,1,4.9,0
tx104893,29.88,19,1028.0,3,1.32,0
tx104894,13.07,23,1124.0,2,1.94,0
tx104895,13.91,23,435.0,1,6.86,0
tx104896,30.42,10,925.0,3,32.43,0
tx104897,27.16,18,1275.0,1,14.72,0
tx104898,13.72,15,1268.0,5,14.51,0
tx104899,64.87,2,1375.0,3,15.0,0
tx104900,12.35,15,441.0,0,6.66,0
tx104901,23.42,9,908.0,0,5.75,0
tx104902,60.84,16,441.0,1,17.53,0
tx104903,28.72,14,223.0,1,0.83,0
tx104904,782.68,3,44.0,4,7.59,1
tx104905,36.69,16,591.0,2,3.64,0
tx104906,42.73,13,1126.0,3,6.16,0
tx104907,21.59,15,1230.0,0,12.1,0
tx104908,32.07,9,466.0,1,5.27,0
tx104909,19.95,10,1771.0,0,3.53,0
tx104910,31.65,10,273.0,1,5.44,0
tx104911,30.96,8,35.0,2,3.34,0
tx104912,15.45,10,717.0,3,4.21,0
tx104913,53.12,18,1040.0,0,0.07,0
tx104914,6.29,20,377.0,0,6.99,0
tx104915,10.12,10,1514.0,0,3.05,0
tx104916,45.91,9,1736.0,1,3.57,0
tx104917,19.04,9,1553.0,1,1.08,0
tx104918,35.29,8,1900.0,2,4.55,0
tx104919,25.24,18,1998.0,2,0.3,0
tx104920,22.77,21,1313.0,2,0.37,0
tx104921,405.58,0,51.0,9,7.65,1
tx104922,19.8,12,1047.0,1,4.31,0
tx104923,1360.5,9,38.0,4,29.34,1
tx104924,66.12,6,1530.0,1,16.58,0
tx104925,28.16,18,1699.0,1,6.57,0
tx104926,36.13,9,656.0,3,9.23,0
tx104927,30.92,12,1432.0,1,0.45,0
tx104928,30.39,21,132.0,1,5.13,0
tx104929,49.58,5,1425.0,0,3.19,0
tx104930,19.95,2,1853.0,1,0.45,0
tx104931,82.48,11,332.0,1,27.68,0
tx104932,148.48,3,26.0,2,71.06,1
tx104933,37.03,18,1496.0,2,1.08,0
tx104934,21.41,7,1414.0,2,1.65,0
tx104935,20.17,20,1377.0,0,0.15,0
tx104936,19.39,9,1973.0,3,13.97,0
tx104937,22.91,5,314.0,0,0.26,0
tx104938,21.33,16,690.0,1,2.38,0
tx104939,90.95,21,1571.0,0,14.27,0
tx104940,23.68,15,1438.0,1,14.5,0
tx104941,12.84,20,1995.0,2,0.43,0
tx104942,36.22,21,511.0,1,0.81,0
tx104943,47.58,21,1261.0,3,0.39,0
tx104944,45.69,13,1322.0,0,1.94,0
tx104945,11.33,20,1361.0,2,0.74,0
tx104946,16.2,10,33.0,1,16.4,0
tx104947,38.52,9,1693.0,0,3.5,0
tx104948,43.36,13,217.0,3,9.41,0
tx104949,33.2,18,1584.0,0,1.59,0
tx104950,33.84,9,479.0,1,16.42,0
tx104951,8.5,18,1739.0,3,0.89,0
tx104952,23.7,18,1295.0,1,1.33,0
tx104953,50.26,18,160.0,2,4.55,0
tx104954,20.87,19,1949.0,1,5.32,0
tx104955,30.13,18,1793.0,0,19.94,0
tx104956,44.52,0,1680.0,2,2.58,0
tx104957,28.32,21,1631.0,1,0.03,0
tx104958,84.22,9,1197.0,2,17.88,0
tx104959,39.97,12,1259.0,1,0.93,0
tx104960,40.82,1,400.0,0,1.46,0
tx104961,16.86,21,1417.0,0,7.62,0
tx104962,23.61,18,530.0,1,7.92,0
tx104963,43.34,19,423.0,1,5.84,0
tx104964,14.45,12,1213.0,1,18.34,0
tx104965,26.39,17,1493.0,1,2.34,0
tx104966,24.94,14,252.0,0,5.89,0
tx104967,8.32,15,1935.0,0,8.09,0
tx104968,44.58,19,1738.0,1,4.03,0
tx104969,15.71,17,216.0,0,7.67,0
tx104970,20.64,16,955.0,1,5.69,0
tx104971,22.7,19,1747.0,0,4.44,0
tx104972,29.51,14,837.0,0,28.09,0
tx104973,80.69,23,1458.0,4,2.86,0
tx104974,39.89,15,1958.0,1,2.07,0
tx104975,16.04,3,391.0,2,1.79,0
tx104976,22.6,18,1980.0,1,2.35,0
tx104977,40.4,1,369.0,1,3.98,0
tx104978,70.88,8,531.0,4,6.4,0
tx104979,38.84,9,970.0,0,1.59,0
tx104980,43.45,10,1341.0,0,0.67,0
tx104981,23.45,8,276.0,1,1.13,0
tx104982,15.13,21,60.0,1,16.43,0
tx104983,53.77,14,1394.0,0,3.4,0
tx104984,38.69,17,802.0,0,15.18,0
tx104985,79.37,14,589.0,2,23.62,0
tx104986,29.77,6,266.0,1,0.83,0
tx104987,31.86,14,133.0,0,3.08,0
tx104988,45.77,20,1359.0,2,3.44,0
tx104989,82.19,17,155.0,4,14.36,0
tx104990,44.0,15,989.0,1,6.41,0
tx104991,23.72,10,1989.0,1,4.49,0
tx104992,51.79,14,1769.0,0,3.85,0
tx104993,45.29,10,798.0,2,8.82,0
tx104994,58.18,19,1036.0,1,18.78,0
tx104995,33.19,20,839.0,1,0.22,0
tx104996,25.13,9,1787.0,1,11.65,0
tx104997,52.58,18,1856.0,1,9.84,0
tx104998,38.56,17,276.0,1,1.27,0
tx104999,16.62,10,1667.0,0,9.88,0
